  0
SECTION
  2
HEADER
  9
$ANGBASE
  50
0.0
  9
$ANGDIR
  70
1
  9
$MEASUREMENT
  70
0
  0
ENDSEC
  0
SECTION
  2
TABLES
  0
TABLE
  2
LTYPE
  70
4
  0
LTYPE
  5
40F
  2
CONTINUOUS
  70
0
  3
Solid line
  72
65
  73
0
  40
0.0
  0
LTYPE
  5
410
  2
DASHDOT
 70
0
  3
Dash Dot ____ _ ____ _
 72
65
 73
4
 40
2.0
 49
1.25
 49
-0.25
 49
0.25
 49
-0.25
  0
LTYPE
  5
411
  2
DASHED
 70
0
  3
Dashed __ __ __ __ __
 72
65
 73
2
 40
0.75
 49
0.5
 49
-0.25
  0
LTYPE
  5
43B
  2
DOTTED
 70
0
  3
Dotted .  .  .  .
 72
65
 73
2
 40
0.2
 49
0.0
 49
-0.2
  0
ENDTAB
  0
TABLE
  2
STYLE
  70
4
  0
STYLE
  2
KICAD
  70
0
  40
0
  41
1
  42
1
  50
0
  71
0
  3
isocp.shx
  0
STYLE
  2
KICADB
  70
0
  40
0
  41
1
  42
1
  50
0
  71
0
  3
isocp.shx
  0
STYLE
  2
KICADI
  70
0
  40
0
  41
1
  42
1
  50
15
  71
0
  3
isocp.shx
  0
STYLE
  2
KICADBI
  70
0
  40
0
  41
1
  42
1
  50
15
  71
0
  3
isocp.shx
  0
ENDTAB
  0
TABLE
  2
LAYER
  70
1
  0
LAYER
  2
BLACK
  70
0
  62
7
  6
CONTINUOUS
  0
ENDTAB
  0
ENDSEC
  0
SECTION
  2
ENTITIES
0
LINE
8
BLACK
6
CONTINUOUS
10
5.7230393700787401
20
-4.2225660629921258
11
9.9730393700787392
21
-4.2225660629921258
0
LINE
8
BLACK
6
CONTINUOUS
10
9.9730393700787392
20
-4.2225660629921258
11
9.9730393700787392
21
-8.2225660629921258
0
LINE
8
BLACK
6
CONTINUOUS
10
9.9730393700787392
20
-8.2225660629921258
11
5.7230393700787401
21
-8.2225660629921258
0
LINE
8
BLACK
6
CONTINUOUS
10
5.7230393700787401
20
-8.2225660629921258
11
5.7230393700787401
21
-4.2225660629921258
0
LINE
8
BLACK
6
CONTINUOUS
10
6.5795826771653543
20
-7.3246133070866142
11
6.5874566929133858
21
-7.3324873228346457
0
LINE
8
BLACK
6
CONTINUOUS
10
6.5874566929133858
20
-7.3246133070866142
11
6.5795826771653543
21
-7.3324873228346457
0
LINE
8
BLACK
6
CONTINUOUS
10
6.5795826771653543
20
-7.3698888976377948
11
6.5874566929133858
21
-7.3777629133858262
0
LINE
8
BLACK
6
CONTINUOUS
10
6.5874566929133858
20
-7.3698888976377948
11
6.5795826771653543
21
-7.3777629133858262
0
LINE
8
BLACK
6
CONTINUOUS
10
6.6248582677165349
20
-7.3246133070866142
11
6.6327322834645663
21
-7.3324873228346457
0
LINE
8
BLACK
6
CONTINUOUS
10
6.6327322834645663
20
-7.3246133070866142
11
6.6248582677165349
21
-7.3324873228346457
0
LINE
8
BLACK
6
CONTINUOUS
10
6.6248582677165349
20
-7.3698888976377948
11
6.6327322834645663
21
-7.3777629133858262
0
LINE
8
BLACK
6
CONTINUOUS
10
6.6327322834645663
20
-7.3698888976377948
11
6.6248582677165349
21
-7.3777629133858262
0
LINE
8
BLACK
6
CONTINUOUS
10
6.9239527559055114
20
-5.2970345669291339
11
6.9318267716535429
21
-5.3049085826771654
0
LINE
8
BLACK
6
CONTINUOUS
10
6.9318267716535429
20
-5.2970345669291339
11
6.9239527559055114
21
-5.3049085826771654
0
LINE
8
BLACK
6
CONTINUOUS
10
6.9239527559055114
20
-5.3423101574803145
11
6.9318267716535429
21
-5.3501841732283459
0
LINE
8
BLACK
6
CONTINUOUS
10
6.9318267716535429
20
-5.3423101574803145
11
6.9239527559055114
21
-5.3501841732283459
0
LINE
8
BLACK
6
CONTINUOUS
10
6.9692283464566929
20
-5.2970345669291339
11
6.9771023622047244
21
-5.3049085826771654
0
LINE
8
BLACK
6
CONTINUOUS
10
6.9771023622047244
20
-5.2970345669291339
11
6.9692283464566929
21
-5.3049085826771654
0
LINE
8
BLACK
6
CONTINUOUS
10
6.9692283464566929
20
-5.3423101574803145
11
6.9771023622047244
21
-5.3501841732283459
0
LINE
8
BLACK
6
CONTINUOUS
10
6.9771023622047244
20
-5.3423101574803145
11
6.9692283464566929
21
-5.3501841732283459
0
LINE
8
BLACK
6
CONTINUOUS
10
7.5767086614173227
20
-7.3171920472440943
11
7.5845826771653542
21
-7.3250660629921258
0
LINE
8
BLACK
6
CONTINUOUS
10
7.5845826771653542
20
-7.3171920472440943
11
7.5767086614173227
21
-7.3250660629921258
0
LINE
8
BLACK
6
CONTINUOUS
10
7.5767086614173227
20
-7.3624676377952758
11
7.5845826771653542
21
-7.3703416535433073
0
LINE
8
BLACK
6
CONTINUOUS
10
7.5845826771653542
20
-7.3624676377952758
11
7.5767086614173227
21
-7.3703416535433073
0
LINE
8
BLACK
6
CONTINUOUS
10
7.6219842519685042
20
-7.3171920472440943
11
7.6298582677165356
21
-7.3250660629921258
0
LINE
8
BLACK
6
CONTINUOUS
10
7.6298582677165356
20
-7.3171920472440943
11
7.6219842519685042
21
-7.3250660629921258
0
LINE
8
BLACK
6
CONTINUOUS
10
7.6219842519685042
20
-7.3624676377952758
11
7.6298582677165356
21
-7.3703416535433073
0
LINE
8
BLACK
6
CONTINUOUS
10
7.6298582677165356
20
-7.3624676377952758
11
7.6219842519685042
21
-7.3703416535433073
0
LINE
8
BLACK
6
CONTINUOUS
10
7.7389527559055118
20
-5.3146133070866144
11
7.7468267716535433
21
-5.3224873228346459
0
LINE
8
BLACK
6
CONTINUOUS
10
7.7468267716535433
20
-5.3146133070866144
11
7.7389527559055118
21
-5.3224873228346459
0
LINE
8
BLACK
6
CONTINUOUS
10
7.7389527559055118
20
-5.359888897637795
11
7.7468267716535433
21
-5.3677629133858265
0
LINE
8
BLACK
6
CONTINUOUS
10
7.7468267716535433
20
-5.359888897637795
11
7.7389527559055118
21
-5.3677629133858265
0
LINE
8
BLACK
6
CONTINUOUS
10
7.7842283464566924
20
-5.3146133070866144
11
7.7921023622047239
21
-5.3224873228346459
0
LINE
8
BLACK
6
CONTINUOUS
10
7.7921023622047239
20
-5.3146133070866144
11
7.7842283464566924
21
-5.3224873228346459
0
LINE
8
BLACK
6
CONTINUOUS
10
7.7842283464566924
20
-5.359888897637795
11
7.7921023622047239
21
-5.3677629133858265
0
LINE
8
BLACK
6
CONTINUOUS
10
7.7921023622047239
20
-5.359888897637795
11
7.7842283464566924
21
-5.3677629133858265
0
LINE
8
BLACK
6
CONTINUOUS
10
8.5395826771653542
20
-7.1947707874015743
11
8.5474566929133857
21
-7.2026448031496058
0
LINE
8
BLACK
6
CONTINUOUS
10
8.5474566929133857
20
-7.1947707874015743
11
8.5395826771653542
21
-7.2026448031496058
0
LINE
8
BLACK
6
CONTINUOUS
10
8.5395826771653542
20
-7.2400463779527557
11
8.5474566929133857
21
-7.2479203937007872
0
LINE
8
BLACK
6
CONTINUOUS
10
8.5474566929133857
20
-7.2400463779527557
11
8.5395826771653542
21
-7.2479203937007872
0
LINE
8
BLACK
6
CONTINUOUS
10
8.5848582677165357
20
-7.1947707874015743
11
8.5927322834645672
21
-7.2026448031496058
0
LINE
8
BLACK
6
CONTINUOUS
10
8.5927322834645672
20
-7.1947707874015743
11
8.5848582677165357
21
-7.2026448031496058
0
LINE
8
BLACK
6
CONTINUOUS
10
8.5848582677165357
20
-7.2400463779527557
11
8.5927322834645672
21
-7.2479203937007872
0
LINE
8
BLACK
6
CONTINUOUS
10
8.5927322834645672
20
-7.2400463779527557
11
8.5848582677165357
21
-7.2479203937007872
0
LINE
8
BLACK
6
CONTINUOUS
10
8.7789527559055109
20
-5.3496133070866136
11
8.7868267716535424
21
-5.3574873228346451
0
LINE
8
BLACK
6
CONTINUOUS
10
8.7868267716535424
20
-5.3496133070866136
11
8.7789527559055109
21
-5.3574873228346451
0
LINE
8
BLACK
6
CONTINUOUS
10
8.7789527559055109
20
-5.3948888976377951
11
8.7868267716535424
21
-5.4027629133858266
0
LINE
8
BLACK
6
CONTINUOUS
10
8.7868267716535424
20
-5.3948888976377951
11
8.7789527559055109
21
-5.4027629133858266
0
LINE
8
BLACK
6
CONTINUOUS
10
8.8242283464566924
20
-5.3496133070866136
11
8.8321023622047239
21
-5.3574873228346451
0
LINE
8
BLACK
6
CONTINUOUS
10
8.8321023622047239
20
-5.3496133070866136
11
8.8242283464566924
21
-5.3574873228346451
0
LINE
8
BLACK
6
CONTINUOUS
10
8.8242283464566924
20
-5.3948888976377951
11
8.8321023622047239
21
-5.4027629133858266
0
LINE
8
BLACK
6
CONTINUOUS
10
8.8321023622047239
20
-5.3948888976377951
11
8.8242283464566924
21
-5.4027629133858266
0
CIRCLE
8
BLACK
10
6.098755905511811
20
-4.8257156692913385
40
0.0059055118110236
0
CIRCLE
8
BLACK
10
6.1024960629921257
20
-4.9180385039370078
40
0.0059055118110236
0
CIRCLE
8
BLACK
10
6.1479685039370073
20
-4.8257156692913385
40
0.0059055118110236
0
CIRCLE
8
BLACK
10
6.1479685039370073
20
-5.3375266929133858
40
0.0059055118110236
0
CIRCLE
8
BLACK
10
6.2070236220472443
20
-4.8257156692913385
40
0.0059055118110236
0
CIRCLE
8
BLACK
10
6.2070236220472443
20
-5.3375266929133858
40
0.0059055118110236
0
CIRCLE
8
BLACK
10
6.2562362204724407
20
-5.2292589763779525
40
0.0059055118110236
0
CIRCLE
8
BLACK
10
6.311354330708661
20
-4.8954007086614171
40
0.0059055118110236
0
CIRCLE
8
BLACK
10
6.3508425196850391
20
-5.4336093700787398
40
0.0059055118110236
0
CIRCLE
8
BLACK
10
6.3548582677165353
20
-5.923944015748031
40
0.0059055118110236
0
CIRCLE
8
BLACK
10
6.3548582677165353
20
-5.9739440157480317
40
0.0059055118110236
0
CIRCLE
8
BLACK
10
6.3548582677165353
20
-6.0239440157480315
40
0.0059055118110236
0
CIRCLE
8
BLACK
10
6.3585984251968499
20
-4.7402825984251971
40
0.0059055118110236
0
CIRCLE
8
BLACK
10
6.4008425196850389
20
-5.2636093700787399
40
0.0059055118110236
0
CIRCLE
8
BLACK
10
6.4294645669291342
20
-4.771778661417323
40
0.0059055118110236
0
CIRCLE
8
BLACK
10
6.4407007874015747
20
-5.2858731496062994
40
0.0059055118110236
0
CIRCLE
8
BLACK
10
6.4412755905511814
20
-4.9174479527559054
40
0.0059055118110236
0
CIRCLE
8
BLACK
10
6.4458425196850389
20
-5.4336093700787398
40
0.0059055118110236
0
CIRCLE
8
BLACK
10
6.4548582677165349
20
-6.3739440157480312
40
0.0059055118110236
0
CIRCLE
8
BLACK
10
6.4548582677165349
20
-6.423944015748031
40
0.0059055118110236
0
CIRCLE
8
BLACK
10
6.4548582677165349
20
-6.4739440157480317
40
0.0059055118110236
0
CIRCLE
8
BLACK
10
6.4608425196850394
20
-7.4511881102362203
40
0.0059055118110236
0
CIRCLE
8
BLACK
10
6.4648976377952758
20
-6.3229597637795276
40
0.0059055118110236
0
CIRCLE
8
BLACK
10
6.4708425196850392
20
-7.1477629133858267
40
0.0059055118110236
0
CIRCLE
8
BLACK
10
6.4908425196850388
20
-7.4811881102362205
40
0.0059055118110236
0
CIRCLE
8
BLACK
10
6.5048582677165356
20
-5.923944015748031
40
0.0059055118110236
0
CIRCLE
8
BLACK
10
6.5048582677165356
20
-6.423944015748031
40
0.0059055118110236
0
CIRCLE
8
BLACK
10
6.5048582677165356
20
-6.4739440157480317
40
0.0059055118110236
0
CIRCLE
8
BLACK
10
6.508204724409449
20
-6.3072117322834647
40
0.0059055118110236
0
CIRCLE
8
BLACK
10
6.5097991732283464
20
-7.6166409055118107
40
0.0059055118110236
0
CIRCLE
8
BLACK
10
6.5141102362204721
20
-6.1891014960629924
40
0.0059055118110236
0
CIRCLE
8
BLACK
10
6.5160787401574805
20
-6.2678416535433072
40
0.0059055118110236
0
CIRCLE
8
BLACK
10
6.5160787401574805
20
-6.3465818110236221
40
0.0059055118110236
0
CIRCLE
8
BLACK
10
6.5258425196850389
20
-7.1861881102362206
40
0.0059055118110236
0
CIRCLE
8
BLACK
10
6.5318267716535434
20
-4.8741408661417323
40
0.0059055118110236
0
CIRCLE
8
BLACK
10
6.5408425196850395
20
-7.29618811023622
40
0.0059055118110236
0
CIRCLE
8
BLACK
10
6.5495433070866138
20
-7.9135109448818897
40
0.0059055118110236
0
CIRCLE
8
BLACK
10
6.5548582677165355
20
-5.923944015748031
40
0.0059055118110236
0
CIRCLE
8
BLACK
10
6.5548582677165355
20
-5.9739440157480317
40
0.0059055118110236
0
CIRCLE
8
BLACK
10
6.5548582677165355
20
-6.0239440157480315
40
0.0059055118110236
0
CIRCLE
8
BLACK
10
6.5548582677165355
20
-6.423944015748031
40
0.0059055118110236
0
CIRCLE
8
BLACK
10
6.5548582677165355
20
-6.4739440157480317
40
0.0059055118110236
0
CIRCLE
8
BLACK
10
6.5790708661417323
20
-7.4528810236220471
40
0.0059055118110236
0
CIRCLE
8
BLACK
10
6.6040944881889763
20
-7.4528810236220471
40
0.0059055118110236
0
CIRCLE
8
BLACK
10
6.6048582677165353
20
-5.9739440157480317
40
0.0059055118110236
0
CIRCLE
8
BLACK
10
6.6048582677165353
20
-6.0239440157480315
40
0.0059055118110236
0
CIRCLE
8
BLACK
10
6.6048582677165353
20
-6.423944015748031
40
0.0059055118110236
0
CIRCLE
8
BLACK
10
6.6048582677165353
20
-6.4739440157480317
40
0.0059055118110236
0
CIRCLE
8
BLACK
10
6.6066299212598425
20
-4.9174479527559054
40
0.0059055118110236
0
CIRCLE
8
BLACK
10
6.614503937007874
20
-4.7855581889763776
40
0.0059055118110236
0
CIRCLE
8
BLACK
10
6.6440314960629916
20
-4.6477629133858267
40
0.0059055118110236
0
CIRCLE
8
BLACK
10
6.6519055118110231
20
-6.2205975590551184
40
0.0059055118110236
0
CIRCLE
8
BLACK
10
6.6758425196850393
20
-7.6611881102362203
40
0.0059055118110236
0
CIRCLE
8
BLACK
10
6.6889133858267718
20
-6.1812274803149601
40
0.0059055118110236
0
CIRCLE
8
BLACK
10
6.6932440944881888
20
-4.7461881102362202
40
0.0059055118110236
0
CIRCLE
8
BLACK
10
6.6971338582677165
20
-6.3268495275590553
40
0.0059055118110236
0
CIRCLE
8
BLACK
10
6.7030866141732286
20
-7.4922511023622045
40
0.0059055118110236
0
CIRCLE
8
BLACK
10
6.7058425196850395
20
-6.7211881102362208
40
0.0059055118110236
0
CIRCLE
8
BLACK
10
6.7058425196850395
20
-6.7511881102362201
40
0.0059055118110236
0
CIRCLE
8
BLACK
10
6.7286771653543305
20
-6.1772904724409443
40
0.0059055118110236
0
CIRCLE
8
BLACK
10
6.7358425196850389
20
-5.7361881102362204
40
0.0059055118110236
0
CIRCLE
8
BLACK
10
6.7522992125984249
20
-6.1851644881889758
40
0.0059055118110236
0
CIRCLE
8
BLACK
10
6.7562362204724407
20
-6.1457944094488184
40
0.0059055118110236
0
CIRCLE
8
BLACK
10
6.7621417322834647
20
-4.824928267716535
40
0.0059055118110236
0
CIRCLE
8
BLACK
10
6.7621417322834647
20
-4.8741408661417323
40
0.0059055118110236
0
CIRCLE
8
BLACK
10
6.7621417322834647
20
-7.6829361417322835
40
0.0059055118110236
0
CIRCLE
8
BLACK
10
6.7658425196850391
20
-5.7361881102362204
40
0.0059055118110236
0
CIRCLE
8
BLACK
10
6.7818267716535434
20
-6.1457944094488184
40
0.0059055118110236
0
CIRCLE
8
BLACK
10
6.7897007874015749
20
-6.0040621259842517
40
0.0059055118110236
0
CIRCLE
8
BLACK
10
6.7897007874015749
20
-6.0867392913385823
40
0.0059055118110236
0
CIRCLE
8
BLACK
10
6.8074173228346453
20
-6.1457944094488184
40
0.0059055118110236
0
CIRCLE
8
BLACK
10
6.8133228346456693
20
-6.0040621259842517
40
0.0059055118110236
0
CIRCLE
8
BLACK
10
6.8133228346456693
20
-6.0867392913385823
40
0.0059055118110236
0
CIRCLE
8
BLACK
10
6.8389133858267712
20
-6.0040621259842517
40
0.0059055118110236
0
CIRCLE
8
BLACK
10
6.8410394881889758
20
-6.0867392913385823
40
0.0059055118110236
0
CIRCLE
8
BLACK
10
6.8546614173228342
20
-5.1891014960629924
40
0.0059055118110236
0
CIRCLE
8
BLACK
10
6.855842519685039
20
-4.75860937007874
40
0.0059055118110236
0
CIRCLE
8
BLACK
10
6.8802519685039369
20
-6.1103613385826767
40
0.0059055118110236
0
CIRCLE
8
BLACK
10
6.8802519685039369
20
-6.1398888976377952
40
0.0059055118110236
0
CIRCLE
8
BLACK
10
6.8912263779527558
20
-5.0032255118110234
40
0.0059055118110236
0
CIRCLE
8
BLACK
10
6.9048582677165351
20
-5.9739440157480317
40
0.0059055118110236
0
CIRCLE
8
BLACK
10
6.9048582677165351
20
-6.0239440157480315
40
0.0059055118110236
0
CIRCLE
8
BLACK
10
6.9294645669291333
20
-7.4233534645669286
40
0.0059055118110236
0
CIRCLE
8
BLACK
10
6.9548582677165349
20
-5.9739440157480317
40
0.0059055118110236
0
CIRCLE
8
BLACK
10
6.9548582677165349
20
-6.0239440157480315
40
0.0059055118110236
0
CIRCLE
8
BLACK
10
6.9558425196850395
20
-5.0020936220472443
40
0.0059055118110236
0
CIRCLE
8
BLACK
10
6.9558425196850395
20
-5.2236093700787398
40
0.0059055118110236
0
CIRCLE
8
BLACK
10
6.9688346456692916
20
-6.1103613385826767
40
0.0059055118110236
0
CIRCLE
8
BLACK
10
6.9688346456692916
20
-6.1398888976377952
40
0.0059055118110236
0
CIRCLE
8
BLACK
10
6.9908425196850388
20
-5.2286093700787397
40
0.0059055118110236
0
CIRCLE
8
BLACK
10
7.0042677165354332
20
-4.7599676377952758
40
0.0059055118110236
0
CIRCLE
8
BLACK
10
7.0048582677165356
20
-5.9739440157480317
40
0.0059055118110236
0
CIRCLE
8
BLACK
10
7.0048582677165356
20
-6.0239440157480315
40
0.0059055118110236
0
CIRCLE
8
BLACK
10
7.0108425196850392
20
-5.2686093700787398
40
0.0059055118110236
0
CIRCLE
8
BLACK
10
7.0158425196850391
20
-5.3786093700787401
40
0.0059055118110236
0
CIRCLE
8
BLACK
10
7.0308425196850388
20
-5.4886093700787404
40
0.0059055118110236
0
CIRCLE
8
BLACK
10
7.0548582677165355
20
-5.9739440157480317
40
0.0059055118110236
0
CIRCLE
8
BLACK
10
7.0548582677165355
20
-6.0239440157480315
40
0.0059055118110236
0
CIRCLE
8
BLACK
10
7.0574173228346453
20
-6.1103613385826767
40
0.0059055118110236
0
CIRCLE
8
BLACK
10
7.0574173228346453
20
-6.1398888976377952
40
0.0059055118110236
0
CIRCLE
8
BLACK
10
7.065842519685039
20
-5.1961881102362204
40
0.0059055118110236
0
CIRCLE
8
BLACK
10
7.0858425196850394
20
-5.5336093700787403
40
0.0059055118110236
0
CIRCLE
8
BLACK
10
7.0958425196850392
20
-5.2236093700787398
40
0.0059055118110236
0
CIRCLE
8
BLACK
10
7.1048582677165353
20
-5.9739440157480317
40
0.0059055118110236
0
CIRCLE
8
BLACK
10
7.1048582677165353
20
-6.0239440157480315
40
0.0059055118110236
0
CIRCLE
8
BLACK
10
7.105842519685039
20
-7.2411881102362203
40
0.0059055118110236
0
CIRCLE
8
BLACK
10
7.1159842519685039
20
-7.3889243307086616
40
0.0059055118110236
0
CIRCLE
8
BLACK
10
7.1548582677165351
20
-5.9739440157480317
40
0.0059055118110236
0
CIRCLE
8
BLACK
10
7.1548582677165351
20
-6.0239440157480315
40
0.0059055118110236
0
CIRCLE
8
BLACK
10
7.1548582677165351
20
-6.0739440157480313
40
0.0059055118110236
0
CIRCLE
8
BLACK
10
7.1548582677165351
20
-6.1239440157480312
40
0.0059055118110236
0
CIRCLE
8
BLACK
10
7.1548582677165351
20
-6.173944015748031
40
0.0059055118110236
0
CIRCLE
8
BLACK
10
7.1658425196850395
20
-5.4511881102362203
40
0.0059055118110236
0
CIRCLE
8
BLACK
10
7.1971811023622045
20
-6.3052432283464563
40
0.0059055118110236
0
CIRCLE
8
BLACK
10
7.1971811023622045
20
-6.3328022834645665
40
0.0059055118110236
0
CIRCLE
8
BLACK
10
7.2048582677165349
20
-5.9739440157480317
40
0.0059055118110236
0
CIRCLE
8
BLACK
10
7.2048582677165349
20
-6.0239440157480315
40
0.0059055118110236
0
CIRCLE
8
BLACK
10
7.2048582677165349
20
-6.0739440157480313
40
0.0059055118110236
0
CIRCLE
8
BLACK
10
7.2048582677165349
20
-6.1239440157480312
40
0.0059055118110236
0
CIRCLE
8
BLACK
10
7.2048582677165349
20
-6.173944015748031
40
0.0059055118110236
0
CIRCLE
8
BLACK
10
7.2048582677165349
20
-6.423944015748031
40
0.0059055118110236
0
CIRCLE
8
BLACK
10
7.2048582677165349
20
-6.4739440157480317
40
0.0059055118110236
0
CIRCLE
8
BLACK
10
7.2058425196850395
20
-7.2411881102362203
40
0.0059055118110236
0
CIRCLE
8
BLACK
10
7.2158425196850393
20
-5.2811881102362204
40
0.0059055118110236
0
CIRCLE
8
BLACK
10
7.2548582677165356
20
-5.9739440157480317
40
0.0059055118110236
0
CIRCLE
8
BLACK
10
7.2548582677165356
20
-6.0239440157480315
40
0.0059055118110236
0
CIRCLE
8
BLACK
10
7.2557007874015742
20
-5.303451889763779
40
0.0059055118110236
0
CIRCLE
8
BLACK
10
7.2641102362204721
20
-5.4511881102362203
40
0.0059055118110236
0
CIRCLE
8
BLACK
10
7.2700157480314962
20
-6.106424330708661
40
0.0059055118110236
0
CIRCLE
8
BLACK
10
7.2700157480314962
20
-6.1359518897637795
40
0.0059055118110236
0
CIRCLE
8
BLACK
10
7.2700157480314962
20
-6.3052432283464563
40
0.0059055118110236
0
CIRCLE
8
BLACK
10
7.2700157480314962
20
-6.3328022834645665
40
0.0059055118110236
0
CIRCLE
8
BLACK
10
7.3048582677165355
20
-5.9739440157480317
40
0.0059055118110236
0
CIRCLE
8
BLACK
10
7.3048582677165355
20
-6.0239440157480315
40
0.0059055118110236
0
CIRCLE
8
BLACK
10
7.3507244094488184
20
-6.106424330708661
40
0.0059055118110236
0
CIRCLE
8
BLACK
10
7.3507244094488184
20
-6.1359518897637795
40
0.0059055118110236
0
CIRCLE
8
BLACK
10
7.3507244094488184
20
-6.3052432283464563
40
0.0059055118110236
0
CIRCLE
8
BLACK
10
7.3507244094488184
20
-6.3328022834645665
40
0.0059055118110236
0
CIRCLE
8
BLACK
10
7.3548582677165353
20
-5.9739440157480317
40
0.0059055118110236
0
CIRCLE
8
BLACK
10
7.3548582677165353
20
-6.0239440157480315
40
0.0059055118110236
0
CIRCLE
8
BLACK
10
7.3826535433070868
20
-5.0311881102362204
40
0.0059055118110236
0
CIRCLE
8
BLACK
10
7.3861574803149601
20
-5.0670542519685036
40
0.0059055118110236
0
CIRCLE
8
BLACK
10
7.4579685039370078
20
-7.4437668503937005
40
0.0059055118110236
0
CIRCLE
8
BLACK
10
7.4658425196850393
20
-7.1361881102362199
40
0.0059055118110236
0
CIRCLE
8
BLACK
10
7.4658425196850393
20
-7.2811881102362204
40
0.0059055118110236
0
CIRCLE
8
BLACK
10
7.4885196850393703
20
-7.4725660629921258
40
0.0059055118110236
0
CIRCLE
8
BLACK
10
7.5229685039370073
20
-7.1787668503937008
40
0.0059055118110236
0
CIRCLE
8
BLACK
10
7.5379685039370079
20
-7.2887668503937002
40
0.0059055118110236
0
CIRCLE
8
BLACK
10
7.5458425196850394
20
-7.9111881102362203
40
0.0059055118110236
0
CIRCLE
8
BLACK
10
7.5629685039370074
20
-7.4387668503937006
40
0.0059055118110236
0
CIRCLE
8
BLACK
10
7.5979685039370075
20
-7.4437668503937005
40
0.0059055118110236
0
CIRCLE
8
BLACK
10
7.6508425196850389
20
-6.0661881102362205
40
0.0059055118110236
0
CIRCLE
8
BLACK
10
7.6708425196850394
20
-5.2111881102362201
40
0.0059055118110236
0
CIRCLE
8
BLACK
10
7.6958425196850389
20
-7.4811881102362205
40
0.0059055118110236
0
CIRCLE
8
BLACK
10
7.6958425196850389
20
-7.9111881102362203
40
0.0059055118110236
0
CIRCLE
8
BLACK
10
7.705055118110236
20
-4.8111487401574804
40
0.0059055118110236
0
CIRCLE
8
BLACK
10
7.7129291338582675
20
-4.3387077952755906
40
0.0059055118110236
0
CIRCLE
8
BLACK
10
7.7129291338582675
20
-4.362329842519685
40
0.0059055118110236
0
CIRCLE
8
BLACK
10
7.7129291338582675
20
-4.574928267716535
40
0.0059055118110236
0
CIRCLE
8
BLACK
10
7.7129291338582675
20
-4.5985503149606295
40
0.0059055118110236
0
CIRCLE
8
BLACK
10
7.770842519685039
20
-5.2411881102362203
40
0.0059055118110236
0
CIRCLE
8
BLACK
10
7.7877322834645666
20
-4.8111487401574804
40
0.0059055118110236
0
CIRCLE
8
BLACK
10
7.8058425196850392
20
-5.2461881102362202
40
0.0059055118110236
0
CIRCLE
8
BLACK
10
7.8231062992125979
20
-5.2993377165354332
40
0.0059055118110236
0
CIRCLE
8
BLACK
10
7.8308425196850395
20
-5.3961881102362206
40
0.0059055118110236
0
CIRCLE
8
BLACK
10
7.8458425196850392
20
-5.50618811023622
40
0.0059055118110236
0
CIRCLE
8
BLACK
10
7.8758425196850395
20
-6.0561881102362207
40
0.0059055118110236
0
CIRCLE
8
BLACK
10
7.8808425196850393
20
-5.21618811023622
40
0.0059055118110236
0
CIRCLE
8
BLACK
10
7.8858425196850392
20
-5.7261881102362207
40
0.0059055118110236
0
CIRCLE
8
BLACK
10
7.895842519685039
20
-6.7711881102362206
40
0.0059055118110236
0
CIRCLE
8
BLACK
10
7.9008425196850389
20
-5.5511881102362199
40
0.0059055118110236
0
CIRCLE
8
BLACK
10
7.9108425196850396
20
-5.2411881102362203
40
0.0059055118110236
0
CIRCLE
8
BLACK
10
7.9158425196850395
20
-5.7261881102362207
40
0.0059055118110236
0
CIRCLE
8
BLACK
10
7.9258425196850393
20
-6.7711881102362206
40
0.0059055118110236
0
CIRCLE
8
BLACK
10
7.9412755905511805
20
-5.9371329921259841
40
0.0059055118110236
0
CIRCLE
8
BLACK
10
7.9963937007874017
20
-6.0237471653543304
40
0.0059055118110236
0
CIRCLE
8
BLACK
10
8.0318267716535434
20
-5.6320148818897637
40
0.0059055118110236
0
CIRCLE
8
BLACK
10
8.0318267716535434
20
-5.6910699999999999
40
0.0059055118110236
0
CIRCLE
8
BLACK
10
8.0475748031496064
20
-6.7009125196850396
40
0.0059055118110236
0
CIRCLE
8
BLACK
10
8.1007244094488193
20
-5.7599676377952758
40
0.0059055118110236
0
CIRCLE
8
BLACK
10
8.10084251968504
20
-7.2337668503937005
40
0.0059055118110236
0
CIRCLE
8
BLACK
10
8.1131102362204714
20
-7.3815030708661418
40
0.0059055118110236
0
CIRCLE
8
BLACK
10
8.145999999999999
20
-5.9395936220472443
40
0.0059055118110236
0
CIRCLE
8
BLACK
10
8.1529685039370072
20
-7.4037668503937004
40
0.0059055118110236
0
CIRCLE
8
BLACK
10
8.1696220472440935
20
-5.1694164566929128
40
0.0059055118110236
0
CIRCLE
8
BLACK
10
8.1696220472440935
20
-5.5926448031496063
40
0.0059055118110236
0
CIRCLE
8
BLACK
10
8.1696220472440935
20
-5.7304400787401573
40
0.0059055118110236
0
CIRCLE
8
BLACK
10
8.2029685039370079
20
-7.2337668503937005
40
0.0059055118110236
0
CIRCLE
8
BLACK
10
8.2058425196850386
20
-5.4861881102362204
40
0.0059055118110236
0
CIRCLE
8
BLACK
10
8.2450551181102352
20
-6.559440078740157
40
0.0059055118110236
0
CIRCLE
8
BLACK
10
8.2558425196850393
20
-5.3161881102362205
40
0.0059055118110236
0
CIRCLE
8
BLACK
10
8.2680472440944879
20
-5.9804400787401573
40
0.0059055118110236
0
CIRCLE
8
BLACK
10
8.2957007874015751
20
-5.3384518897637792
40
0.0059055118110236
0
CIRCLE
8
BLACK
10
8.3008425196850393
20
-5.4861881102362204
40
0.0059055118110236
0
CIRCLE
8
BLACK
10
8.3428503937007878
20
-5.7245345669291341
40
0.0059055118110236
0
CIRCLE
8
BLACK
10
8.3664724409448823
20
-6.7402825984251971
40
0.0059055118110236
0
CIRCLE
8
BLACK
10
8.3664724409448823
20
-6.771778661417323
40
0.0059055118110236
0
CIRCLE
8
BLACK
10
8.4058425196850397
20
-5.6221723622047239
40
0.0059055118110236
0
CIRCLE
8
BLACK
10
8.4137165354330712
20
-5.7481566141732285
40
0.0059055118110236
0
CIRCLE
8
BLACK
10
8.4208425196850385
20
-7.3213455905511813
40
0.0059055118110236
0
CIRCLE
8
BLACK
10
8.4308425196850401
20
-7.0111881102362199
40
0.0059055118110236
0
CIRCLE
8
BLACK
10
8.4373385826771656
20
-5.8111487401574804
40
0.0059055118110236
0
CIRCLE
8
BLACK
10
8.4452125984251971
20
-5.1989440157480313
40
0.0059055118110236
0
CIRCLE
8
BLACK
10
8.4452125984251971
20
-5.2579991338582674
40
0.0059055118110236
0
CIRCLE
8
BLACK
10
8.4530866141732286
20
-7.3505188188976378
40
0.0059055118110236
0
CIRCLE
8
BLACK
10
8.4609606299212601
20
-5.8426448031496063
40
0.0059055118110236
0
CIRCLE
8
BLACK
10
8.476708661417323
20
-6.7993377165354332
40
0.0059055118110236
0
CIRCLE
8
BLACK
10
8.4845826771653545
20
-5.6300463779527554
40
0.0059055118110236
0
CIRCLE
8
BLACK
10
8.4858425196850398
20
-7.0563455905511807
40
0.0059055118110236
0
CIRCLE
8
BLACK
10
8.5008425196850386
20
-7.166345590551181
40
0.0059055118110236
0
CIRCLE
8
BLACK
10
8.5058425196850393
20
-7.2763455905511814
40
0.0059055118110236
0
CIRCLE
8
BLACK
10
8.5108425196850384
20
-7.7861881102362203
40
0.0059055118110236
0
CIRCLE
8
BLACK
10
8.5239527559055119
20
-6.6576054330708656
40
0.0059055118110236
0
CIRCLE
8
BLACK
10
8.5258425196850389
20
-7.3163455905511805
40
0.0059055118110236
0
CIRCLE
8
BLACK
10
8.5608425196850391
20
-7.3213455905511813
40
0.0059055118110236
0
CIRCLE
8
BLACK
10
8.5633228346456693
20
-5.5828022834645665
40
0.0059055118110236
0
CIRCLE
8
BLACK
10
8.5869448818897638
20
-6.6615424409448813
40
0.0059055118110236
0
CIRCLE
8
BLACK
10
8.5903307086614173
20
-6.6930385039370082
40
0.0059055118110236
0
CIRCLE
8
BLACK
10
8.645999999999999
20
-5.8724558267716533
40
0.0059055118110236
0
CIRCLE
8
BLACK
10
8.6608425196850387
20
-7.7861881102362203
40
0.0059055118110236
0
CIRCLE
8
BLACK
10
8.661748031496062
20
-7.3583928346456693
40
0.0059055118110236
0
CIRCLE
8
BLACK
10
8.7108425196850394
20
-4.8111881102362206
40
0.0059055118110236
0
CIRCLE
8
BLACK
10
8.7108425196850394
20
-5.2461881102362202
40
0.0059055118110236
0
CIRCLE
8
BLACK
10
8.7306456692913379
20
-5.0513062204724406
40
0.0059055118110236
0
CIRCLE
8
BLACK
10
8.8008425196850393
20
-5.71618811023622
40
0.0059055118110236
0
CIRCLE
8
BLACK
10
8.8093858267716527
20
-5.0513062204724406
40
0.0059055118110236
0
CIRCLE
8
BLACK
10
8.8108425196850391
20
-5.2761881102362205
40
0.0059055118110236
0
CIRCLE
8
BLACK
10
8.8308425196850386
20
-5.71618811023622
40
0.0059055118110236
0
CIRCLE
8
BLACK
10
8.8310393700787397
20
-4.3544558267716535
40
0.0059055118110236
0
CIRCLE
8
BLACK
10
8.8310393700787397
20
-4.3859518897637795
40
0.0059055118110236
0
CIRCLE
8
BLACK
10
8.8310393700787397
20
-4.590676299212598
40
0.0059055118110236
0
CIRCLE
8
BLACK
10
8.8310393700787397
20
-4.6142983464566925
40
0.0059055118110236
0
CIRCLE
8
BLACK
10
8.8458425196850392
20
-5.2811881102362204
40
0.0059055118110236
0
CIRCLE
8
BLACK
10
8.8608425196850398
20
-4.8111881102362206
40
0.0059055118110236
0
CIRCLE
8
BLACK
10
8.8708425196850396
20
-5.4311881102362207
40
0.0059055118110236
0
CIRCLE
8
BLACK
10
8.8852125984251966
20
-5.5387668503937011
40
0.0059055118110236
0
CIRCLE
8
BLACK
10
8.9158425196850395
20
-6.63118811023622
40
0.0059055118110236
0
CIRCLE
8
BLACK
10
8.9208425196850385
20
-5.2461881102362202
40
0.0059055118110236
0
CIRCLE
8
BLACK
10
8.9402125984251963
20
-5.583766850393701
40
0.0059055118110236
0
CIRCLE
8
BLACK
10
8.9508425196850396
20
-5.2761881102362205
40
0.0059055118110236
0
CIRCLE
8
BLACK
10
9.0658425196850398
20
-7.1113455905511813
40
0.0059055118110236
0
CIRCLE
8
BLACK
10
9.0758425196850396
20
-6.6061881102362205
40
0.0059055118110236
0
CIRCLE
8
BLACK
10
9.075984251968503
20
-7.2590818110236217
40
0.0059055118110236
0
CIRCLE
8
BLACK
10
9.1158425196850388
20
-7.2813455905511812
40
0.0059055118110236
0
CIRCLE
8
BLACK
10
9.1658425196850395
20
-7.1113455905511813
40
0.0059055118110236
0
CIRCLE
8
BLACK
10
9.3507244094488193
20
-7.2747314173228341
40
0.0059055118110236
0
CIRCLE
8
BLACK
10
9.3507244094488193
20
-7.2983534645669286
40
0.0059055118110236
0
CIRCLE
8
BLACK
10
9.3507244094488193
20
-7.5109518897637795
40
0.0059055118110236
0
CIRCLE
8
BLACK
10
9.3507244094488193
20
-7.5424479527559054
40
0.0059055118110236
0
LINE
8
BLACK
6
CONTINUOUS
10
6.4452125984251971
20
-5.9735503149606295
11
6.4452125984251971
21
-6.0129203937007869
0
LINE
8
BLACK
6
CONTINUOUS
10
6.4255275590551175
20
-5.9932353543307082
11
6.4648976377952758
21
-5.9932353543307082
0
LINE
8
BLACK
6
CONTINUOUS
10
7.1499370078740156
20
-5.8515030708661415
11
7.1499370078740156
21
-5.8908731496062989
0
LINE
8
BLACK
6
CONTINUOUS
10
7.1302519685039369
20
-5.8711881102362202
11
7.1696220472440944
21
-5.8711881102362202
0
LINE
8
BLACK
6
CONTINUOUS
10
7.3093858267716536
20
-6.3987471653543304
11
7.3093858267716536
21
-6.4381172440944878
0
LINE
8
BLACK
6
CONTINUOUS
10
7.2897007874015749
20
-6.4184322047244091
11
7.3290708661417323
21
-6.4184322047244091
0
LINE
8
BLACK
6
CONTINUOUS
10
6.0212656299212597
20
-6.015261850393701
11
6.0212656299212597
21
-5.9762871259842516
0
LINE
8
BLACK
6
CONTINUOUS
10
6.0212656299212597
20
-5.9762871259842516
11
5.9822909055118112
21
-5.9762871259842516
0
LINE
8
BLACK
6
CONTINUOUS
10
5.9822909055118112
20
-5.9762871259842516
11
5.9822909055118112
21
-6.015261850393701
0
LINE
8
BLACK
6
CONTINUOUS
10
5.9822909055118112
20
-6.015261850393701
11
6.0212656299212597
21
-6.015261850393701
0
LINE
8
BLACK
6
CONTINUOUS
10
6.0212656299212597
20
-6.1806161811023621
11
6.0212656299212597
21
-6.1416414566929136
0
LINE
8
BLACK
6
CONTINUOUS
10
6.0212656299212597
20
-6.1416414566929136
11
5.9822909055118112
21
-6.1416414566929136
0
LINE
8
BLACK
6
CONTINUOUS
10
5.9822909055118112
20
-6.1416414566929136
11
5.9822909055118112
21
-6.1806161811023621
0
LINE
8
BLACK
6
CONTINUOUS
10
5.9822909055118112
20
-6.1806161811023621
11
6.0212656299212597
21
-6.1806161811023621
0
LINE
8
BLACK
6
CONTINUOUS
10
6.0213928740157483
20
-6.7322109055118107
11
6.0213928740157483
21
-6.6932361811023622
0
LINE
8
BLACK
6
CONTINUOUS
10
6.0213928740157483
20
-6.6932361811023622
11
5.9824181496062989
21
-6.6932361811023622
0
LINE
8
BLACK
6
CONTINUOUS
10
5.9824181496062989
20
-6.6932361811023622
11
5.9824181496062989
21
-6.7322109055118107
0
LINE
8
BLACK
6
CONTINUOUS
10
5.9824181496062989
20
-6.7322109055118107
11
6.0213928740157483
21
-6.7322109055118107
0
LINE
8
BLACK
6
CONTINUOUS
10
6.0213928740157483
20
-6.8975652362204727
11
6.0213928740157483
21
-6.8585905118110233
0
LINE
8
BLACK
6
CONTINUOUS
10
6.0213928740157483
20
-6.8585905118110233
11
5.9824181496062989
21
-6.8585905118110233
0
LINE
8
BLACK
6
CONTINUOUS
10
5.9824181496062989
20
-6.8585905118110233
11
5.9824181496062989
21
-6.8975652362204727
0
LINE
8
BLACK
6
CONTINUOUS
10
5.9824181496062989
20
-6.8975652362204727
11
6.0213928740157483
21
-6.8975652362204727
0
LINE
8
BLACK
6
CONTINUOUS
10
6.0213928740157483
20
-7.0629195669291338
11
6.0213928740157483
21
-7.0239448425196853
0
LINE
8
BLACK
6
CONTINUOUS
10
6.0213928740157483
20
-7.0239448425196853
11
5.9824181496062989
21
-7.0239448425196853
0
LINE
8
BLACK
6
CONTINUOUS
10
5.9824181496062989
20
-7.0239448425196853
11
5.9824181496062989
21
-7.0629195669291338
0
LINE
8
BLACK
6
CONTINUOUS
10
5.9824181496062989
20
-7.0629195669291338
11
6.0213928740157483
21
-7.0629195669291338
0
LINE
8
BLACK
6
CONTINUOUS
10
6.0213928740157483
20
-7.2282738976377949
11
6.0213928740157483
21
-7.1892991732283464
0
LINE
8
BLACK
6
CONTINUOUS
10
6.0213928740157483
20
-7.1892991732283464
11
5.9824181496062989
21
-7.1892991732283464
0
LINE
8
BLACK
6
CONTINUOUS
10
5.9824181496062989
20
-7.1892991732283464
11
5.9824181496062989
21
-7.2282738976377949
0
LINE
8
BLACK
6
CONTINUOUS
10
5.9824181496062989
20
-7.2282738976377949
11
6.0213928740157483
21
-7.2282738976377949
0
LINE
8
BLACK
6
CONTINUOUS
10
6.2378010629921254
20
-6.015261850393701
11
6.2378010629921254
21
-5.9762871259842516
0
LINE
8
BLACK
6
CONTINUOUS
10
6.2378010629921254
20
-5.9762871259842516
11
6.198826338582677
21
-5.9762871259842516
0
LINE
8
BLACK
6
CONTINUOUS
10
6.198826338582677
20
-5.9762871259842516
11
6.198826338582677
21
-6.015261850393701
0
LINE
8
BLACK
6
CONTINUOUS
10
6.198826338582677
20
-6.015261850393701
11
6.2378010629921254
21
-6.015261850393701
0
LINE
8
BLACK
6
CONTINUOUS
10
6.2378010629921254
20
-6.1806161811023621
11
6.2378010629921254
21
-6.1416414566929136
0
LINE
8
BLACK
6
CONTINUOUS
10
6.2378010629921254
20
-6.1416414566929136
11
6.198826338582677
21
-6.1416414566929136
0
LINE
8
BLACK
6
CONTINUOUS
10
6.198826338582677
20
-6.1416414566929136
11
6.198826338582677
21
-6.1806161811023621
0
LINE
8
BLACK
6
CONTINUOUS
10
6.198826338582677
20
-6.1806161811023621
11
6.2378010629921254
21
-6.1806161811023621
0
LINE
8
BLACK
6
CONTINUOUS
10
6.2379283070866141
20
-6.7322109055118107
11
6.2379283070866141
21
-6.6932361811023622
0
LINE
8
BLACK
6
CONTINUOUS
10
6.2379283070866141
20
-6.6932361811023622
11
6.1989535826771656
21
-6.6932361811023622
0
LINE
8
BLACK
6
CONTINUOUS
10
6.1989535826771656
20
-6.6932361811023622
11
6.1989535826771656
21
-6.7322109055118107
0
LINE
8
BLACK
6
CONTINUOUS
10
6.1989535826771656
20
-6.7322109055118107
11
6.2379283070866141
21
-6.7322109055118107
0
LINE
8
BLACK
6
CONTINUOUS
10
6.2379283070866141
20
-6.8975652362204727
11
6.2379283070866141
21
-6.8585905118110233
0
LINE
8
BLACK
6
CONTINUOUS
10
6.2379283070866141
20
-6.8585905118110233
11
6.1989535826771656
21
-6.8585905118110233
0
LINE
8
BLACK
6
CONTINUOUS
10
6.1989535826771656
20
-6.8585905118110233
11
6.1989535826771656
21
-6.8975652362204727
0
LINE
8
BLACK
6
CONTINUOUS
10
6.1989535826771656
20
-6.8975652362204727
11
6.2379283070866141
21
-6.8975652362204727
0
LINE
8
BLACK
6
CONTINUOUS
10
6.2379283070866141
20
-7.0629195669291338
11
6.2379283070866141
21
-7.0239448425196853
0
LINE
8
BLACK
6
CONTINUOUS
10
6.2379283070866141
20
-7.0239448425196853
11
6.1989535826771656
21
-7.0239448425196853
0
LINE
8
BLACK
6
CONTINUOUS
10
6.1989535826771656
20
-7.0239448425196853
11
6.1989535826771656
21
-7.0629195669291338
0
LINE
8
BLACK
6
CONTINUOUS
10
6.1989535826771656
20
-7.0629195669291338
11
6.2379283070866141
21
-7.0629195669291338
0
LINE
8
BLACK
6
CONTINUOUS
10
6.2379283070866141
20
-7.2282738976377949
11
6.2379283070866141
21
-7.1892991732283464
0
LINE
8
BLACK
6
CONTINUOUS
10
6.2379283070866141
20
-7.1892991732283464
11
6.1989535826771656
21
-7.1892991732283464
0
LINE
8
BLACK
6
CONTINUOUS
10
6.1989535826771656
20
-7.1892991732283464
11
6.1989535826771656
21
-7.2282738976377949
0
LINE
8
BLACK
6
CONTINUOUS
10
6.1989535826771656
20
-7.2282738976377949
11
6.2379283070866141
21
-7.2282738976377949
0
LINE
8
BLACK
6
CONTINUOUS
10
7.1476527165354327
20
-7.8227227165354325
11
7.1476527165354327
21
-7.783747992125984
0
LINE
8
BLACK
6
CONTINUOUS
10
7.1476527165354327
20
-7.783747992125984
11
7.1086779921259842
21
-7.783747992125984
0
LINE
8
BLACK
6
CONTINUOUS
10
7.1086779921259842
20
-7.783747992125984
11
7.1086779921259842
21
-7.8227227165354325
0
LINE
8
BLACK
6
CONTINUOUS
10
7.1086779921259842
20
-7.8227227165354325
11
7.1476527165354327
21
-7.8227227165354325
0
LINE
8
BLACK
6
CONTINUOUS
10
7.1476527165354327
20
-8.0392581496062991
11
7.1476527165354327
21
-8.0002834251968498
0
LINE
8
BLACK
6
CONTINUOUS
10
7.1476527165354327
20
-8.0002834251968498
11
7.1086779921259842
21
-8.0002834251968498
0
LINE
8
BLACK
6
CONTINUOUS
10
7.1086779921259842
20
-8.0002834251968498
11
7.1086779921259842
21
-8.0392581496062991
0
LINE
8
BLACK
6
CONTINUOUS
10
7.1086779921259842
20
-8.0392581496062991
11
7.1476527165354327
21
-8.0392581496062991
0
LINE
8
BLACK
6
CONTINUOUS
10
7.2449755511811018
20
-4.4270927952755903
11
7.2449755511811018
21
-4.3881180708661418
0
LINE
8
BLACK
6
CONTINUOUS
10
7.2449755511811018
20
-4.3881180708661418
11
7.2060008267716533
21
-4.3881180708661418
0
LINE
8
BLACK
6
CONTINUOUS
10
7.2060008267716533
20
-4.3881180708661418
11
7.2060008267716533
21
-4.4270927952755903
0
LINE
8
BLACK
6
CONTINUOUS
10
7.2060008267716533
20
-4.4270927952755903
11
7.2449755511811018
21
-4.4270927952755903
0
LINE
8
BLACK
6
CONTINUOUS
10
7.2449755511811018
20
-4.6436282283464569
11
7.2449755511811018
21
-4.6046535039370076
0
LINE
8
BLACK
6
CONTINUOUS
10
7.2449755511811018
20
-4.6046535039370076
11
7.2060008267716533
21
-4.6046535039370076
0
LINE
8
BLACK
6
CONTINUOUS
10
7.2060008267716533
20
-4.6046535039370076
11
7.2060008267716533
21
-4.6436282283464569
0
LINE
8
BLACK
6
CONTINUOUS
10
7.2060008267716533
20
-4.6436282283464569
11
7.2449755511811018
21
-4.6436282283464569
0
LINE
8
BLACK
6
CONTINUOUS
10
7.3130070472440947
20
-7.8227227165354325
11
7.3130070472440947
21
-7.783747992125984
0
LINE
8
BLACK
6
CONTINUOUS
10
7.3130070472440947
20
-7.783747992125984
11
7.2740323228346453
21
-7.783747992125984
0
LINE
8
BLACK
6
CONTINUOUS
10
7.2740323228346453
20
-7.783747992125984
11
7.2740323228346453
21
-7.8227227165354325
0
LINE
8
BLACK
6
CONTINUOUS
10
7.2740323228346453
20
-7.8227227165354325
11
7.3130070472440947
21
-7.8227227165354325
0
LINE
8
BLACK
6
CONTINUOUS
10
7.3130070472440947
20
-8.0392581496062991
11
7.3130070472440947
21
-8.0002834251968498
0
LINE
8
BLACK
6
CONTINUOUS
10
7.3130070472440947
20
-8.0002834251968498
11
7.2740323228346453
21
-8.0002834251968498
0
LINE
8
BLACK
6
CONTINUOUS
10
7.2740323228346453
20
-8.0002834251968498
11
7.2740323228346453
21
-8.0392581496062991
0
LINE
8
BLACK
6
CONTINUOUS
10
7.2740323228346453
20
-8.0392581496062991
11
7.3130070472440947
21
-8.0392581496062991
0
LINE
8
BLACK
6
CONTINUOUS
10
7.4103298818897638
20
-4.4270927952755903
11
7.4103298818897638
21
-4.3881180708661418
0
LINE
8
BLACK
6
CONTINUOUS
10
7.4103298818897638
20
-4.3881180708661418
11
7.3713551574803144
21
-4.3881180708661418
0
LINE
8
BLACK
6
CONTINUOUS
10
7.3713551574803144
20
-4.3881180708661418
11
7.3713551574803144
21
-4.4270927952755903
0
LINE
8
BLACK
6
CONTINUOUS
10
7.3713551574803144
20
-4.4270927952755903
11
7.4103298818897638
21
-4.4270927952755903
0
LINE
8
BLACK
6
CONTINUOUS
10
7.4103298818897638
20
-4.6436282283464569
11
7.4103298818897638
21
-4.6046535039370076
0
LINE
8
BLACK
6
CONTINUOUS
10
7.4103298818897638
20
-4.6046535039370076
11
7.3713551574803144
21
-4.6046535039370076
0
LINE
8
BLACK
6
CONTINUOUS
10
7.3713551574803144
20
-4.6046535039370076
11
7.3713551574803144
21
-4.6436282283464569
0
LINE
8
BLACK
6
CONTINUOUS
10
7.3713551574803144
20
-4.6436282283464569
11
7.4103298818897638
21
-4.6436282283464569
0
LINE
8
BLACK
6
CONTINUOUS
10
7.7246212204724412
20
-6.2120927952755904
11
7.7246212204724412
21
-6.1731180708661419
0
LINE
8
BLACK
6
CONTINUOUS
10
7.7246212204724412
20
-6.1731180708661419
11
7.6856464960629918
21
-6.1731180708661419
0
LINE
8
BLACK
6
CONTINUOUS
10
7.6856464960629918
20
-6.1731180708661419
11
7.6856464960629918
21
-6.2120927952755904
0
LINE
8
BLACK
6
CONTINUOUS
10
7.6856464960629918
20
-6.2120927952755904
11
7.7246212204724412
21
-6.2120927952755904
0
LINE
8
BLACK
6
CONTINUOUS
10
7.7246212204724412
20
-6.4286282283464562
11
7.7246212204724412
21
-6.3896535039370077
0
LINE
8
BLACK
6
CONTINUOUS
10
7.7246212204724412
20
-6.3896535039370077
11
7.6856464960629918
21
-6.3896535039370077
0
LINE
8
BLACK
6
CONTINUOUS
10
7.6856464960629918
20
-6.3896535039370077
11
7.6856464960629918
21
-6.4286282283464562
0
LINE
8
BLACK
6
CONTINUOUS
10
7.6856464960629918
20
-6.4286282283464562
11
7.7246212204724412
21
-6.4286282283464562
0
LINE
8
BLACK
6
CONTINUOUS
10
7.8899755511811023
20
-6.2120927952755904
11
7.8899755511811023
21
-6.1731180708661419
0
LINE
8
BLACK
6
CONTINUOUS
10
7.8899755511811023
20
-6.1731180708661419
11
7.8510008267716538
21
-6.1731180708661419
0
LINE
8
BLACK
6
CONTINUOUS
10
7.8510008267716538
20
-6.1731180708661419
11
7.8510008267716538
21
-6.2120927952755904
0
LINE
8
BLACK
6
CONTINUOUS
10
7.8510008267716538
20
-6.2120927952755904
11
7.8899755511811023
21
-6.2120927952755904
0
LINE
8
BLACK
6
CONTINUOUS
10
7.8899755511811023
20
-6.4286282283464562
11
7.8899755511811023
21
-6.3896535039370077
0
LINE
8
BLACK
6
CONTINUOUS
10
7.8899755511811023
20
-6.3896535039370077
11
7.8510008267716538
21
-6.3896535039370077
0
LINE
8
BLACK
6
CONTINUOUS
10
7.8510008267716538
20
-6.3896535039370077
11
7.8510008267716538
21
-6.4286282283464562
0
LINE
8
BLACK
6
CONTINUOUS
10
7.8510008267716538
20
-6.4286282283464562
11
7.8899755511811023
21
-6.4286282283464562
0
LINE
8
BLACK
6
CONTINUOUS
10
8.0553298818897634
20
-6.2120927952755904
11
8.0553298818897634
21
-6.1731180708661419
0
LINE
8
BLACK
6
CONTINUOUS
10
8.0553298818897634
20
-6.1731180708661419
11
8.016355157480314
21
-6.1731180708661419
0
LINE
8
BLACK
6
CONTINUOUS
10
8.016355157480314
20
-6.1731180708661419
11
8.016355157480314
21
-6.2120927952755904
0
LINE
8
BLACK
6
CONTINUOUS
10
8.016355157480314
20
-6.2120927952755904
11
8.0553298818897634
21
-6.2120927952755904
0
LINE
8
BLACK
6
CONTINUOUS
10
8.0553298818897634
20
-6.4286282283464562
11
8.0553298818897634
21
-6.3896535039370077
0
LINE
8
BLACK
6
CONTINUOUS
10
8.0553298818897634
20
-6.3896535039370077
11
8.016355157480314
21
-6.3896535039370077
0
LINE
8
BLACK
6
CONTINUOUS
10
8.016355157480314
20
-6.3896535039370077
11
8.016355157480314
21
-6.4286282283464562
0
LINE
8
BLACK
6
CONTINUOUS
10
8.016355157480314
20
-6.4286282283464562
11
8.0553298818897634
21
-6.4286282283464562
0
LINE
8
BLACK
6
CONTINUOUS
10
8.2206842125984245
20
-6.2120927952755904
11
8.2206842125984245
21
-6.1731180708661419
0
LINE
8
BLACK
6
CONTINUOUS
10
8.2206842125984245
20
-6.1731180708661419
11
8.1817094881889769
21
-6.1731180708661419
0
LINE
8
BLACK
6
CONTINUOUS
10
8.1817094881889769
20
-6.1731180708661419
11
8.1817094881889769
21
-6.2120927952755904
0
LINE
8
BLACK
6
CONTINUOUS
10
8.1817094881889769
20
-6.2120927952755904
11
8.2206842125984245
21
-6.2120927952755904
0
LINE
8
BLACK
6
CONTINUOUS
10
8.2206842125984245
20
-6.4286282283464562
11
8.2206842125984245
21
-6.3896535039370077
0
LINE
8
BLACK
6
CONTINUOUS
10
8.2206842125984245
20
-6.3896535039370077
11
8.1817094881889769
21
-6.3896535039370077
0
LINE
8
BLACK
6
CONTINUOUS
10
8.1817094881889769
20
-6.3896535039370077
11
8.1817094881889769
21
-6.4286282283464562
0
LINE
8
BLACK
6
CONTINUOUS
10
8.1817094881889769
20
-6.4286282283464562
11
8.2206842125984245
21
-6.4286282283464562
0
LINE
8
BLACK
6
CONTINUOUS
10
8.3676527165354333
20
-4.4270927952755903
11
8.3676527165354333
21
-4.3881180708661418
0
LINE
8
BLACK
6
CONTINUOUS
10
8.3676527165354333
20
-4.3881180708661418
11
8.3286779921259839
21
-4.3881180708661418
0
LINE
8
BLACK
6
CONTINUOUS
10
8.3286779921259839
20
-4.3881180708661418
11
8.3286779921259839
21
-4.4270927952755903
0
LINE
8
BLACK
6
CONTINUOUS
10
8.3286779921259839
20
-4.4270927952755903
11
8.3676527165354333
21
-4.4270927952755903
0
LINE
8
BLACK
6
CONTINUOUS
10
8.3676527165354333
20
-4.6436282283464569
11
8.3676527165354333
21
-4.6046535039370076
0
LINE
8
BLACK
6
CONTINUOUS
10
8.3676527165354333
20
-4.6046535039370076
11
8.3286779921259839
21
-4.6046535039370076
0
LINE
8
BLACK
6
CONTINUOUS
10
8.3286779921259839
20
-4.6046535039370076
11
8.3286779921259839
21
-4.6436282283464569
0
LINE
8
BLACK
6
CONTINUOUS
10
8.3286779921259839
20
-4.6436282283464569
11
8.3676527165354333
21
-4.6436282283464569
0
LINE
8
BLACK
6
CONTINUOUS
10
8.3860385433070856
20
-6.2120927952755904
11
8.3860385433070856
21
-6.1731180708661419
0
LINE
8
BLACK
6
CONTINUOUS
10
8.3860385433070856
20
-6.1731180708661419
11
8.347063818897638
21
-6.1731180708661419
0
LINE
8
BLACK
6
CONTINUOUS
10
8.347063818897638
20
-6.1731180708661419
11
8.347063818897638
21
-6.2120927952755904
0
LINE
8
BLACK
6
CONTINUOUS
10
8.347063818897638
20
-6.2120927952755904
11
8.3860385433070856
21
-6.2120927952755904
0
LINE
8
BLACK
6
CONTINUOUS
10
8.3860385433070856
20
-6.4286282283464562
11
8.3860385433070856
21
-6.3896535039370077
0
LINE
8
BLACK
6
CONTINUOUS
10
8.3860385433070856
20
-6.3896535039370077
11
8.347063818897638
21
-6.3896535039370077
0
LINE
8
BLACK
6
CONTINUOUS
10
8.347063818897638
20
-6.3896535039370077
11
8.347063818897638
21
-6.4286282283464562
0
LINE
8
BLACK
6
CONTINUOUS
10
8.347063818897638
20
-6.4286282283464562
11
8.3860385433070856
21
-6.4286282283464562
0
LINE
8
BLACK
6
CONTINUOUS
10
8.5330070472440944
20
-4.4270927952755903
11
8.5330070472440944
21
-4.3881180708661418
0
LINE
8
BLACK
6
CONTINUOUS
10
8.5330070472440944
20
-4.3881180708661418
11
8.494032322834645
21
-4.3881180708661418
0
LINE
8
BLACK
6
CONTINUOUS
10
8.494032322834645
20
-4.3881180708661418
11
8.494032322834645
21
-4.4270927952755903
0
LINE
8
BLACK
6
CONTINUOUS
10
8.494032322834645
20
-4.4270927952755903
11
8.5330070472440944
21
-4.4270927952755903
0
LINE
8
BLACK
6
CONTINUOUS
10
8.5330070472440944
20
-4.6436282283464569
11
8.5330070472440944
21
-4.6046535039370076
0
LINE
8
BLACK
6
CONTINUOUS
10
8.5330070472440944
20
-4.6046535039370076
11
8.494032322834645
21
-4.6046535039370076
0
LINE
8
BLACK
6
CONTINUOUS
10
8.494032322834645
20
-4.6046535039370076
11
8.494032322834645
21
-4.6436282283464569
0
LINE
8
BLACK
6
CONTINUOUS
10
8.494032322834645
20
-4.6436282283464569
11
8.5330070472440944
21
-4.6436282283464569
0
LINE
8
BLACK
6
CONTINUOUS
10
8.9346212204724402
20
-6.2120927952755904
11
8.9346212204724402
21
-6.1731180708661419
0
LINE
8
BLACK
6
CONTINUOUS
10
8.9346212204724402
20
-6.1731180708661419
11
8.8956464960629926
21
-6.1731180708661419
0
LINE
8
BLACK
6
CONTINUOUS
10
8.8956464960629926
20
-6.1731180708661419
11
8.8956464960629926
21
-6.2120927952755904
0
LINE
8
BLACK
6
CONTINUOUS
10
8.8956464960629926
20
-6.2120927952755904
11
8.9346212204724402
21
-6.2120927952755904
0
LINE
8
BLACK
6
CONTINUOUS
10
8.9346212204724402
20
-6.4286282283464562
11
8.9346212204724402
21
-6.3896535039370077
0
LINE
8
BLACK
6
CONTINUOUS
10
8.9346212204724402
20
-6.3896535039370077
11
8.8956464960629926
21
-6.3896535039370077
0
LINE
8
BLACK
6
CONTINUOUS
10
8.8956464960629926
20
-6.3896535039370077
11
8.8956464960629926
21
-6.4286282283464562
0
LINE
8
BLACK
6
CONTINUOUS
10
8.8956464960629926
20
-6.4286282283464562
11
8.9346212204724402
21
-6.4286282283464562
0
LINE
8
BLACK
6
CONTINUOUS
10
9.0999755511811014
20
-6.2120927952755904
11
9.0999755511811014
21
-6.1731180708661419
0
LINE
8
BLACK
6
CONTINUOUS
10
9.0999755511811014
20
-6.1731180708661419
11
9.0610008267716537
21
-6.1731180708661419
0
LINE
8
BLACK
6
CONTINUOUS
10
9.0610008267716537
20
-6.1731180708661419
11
9.0610008267716537
21
-6.2120927952755904
0
LINE
8
BLACK
6
CONTINUOUS
10
9.0610008267716537
20
-6.2120927952755904
11
9.0999755511811014
21
-6.2120927952755904
0
LINE
8
BLACK
6
CONTINUOUS
10
9.0999755511811014
20
-6.4286282283464562
11
9.0999755511811014
21
-6.3896535039370077
0
LINE
8
BLACK
6
CONTINUOUS
10
9.0999755511811014
20
-6.3896535039370077
11
9.0610008267716537
21
-6.3896535039370077
0
LINE
8
BLACK
6
CONTINUOUS
10
9.0610008267716537
20
-6.3896535039370077
11
9.0610008267716537
21
-6.4286282283464562
0
LINE
8
BLACK
6
CONTINUOUS
10
9.0610008267716537
20
-6.4286282283464562
11
9.0999755511811014
21
-6.4286282283464562
0
LINE
8
BLACK
6
CONTINUOUS
10
9.1153298818897639
20
-7.8277227165354333
11
9.1153298818897639
21
-7.7887479921259839
0
LINE
8
BLACK
6
CONTINUOUS
10
9.1153298818897639
20
-7.7887479921259839
11
9.0763551574803145
21
-7.7887479921259839
0
LINE
8
BLACK
6
CONTINUOUS
10
9.0763551574803145
20
-7.7887479921259839
11
9.0763551574803145
21
-7.8277227165354333
0
LINE
8
BLACK
6
CONTINUOUS
10
9.0763551574803145
20
-7.8277227165354333
11
9.1153298818897639
21
-7.8277227165354333
0
LINE
8
BLACK
6
CONTINUOUS
10
9.1153298818897639
20
-8.0442581496062981
11
9.1153298818897639
21
-8.0052834251968505
0
LINE
8
BLACK
6
CONTINUOUS
10
9.1153298818897639
20
-8.0052834251968505
11
9.0763551574803145
21
-8.0052834251968505
0
LINE
8
BLACK
6
CONTINUOUS
10
9.0763551574803145
20
-8.0052834251968505
11
9.0763551574803145
21
-8.0442581496062981
0
LINE
8
BLACK
6
CONTINUOUS
10
9.0763551574803145
20
-8.0442581496062981
11
9.1153298818897639
21
-8.0442581496062981
0
LINE
8
BLACK
6
CONTINUOUS
10
9.2653298818897643
20
-6.2120927952755904
11
9.2653298818897643
21
-6.1731180708661419
0
LINE
8
BLACK
6
CONTINUOUS
10
9.2653298818897643
20
-6.1731180708661419
11
9.2263551574803149
21
-6.1731180708661419
0
LINE
8
BLACK
6
CONTINUOUS
10
9.2263551574803149
20
-6.1731180708661419
11
9.2263551574803149
21
-6.2120927952755904
0
LINE
8
BLACK
6
CONTINUOUS
10
9.2263551574803149
20
-6.2120927952755904
11
9.2653298818897643
21
-6.2120927952755904
0
LINE
8
BLACK
6
CONTINUOUS
10
9.2653298818897643
20
-6.4286282283464562
11
9.2653298818897643
21
-6.3896535039370077
0
LINE
8
BLACK
6
CONTINUOUS
10
9.2653298818897643
20
-6.3896535039370077
11
9.2263551574803149
21
-6.3896535039370077
0
LINE
8
BLACK
6
CONTINUOUS
10
9.2263551574803149
20
-6.3896535039370077
11
9.2263551574803149
21
-6.4286282283464562
0
LINE
8
BLACK
6
CONTINUOUS
10
9.2263551574803149
20
-6.4286282283464562
11
9.2653298818897643
21
-6.4286282283464562
0
LINE
8
BLACK
6
CONTINUOUS
10
9.280684212598425
20
-7.8277227165354333
11
9.280684212598425
21
-7.7887479921259839
0
LINE
8
BLACK
6
CONTINUOUS
10
9.280684212598425
20
-7.7887479921259839
11
9.2417094881889756
21
-7.7887479921259839
0
LINE
8
BLACK
6
CONTINUOUS
10
9.2417094881889756
20
-7.7887479921259839
11
9.2417094881889756
21
-7.8277227165354333
0
LINE
8
BLACK
6
CONTINUOUS
10
9.2417094881889756
20
-7.8277227165354333
11
9.280684212598425
21
-7.8277227165354333
0
LINE
8
BLACK
6
CONTINUOUS
10
9.280684212598425
20
-8.0442581496062981
11
9.280684212598425
21
-8.0052834251968505
0
LINE
8
BLACK
6
CONTINUOUS
10
9.280684212598425
20
-8.0052834251968505
11
9.2417094881889756
21
-8.0052834251968505
0
LINE
8
BLACK
6
CONTINUOUS
10
9.2417094881889756
20
-8.0052834251968505
11
9.2417094881889756
21
-8.0442581496062981
0
LINE
8
BLACK
6
CONTINUOUS
10
9.2417094881889756
20
-8.0442581496062981
11
9.280684212598425
21
-8.0442581496062981
0
LINE
8
BLACK
6
CONTINUOUS
10
9.4306842125984254
20
-6.2120927952755904
11
9.4306842125984254
21
-6.1731180708661419
0
LINE
8
BLACK
6
CONTINUOUS
10
9.4306842125984254
20
-6.1731180708661419
11
9.391709488188976
21
-6.1731180708661419
0
LINE
8
BLACK
6
CONTINUOUS
10
9.391709488188976
20
-6.1731180708661419
11
9.391709488188976
21
-6.2120927952755904
0
LINE
8
BLACK
6
CONTINUOUS
10
9.391709488188976
20
-6.2120927952755904
11
9.4306842125984254
21
-6.2120927952755904
0
LINE
8
BLACK
6
CONTINUOUS
10
9.4306842125984254
20
-6.4286282283464562
11
9.4306842125984254
21
-6.3896535039370077
0
LINE
8
BLACK
6
CONTINUOUS
10
9.4306842125984254
20
-6.3896535039370077
11
9.391709488188976
21
-6.3896535039370077
0
LINE
8
BLACK
6
CONTINUOUS
10
9.391709488188976
20
-6.3896535039370077
11
9.391709488188976
21
-6.4286282283464562
0
LINE
8
BLACK
6
CONTINUOUS
10
9.391709488188976
20
-6.4286282283464562
11
9.4306842125984254
21
-6.4286282283464562
0
LINE
8
BLACK
6
CONTINUOUS
10
9.5960385433070865
20
-6.2120927952755904
11
9.5960385433070865
21
-6.1731180708661419
0
LINE
8
BLACK
6
CONTINUOUS
10
9.5960385433070865
20
-6.1731180708661419
11
9.5570638188976371
21
-6.1731180708661419
0
LINE
8
BLACK
6
CONTINUOUS
10
9.5570638188976371
20
-6.1731180708661419
11
9.5570638188976371
21
-6.2120927952755904
0
LINE
8
BLACK
6
CONTINUOUS
10
9.5570638188976371
20
-6.2120927952755904
11
9.5960385433070865
21
-6.2120927952755904
0
LINE
8
BLACK
6
CONTINUOUS
10
9.5960385433070865
20
-6.4286282283464562
11
9.5960385433070865
21
-6.3896535039370077
0
LINE
8
BLACK
6
CONTINUOUS
10
9.5960385433070865
20
-6.3896535039370077
11
9.5570638188976371
21
-6.3896535039370077
0
LINE
8
BLACK
6
CONTINUOUS
10
9.5570638188976371
20
-6.3896535039370077
11
9.5570638188976371
21
-6.4286282283464562
0
LINE
8
BLACK
6
CONTINUOUS
10
9.5570638188976371
20
-6.4286282283464562
11
9.5960385433070865
21
-6.4286282283464562
0
LINE
8
BLACK
6
CONTINUOUS
10
5.9730393700787401
20
-4.5355581889763776
11
6.0360314960629919
21
-4.4725660629921258
0
LINE
8
BLACK
6
CONTINUOUS
10
6.0360314960629919
20
-4.4725660629921258
11
5.9730393700787401
21
-4.4095739370078739
0
LINE
8
BLACK
6
CONTINUOUS
10
5.9730393700787401
20
-4.4095739370078739
11
5.9100472440944882
21
-4.4725660629921258
0
LINE
8
BLACK
6
CONTINUOUS
10
5.9100472440944882
20
-4.4725660629921258
11
5.9730393700787401
21
-4.5355581889763776
0
LINE
8
BLACK
6
CONTINUOUS
10
5.9730393700787401
20
-8.0355581889763776
11
6.0360314960629919
21
-7.9725660629921258
0
LINE
8
BLACK
6
CONTINUOUS
10
6.0360314960629919
20
-7.9725660629921258
11
5.9730393700787401
21
-7.9095739370078739
0
LINE
8
BLACK
6
CONTINUOUS
10
5.9730393700787401
20
-7.9095739370078739
11
5.9100472440944882
21
-7.9725660629921258
0
LINE
8
BLACK
6
CONTINUOUS
10
5.9100472440944882
20
-7.9725660629921258
11
5.9730393700787401
21
-8.0355581889763776
0
LINE
8
BLACK
6
CONTINUOUS
10
9.7230393700787392
20
-4.5355581889763776
11
9.7860314960629911
21
-4.4725660629921258
0
LINE
8
BLACK
6
CONTINUOUS
10
9.7860314960629911
20
-4.4725660629921258
11
9.7230393700787392
21
-4.4095739370078739
0
LINE
8
BLACK
6
CONTINUOUS
10
9.7230393700787392
20
-4.4095739370078739
11
9.6600472440944873
21
-4.4725660629921258
0
LINE
8
BLACK
6
CONTINUOUS
10
9.6600472440944873
20
-4.4725660629921258
11
9.7230393700787392
21
-4.5355581889763776
0
LINE
8
BLACK
6
CONTINUOUS
10
9.7230393700787392
20
-8.0355581889763776
11
9.7860314960629911
21
-7.9725660629921258
0
LINE
8
BLACK
6
CONTINUOUS
10
9.7860314960629911
20
-7.9725660629921258
11
9.7230393700787392
21
-7.9095739370078739
0
LINE
8
BLACK
6
CONTINUOUS
10
9.7230393700787392
20
-7.9095739370078739
11
9.6600472440944873
21
-7.9725660629921258
0
LINE
8
BLACK
6
CONTINUOUS
10
9.6600472440944873
20
-7.9725660629921258
11
9.7230393700787392
21
-8.0355581889763776
0
LINE
8
BLACK
6
CONTINUOUS
10
5.9608333858267715
20
-5.7516799999999995
11
6.0789436220472437
21
-5.8697902362204726
0
LINE
8
BLACK
6
CONTINUOUS
10
6.0789436220472437
20
-5.7516799999999995
11
5.9608333858267715
21
-5.8697902362204726
0
CIRCLE
8
BLACK
10
6.0198885039370076
20
-5.8107351181102365
40
0.0590551181102362
0
LINE
8
BLACK
6
CONTINUOUS
10
5.9608333858267715
20
-6.287113070866142
11
6.0789436220472437
21
-6.4052233070866142
0
LINE
8
BLACK
6
CONTINUOUS
10
6.0789436220472437
20
-6.287113070866142
11
5.9608333858267715
21
-6.4052233070866142
0
CIRCLE
8
BLACK
10
6.0198885039370076
20
-6.3461681889763781
40
0.0590551181102362
0
LINE
8
BLACK
6
CONTINUOUS
10
5.9609606299212601
20
-6.46862905511811
11
6.0790708661417323
21
-6.5867392913385823
0
LINE
8
BLACK
6
CONTINUOUS
10
6.0790708661417323
20
-6.46862905511811
11
5.9609606299212601
21
-6.5867392913385823
0
CIRCLE
8
BLACK
10
6.0200157480314962
20
-6.5276841732283462
40
0.0590551181102362
0
LINE
8
BLACK
6
CONTINUOUS
10
5.9609606299212601
20
-7.3347707874015748
11
6.0790708661417323
21
-7.4528810236220471
0
LINE
8
BLACK
6
CONTINUOUS
10
6.0790708661417323
20
-7.3347707874015748
11
5.9609606299212601
21
-7.4528810236220471
0
CIRCLE
8
BLACK
10
6.0200157480314962
20
-7.393825905511811
40
0.0590551181102362
0
LINE
8
BLACK
6
CONTINUOUS
10
6.884070866141732
20
-7.9426054330708658
11
7.0021811023622043
21
-8.0607156692913389
0
LINE
8
BLACK
6
CONTINUOUS
10
7.0021811023622043
20
-7.9426054330708658
11
6.884070866141732
21
-8.0607156692913389
0
CIRCLE
8
BLACK
10
6.9431259842519681
20
-8.0016605511811019
40
0.0590551181102362
0
LINE
8
BLACK
6
CONTINUOUS
10
6.9813937007874012
20
-4.3666605511811021
11
7.0995039370078734
21
-4.4847707874015743
0
LINE
8
BLACK
6
CONTINUOUS
10
7.0995039370078734
20
-4.3666605511811021
11
6.9813937007874012
21
-4.4847707874015743
0
CIRCLE
8
BLACK
10
7.0404488188976373
20
-4.4257156692913382
40
0.0590551181102362
0
LINE
8
BLACK
6
CONTINUOUS
10
7.4195039370078737
20
-7.9426054330708658
11
7.5376141732283459
21
-8.0607156692913389
0
LINE
8
BLACK
6
CONTINUOUS
10
7.5376141732283459
20
-7.9426054330708658
11
7.4195039370078737
21
-8.0607156692913389
0
CIRCLE
8
BLACK
10
7.4785590551181098
20
-8.0016605511811019
40
0.0590551181102362
0
LINE
8
BLACK
6
CONTINUOUS
10
7.4610393700787396
20
-6.1516605511811022
11
7.5791496062992127
21
-6.2697707874015745
0
LINE
8
BLACK
6
CONTINUOUS
10
7.5791496062992127
20
-6.1516605511811022
11
7.4610393700787396
21
-6.2697707874015745
0
CIRCLE
8
BLACK
10
7.5200944881889766
20
-6.2107156692913383
40
0.0590551181102362
0
LINE
8
BLACK
6
CONTINUOUS
10
7.5168267716535428
20
-4.3666605511811021
11
7.634937007874016
21
-4.4847707874015743
0
LINE
8
BLACK
6
CONTINUOUS
10
7.634937007874016
20
-4.3666605511811021
11
7.5168267716535428
21
-4.4847707874015743
0
CIRCLE
8
BLACK
10
7.575881889763779
20
-4.4257156692913382
40
0.0590551181102362
0
LINE
8
BLACK
6
CONTINUOUS
10
8.1040708661417327
20
-4.3666605511811021
11
8.2221811023622049
21
-4.4847707874015743
0
LINE
8
BLACK
6
CONTINUOUS
10
8.2221811023622049
20
-4.3666605511811021
11
8.1040708661417327
21
-4.4847707874015743
0
CIRCLE
8
BLACK
10
8.1631259842519679
20
-4.4257156692913382
40
0.0590551181102362
0
LINE
8
BLACK
6
CONTINUOUS
10
8.4925354330708664
20
-6.1516605511811022
11
8.6106456692913387
21
-6.2697707874015745
0
LINE
8
BLACK
6
CONTINUOUS
10
8.6106456692913387
20
-6.1516605511811022
11
8.4925354330708664
21
-6.2697707874015745
0
CIRCLE
8
BLACK
10
8.5515905511811017
20
-6.2107156692913383
40
0.0590551181102362
0
LINE
8
BLACK
6
CONTINUOUS
10
8.6395039370078734
20
-4.3666605511811021
11
8.7576141732283457
21
-4.4847707874015743
0
LINE
8
BLACK
6
CONTINUOUS
10
8.7576141732283457
20
-4.3666605511811021
11
8.6395039370078734
21
-4.4847707874015743
0
CIRCLE
8
BLACK
10
8.6985590551181105
20
-4.4257156692913382
40
0.0590551181102362
0
LINE
8
BLACK
6
CONTINUOUS
10
8.6710393700787396
20
-6.1516605511811022
11
8.7891496062992118
21
-6.2697707874015745
0
LINE
8
BLACK
6
CONTINUOUS
10
8.7891496062992118
20
-6.1516605511811022
11
8.6710393700787396
21
-6.2697707874015745
0
CIRCLE
8
BLACK
10
8.7300944881889766
20
-6.2107156692913383
40
0.0590551181102362
0
LINE
8
BLACK
6
CONTINUOUS
10
8.8517480314960633
20
-7.9476054330708656
11
8.9698582677165355
21
-8.0657156692913379
0
LINE
8
BLACK
6
CONTINUOUS
10
8.9698582677165355
20
-7.9476054330708656
11
8.8517480314960633
21
-8.0657156692913379
0
CIRCLE
8
BLACK
10
8.9108031496062985
20
-8.0066605511811026
40
0.0590551181102362
0
LINE
8
BLACK
6
CONTINUOUS
10
9.387181102362204
20
-7.9476054330708656
11
9.5052913385826763
21
-8.0657156692913379
0
LINE
8
BLACK
6
CONTINUOUS
10
9.5052913385826763
20
-7.9476054330708656
11
9.387181102362204
21
-8.0657156692913379
0
CIRCLE
8
BLACK
10
9.446236220472441
20
-8.0066605511811026
40
0.0590551181102362
0
LINE
8
BLACK
6
CONTINUOUS
10
9.7025354330708655
20
-6.1516605511811022
11
9.8206456692913378
21
-6.2697707874015745
0
LINE
8
BLACK
6
CONTINUOUS
10
9.8206456692913378
20
-6.1516605511811022
11
9.7025354330708655
21
-6.2697707874015745
0
CIRCLE
8
BLACK
10
9.7615905511811025
20
-6.2107156692913383
40
0.0590551181102362
0
LINE
8
BLACK
6
CONTINUOUS
10
5.8247231496062994
20
-8.3461817322834637
11
5.8247231496062994
21
-8.2674415748031489
0
LINE
8
BLACK
6
CONTINUOUS
10
5.8247231496062994
20
-8.2674415748031489
11
5.843470787401575
21
-8.2674415748031489
0
LINE
8
BLACK
6
CONTINUOUS
10
5.843470787401575
20
-8.2674415748031489
11
5.8547194094488191
21
-8.271191102362204
0
LINE
8
BLACK
6
CONTINUOUS
10
5.8547194094488191
20
-8.271191102362204
11
5.8622184645669293
21
-8.2786901574803142
0
LINE
8
BLACK
6
CONTINUOUS
10
5.8622184645669293
20
-8.2786901574803142
11
5.8659679921259844
21
-8.2861892125984244
0
LINE
8
BLACK
6
CONTINUOUS
10
5.8659679921259844
20
-8.2861892125984244
11
5.8697175196850395
21
-8.3011873228346449
0
LINE
8
BLACK
6
CONTINUOUS
10
5.8697175196850395
20
-8.3011873228346449
11
5.8697175196850395
21
-8.312435944881889
0
LINE
8
BLACK
6
CONTINUOUS
10
5.8697175196850395
20
-8.312435944881889
11
5.8659679921259844
21
-8.3274340551181094
0
LINE
8
BLACK
6
CONTINUOUS
10
5.8659679921259844
20
-8.3274340551181094
11
5.8622184645669293
21
-8.3349331102362196
0
LINE
8
BLACK
6
CONTINUOUS
10
5.8622184645669293
20
-8.3349331102362196
11
5.8547194094488191
21
-8.3424322047244086
0
LINE
8
BLACK
6
CONTINUOUS
10
5.8547194094488191
20
-8.3424322047244086
11
5.843470787401575
21
-8.3461817322834637
0
LINE
8
BLACK
6
CONTINUOUS
10
5.843470787401575
20
-8.3461817322834637
11
5.8247231496062994
21
-8.3461817322834637
0
LINE
8
BLACK
6
CONTINUOUS
10
5.9034633070866143
20
-8.3461817322834637
11
5.9034633070866143
21
-8.2936882677165347
0
LINE
8
BLACK
6
CONTINUOUS
10
5.9034633070866143
20
-8.3086864173228339
11
5.9072128346456694
21
-8.3011873228346449
0
LINE
8
BLACK
6
CONTINUOUS
10
5.9072128346456694
20
-8.3011873228346449
11
5.9109623622047245
21
-8.2974377952755898
0
LINE
8
BLACK
6
CONTINUOUS
10
5.9109623622047245
20
-8.2974377952755898
11
5.9184614173228347
21
-8.2936882677165347
0
LINE
8
BLACK
6
CONTINUOUS
10
5.9184614173228347
20
-8.2936882677165347
11
5.9259605118110237
21
-8.2936882677165347
0
LINE
8
BLACK
6
CONTINUOUS
10
5.9522072047244095
20
-8.3461817322834637
11
5.9522072047244095
21
-8.2936882677165347
0
LINE
8
BLACK
6
CONTINUOUS
10
5.9522072047244095
20
-8.2674415748031489
11
5.9484576771653543
21
-8.271191102362204
0
LINE
8
BLACK
6
CONTINUOUS
10
5.9484576771653543
20
-8.271191102362204
11
5.9522072047244095
21
-8.2749406299212591
0
LINE
8
BLACK
6
CONTINUOUS
10
5.9522072047244095
20
-8.2749406299212591
11
5.9559567322834646
21
-8.271191102362204
0
LINE
8
BLACK
6
CONTINUOUS
10
5.9559567322834646
20
-8.271191102362204
11
5.9522072047244095
21
-8.2674415748031489
0
LINE
8
BLACK
6
CONTINUOUS
10
5.9522072047244095
20
-8.2674415748031489
11
5.9522072047244095
21
-8.2749406299212591
0
LINE
8
BLACK
6
CONTINUOUS
10
6.0009511023622046
20
-8.3461817322834637
11
5.9934520472440944
21
-8.3424322047244086
0
LINE
8
BLACK
6
CONTINUOUS
10
5.9934520472440944
20
-8.3424322047244086
11
5.9897025196850393
21
-8.3349331102362196
0
LINE
8
BLACK
6
CONTINUOUS
10
5.9897025196850393
20
-8.3349331102362196
11
5.9897025196850393
21
-8.2674415748031489
0
LINE
8
BLACK
6
CONTINUOUS
10
6.0421959448818896
20
-8.3461817322834637
11
6.0346968897637794
21
-8.3424322047244086
0
LINE
8
BLACK
6
CONTINUOUS
10
6.0346968897637794
20
-8.3424322047244086
11
6.0309473622047243
21
-8.3349331102362196
0
LINE
8
BLACK
6
CONTINUOUS
10
6.0309473622047243
20
-8.3349331102362196
11
6.0309473622047243
21
-8.2674415748031489
0
LINE
8
BLACK
6
CONTINUOUS
10
6.1321847244094485
20
-8.3461817322834637
11
6.1321847244094485
21
-8.2674415748031489
0
LINE
8
BLACK
6
CONTINUOUS
10
6.1321847244094485
20
-8.2674415748031489
11
6.158431456692913
21
-8.3236845275590543
0
LINE
8
BLACK
6
CONTINUOUS
10
6.158431456692913
20
-8.3236845275590543
11
6.1846781496062988
21
-8.2674415748031489
0
LINE
8
BLACK
6
CONTINUOUS
10
6.1846781496062988
20
-8.2674415748031489
11
6.1846781496062988
21
-8.3461817322834637
0
LINE
8
BLACK
6
CONTINUOUS
10
6.2559192519685034
20
-8.3461817322834637
11
6.2559192519685034
21
-8.3049368897637788
0
LINE
8
BLACK
6
CONTINUOUS
10
6.2559192519685034
20
-8.3049368897637788
11
6.2521697244094483
21
-8.2974377952755898
0
LINE
8
BLACK
6
CONTINUOUS
10
6.2521697244094483
20
-8.2974377952755898
11
6.2446706692913381
21
-8.2936882677165347
0
LINE
8
BLACK
6
CONTINUOUS
10
6.2446706692913381
20
-8.2936882677165347
11
6.2296725196850389
21
-8.2936882677165347
0
LINE
8
BLACK
6
CONTINUOUS
10
6.2296725196850389
20
-8.2936882677165347
11
6.2221734645669287
21
-8.2974377952755898
0
LINE
8
BLACK
6
CONTINUOUS
10
6.2559192519685034
20
-8.3424322047244086
11
6.2484201968503932
21
-8.3461817322834637
0
LINE
8
BLACK
6
CONTINUOUS
10
6.2484201968503932
20
-8.3461817322834637
11
6.2296725196850389
21
-8.3461817322834637
0
LINE
8
BLACK
6
CONTINUOUS
10
6.2296725196850389
20
-8.3461817322834637
11
6.2221734645669287
21
-8.3424322047244086
0
LINE
8
BLACK
6
CONTINUOUS
10
6.2221734645669287
20
-8.3424322047244086
11
6.2184239370078735
21
-8.3349331102362196
0
LINE
8
BLACK
6
CONTINUOUS
10
6.2184239370078735
20
-8.3349331102362196
11
6.2184239370078735
21
-8.3274340551181094
0
LINE
8
BLACK
6
CONTINUOUS
10
6.2184239370078735
20
-8.3274340551181094
11
6.2221734645669287
21
-8.3199349999999992
0
LINE
8
BLACK
6
CONTINUOUS
10
6.2221734645669287
20
-8.3199349999999992
11
6.2296725196850389
21
-8.3161854724409441
0
LINE
8
BLACK
6
CONTINUOUS
10
6.2296725196850389
20
-8.3161854724409441
11
6.2484201968503932
21
-8.3161854724409441
0
LINE
8
BLACK
6
CONTINUOUS
10
6.2484201968503932
20
-8.3161854724409441
11
6.2559192519685034
21
-8.312435944881889
0
LINE
8
BLACK
6
CONTINUOUS
10
6.2934145669291341
20
-8.2936882677165347
11
6.2934145669291341
21
-8.3724284251968495
0
LINE
8
BLACK
6
CONTINUOUS
10
6.2934145669291341
20
-8.2974377952755898
11
6.3009136220472444
21
-8.2936882677165347
0
LINE
8
BLACK
6
CONTINUOUS
10
6.3009136220472444
20
-8.2936882677165347
11
6.3159117716535436
21
-8.2936882677165347
0
LINE
8
BLACK
6
CONTINUOUS
10
6.3159117716535436
20
-8.2936882677165347
11
6.3234108267716538
21
-8.2974377952755898
0
LINE
8
BLACK
6
CONTINUOUS
10
6.3234108267716538
20
-8.2974377952755898
11
6.3271603543307089
21
-8.3011873228346449
0
LINE
8
BLACK
6
CONTINUOUS
10
6.3271603543307089
20
-8.3011873228346449
11
6.330909881889764
21
-8.3086864173228339
0
LINE
8
BLACK
6
CONTINUOUS
10
6.330909881889764
20
-8.3086864173228339
11
6.330909881889764
21
-8.3311835826771645
0
LINE
8
BLACK
6
CONTINUOUS
10
6.330909881889764
20
-8.3311835826771645
11
6.3271603543307089
21
-8.3386826377952747
0
LINE
8
BLACK
6
CONTINUOUS
10
6.3271603543307089
20
-8.3386826377952747
11
6.3234108267716538
21
-8.3424322047244086
0
LINE
8
BLACK
6
CONTINUOUS
10
6.3234108267716538
20
-8.3424322047244086
11
6.3159117716535436
21
-8.3461817322834637
0
LINE
8
BLACK
6
CONTINUOUS
10
6.3159117716535436
20
-8.3461817322834637
11
6.3009136220472444
21
-8.3461817322834637
0
LINE
8
BLACK
6
CONTINUOUS
10
6.3009136220472444
20
-8.3461817322834637
11
6.2934145669291341
21
-8.3424322047244086
0
LINE
8
BLACK
6
CONTINUOUS
10
6.3646556692913387
20
-8.3386826377952747
11
6.3684051968503939
21
-8.3424322047244086
0
LINE
8
BLACK
6
CONTINUOUS
10
6.3684051968503939
20
-8.3424322047244086
11
6.3646556692913387
21
-8.3461817322834637
0
LINE
8
BLACK
6
CONTINUOUS
10
6.3646556692913387
20
-8.3461817322834637
11
6.3609061417322836
21
-8.3424322047244086
0
LINE
8
BLACK
6
CONTINUOUS
10
6.3609061417322836
20
-8.3424322047244086
11
6.3646556692913387
21
-8.3386826377952747
0
LINE
8
BLACK
6
CONTINUOUS
10
6.3646556692913387
20
-8.3386826377952747
11
6.3646556692913387
21
-8.3461817322834637
0
LINE
8
BLACK
6
CONTINUOUS
10
6.3646556692913387
20
-8.2974377952755898
11
6.3684051968503939
21
-8.3011873228346449
0
LINE
8
BLACK
6
CONTINUOUS
10
6.3684051968503939
20
-8.3011873228346449
11
6.3646556692913387
21
-8.3049368897637788
0
LINE
8
BLACK
6
CONTINUOUS
10
6.3646556692913387
20
-8.3049368897637788
11
6.3609061417322836
21
-8.3011873228346449
0
LINE
8
BLACK
6
CONTINUOUS
10
6.3609061417322836
20
-8.3011873228346449
11
6.3646556692913387
21
-8.2974377952755898
0
LINE
8
BLACK
6
CONTINUOUS
10
6.3646556692913387
20
-8.2974377952755898
11
6.3646556692913387
21
-8.3049368897637788
0
LINE
8
BLACK
6
CONTINUOUS
10
5.7141811023622049
20
-8.4715818110236221
11
5.7220551181102364
21
-8.4794558267716535
0
LINE
8
BLACK
6
CONTINUOUS
10
5.7220551181102364
20
-8.4715818110236221
11
5.7141811023622049
21
-8.4794558267716535
0
LINE
8
BLACK
6
CONTINUOUS
10
5.8397212598425199
20
-8.43279590551181
11
5.8472203543307089
21
-8.43279590551181
0
LINE
8
BLACK
6
CONTINUOUS
10
5.8472203543307089
20
-8.43279590551181
11
5.8547194094488191
21
-8.4365454330708651
0
LINE
8
BLACK
6
CONTINUOUS
10
5.8547194094488191
20
-8.4365454330708651
11
5.8584689370078742
21
-8.4402949606299202
0
LINE
8
BLACK
6
CONTINUOUS
10
5.8584689370078742
20
-8.4402949606299202
11
5.8622184645669293
21
-8.4477940157480305
0
LINE
8
BLACK
6
CONTINUOUS
10
5.8622184645669293
20
-8.4477940157480305
11
5.8659679921259844
21
-8.4627921259842509
0
LINE
8
BLACK
6
CONTINUOUS
10
5.8659679921259844
20
-8.4627921259842509
11
5.8659679921259844
21
-8.481539803149607
0
LINE
8
BLACK
6
CONTINUOUS
10
5.8659679921259844
20
-8.481539803149607
11
5.8622184645669293
21
-8.4965379133858274
0
LINE
8
BLACK
6
CONTINUOUS
10
5.8622184645669293
20
-8.4965379133858274
11
5.8584689370078742
21
-8.5040369685039376
0
LINE
8
BLACK
6
CONTINUOUS
10
5.8584689370078742
20
-8.5040369685039376
11
5.8547194094488191
21
-8.5077865354330715
0
LINE
8
BLACK
6
CONTINUOUS
10
5.8547194094488191
20
-8.5077865354330715
11
5.8472203543307089
21
-8.5115360629921266
0
LINE
8
BLACK
6
CONTINUOUS
10
5.8472203543307089
20
-8.5115360629921266
11
5.8397212598425199
21
-8.5115360629921266
0
LINE
8
BLACK
6
CONTINUOUS
10
5.8397212598425199
20
-8.5115360629921266
11
5.8322222047244097
21
-8.5077865354330715
0
LINE
8
BLACK
6
CONTINUOUS
10
5.8322222047244097
20
-8.5077865354330715
11
5.8284726771653546
21
-8.5040369685039376
0
LINE
8
BLACK
6
CONTINUOUS
10
5.8284726771653546
20
-8.5040369685039376
11
5.8247231496062994
21
-8.4965379133858274
0
LINE
8
BLACK
6
CONTINUOUS
10
5.8247231496062994
20
-8.4965379133858274
11
5.8209736220472443
21
-8.481539803149607
0
LINE
8
BLACK
6
CONTINUOUS
10
5.8209736220472443
20
-8.481539803149607
11
5.8209736220472443
21
-8.4627921259842509
0
LINE
8
BLACK
6
CONTINUOUS
10
5.8209736220472443
20
-8.4627921259842509
11
5.8247231496062994
21
-8.4477940157480305
0
LINE
8
BLACK
6
CONTINUOUS
10
5.8247231496062994
20
-8.4477940157480305
11
5.8284726771653546
21
-8.4402949606299202
0
LINE
8
BLACK
6
CONTINUOUS
10
5.8284726771653546
20
-8.4402949606299202
11
5.8322222047244097
21
-8.4365454330708651
0
LINE
8
BLACK
6
CONTINUOUS
10
5.8322222047244097
20
-8.4365454330708651
11
5.8397212598425199
21
-8.43279590551181
0
LINE
8
BLACK
6
CONTINUOUS
10
5.8997137795275592
20
-8.5040369685039376
11
5.9034633070866143
21
-8.5077865354330715
0
LINE
8
BLACK
6
CONTINUOUS
10
5.9034633070866143
20
-8.5077865354330715
11
5.8997137795275592
21
-8.5115360629921266
0
LINE
8
BLACK
6
CONTINUOUS
10
5.8997137795275592
20
-8.5115360629921266
11
5.895964251968504
21
-8.5077865354330715
0
LINE
8
BLACK
6
CONTINUOUS
10
5.895964251968504
20
-8.5077865354330715
11
5.8997137795275592
21
-8.5040369685039376
0
LINE
8
BLACK
6
CONTINUOUS
10
5.8997137795275592
20
-8.5040369685039376
11
5.8997137795275592
21
-8.5115360629921266
0
LINE
8
BLACK
6
CONTINUOUS
10
5.9334595669291339
20
-8.4402949606299202
11
5.937209094488189
21
-8.4365454330708651
0
LINE
8
BLACK
6
CONTINUOUS
10
5.937209094488189
20
-8.4365454330708651
11
5.9447081496062992
21
-8.43279590551181
0
LINE
8
BLACK
6
CONTINUOUS
10
5.9447081496062992
20
-8.43279590551181
11
5.9634558267716535
21
-8.43279590551181
0
LINE
8
BLACK
6
CONTINUOUS
10
5.9634558267716535
20
-8.43279590551181
11
5.9709548818897638
21
-8.4365454330708651
0
LINE
8
BLACK
6
CONTINUOUS
10
5.9709548818897638
20
-8.4365454330708651
11
5.9747044094488189
21
-8.4402949606299202
0
LINE
8
BLACK
6
CONTINUOUS
10
5.9747044094488189
20
-8.4402949606299202
11
5.978453937007874
21
-8.4477940157480305
0
LINE
8
BLACK
6
CONTINUOUS
10
5.978453937007874
20
-8.4477940157480305
11
5.978453937007874
21
-8.4552930708661407
0
LINE
8
BLACK
6
CONTINUOUS
10
5.978453937007874
20
-8.4552930708661407
11
5.9747044094488189
21
-8.466541653543306
0
LINE
8
BLACK
6
CONTINUOUS
10
5.9747044094488189
20
-8.466541653543306
11
5.9297100393700788
21
-8.5115360629921266
0
LINE
8
BLACK
6
CONTINUOUS
10
5.9297100393700788
20
-8.5115360629921266
11
5.978453937007874
21
-8.5115360629921266
0
LINE
8
BLACK
6
CONTINUOUS
10
6.0271978346456692
20
-8.43279590551181
11
6.0346969291338581
21
-8.43279590551181
0
LINE
8
BLACK
6
CONTINUOUS
10
6.0346969291338581
20
-8.43279590551181
11
6.0421959842519684
21
-8.4365454330708651
0
LINE
8
BLACK
6
CONTINUOUS
10
6.0421959842519684
20
-8.4365454330708651
11
6.0459455118110235
21
-8.4402949606299202
0
LINE
8
BLACK
6
CONTINUOUS
10
6.0459455118110235
20
-8.4402949606299202
11
6.0496950393700786
21
-8.4477940157480305
0
LINE
8
BLACK
6
CONTINUOUS
10
6.0496950393700786
20
-8.4477940157480305
11
6.0534445669291337
21
-8.4627921259842509
0
LINE
8
BLACK
6
CONTINUOUS
10
6.0534445669291337
20
-8.4627921259842509
11
6.0534445669291337
21
-8.481539803149607
0
LINE
8
BLACK
6
CONTINUOUS
10
6.0534445669291337
20
-8.481539803149607
11
6.0496950393700786
21
-8.4965379133858274
0
LINE
8
BLACK
6
CONTINUOUS
10
6.0496950393700786
20
-8.4965379133858274
11
6.0459455118110235
21
-8.5040369685039376
0
LINE
8
BLACK
6
CONTINUOUS
10
6.0459455118110235
20
-8.5040369685039376
11
6.0421959842519684
21
-8.5077865354330715
0
LINE
8
BLACK
6
CONTINUOUS
10
6.0421959842519684
20
-8.5077865354330715
11
6.0346969291338581
21
-8.5115360629921266
0
LINE
8
BLACK
6
CONTINUOUS
10
6.0346969291338581
20
-8.5115360629921266
11
6.0271978346456692
21
-8.5115360629921266
0
LINE
8
BLACK
6
CONTINUOUS
10
6.0271978346456692
20
-8.5115360629921266
11
6.0196987795275589
21
-8.5077865354330715
0
LINE
8
BLACK
6
CONTINUOUS
10
6.0196987795275589
20
-8.5077865354330715
11
6.0159492519685038
21
-8.5040369685039376
0
LINE
8
BLACK
6
CONTINUOUS
10
6.0159492519685038
20
-8.5040369685039376
11
6.0121997244094487
21
-8.4965379133858274
0
LINE
8
BLACK
6
CONTINUOUS
10
6.0121997244094487
20
-8.4965379133858274
11
6.0084501968503936
21
-8.481539803149607
0
LINE
8
BLACK
6
CONTINUOUS
10
6.0084501968503936
20
-8.481539803149607
11
6.0084501968503936
21
-8.4627921259842509
0
LINE
8
BLACK
6
CONTINUOUS
10
6.0084501968503936
20
-8.4627921259842509
11
6.0121997244094487
21
-8.4477940157480305
0
LINE
8
BLACK
6
CONTINUOUS
10
6.0121997244094487
20
-8.4477940157480305
11
6.0159492519685038
21
-8.4402949606299202
0
LINE
8
BLACK
6
CONTINUOUS
10
6.0159492519685038
20
-8.4402949606299202
11
6.0196987795275589
21
-8.4365454330708651
0
LINE
8
BLACK
6
CONTINUOUS
10
6.0196987795275589
20
-8.4365454330708651
11
6.0271978346456692
21
-8.43279590551181
0
LINE
8
BLACK
6
CONTINUOUS
10
6.1021884645669289
20
-8.43279590551181
11
6.1096875590551178
21
-8.43279590551181
0
LINE
8
BLACK
6
CONTINUOUS
10
6.1096875590551178
20
-8.43279590551181
11
6.1171866141732281
21
-8.4365454330708651
0
LINE
8
BLACK
6
CONTINUOUS
10
6.1171866141732281
20
-8.4365454330708651
11
6.1209361417322832
21
-8.4402949606299202
0
LINE
8
BLACK
6
CONTINUOUS
10
6.1209361417322832
20
-8.4402949606299202
11
6.1246856692913383
21
-8.4477940157480305
0
LINE
8
BLACK
6
CONTINUOUS
10
6.1246856692913383
20
-8.4477940157480305
11
6.1284351968503934
21
-8.4627921259842509
0
LINE
8
BLACK
6
CONTINUOUS
10
6.1284351968503934
20
-8.4627921259842509
11
6.1284351968503934
21
-8.481539803149607
0
LINE
8
BLACK
6
CONTINUOUS
10
6.1284351968503934
20
-8.481539803149607
11
6.1246856692913383
21
-8.4965379133858274
0
LINE
8
BLACK
6
CONTINUOUS
10
6.1246856692913383
20
-8.4965379133858274
11
6.1209361417322832
21
-8.5040369685039376
0
LINE
8
BLACK
6
CONTINUOUS
10
6.1209361417322832
20
-8.5040369685039376
11
6.1171866141732281
21
-8.5077865354330715
0
LINE
8
BLACK
6
CONTINUOUS
10
6.1171866141732281
20
-8.5077865354330715
11
6.1096875590551178
21
-8.5115360629921266
0
LINE
8
BLACK
6
CONTINUOUS
10
6.1096875590551178
20
-8.5115360629921266
11
6.1021884645669289
21
-8.5115360629921266
0
LINE
8
BLACK
6
CONTINUOUS
10
6.1021884645669289
20
-8.5115360629921266
11
6.0946894094488187
21
-8.5077865354330715
0
LINE
8
BLACK
6
CONTINUOUS
10
6.0946894094488187
20
-8.5077865354330715
11
6.0909398818897635
21
-8.5040369685039376
0
LINE
8
BLACK
6
CONTINUOUS
10
6.0909398818897635
20
-8.5040369685039376
11
6.0871903543307084
21
-8.4965379133858274
0
LINE
8
BLACK
6
CONTINUOUS
10
6.0871903543307084
20
-8.4965379133858274
11
6.0834408267716533
21
-8.481539803149607
0
LINE
8
BLACK
6
CONTINUOUS
10
6.0834408267716533
20
-8.481539803149607
11
6.0834408267716533
21
-8.4627921259842509
0
LINE
8
BLACK
6
CONTINUOUS
10
6.0834408267716533
20
-8.4627921259842509
11
6.0871903543307084
21
-8.4477940157480305
0
LINE
8
BLACK
6
CONTINUOUS
10
6.0871903543307084
20
-8.4477940157480305
11
6.0909398818897635
21
-8.4402949606299202
0
LINE
8
BLACK
6
CONTINUOUS
10
6.0909398818897635
20
-8.4402949606299202
11
6.0946894094488187
21
-8.4365454330708651
0
LINE
8
BLACK
6
CONTINUOUS
10
6.0946894094488187
20
-8.4365454330708651
11
6.1021884645669289
21
-8.43279590551181
0
LINE
8
BLACK
6
CONTINUOUS
10
6.1621809842519681
20
-8.5115360629921266
11
6.1621809842519681
21
-8.4590425984251958
0
LINE
8
BLACK
6
CONTINUOUS
10
6.1621809842519681
20
-8.466541653543306
11
6.1659305118110233
21
-8.4627921259842509
0
LINE
8
BLACK
6
CONTINUOUS
10
6.1659305118110233
20
-8.4627921259842509
11
6.1734295669291335
21
-8.4590425984251958
0
LINE
8
BLACK
6
CONTINUOUS
10
6.1734295669291335
20
-8.4590425984251958
11
6.1846781889763776
21
-8.4590425984251958
0
LINE
8
BLACK
6
CONTINUOUS
10
6.1846781889763776
20
-8.4590425984251958
11
6.1921772440944878
21
-8.4627921259842509
0
LINE
8
BLACK
6
CONTINUOUS
10
6.1921772440944878
20
-8.4627921259842509
11
6.1959267716535429
21
-8.4702912204724399
0
LINE
8
BLACK
6
CONTINUOUS
10
6.1959267716535429
20
-8.4702912204724399
11
6.1959267716535429
21
-8.5115360629921266
0
LINE
8
BLACK
6
CONTINUOUS
10
6.1959267716535429
20
-8.4702912204724399
11
6.199676299212598
21
-8.4627921259842509
0
LINE
8
BLACK
6
CONTINUOUS
10
6.199676299212598
20
-8.4627921259842509
11
6.2071753543307082
21
-8.4590425984251958
0
LINE
8
BLACK
6
CONTINUOUS
10
6.2071753543307082
20
-8.4590425984251958
11
6.2184239370078735
21
-8.4590425984251958
0
LINE
8
BLACK
6
CONTINUOUS
10
6.2184239370078735
20
-8.4590425984251958
11
6.2259230314960625
21
-8.4627921259842509
0
LINE
8
BLACK
6
CONTINUOUS
10
6.2259230314960625
20
-8.4627921259842509
11
6.2296725590551176
21
-8.4702912204724399
0
LINE
8
BLACK
6
CONTINUOUS
10
6.2296725590551176
20
-8.4702912204724399
11
6.2296725590551176
21
-8.5115360629921266
0
LINE
8
BLACK
6
CONTINUOUS
10
6.2671678740157475
20
-8.5115360629921266
11
6.2671678740157475
21
-8.4590425984251958
0
LINE
8
BLACK
6
CONTINUOUS
10
6.2671678740157475
20
-8.466541653543306
11
6.2709174015748026
21
-8.4627921259842509
0
LINE
8
BLACK
6
CONTINUOUS
10
6.2709174015748026
20
-8.4627921259842509
11
6.2784164566929128
21
-8.4590425984251958
0
LINE
8
BLACK
6
CONTINUOUS
10
6.2784164566929128
20
-8.4590425984251958
11
6.2896650787401569
21
-8.4590425984251958
0
LINE
8
BLACK
6
CONTINUOUS
10
6.2896650787401569
20
-8.4590425984251958
11
6.297164133858268
21
-8.4627921259842509
0
LINE
8
BLACK
6
CONTINUOUS
10
6.297164133858268
20
-8.4627921259842509
11
6.3009136614173231
21
-8.4702912204724399
0
LINE
8
BLACK
6
CONTINUOUS
10
6.3009136614173231
20
-8.4702912204724399
11
6.3009136614173231
21
-8.5115360629921266
0
LINE
8
BLACK
6
CONTINUOUS
10
6.3009136614173231
20
-8.4702912204724399
11
6.3046631889763782
21
-8.4627921259842509
0
LINE
8
BLACK
6
CONTINUOUS
10
6.3046631889763782
20
-8.4627921259842509
11
6.3121622440944885
21
-8.4590425984251958
0
LINE
8
BLACK
6
CONTINUOUS
10
6.3121622440944885
20
-8.4590425984251958
11
6.3234108267716538
21
-8.4590425984251958
0
LINE
8
BLACK
6
CONTINUOUS
10
6.3234108267716538
20
-8.4590425984251958
11
6.3309099212598428
21
-8.4627921259842509
0
LINE
8
BLACK
6
CONTINUOUS
10
6.3309099212598428
20
-8.4627921259842509
11
6.3346594488188979
21
-8.4702912204724399
0
LINE
8
BLACK
6
CONTINUOUS
10
6.3346594488188979
20
-8.4702912204724399
11
6.3346594488188979
21
-8.5115360629921266
0
LINE
8
BLACK
6
CONTINUOUS
10
6.4883902362204724
20
-8.4290463779527549
11
6.4208987007874017
21
-8.5302837007874022
0
LINE
8
BLACK
6
CONTINUOUS
10
6.5896275984251966
20
-8.43279590551181
11
6.5971266929133856
21
-8.43279590551181
0
LINE
8
BLACK
6
CONTINUOUS
10
6.5971266929133856
20
-8.43279590551181
11
6.6046257480314958
21
-8.4365454330708651
0
LINE
8
BLACK
6
CONTINUOUS
10
6.6046257480314958
20
-8.4365454330708651
11
6.6083752755905509
21
-8.4402949606299202
0
LINE
8
BLACK
6
CONTINUOUS
10
6.6083752755905509
20
-8.4402949606299202
11
6.612124803149606
21
-8.4477940157480305
0
LINE
8
BLACK
6
CONTINUOUS
10
6.612124803149606
20
-8.4477940157480305
11
6.6158743307086612
21
-8.4627921259842509
0
LINE
8
BLACK
6
CONTINUOUS
10
6.6158743307086612
20
-8.4627921259842509
11
6.6158743307086612
21
-8.481539803149607
0
LINE
8
BLACK
6
CONTINUOUS
10
6.6158743307086612
20
-8.481539803149607
11
6.612124803149606
21
-8.4965379133858274
0
LINE
8
BLACK
6
CONTINUOUS
10
6.612124803149606
20
-8.4965379133858274
11
6.6083752755905509
21
-8.5040369685039376
0
LINE
8
BLACK
6
CONTINUOUS
10
6.6083752755905509
20
-8.5040369685039376
11
6.6046257480314958
21
-8.5077865354330715
0
LINE
8
BLACK
6
CONTINUOUS
10
6.6046257480314958
20
-8.5077865354330715
11
6.5971266929133856
21
-8.5115360629921266
0
LINE
8
BLACK
6
CONTINUOUS
10
6.5971266929133856
20
-8.5115360629921266
11
6.5896275984251966
21
-8.5115360629921266
0
LINE
8
BLACK
6
CONTINUOUS
10
6.5896275984251966
20
-8.5115360629921266
11
6.5821285433070864
21
-8.5077865354330715
0
LINE
8
BLACK
6
CONTINUOUS
10
6.5821285433070864
20
-8.5077865354330715
11
6.5783790157480313
21
-8.5040369685039376
0
LINE
8
BLACK
6
CONTINUOUS
10
6.5783790157480313
20
-8.5040369685039376
11
6.5746294881889762
21
-8.4965379133858274
0
LINE
8
BLACK
6
CONTINUOUS
10
6.5746294881889762
20
-8.4965379133858274
11
6.5708799606299211
21
-8.481539803149607
0
LINE
8
BLACK
6
CONTINUOUS
10
6.5708799606299211
20
-8.481539803149607
11
6.5708799606299211
21
-8.4627921259842509
0
LINE
8
BLACK
6
CONTINUOUS
10
6.5708799606299211
20
-8.4627921259842509
11
6.5746294881889762
21
-8.4477940157480305
0
LINE
8
BLACK
6
CONTINUOUS
10
6.5746294881889762
20
-8.4477940157480305
11
6.5783790157480313
21
-8.4402949606299202
0
LINE
8
BLACK
6
CONTINUOUS
10
6.5783790157480313
20
-8.4402949606299202
11
6.5821285433070864
21
-8.4365454330708651
0
LINE
8
BLACK
6
CONTINUOUS
10
6.5821285433070864
20
-8.4365454330708651
11
6.5896275984251966
21
-8.43279590551181
0
LINE
8
BLACK
6
CONTINUOUS
10
6.6496201181102359
20
-8.5040369685039376
11
6.653369645669291
21
-8.5077865354330715
0
LINE
8
BLACK
6
CONTINUOUS
10
6.653369645669291
20
-8.5077865354330715
11
6.6496201181102359
21
-8.5115360629921266
0
LINE
8
BLACK
6
CONTINUOUS
10
6.6496201181102359
20
-8.5115360629921266
11
6.6458705905511808
21
-8.5077865354330715
0
LINE
8
BLACK
6
CONTINUOUS
10
6.6458705905511808
20
-8.5077865354330715
11
6.6496201181102359
21
-8.5040369685039376
0
LINE
8
BLACK
6
CONTINUOUS
10
6.6496201181102359
20
-8.5040369685039376
11
6.6496201181102359
21
-8.5115360629921266
0
LINE
8
BLACK
6
CONTINUOUS
10
6.7021135433070862
20
-8.43279590551181
11
6.7096126377952752
21
-8.43279590551181
0
LINE
8
BLACK
6
CONTINUOUS
10
6.7096126377952752
20
-8.43279590551181
11
6.7171116929133854
21
-8.4365454330708651
0
LINE
8
BLACK
6
CONTINUOUS
10
6.7171116929133854
20
-8.4365454330708651
11
6.7208612204724405
21
-8.4402949606299202
0
LINE
8
BLACK
6
CONTINUOUS
10
6.7208612204724405
20
-8.4402949606299202
11
6.7246107480314956
21
-8.4477940157480305
0
LINE
8
BLACK
6
CONTINUOUS
10
6.7246107480314956
20
-8.4477940157480305
11
6.7283602755905507
21
-8.4627921259842509
0
LINE
8
BLACK
6
CONTINUOUS
10
6.7283602755905507
20
-8.4627921259842509
11
6.7283602755905507
21
-8.481539803149607
0
LINE
8
BLACK
6
CONTINUOUS
10
6.7283602755905507
20
-8.481539803149607
11
6.7246107480314956
21
-8.4965379133858274
0
LINE
8
BLACK
6
CONTINUOUS
10
6.7246107480314956
20
-8.4965379133858274
11
6.7208612204724405
21
-8.5040369685039376
0
LINE
8
BLACK
6
CONTINUOUS
10
6.7208612204724405
20
-8.5040369685039376
11
6.7171116929133854
21
-8.5077865354330715
0
LINE
8
BLACK
6
CONTINUOUS
10
6.7171116929133854
20
-8.5077865354330715
11
6.7096126377952752
21
-8.5115360629921266
0
LINE
8
BLACK
6
CONTINUOUS
10
6.7096126377952752
20
-8.5115360629921266
11
6.7021135433070862
21
-8.5115360629921266
0
LINE
8
BLACK
6
CONTINUOUS
10
6.7021135433070862
20
-8.5115360629921266
11
6.694614488188976
21
-8.5077865354330715
0
LINE
8
BLACK
6
CONTINUOUS
10
6.694614488188976
20
-8.5077865354330715
11
6.6908649606299209
21
-8.5040369685039376
0
LINE
8
BLACK
6
CONTINUOUS
10
6.6908649606299209
20
-8.5040369685039376
11
6.6871154330708658
21
-8.4965379133858274
0
LINE
8
BLACK
6
CONTINUOUS
10
6.6871154330708658
20
-8.4965379133858274
11
6.6833659055118106
21
-8.481539803149607
0
LINE
8
BLACK
6
CONTINUOUS
10
6.6833659055118106
20
-8.481539803149607
11
6.6833659055118106
21
-8.4627921259842509
0
LINE
8
BLACK
6
CONTINUOUS
10
6.6833659055118106
20
-8.4627921259842509
11
6.6871154330708658
21
-8.4477940157480305
0
LINE
8
BLACK
6
CONTINUOUS
10
6.6871154330708658
20
-8.4477940157480305
11
6.6908649606299209
21
-8.4402949606299202
0
LINE
8
BLACK
6
CONTINUOUS
10
6.6908649606299209
20
-8.4402949606299202
11
6.694614488188976
21
-8.4365454330708651
0
LINE
8
BLACK
6
CONTINUOUS
10
6.694614488188976
20
-8.4365454330708651
11
6.7021135433070862
21
-8.43279590551181
0
LINE
8
BLACK
6
CONTINUOUS
10
6.7771041732283459
20
-8.43279590551181
11
6.7846032677165349
21
-8.43279590551181
0
LINE
8
BLACK
6
CONTINUOUS
10
6.7846032677165349
20
-8.43279590551181
11
6.7921023228346451
21
-8.4365454330708651
0
LINE
8
BLACK
6
CONTINUOUS
10
6.7921023228346451
20
-8.4365454330708651
11
6.7958518503937002
21
-8.4402949606299202
0
LINE
8
BLACK
6
CONTINUOUS
10
6.7958518503937002
20
-8.4402949606299202
11
6.7996013779527553
21
-8.4477940157480305
0
LINE
8
BLACK
6
CONTINUOUS
10
6.7996013779527553
20
-8.4477940157480305
11
6.8033509055118104
21
-8.4627921259842509
0
LINE
8
BLACK
6
CONTINUOUS
10
6.8033509055118104
20
-8.4627921259842509
11
6.8033509055118104
21
-8.481539803149607
0
LINE
8
BLACK
6
CONTINUOUS
10
6.8033509055118104
20
-8.481539803149607
11
6.7996013779527553
21
-8.4965379133858274
0
LINE
8
BLACK
6
CONTINUOUS
10
6.7996013779527553
20
-8.4965379133858274
11
6.7958518503937002
21
-8.5040369685039376
0
LINE
8
BLACK
6
CONTINUOUS
10
6.7958518503937002
20
-8.5040369685039376
11
6.7921023228346451
21
-8.5077865354330715
0
LINE
8
BLACK
6
CONTINUOUS
10
6.7921023228346451
20
-8.5077865354330715
11
6.7846032677165349
21
-8.5115360629921266
0
LINE
8
BLACK
6
CONTINUOUS
10
6.7846032677165349
20
-8.5115360629921266
11
6.7771041732283459
21
-8.5115360629921266
0
LINE
8
BLACK
6
CONTINUOUS
10
6.7771041732283459
20
-8.5115360629921266
11
6.7696051181102357
21
-8.5077865354330715
0
LINE
8
BLACK
6
CONTINUOUS
10
6.7696051181102357
20
-8.5077865354330715
11
6.7658555905511806
21
-8.5040369685039376
0
LINE
8
BLACK
6
CONTINUOUS
10
6.7658555905511806
20
-8.5040369685039376
11
6.7621060629921255
21
-8.4965379133858274
0
LINE
8
BLACK
6
CONTINUOUS
10
6.7621060629921255
20
-8.4965379133858274
11
6.7583565354330704
21
-8.481539803149607
0
LINE
8
BLACK
6
CONTINUOUS
10
6.7583565354330704
20
-8.481539803149607
11
6.7583565354330704
21
-8.4627921259842509
0
LINE
8
BLACK
6
CONTINUOUS
10
6.7583565354330704
20
-8.4627921259842509
11
6.7621060629921255
21
-8.4477940157480305
0
LINE
8
BLACK
6
CONTINUOUS
10
6.7621060629921255
20
-8.4477940157480305
11
6.7658555905511806
21
-8.4402949606299202
0
LINE
8
BLACK
6
CONTINUOUS
10
6.7658555905511806
20
-8.4402949606299202
11
6.7696051181102357
21
-8.4365454330708651
0
LINE
8
BLACK
6
CONTINUOUS
10
6.7696051181102357
20
-8.4365454330708651
11
6.7771041732283459
21
-8.43279590551181
0
LINE
8
BLACK
6
CONTINUOUS
10
6.8295976377952758
20
-8.43279590551181
11
6.8820910629921261
21
-8.43279590551181
0
LINE
8
BLACK
6
CONTINUOUS
10
6.8820910629921261
20
-8.43279590551181
11
6.8483452755905514
21
-8.5115360629921266
0
LINE
8
BLACK
6
CONTINUOUS
10
6.9158368503937009
20
-8.5115360629921266
11
6.9308349606299213
21
-8.5115360629921266
0
LINE
8
BLACK
6
CONTINUOUS
10
6.9308349606299213
20
-8.5115360629921266
11
6.9383340551181103
21
-8.5077865354330715
0
LINE
8
BLACK
6
CONTINUOUS
10
6.9383340551181103
20
-8.5077865354330715
11
6.9420835826771654
21
-8.5040369685039376
0
LINE
8
BLACK
6
CONTINUOUS
10
6.9420835826771654
20
-8.5040369685039376
11
6.9495826377952756
21
-8.4927883858267723
0
LINE
8
BLACK
6
CONTINUOUS
10
6.9495826377952756
20
-8.4927883858267723
11
6.9533321653543307
21
-8.4777902755905519
0
LINE
8
BLACK
6
CONTINUOUS
10
6.9533321653543307
20
-8.4777902755905519
11
6.9533321653543307
21
-8.4477940157480305
0
LINE
8
BLACK
6
CONTINUOUS
10
6.9533321653543307
20
-8.4477940157480305
11
6.9495826377952756
21
-8.4402949606299202
0
LINE
8
BLACK
6
CONTINUOUS
10
6.9495826377952756
20
-8.4402949606299202
11
6.9458331102362205
21
-8.4365454330708651
0
LINE
8
BLACK
6
CONTINUOUS
10
6.9458331102362205
20
-8.4365454330708651
11
6.9383340551181103
21
-8.43279590551181
0
LINE
8
BLACK
6
CONTINUOUS
10
6.9383340551181103
20
-8.43279590551181
11
6.9233359055118111
21
-8.43279590551181
0
LINE
8
BLACK
6
CONTINUOUS
10
6.9233359055118111
20
-8.43279590551181
11
6.9158368503937009
21
-8.4365454330708651
0
LINE
8
BLACK
6
CONTINUOUS
10
6.9158368503937009
20
-8.4365454330708651
11
6.9120873228346458
21
-8.4402949606299202
0
LINE
8
BLACK
6
CONTINUOUS
10
6.9120873228346458
20
-8.4402949606299202
11
6.9083377952755907
21
-8.4477940157480305
0
LINE
8
BLACK
6
CONTINUOUS
10
6.9083377952755907
20
-8.4477940157480305
11
6.9083377952755907
21
-8.466541653543306
0
LINE
8
BLACK
6
CONTINUOUS
10
6.9083377952755907
20
-8.466541653543306
11
6.9120873228346458
21
-8.474040748031495
0
LINE
8
BLACK
6
CONTINUOUS
10
6.9120873228346458
20
-8.474040748031495
11
6.9158368503937009
21
-8.4777902755905519
0
LINE
8
BLACK
6
CONTINUOUS
10
6.9158368503937009
20
-8.4777902755905519
11
6.9233359055118111
21
-8.481539803149607
0
LINE
8
BLACK
6
CONTINUOUS
10
6.9233359055118111
20
-8.481539803149607
11
6.9383340551181103
21
-8.481539803149607
0
LINE
8
BLACK
6
CONTINUOUS
10
6.9383340551181103
20
-8.481539803149607
11
6.9458331102362205
21
-8.4777902755905519
0
LINE
8
BLACK
6
CONTINUOUS
10
6.9458331102362205
20
-8.4777902755905519
11
6.9495826377952756
21
-8.474040748031495
0
LINE
8
BLACK
6
CONTINUOUS
10
6.9495826377952756
20
-8.474040748031495
11
6.9533321653543307
21
-8.466541653543306
0
LINE
8
BLACK
6
CONTINUOUS
10
6.9833284251968504
20
-8.43279590551181
11
6.9833284251968504
21
-8.4477940157480305
0
LINE
8
BLACK
6
CONTINUOUS
10
7.01332468503937
20
-8.43279590551181
11
7.01332468503937
21
-8.4477940157480305
0
LINE
8
BLACK
6
CONTINUOUS
10
7.1295601968503934
20
-8.5415322834645675
11
7.1258106299212596
21
-8.5377827559055124
0
LINE
8
BLACK
6
CONTINUOUS
10
7.1258106299212596
20
-8.5377827559055124
11
7.1183115748031494
21
-8.5265341732283471
0
LINE
8
BLACK
6
CONTINUOUS
10
7.1183115748031494
20
-8.5265341732283471
11
7.1145620472440942
21
-8.5190351181102368
0
LINE
8
BLACK
6
CONTINUOUS
10
7.1145620472440942
20
-8.5190351181102368
11
7.1108125196850391
21
-8.5077865354330715
0
LINE
8
BLACK
6
CONTINUOUS
10
7.1108125196850391
20
-8.5077865354330715
11
7.107062992125984
21
-8.4890388582677172
0
LINE
8
BLACK
6
CONTINUOUS
10
7.107062992125984
20
-8.4890388582677172
11
7.107062992125984
21
-8.474040748031495
0
LINE
8
BLACK
6
CONTINUOUS
10
7.107062992125984
20
-8.474040748031495
11
7.1108125196850391
21
-8.4552930708661407
0
LINE
8
BLACK
6
CONTINUOUS
10
7.1108125196850391
20
-8.4552930708661407
11
7.1145620472440942
21
-8.4440444881889754
0
LINE
8
BLACK
6
CONTINUOUS
10
7.1145620472440942
20
-8.4440444881889754
11
7.1183115748031494
21
-8.4365454330708651
0
LINE
8
BLACK
6
CONTINUOUS
10
7.1183115748031494
20
-8.4365454330708651
11
7.1258106299212596
21
-8.425296811023621
0
LINE
8
BLACK
6
CONTINUOUS
10
7.1258106299212596
20
-8.425296811023621
11
7.1295601968503934
21
-8.4215472834645659
0
LINE
8
BLACK
6
CONTINUOUS
10
7.1558068897637792
20
-8.4402949606299202
11
7.1595564173228343
21
-8.4365454330708651
0
LINE
8
BLACK
6
CONTINUOUS
10
7.1595564173228343
20
-8.4365454330708651
11
7.1670554724409445
21
-8.43279590551181
0
LINE
8
BLACK
6
CONTINUOUS
10
7.1670554724409445
20
-8.43279590551181
11
7.1858031496062988
21
-8.43279590551181
0
LINE
8
BLACK
6
CONTINUOUS
10
7.1858031496062988
20
-8.43279590551181
11
7.1933022047244091
21
-8.4365454330708651
0
LINE
8
BLACK
6
CONTINUOUS
10
7.1933022047244091
20
-8.4365454330708651
11
7.1970517322834642
21
-8.4402949606299202
0
LINE
8
BLACK
6
CONTINUOUS
10
7.1970517322834642
20
-8.4402949606299202
11
7.2008012598425193
21
-8.4477940157480305
0
LINE
8
BLACK
6
CONTINUOUS
10
7.2008012598425193
20
-8.4477940157480305
11
7.2008012598425193
21
-8.4552930708661407
0
LINE
8
BLACK
6
CONTINUOUS
10
7.2008012598425193
20
-8.4552930708661407
11
7.1970517322834642
21
-8.466541653543306
0
LINE
8
BLACK
6
CONTINUOUS
10
7.1970517322834642
20
-8.466541653543306
11
7.1520573622047241
21
-8.5115360629921266
0
LINE
8
BLACK
6
CONTINUOUS
10
7.1520573622047241
20
-8.5115360629921266
11
7.2008012598425193
21
-8.5115360629921266
0
LINE
8
BLACK
6
CONTINUOUS
10
7.2682928346456688
20
-8.4590425984251958
11
7.2682928346456688
21
-8.5115360629921266
0
LINE
8
BLACK
6
CONTINUOUS
10
7.2495451574803145
20
-8.4290463779527549
11
7.2307975196850389
21
-8.4852893307086621
0
LINE
8
BLACK
6
CONTINUOUS
10
7.2307975196850389
20
-8.4852893307086621
11
7.2795414173228341
21
-8.4852893307086621
0
LINE
8
BLACK
6
CONTINUOUS
10
7.3695301968503939
20
-8.5115360629921266
11
7.3695301968503939
21
-8.43279590551181
0
LINE
8
BLACK
6
CONTINUOUS
10
7.4032759842519686
20
-8.5115360629921266
11
7.4032759842519686
21
-8.4702912204724399
0
LINE
8
BLACK
6
CONTINUOUS
10
7.4032759842519686
20
-8.4702912204724399
11
7.3995264566929135
21
-8.4627921259842509
0
LINE
8
BLACK
6
CONTINUOUS
10
7.3995264566929135
20
-8.4627921259842509
11
7.3920274015748033
21
-8.4590425984251958
0
LINE
8
BLACK
6
CONTINUOUS
10
7.3920274015748033
20
-8.4590425984251958
11
7.3807787795275592
21
-8.4590425984251958
0
LINE
8
BLACK
6
CONTINUOUS
10
7.3807787795275592
20
-8.4590425984251958
11
7.373279724409449
21
-8.4627921259842509
0
LINE
8
BLACK
6
CONTINUOUS
10
7.373279724409449
20
-8.4627921259842509
11
7.3695301968503939
21
-8.466541653543306
0
LINE
8
BLACK
6
CONTINUOUS
10
7.4520198818897638
20
-8.5115360629921266
11
7.4445208267716536
21
-8.5077865354330715
0
LINE
8
BLACK
6
CONTINUOUS
10
7.4445208267716536
20
-8.5077865354330715
11
7.4407712992125985
21
-8.5040369685039376
0
LINE
8
BLACK
6
CONTINUOUS
10
7.4407712992125985
20
-8.5040369685039376
11
7.4370217716535434
21
-8.4965379133858274
0
LINE
8
BLACK
6
CONTINUOUS
10
7.4370217716535434
20
-8.4965379133858274
11
7.4370217716535434
21
-8.474040748031495
0
LINE
8
BLACK
6
CONTINUOUS
10
7.4370217716535434
20
-8.474040748031495
11
7.4407712992125985
21
-8.466541653543306
0
LINE
8
BLACK
6
CONTINUOUS
10
7.4407712992125985
20
-8.466541653543306
11
7.4445208267716536
21
-8.4627921259842509
0
LINE
8
BLACK
6
CONTINUOUS
10
7.4445208267716536
20
-8.4627921259842509
11
7.4520198818897638
21
-8.4590425984251958
0
LINE
8
BLACK
6
CONTINUOUS
10
7.4520198818897638
20
-8.4590425984251958
11
7.4632685039370079
21
-8.4590425984251958
0
LINE
8
BLACK
6
CONTINUOUS
10
7.4632685039370079
20
-8.4590425984251958
11
7.4707675590551181
21
-8.4627921259842509
0
LINE
8
BLACK
6
CONTINUOUS
10
7.4707675590551181
20
-8.4627921259842509
11
7.4745170866141732
21
-8.466541653543306
0
LINE
8
BLACK
6
CONTINUOUS
10
7.4745170866141732
20
-8.466541653543306
11
7.4782666141732284
21
-8.474040748031495
0
LINE
8
BLACK
6
CONTINUOUS
10
7.4782666141732284
20
-8.474040748031495
11
7.4782666141732284
21
-8.4965379133858274
0
LINE
8
BLACK
6
CONTINUOUS
10
7.4782666141732284
20
-8.4965379133858274
11
7.4745170866141732
21
-8.5040369685039376
0
LINE
8
BLACK
6
CONTINUOUS
10
7.4745170866141732
20
-8.5040369685039376
11
7.4707675590551181
21
-8.5077865354330715
0
LINE
8
BLACK
6
CONTINUOUS
10
7.4707675590551181
20
-8.5077865354330715
11
7.4632685039370079
21
-8.5115360629921266
0
LINE
8
BLACK
6
CONTINUOUS
10
7.4632685039370079
20
-8.5115360629921266
11
7.4520198818897638
21
-8.5115360629921266
0
LINE
8
BLACK
6
CONTINUOUS
10
7.5232609842519684
20
-8.5115360629921266
11
7.5157619291338582
21
-8.5077865354330715
0
LINE
8
BLACK
6
CONTINUOUS
10
7.5157619291338582
20
-8.5077865354330715
11
7.5120124015748031
21
-8.5002874409448825
0
LINE
8
BLACK
6
CONTINUOUS
10
7.5120124015748031
20
-8.5002874409448825
11
7.5120124015748031
21
-8.43279590551181
0
LINE
8
BLACK
6
CONTINUOUS
10
7.5832535039370077
20
-8.5077865354330715
11
7.5757544488188975
21
-8.5115360629921266
0
LINE
8
BLACK
6
CONTINUOUS
10
7.5757544488188975
20
-8.5115360629921266
11
7.5607562992125983
21
-8.5115360629921266
0
LINE
8
BLACK
6
CONTINUOUS
10
7.5607562992125983
20
-8.5115360629921266
11
7.5532572440944881
21
-8.5077865354330715
0
LINE
8
BLACK
6
CONTINUOUS
10
7.5532572440944881
20
-8.5077865354330715
11
7.549507716535433
21
-8.5002874409448825
0
LINE
8
BLACK
6
CONTINUOUS
10
7.549507716535433
20
-8.5002874409448825
11
7.549507716535433
21
-8.4702912204724399
0
LINE
8
BLACK
6
CONTINUOUS
10
7.549507716535433
20
-8.4702912204724399
11
7.5532572440944881
21
-8.4627921259842509
0
LINE
8
BLACK
6
CONTINUOUS
10
7.5532572440944881
20
-8.4627921259842509
11
7.5607562992125983
21
-8.4590425984251958
0
LINE
8
BLACK
6
CONTINUOUS
10
7.5607562992125983
20
-8.4590425984251958
11
7.5757544488188975
21
-8.4590425984251958
0
LINE
8
BLACK
6
CONTINUOUS
10
7.5757544488188975
20
-8.4590425984251958
11
7.5832535039370077
21
-8.4627921259842509
0
LINE
8
BLACK
6
CONTINUOUS
10
7.5832535039370077
20
-8.4627921259842509
11
7.5870030314960628
21
-8.4702912204724399
0
LINE
8
BLACK
6
CONTINUOUS
10
7.5870030314960628
20
-8.4702912204724399
11
7.5870030314960628
21
-8.4777902755905519
0
LINE
8
BLACK
6
CONTINUOUS
10
7.5870030314960628
20
-8.4777902755905519
11
7.549507716535433
21
-8.4852893307086621
0
LINE
8
BLACK
6
CONTINUOUS
10
7.6169992913385824
20
-8.5077865354330715
11
7.6244983464566927
21
-8.5115360629921266
0
LINE
8
BLACK
6
CONTINUOUS
10
7.6244983464566927
20
-8.5115360629921266
11
7.6394964566929131
21
-8.5115360629921266
0
LINE
8
BLACK
6
CONTINUOUS
10
7.6394964566929131
20
-8.5115360629921266
11
7.6469955511811021
21
-8.5077865354330715
0
LINE
8
BLACK
6
CONTINUOUS
10
7.6469955511811021
20
-8.5077865354330715
11
7.6507450787401572
21
-8.5002874409448825
0
LINE
8
BLACK
6
CONTINUOUS
10
7.6507450787401572
20
-8.5002874409448825
11
7.6507450787401572
21
-8.4965379133858274
0
LINE
8
BLACK
6
CONTINUOUS
10
7.6507450787401572
20
-8.4965379133858274
11
7.6469955511811021
21
-8.4890388582677172
0
LINE
8
BLACK
6
CONTINUOUS
10
7.6469955511811021
20
-8.4890388582677172
11
7.6394964566929131
21
-8.4852893307086621
0
LINE
8
BLACK
6
CONTINUOUS
10
7.6394964566929131
20
-8.4852893307086621
11
7.6282478740157478
21
-8.4852893307086621
0
LINE
8
BLACK
6
CONTINUOUS
10
7.6282478740157478
20
-8.4852893307086621
11
7.6207488188976376
21
-8.481539803149607
0
LINE
8
BLACK
6
CONTINUOUS
10
7.6207488188976376
20
-8.481539803149607
11
7.6169992913385824
21
-8.474040748031495
0
LINE
8
BLACK
6
CONTINUOUS
10
7.6169992913385824
20
-8.474040748031495
11
7.6169992913385824
21
-8.4702912204724399
0
LINE
8
BLACK
6
CONTINUOUS
10
7.6169992913385824
20
-8.4702912204724399
11
7.6207488188976376
21
-8.4627921259842509
0
LINE
8
BLACK
6
CONTINUOUS
10
7.6207488188976376
20
-8.4627921259842509
11
7.6282478740157478
21
-8.4590425984251958
0
LINE
8
BLACK
6
CONTINUOUS
10
7.6282478740157478
20
-8.4590425984251958
11
7.6394964566929131
21
-8.4590425984251958
0
LINE
8
BLACK
6
CONTINUOUS
10
7.6394964566929131
20
-8.4590425984251958
11
7.6469955511811021
21
-8.4627921259842509
0
LINE
8
BLACK
6
CONTINUOUS
10
7.6769918110236217
20
-8.5415322834645675
11
7.6807413385826768
21
-8.5377827559055124
0
LINE
8
BLACK
6
CONTINUOUS
10
7.6807413385826768
20
-8.5377827559055124
11
7.688240393700787
21
-8.5265341732283471
0
LINE
8
BLACK
6
CONTINUOUS
10
7.688240393700787
20
-8.5265341732283471
11
7.6919899212598422
21
-8.5190351181102368
0
LINE
8
BLACK
6
CONTINUOUS
10
7.6919899212598422
20
-8.5190351181102368
11
7.6957394488188973
21
-8.5077865354330715
0
LINE
8
BLACK
6
CONTINUOUS
10
7.6957394488188973
20
-8.5077865354330715
11
7.6994889763779524
21
-8.4890388582677172
0
LINE
8
BLACK
6
CONTINUOUS
10
7.6994889763779524
20
-8.4890388582677172
11
7.6994889763779524
21
-8.474040748031495
0
LINE
8
BLACK
6
CONTINUOUS
10
7.6994889763779524
20
-8.474040748031495
11
7.6957394488188973
21
-8.4552930708661407
0
LINE
8
BLACK
6
CONTINUOUS
10
7.6957394488188973
20
-8.4552930708661407
11
7.6919899212598422
21
-8.4440444881889754
0
LINE
8
BLACK
6
CONTINUOUS
10
7.6919899212598422
20
-8.4440444881889754
11
7.688240393700787
21
-8.4365454330708651
0
LINE
8
BLACK
6
CONTINUOUS
10
7.688240393700787
20
-8.4365454330708651
11
7.6807413385826768
21
-8.425296811023621
0
LINE
8
BLACK
6
CONTINUOUS
10
7.6807413385826768
20
-8.425296811023621
11
7.6769918110236217
21
-8.4215472834645659
0
CIRCLE
8
BLACK
10
5.7161496062992123
20
-8.5794558267716532
40
0.0059055118110236
0
LINE
8
BLACK
6
CONTINUOUS
10
5.8397212598425199
20
-8.5367329133858263
11
5.8472203543307089
21
-8.5367329133858263
0
LINE
8
BLACK
6
CONTINUOUS
10
5.8472203543307089
20
-8.5367329133858263
11
5.8547194094488191
21
-8.5404824409448814
0
LINE
8
BLACK
6
CONTINUOUS
10
5.8547194094488191
20
-8.5404824409448814
11
5.8584689370078742
21
-8.5442319685039365
0
LINE
8
BLACK
6
CONTINUOUS
10
5.8584689370078742
20
-8.5442319685039365
11
5.8622184645669293
21
-8.5517310236220467
0
LINE
8
BLACK
6
CONTINUOUS
10
5.8622184645669293
20
-8.5517310236220467
11
5.8659679921259844
21
-8.5667291338582672
0
LINE
8
BLACK
6
CONTINUOUS
10
5.8659679921259844
20
-8.5667291338582672
11
5.8659679921259844
21
-8.5854768110236215
0
LINE
8
BLACK
6
CONTINUOUS
10
5.8659679921259844
20
-8.5854768110236215
11
5.8622184645669293
21
-8.6004749212598419
0
LINE
8
BLACK
6
CONTINUOUS
10
5.8622184645669293
20
-8.6004749212598419
11
5.8584689370078742
21
-8.6079739763779521
0
LINE
8
BLACK
6
CONTINUOUS
10
5.8584689370078742
20
-8.6079739763779521
11
5.8547194094488191
21
-8.611723543307086
0
LINE
8
BLACK
6
CONTINUOUS
10
5.8547194094488191
20
-8.611723543307086
11
5.8472203543307089
21
-8.6154730708661411
0
LINE
8
BLACK
6
CONTINUOUS
10
5.8472203543307089
20
-8.6154730708661411
11
5.8397212598425199
21
-8.6154730708661411
0
LINE
8
BLACK
6
CONTINUOUS
10
5.8397212598425199
20
-8.6154730708661411
11
5.8322222047244097
21
-8.611723543307086
0
LINE
8
BLACK
6
CONTINUOUS
10
5.8322222047244097
20
-8.611723543307086
11
5.8284726771653546
21
-8.6079739763779521
0
LINE
8
BLACK
6
CONTINUOUS
10
5.8284726771653546
20
-8.6079739763779521
11
5.8247231496062994
21
-8.6004749212598419
0
LINE
8
BLACK
6
CONTINUOUS
10
5.8247231496062994
20
-8.6004749212598419
11
5.8209736220472443
21
-8.5854768110236215
0
LINE
8
BLACK
6
CONTINUOUS
10
5.8209736220472443
20
-8.5854768110236215
11
5.8209736220472443
21
-8.5667291338582672
0
LINE
8
BLACK
6
CONTINUOUS
10
5.8209736220472443
20
-8.5667291338582672
11
5.8247231496062994
21
-8.5517310236220467
0
LINE
8
BLACK
6
CONTINUOUS
10
5.8247231496062994
20
-8.5517310236220467
11
5.8284726771653546
21
-8.5442319685039365
0
LINE
8
BLACK
6
CONTINUOUS
10
5.8284726771653546
20
-8.5442319685039365
11
5.8322222047244097
21
-8.5404824409448814
0
LINE
8
BLACK
6
CONTINUOUS
10
5.8322222047244097
20
-8.5404824409448814
11
5.8397212598425199
21
-8.5367329133858263
0
LINE
8
BLACK
6
CONTINUOUS
10
5.8997137795275592
20
-8.6079739763779521
11
5.9034633070866143
21
-8.611723543307086
0
LINE
8
BLACK
6
CONTINUOUS
10
5.9034633070866143
20
-8.611723543307086
11
5.8997137795275592
21
-8.6154730708661411
0
LINE
8
BLACK
6
CONTINUOUS
10
5.8997137795275592
20
-8.6154730708661411
11
5.895964251968504
21
-8.611723543307086
0
LINE
8
BLACK
6
CONTINUOUS
10
5.895964251968504
20
-8.611723543307086
11
5.8997137795275592
21
-8.6079739763779521
0
LINE
8
BLACK
6
CONTINUOUS
10
5.8997137795275592
20
-8.6079739763779521
11
5.8997137795275592
21
-8.6154730708661411
0
LINE
8
BLACK
6
CONTINUOUS
10
5.9297100393700788
20
-8.5367329133858263
11
5.978453937007874
21
-8.5367329133858263
0
LINE
8
BLACK
6
CONTINUOUS
10
5.978453937007874
20
-8.5367329133858263
11
5.9522072047244095
21
-8.5667291338582672
0
LINE
8
BLACK
6
CONTINUOUS
10
5.9522072047244095
20
-8.5667291338582672
11
5.9634558267716535
21
-8.5667291338582672
0
LINE
8
BLACK
6
CONTINUOUS
10
5.9634558267716535
20
-8.5667291338582672
11
5.9709548818897638
21
-8.5704786614173223
0
LINE
8
BLACK
6
CONTINUOUS
10
5.9709548818897638
20
-8.5704786614173223
11
5.9747044094488189
21
-8.5742282283464561
0
LINE
8
BLACK
6
CONTINUOUS
10
5.9747044094488189
20
-8.5742282283464561
11
5.978453937007874
21
-8.5817272834645664
0
LINE
8
BLACK
6
CONTINUOUS
10
5.978453937007874
20
-8.5817272834645664
11
5.978453937007874
21
-8.6004749212598419
0
LINE
8
BLACK
6
CONTINUOUS
10
5.978453937007874
20
-8.6004749212598419
11
5.9747044094488189
21
-8.6079739763779521
0
LINE
8
BLACK
6
CONTINUOUS
10
5.9747044094488189
20
-8.6079739763779521
11
5.9709548818897638
21
-8.611723543307086
0
LINE
8
BLACK
6
CONTINUOUS
10
5.9709548818897638
20
-8.611723543307086
11
5.9634558267716535
21
-8.6154730708661411
0
LINE
8
BLACK
6
CONTINUOUS
10
5.9634558267716535
20
-8.6154730708661411
11
5.9409586220472441
21
-8.6154730708661411
0
LINE
8
BLACK
6
CONTINUOUS
10
5.9409586220472441
20
-8.6154730708661411
11
5.9334595669291339
21
-8.611723543307086
0
LINE
8
BLACK
6
CONTINUOUS
10
5.9334595669291339
20
-8.611723543307086
11
5.9297100393700788
21
-8.6079739763779521
0
LINE
8
BLACK
6
CONTINUOUS
10
6.0271978346456692
20
-8.5367329133858263
11
6.0346969291338581
21
-8.5367329133858263
0
LINE
8
BLACK
6
CONTINUOUS
10
6.0346969291338581
20
-8.5367329133858263
11
6.0421959842519684
21
-8.5404824409448814
0
LINE
8
BLACK
6
CONTINUOUS
10
6.0421959842519684
20
-8.5404824409448814
11
6.0459455118110235
21
-8.5442319685039365
0
LINE
8
BLACK
6
CONTINUOUS
10
6.0459455118110235
20
-8.5442319685039365
11
6.0496950393700786
21
-8.5517310236220467
0
LINE
8
BLACK
6
CONTINUOUS
10
6.0496950393700786
20
-8.5517310236220467
11
6.0534445669291337
21
-8.5667291338582672
0
LINE
8
BLACK
6
CONTINUOUS
10
6.0534445669291337
20
-8.5667291338582672
11
6.0534445669291337
21
-8.5854768110236215
0
LINE
8
BLACK
6
CONTINUOUS
10
6.0534445669291337
20
-8.5854768110236215
11
6.0496950393700786
21
-8.6004749212598419
0
LINE
8
BLACK
6
CONTINUOUS
10
6.0496950393700786
20
-8.6004749212598419
11
6.0459455118110235
21
-8.6079739763779521
0
LINE
8
BLACK
6
CONTINUOUS
10
6.0459455118110235
20
-8.6079739763779521
11
6.0421959842519684
21
-8.611723543307086
0
LINE
8
BLACK
6
CONTINUOUS
10
6.0421959842519684
20
-8.611723543307086
11
6.0346969291338581
21
-8.6154730708661411
0
LINE
8
BLACK
6
CONTINUOUS
10
6.0346969291338581
20
-8.6154730708661411
11
6.0271978346456692
21
-8.6154730708661411
0
LINE
8
BLACK
6
CONTINUOUS
10
6.0271978346456692
20
-8.6154730708661411
11
6.0196987795275589
21
-8.611723543307086
0
LINE
8
BLACK
6
CONTINUOUS
10
6.0196987795275589
20
-8.611723543307086
11
6.0159492519685038
21
-8.6079739763779521
0
LINE
8
BLACK
6
CONTINUOUS
10
6.0159492519685038
20
-8.6079739763779521
11
6.0121997244094487
21
-8.6004749212598419
0
LINE
8
BLACK
6
CONTINUOUS
10
6.0121997244094487
20
-8.6004749212598419
11
6.0084501968503936
21
-8.5854768110236215
0
LINE
8
BLACK
6
CONTINUOUS
10
6.0084501968503936
20
-8.5854768110236215
11
6.0084501968503936
21
-8.5667291338582672
0
LINE
8
BLACK
6
CONTINUOUS
10
6.0084501968503936
20
-8.5667291338582672
11
6.0121997244094487
21
-8.5517310236220467
0
LINE
8
BLACK
6
CONTINUOUS
10
6.0121997244094487
20
-8.5517310236220467
11
6.0159492519685038
21
-8.5442319685039365
0
LINE
8
BLACK
6
CONTINUOUS
10
6.0159492519685038
20
-8.5442319685039365
11
6.0196987795275589
21
-8.5404824409448814
0
LINE
8
BLACK
6
CONTINUOUS
10
6.0196987795275589
20
-8.5404824409448814
11
6.0271978346456692
21
-8.5367329133858263
0
LINE
8
BLACK
6
CONTINUOUS
10
6.1021884645669289
20
-8.5367329133858263
11
6.1096875590551178
21
-8.5367329133858263
0
LINE
8
BLACK
6
CONTINUOUS
10
6.1096875590551178
20
-8.5367329133858263
11
6.1171866141732281
21
-8.5404824409448814
0
LINE
8
BLACK
6
CONTINUOUS
10
6.1171866141732281
20
-8.5404824409448814
11
6.1209361417322832
21
-8.5442319685039365
0
LINE
8
BLACK
6
CONTINUOUS
10
6.1209361417322832
20
-8.5442319685039365
11
6.1246856692913383
21
-8.5517310236220467
0
LINE
8
BLACK
6
CONTINUOUS
10
6.1246856692913383
20
-8.5517310236220467
11
6.1284351968503934
21
-8.5667291338582672
0
LINE
8
BLACK
6
CONTINUOUS
10
6.1284351968503934
20
-8.5667291338582672
11
6.1284351968503934
21
-8.5854768110236215
0
LINE
8
BLACK
6
CONTINUOUS
10
6.1284351968503934
20
-8.5854768110236215
11
6.1246856692913383
21
-8.6004749212598419
0
LINE
8
BLACK
6
CONTINUOUS
10
6.1246856692913383
20
-8.6004749212598419
11
6.1209361417322832
21
-8.6079739763779521
0
LINE
8
BLACK
6
CONTINUOUS
10
6.1209361417322832
20
-8.6079739763779521
11
6.1171866141732281
21
-8.611723543307086
0
LINE
8
BLACK
6
CONTINUOUS
10
6.1171866141732281
20
-8.611723543307086
11
6.1096875590551178
21
-8.6154730708661411
0
LINE
8
BLACK
6
CONTINUOUS
10
6.1096875590551178
20
-8.6154730708661411
11
6.1021884645669289
21
-8.6154730708661411
0
LINE
8
BLACK
6
CONTINUOUS
10
6.1021884645669289
20
-8.6154730708661411
11
6.0946894094488187
21
-8.611723543307086
0
LINE
8
BLACK
6
CONTINUOUS
10
6.0946894094488187
20
-8.611723543307086
11
6.0909398818897635
21
-8.6079739763779521
0
LINE
8
BLACK
6
CONTINUOUS
10
6.0909398818897635
20
-8.6079739763779521
11
6.0871903543307084
21
-8.6004749212598419
0
LINE
8
BLACK
6
CONTINUOUS
10
6.0871903543307084
20
-8.6004749212598419
11
6.0834408267716533
21
-8.5854768110236215
0
LINE
8
BLACK
6
CONTINUOUS
10
6.0834408267716533
20
-8.5854768110236215
11
6.0834408267716533
21
-8.5667291338582672
0
LINE
8
BLACK
6
CONTINUOUS
10
6.0834408267716533
20
-8.5667291338582672
11
6.0871903543307084
21
-8.5517310236220467
0
LINE
8
BLACK
6
CONTINUOUS
10
6.0871903543307084
20
-8.5517310236220467
11
6.0909398818897635
21
-8.5442319685039365
0
LINE
8
BLACK
6
CONTINUOUS
10
6.0909398818897635
20
-8.5442319685039365
11
6.0946894094488187
21
-8.5404824409448814
0
LINE
8
BLACK
6
CONTINUOUS
10
6.0946894094488187
20
-8.5404824409448814
11
6.1021884645669289
21
-8.5367329133858263
0
LINE
8
BLACK
6
CONTINUOUS
10
6.1621809842519681
20
-8.6154730708661411
11
6.1621809842519681
21
-8.5629796062992121
0
LINE
8
BLACK
6
CONTINUOUS
10
6.1621809842519681
20
-8.5704786614173223
11
6.1659305118110233
21
-8.5667291338582672
0
LINE
8
BLACK
6
CONTINUOUS
10
6.1659305118110233
20
-8.5667291338582672
11
6.1734295669291335
21
-8.5629796062992121
0
LINE
8
BLACK
6
CONTINUOUS
10
6.1734295669291335
20
-8.5629796062992121
11
6.1846781889763776
21
-8.5629796062992121
0
LINE
8
BLACK
6
CONTINUOUS
10
6.1846781889763776
20
-8.5629796062992121
11
6.1921772440944878
21
-8.5667291338582672
0
LINE
8
BLACK
6
CONTINUOUS
10
6.1921772440944878
20
-8.5667291338582672
11
6.1959267716535429
21
-8.5742282283464561
0
LINE
8
BLACK
6
CONTINUOUS
10
6.1959267716535429
20
-8.5742282283464561
11
6.1959267716535429
21
-8.6154730708661411
0
LINE
8
BLACK
6
CONTINUOUS
10
6.1959267716535429
20
-8.5742282283464561
11
6.199676299212598
21
-8.5667291338582672
0
LINE
8
BLACK
6
CONTINUOUS
10
6.199676299212598
20
-8.5667291338582672
11
6.2071753543307082
21
-8.5629796062992121
0
LINE
8
BLACK
6
CONTINUOUS
10
6.2071753543307082
20
-8.5629796062992121
11
6.2184239370078735
21
-8.5629796062992121
0
LINE
8
BLACK
6
CONTINUOUS
10
6.2184239370078735
20
-8.5629796062992121
11
6.2259230314960625
21
-8.5667291338582672
0
LINE
8
BLACK
6
CONTINUOUS
10
6.2259230314960625
20
-8.5667291338582672
11
6.2296725590551176
21
-8.5742282283464561
0
LINE
8
BLACK
6
CONTINUOUS
10
6.2296725590551176
20
-8.5742282283464561
11
6.2296725590551176
21
-8.6154730708661411
0
LINE
8
BLACK
6
CONTINUOUS
10
6.2671678740157475
20
-8.6154730708661411
11
6.2671678740157475
21
-8.5629796062992121
0
LINE
8
BLACK
6
CONTINUOUS
10
6.2671678740157475
20
-8.5704786614173223
11
6.2709174015748026
21
-8.5667291338582672
0
LINE
8
BLACK
6
CONTINUOUS
10
6.2709174015748026
20
-8.5667291338582672
11
6.2784164566929128
21
-8.5629796062992121
0
LINE
8
BLACK
6
CONTINUOUS
10
6.2784164566929128
20
-8.5629796062992121
11
6.2896650787401569
21
-8.5629796062992121
0
LINE
8
BLACK
6
CONTINUOUS
10
6.2896650787401569
20
-8.5629796062992121
11
6.297164133858268
21
-8.5667291338582672
0
LINE
8
BLACK
6
CONTINUOUS
10
6.297164133858268
20
-8.5667291338582672
11
6.3009136614173231
21
-8.5742282283464561
0
LINE
8
BLACK
6
CONTINUOUS
10
6.3009136614173231
20
-8.5742282283464561
11
6.3009136614173231
21
-8.6154730708661411
0
LINE
8
BLACK
6
CONTINUOUS
10
6.3009136614173231
20
-8.5742282283464561
11
6.3046631889763782
21
-8.5667291338582672
0
LINE
8
BLACK
6
CONTINUOUS
10
6.3046631889763782
20
-8.5667291338582672
11
6.3121622440944885
21
-8.5629796062992121
0
LINE
8
BLACK
6
CONTINUOUS
10
6.3121622440944885
20
-8.5629796062992121
11
6.3234108267716538
21
-8.5629796062992121
0
LINE
8
BLACK
6
CONTINUOUS
10
6.3234108267716538
20
-8.5629796062992121
11
6.3309099212598428
21
-8.5667291338582672
0
LINE
8
BLACK
6
CONTINUOUS
10
6.3309099212598428
20
-8.5667291338582672
11
6.3346594488188979
21
-8.5742282283464561
0
LINE
8
BLACK
6
CONTINUOUS
10
6.3346594488188979
20
-8.5742282283464561
11
6.3346594488188979
21
-8.6154730708661411
0
LINE
8
BLACK
6
CONTINUOUS
10
6.4883902362204724
20
-8.5329833858267712
11
6.4208987007874017
21
-8.6342207086614167
0
LINE
8
BLACK
6
CONTINUOUS
10
6.5896275984251966
20
-8.5367329133858263
11
6.5971266929133856
21
-8.5367329133858263
0
LINE
8
BLACK
6
CONTINUOUS
10
6.5971266929133856
20
-8.5367329133858263
11
6.6046257480314958
21
-8.5404824409448814
0
LINE
8
BLACK
6
CONTINUOUS
10
6.6046257480314958
20
-8.5404824409448814
11
6.6083752755905509
21
-8.5442319685039365
0
LINE
8
BLACK
6
CONTINUOUS
10
6.6083752755905509
20
-8.5442319685039365
11
6.612124803149606
21
-8.5517310236220467
0
LINE
8
BLACK
6
CONTINUOUS
10
6.612124803149606
20
-8.5517310236220467
11
6.6158743307086612
21
-8.5667291338582672
0
LINE
8
BLACK
6
CONTINUOUS
10
6.6158743307086612
20
-8.5667291338582672
11
6.6158743307086612
21
-8.5854768110236215
0
LINE
8
BLACK
6
CONTINUOUS
10
6.6158743307086612
20
-8.5854768110236215
11
6.612124803149606
21
-8.6004749212598419
0
LINE
8
BLACK
6
CONTINUOUS
10
6.612124803149606
20
-8.6004749212598419
11
6.6083752755905509
21
-8.6079739763779521
0
LINE
8
BLACK
6
CONTINUOUS
10
6.6083752755905509
20
-8.6079739763779521
11
6.6046257480314958
21
-8.611723543307086
0
LINE
8
BLACK
6
CONTINUOUS
10
6.6046257480314958
20
-8.611723543307086
11
6.5971266929133856
21
-8.6154730708661411
0
LINE
8
BLACK
6
CONTINUOUS
10
6.5971266929133856
20
-8.6154730708661411
11
6.5896275984251966
21
-8.6154730708661411
0
LINE
8
BLACK
6
CONTINUOUS
10
6.5896275984251966
20
-8.6154730708661411
11
6.5821285433070864
21
-8.611723543307086
0
LINE
8
BLACK
6
CONTINUOUS
10
6.5821285433070864
20
-8.611723543307086
11
6.5783790157480313
21
-8.6079739763779521
0
LINE
8
BLACK
6
CONTINUOUS
10
6.5783790157480313
20
-8.6079739763779521
11
6.5746294881889762
21
-8.6004749212598419
0
LINE
8
BLACK
6
CONTINUOUS
10
6.5746294881889762
20
-8.6004749212598419
11
6.5708799606299211
21
-8.5854768110236215
0
LINE
8
BLACK
6
CONTINUOUS
10
6.5708799606299211
20
-8.5854768110236215
11
6.5708799606299211
21
-8.5667291338582672
0
LINE
8
BLACK
6
CONTINUOUS
10
6.5708799606299211
20
-8.5667291338582672
11
6.5746294881889762
21
-8.5517310236220467
0
LINE
8
BLACK
6
CONTINUOUS
10
6.5746294881889762
20
-8.5517310236220467
11
6.5783790157480313
21
-8.5442319685039365
0
LINE
8
BLACK
6
CONTINUOUS
10
6.5783790157480313
20
-8.5442319685039365
11
6.5821285433070864
21
-8.5404824409448814
0
LINE
8
BLACK
6
CONTINUOUS
10
6.5821285433070864
20
-8.5404824409448814
11
6.5896275984251966
21
-8.5367329133858263
0
LINE
8
BLACK
6
CONTINUOUS
10
6.6496201181102359
20
-8.6079739763779521
11
6.653369645669291
21
-8.611723543307086
0
LINE
8
BLACK
6
CONTINUOUS
10
6.653369645669291
20
-8.611723543307086
11
6.6496201181102359
21
-8.6154730708661411
0
LINE
8
BLACK
6
CONTINUOUS
10
6.6496201181102359
20
-8.6154730708661411
11
6.6458705905511808
21
-8.611723543307086
0
LINE
8
BLACK
6
CONTINUOUS
10
6.6458705905511808
20
-8.611723543307086
11
6.6496201181102359
21
-8.6079739763779521
0
LINE
8
BLACK
6
CONTINUOUS
10
6.6496201181102359
20
-8.6079739763779521
11
6.6496201181102359
21
-8.6154730708661411
0
LINE
8
BLACK
6
CONTINUOUS
10
6.7021135433070862
20
-8.5367329133858263
11
6.7096126377952752
21
-8.5367329133858263
0
LINE
8
BLACK
6
CONTINUOUS
10
6.7096126377952752
20
-8.5367329133858263
11
6.7171116929133854
21
-8.5404824409448814
0
LINE
8
BLACK
6
CONTINUOUS
10
6.7171116929133854
20
-8.5404824409448814
11
6.7208612204724405
21
-8.5442319685039365
0
LINE
8
BLACK
6
CONTINUOUS
10
6.7208612204724405
20
-8.5442319685039365
11
6.7246107480314956
21
-8.5517310236220467
0
LINE
8
BLACK
6
CONTINUOUS
10
6.7246107480314956
20
-8.5517310236220467
11
6.7283602755905507
21
-8.5667291338582672
0
LINE
8
BLACK
6
CONTINUOUS
10
6.7283602755905507
20
-8.5667291338582672
11
6.7283602755905507
21
-8.5854768110236215
0
LINE
8
BLACK
6
CONTINUOUS
10
6.7283602755905507
20
-8.5854768110236215
11
6.7246107480314956
21
-8.6004749212598419
0
LINE
8
BLACK
6
CONTINUOUS
10
6.7246107480314956
20
-8.6004749212598419
11
6.7208612204724405
21
-8.6079739763779521
0
LINE
8
BLACK
6
CONTINUOUS
10
6.7208612204724405
20
-8.6079739763779521
11
6.7171116929133854
21
-8.611723543307086
0
LINE
8
BLACK
6
CONTINUOUS
10
6.7171116929133854
20
-8.611723543307086
11
6.7096126377952752
21
-8.6154730708661411
0
LINE
8
BLACK
6
CONTINUOUS
10
6.7096126377952752
20
-8.6154730708661411
11
6.7021135433070862
21
-8.6154730708661411
0
LINE
8
BLACK
6
CONTINUOUS
10
6.7021135433070862
20
-8.6154730708661411
11
6.694614488188976
21
-8.611723543307086
0
LINE
8
BLACK
6
CONTINUOUS
10
6.694614488188976
20
-8.611723543307086
11
6.6908649606299209
21
-8.6079739763779521
0
LINE
8
BLACK
6
CONTINUOUS
10
6.6908649606299209
20
-8.6079739763779521
11
6.6871154330708658
21
-8.6004749212598419
0
LINE
8
BLACK
6
CONTINUOUS
10
6.6871154330708658
20
-8.6004749212598419
11
6.6833659055118106
21
-8.5854768110236215
0
LINE
8
BLACK
6
CONTINUOUS
10
6.6833659055118106
20
-8.5854768110236215
11
6.6833659055118106
21
-8.5667291338582672
0
LINE
8
BLACK
6
CONTINUOUS
10
6.6833659055118106
20
-8.5667291338582672
11
6.6871154330708658
21
-8.5517310236220467
0
LINE
8
BLACK
6
CONTINUOUS
10
6.6871154330708658
20
-8.5517310236220467
11
6.6908649606299209
21
-8.5442319685039365
0
LINE
8
BLACK
6
CONTINUOUS
10
6.6908649606299209
20
-8.5442319685039365
11
6.694614488188976
21
-8.5404824409448814
0
LINE
8
BLACK
6
CONTINUOUS
10
6.694614488188976
20
-8.5404824409448814
11
6.7021135433070862
21
-8.5367329133858263
0
LINE
8
BLACK
6
CONTINUOUS
10
6.8033509055118104
20
-8.6154730708661411
11
6.7583565354330704
21
-8.6154730708661411
0
LINE
8
BLACK
6
CONTINUOUS
10
6.780853700787401
20
-8.6154730708661411
11
6.780853700787401
21
-8.5367329133858263
0
LINE
8
BLACK
6
CONTINUOUS
10
6.780853700787401
20
-8.5367329133858263
11
6.7733546456692908
21
-8.5479814960629916
0
LINE
8
BLACK
6
CONTINUOUS
10
6.7733546456692908
20
-8.5479814960629916
11
6.7658555905511806
21
-8.5554805511811018
0
LINE
8
BLACK
6
CONTINUOUS
10
6.7658555905511806
20
-8.5554805511811018
11
6.7583565354330704
21
-8.559230078740157
0
LINE
8
BLACK
6
CONTINUOUS
10
6.878341535433071
20
-8.6154730708661411
11
6.833347165354331
21
-8.6154730708661411
0
LINE
8
BLACK
6
CONTINUOUS
10
6.8558443307086616
20
-8.6154730708661411
11
6.8558443307086616
21
-8.5367329133858263
0
LINE
8
BLACK
6
CONTINUOUS
10
6.8558443307086616
20
-8.5367329133858263
11
6.8483452755905514
21
-8.5479814960629916
0
LINE
8
BLACK
6
CONTINUOUS
10
6.8483452755905514
20
-8.5479814960629916
11
6.8408462204724412
21
-8.5554805511811018
0
LINE
8
BLACK
6
CONTINUOUS
10
6.8408462204724412
20
-8.5554805511811018
11
6.833347165354331
21
-8.559230078740157
0
LINE
8
BLACK
6
CONTINUOUS
10
6.9233359055118111
20
-8.5704786614173223
11
6.9158368503937009
21
-8.5667291338582672
0
LINE
8
BLACK
6
CONTINUOUS
10
6.9158368503937009
20
-8.5667291338582672
11
6.9120873228346458
21
-8.5629796062992121
0
LINE
8
BLACK
6
CONTINUOUS
10
6.9120873228346458
20
-8.5629796062992121
11
6.9083377952755907
21
-8.5554805511811018
0
LINE
8
BLACK
6
CONTINUOUS
10
6.9083377952755907
20
-8.5554805511811018
11
6.9083377952755907
21
-8.5517310236220467
0
LINE
8
BLACK
6
CONTINUOUS
10
6.9083377952755907
20
-8.5517310236220467
11
6.9120873228346458
21
-8.5442319685039365
0
LINE
8
BLACK
6
CONTINUOUS
10
6.9120873228346458
20
-8.5442319685039365
11
6.9158368503937009
21
-8.5404824409448814
0
LINE
8
BLACK
6
CONTINUOUS
10
6.9158368503937009
20
-8.5404824409448814
11
6.9233359055118111
21
-8.5367329133858263
0
LINE
8
BLACK
6
CONTINUOUS
10
6.9233359055118111
20
-8.5367329133858263
11
6.9383340551181103
21
-8.5367329133858263
0
LINE
8
BLACK
6
CONTINUOUS
10
6.9383340551181103
20
-8.5367329133858263
11
6.9458331102362205
21
-8.5404824409448814
0
LINE
8
BLACK
6
CONTINUOUS
10
6.9458331102362205
20
-8.5404824409448814
11
6.9495826377952756
21
-8.5442319685039365
0
LINE
8
BLACK
6
CONTINUOUS
10
6.9495826377952756
20
-8.5442319685039365
11
6.9533321653543307
21
-8.5517310236220467
0
LINE
8
BLACK
6
CONTINUOUS
10
6.9533321653543307
20
-8.5517310236220467
11
6.9533321653543307
21
-8.5554805511811018
0
LINE
8
BLACK
6
CONTINUOUS
10
6.9533321653543307
20
-8.5554805511811018
11
6.9495826377952756
21
-8.5629796062992121
0
LINE
8
BLACK
6
CONTINUOUS
10
6.9495826377952756
20
-8.5629796062992121
11
6.9458331102362205
21
-8.5667291338582672
0
LINE
8
BLACK
6
CONTINUOUS
10
6.9458331102362205
20
-8.5667291338582672
11
6.9383340551181103
21
-8.5704786614173223
0
LINE
8
BLACK
6
CONTINUOUS
10
6.9383340551181103
20
-8.5704786614173223
11
6.9233359055118111
21
-8.5704786614173223
0
LINE
8
BLACK
6
CONTINUOUS
10
6.9233359055118111
20
-8.5704786614173223
11
6.9158368503937009
21
-8.5742282283464561
0
LINE
8
BLACK
6
CONTINUOUS
10
6.9158368503937009
20
-8.5742282283464561
11
6.9120873228346458
21
-8.5779777559055113
0
LINE
8
BLACK
6
CONTINUOUS
10
6.9120873228346458
20
-8.5779777559055113
11
6.9083377952755907
21
-8.5854768110236215
0
LINE
8
BLACK
6
CONTINUOUS
10
6.9083377952755907
20
-8.5854768110236215
11
6.9083377952755907
21
-8.6004749212598419
0
LINE
8
BLACK
6
CONTINUOUS
10
6.9083377952755907
20
-8.6004749212598419
11
6.9120873228346458
21
-8.6079739763779521
0
LINE
8
BLACK
6
CONTINUOUS
10
6.9120873228346458
20
-8.6079739763779521
11
6.9158368503937009
21
-8.611723543307086
0
LINE
8
BLACK
6
CONTINUOUS
10
6.9158368503937009
20
-8.611723543307086
11
6.9233359055118111
21
-8.6154730708661411
0
LINE
8
BLACK
6
CONTINUOUS
10
6.9233359055118111
20
-8.6154730708661411
11
6.9383340551181103
21
-8.6154730708661411
0
LINE
8
BLACK
6
CONTINUOUS
10
6.9383340551181103
20
-8.6154730708661411
11
6.9458331102362205
21
-8.611723543307086
0
LINE
8
BLACK
6
CONTINUOUS
10
6.9458331102362205
20
-8.611723543307086
11
6.9495826377952756
21
-8.6079739763779521
0
LINE
8
BLACK
6
CONTINUOUS
10
6.9495826377952756
20
-8.6079739763779521
11
6.9533321653543307
21
-8.6004749212598419
0
LINE
8
BLACK
6
CONTINUOUS
10
6.9533321653543307
20
-8.6004749212598419
11
6.9533321653543307
21
-8.5854768110236215
0
LINE
8
BLACK
6
CONTINUOUS
10
6.9533321653543307
20
-8.5854768110236215
11
6.9495826377952756
21
-8.5779777559055113
0
LINE
8
BLACK
6
CONTINUOUS
10
6.9495826377952756
20
-8.5779777559055113
11
6.9458331102362205
21
-8.5742282283464561
0
LINE
8
BLACK
6
CONTINUOUS
10
6.9458331102362205
20
-8.5742282283464561
11
6.9383340551181103
21
-8.5704786614173223
0
LINE
8
BLACK
6
CONTINUOUS
10
6.9833284251968504
20
-8.5367329133858263
11
6.9833284251968504
21
-8.5517310236220467
0
LINE
8
BLACK
6
CONTINUOUS
10
7.01332468503937
20
-8.5367329133858263
11
7.01332468503937
21
-8.5517310236220467
0
LINE
8
BLACK
6
CONTINUOUS
10
7.1295601968503934
20
-8.645469291338582
11
7.1258106299212596
21
-8.6417197637795269
0
LINE
8
BLACK
6
CONTINUOUS
10
7.1258106299212596
20
-8.6417197637795269
11
7.1183115748031494
21
-8.6304711811023616
0
LINE
8
BLACK
6
CONTINUOUS
10
7.1183115748031494
20
-8.6304711811023616
11
7.1145620472440942
21
-8.6229721259842513
0
LINE
8
BLACK
6
CONTINUOUS
10
7.1145620472440942
20
-8.6229721259842513
11
7.1108125196850391
21
-8.611723543307086
0
LINE
8
BLACK
6
CONTINUOUS
10
7.1108125196850391
20
-8.611723543307086
11
7.107062992125984
21
-8.5929758661417317
0
LINE
8
BLACK
6
CONTINUOUS
10
7.107062992125984
20
-8.5929758661417317
11
7.107062992125984
21
-8.5779777559055113
0
LINE
8
BLACK
6
CONTINUOUS
10
7.107062992125984
20
-8.5779777559055113
11
7.1108125196850391
21
-8.559230078740157
0
LINE
8
BLACK
6
CONTINUOUS
10
7.1108125196850391
20
-8.559230078740157
11
7.1145620472440942
21
-8.5479814960629916
0
LINE
8
BLACK
6
CONTINUOUS
10
7.1145620472440942
20
-8.5479814960629916
11
7.1183115748031494
21
-8.5404824409448814
0
LINE
8
BLACK
6
CONTINUOUS
10
7.1183115748031494
20
-8.5404824409448814
11
7.1258106299212596
21
-8.5292338188976373
0
LINE
8
BLACK
6
CONTINUOUS
10
7.1258106299212596
20
-8.5292338188976373
11
7.1295601968503934
21
-8.5254842913385822
0
LINE
8
BLACK
6
CONTINUOUS
10
7.1558068897637792
20
-8.5442319685039365
11
7.1595564173228343
21
-8.5404824409448814
0
LINE
8
BLACK
6
CONTINUOUS
10
7.1595564173228343
20
-8.5404824409448814
11
7.1670554724409445
21
-8.5367329133858263
0
LINE
8
BLACK
6
CONTINUOUS
10
7.1670554724409445
20
-8.5367329133858263
11
7.1858031496062988
21
-8.5367329133858263
0
LINE
8
BLACK
6
CONTINUOUS
10
7.1858031496062988
20
-8.5367329133858263
11
7.1933022047244091
21
-8.5404824409448814
0
LINE
8
BLACK
6
CONTINUOUS
10
7.1933022047244091
20
-8.5404824409448814
11
7.1970517322834642
21
-8.5442319685039365
0
LINE
8
BLACK
6
CONTINUOUS
10
7.1970517322834642
20
-8.5442319685039365
11
7.2008012598425193
21
-8.5517310236220467
0
LINE
8
BLACK
6
CONTINUOUS
10
7.2008012598425193
20
-8.5517310236220467
11
7.2008012598425193
21
-8.559230078740157
0
LINE
8
BLACK
6
CONTINUOUS
10
7.2008012598425193
20
-8.559230078740157
11
7.1970517322834642
21
-8.5704786614173223
0
LINE
8
BLACK
6
CONTINUOUS
10
7.1970517322834642
20
-8.5704786614173223
11
7.1520573622047241
21
-8.6154730708661411
0
LINE
8
BLACK
6
CONTINUOUS
10
7.1520573622047241
20
-8.6154730708661411
11
7.2008012598425193
21
-8.6154730708661411
0
LINE
8
BLACK
6
CONTINUOUS
10
7.2682928346456688
20
-8.5629796062992121
11
7.2682928346456688
21
-8.6154730708661411
0
LINE
8
BLACK
6
CONTINUOUS
10
7.2495451574803145
20
-8.5329833858267712
11
7.2307975196850389
21
-8.5892263385826766
0
LINE
8
BLACK
6
CONTINUOUS
10
7.2307975196850389
20
-8.5892263385826766
11
7.2795414173228341
21
-8.5892263385826766
0
LINE
8
BLACK
6
CONTINUOUS
10
7.3132872047244089
20
-8.6154730708661411
11
7.3282853149606302
21
-8.6154730708661411
0
LINE
8
BLACK
6
CONTINUOUS
10
7.3282853149606302
20
-8.6154730708661411
11
7.3357844094488192
21
-8.611723543307086
0
LINE
8
BLACK
6
CONTINUOUS
10
7.3357844094488192
20
-8.611723543307086
11
7.3395339370078743
21
-8.6079739763779521
0
LINE
8
BLACK
6
CONTINUOUS
10
7.3395339370078743
20
-8.6079739763779521
11
7.3470329921259845
21
-8.5967253937007868
0
LINE
8
BLACK
6
CONTINUOUS
10
7.3470329921259845
20
-8.5967253937007868
11
7.3507825196850396
21
-8.5817272834645664
0
LINE
8
BLACK
6
CONTINUOUS
10
7.3507825196850396
20
-8.5817272834645664
11
7.3507825196850396
21
-8.5517310236220467
0
LINE
8
BLACK
6
CONTINUOUS
10
7.3507825196850396
20
-8.5517310236220467
11
7.3470329921259845
21
-8.5442319685039365
0
LINE
8
BLACK
6
CONTINUOUS
10
7.3470329921259845
20
-8.5442319685039365
11
7.3432834645669294
21
-8.5404824409448814
0
LINE
8
BLACK
6
CONTINUOUS
10
7.3432834645669294
20
-8.5404824409448814
11
7.3357844094488192
21
-8.5367329133858263
0
LINE
8
BLACK
6
CONTINUOUS
10
7.3357844094488192
20
-8.5367329133858263
11
7.32078625984252
21
-8.5367329133858263
0
LINE
8
BLACK
6
CONTINUOUS
10
7.32078625984252
20
-8.5367329133858263
11
7.3132872047244089
21
-8.5404824409448814
0
LINE
8
BLACK
6
CONTINUOUS
10
7.3132872047244089
20
-8.5404824409448814
11
7.3095376771653537
21
-8.5442319685039365
0
LINE
8
BLACK
6
CONTINUOUS
10
7.3095376771653537
20
-8.5442319685039365
11
7.3057881496062986
21
-8.5517310236220467
0
LINE
8
BLACK
6
CONTINUOUS
10
7.3057881496062986
20
-8.5517310236220467
11
7.3057881496062986
21
-8.5704786614173223
0
LINE
8
BLACK
6
CONTINUOUS
10
7.3057881496062986
20
-8.5704786614173223
11
7.3095376771653537
21
-8.5779777559055113
0
LINE
8
BLACK
6
CONTINUOUS
10
7.3095376771653537
20
-8.5779777559055113
11
7.3132872047244089
21
-8.5817272834645664
0
LINE
8
BLACK
6
CONTINUOUS
10
7.3132872047244089
20
-8.5817272834645664
11
7.32078625984252
21
-8.5854768110236215
0
LINE
8
BLACK
6
CONTINUOUS
10
7.32078625984252
20
-8.5854768110236215
11
7.3357844094488192
21
-8.5854768110236215
0
LINE
8
BLACK
6
CONTINUOUS
10
7.3357844094488192
20
-8.5854768110236215
11
7.3432834645669294
21
-8.5817272834645664
0
LINE
8
BLACK
6
CONTINUOUS
10
7.3432834645669294
20
-8.5817272834645664
11
7.3470329921259845
21
-8.5779777559055113
0
LINE
8
BLACK
6
CONTINUOUS
10
7.3470329921259845
20
-8.5779777559055113
11
7.3507825196850396
21
-8.5704786614173223
0
LINE
8
BLACK
6
CONTINUOUS
10
7.4445208267716536
20
-8.6154730708661411
11
7.4445208267716536
21
-8.5367329133858263
0
LINE
8
BLACK
6
CONTINUOUS
10
7.4782666141732284
20
-8.6154730708661411
11
7.4782666141732284
21
-8.5742282283464561
0
LINE
8
BLACK
6
CONTINUOUS
10
7.4782666141732284
20
-8.5742282283464561
11
7.4745170866141732
21
-8.5667291338582672
0
LINE
8
BLACK
6
CONTINUOUS
10
7.4745170866141732
20
-8.5667291338582672
11
7.467018031496063
21
-8.5629796062992121
0
LINE
8
BLACK
6
CONTINUOUS
10
7.467018031496063
20
-8.5629796062992121
11
7.4557694094488189
21
-8.5629796062992121
0
LINE
8
BLACK
6
CONTINUOUS
10
7.4557694094488189
20
-8.5629796062992121
11
7.4482703543307087
21
-8.5667291338582672
0
LINE
8
BLACK
6
CONTINUOUS
10
7.4482703543307087
20
-8.5667291338582672
11
7.4445208267716536
21
-8.5704786614173223
0
LINE
8
BLACK
6
CONTINUOUS
10
7.5270105118110235
20
-8.6154730708661411
11
7.5195114566929133
21
-8.611723543307086
0
LINE
8
BLACK
6
CONTINUOUS
10
7.5195114566929133
20
-8.611723543307086
11
7.5157619291338582
21
-8.6079739763779521
0
LINE
8
BLACK
6
CONTINUOUS
10
7.5157619291338582
20
-8.6079739763779521
11
7.5120124015748031
21
-8.6004749212598419
0
LINE
8
BLACK
6
CONTINUOUS
10
7.5120124015748031
20
-8.6004749212598419
11
7.5120124015748031
21
-8.5779777559055113
0
LINE
8
BLACK
6
CONTINUOUS
10
7.5120124015748031
20
-8.5779777559055113
11
7.5157619291338582
21
-8.5704786614173223
0
LINE
8
BLACK
6
CONTINUOUS
10
7.5157619291338582
20
-8.5704786614173223
11
7.5195114566929133
21
-8.5667291338582672
0
LINE
8
BLACK
6
CONTINUOUS
10
7.5195114566929133
20
-8.5667291338582672
11
7.5270105118110235
21
-8.5629796062992121
0
LINE
8
BLACK
6
CONTINUOUS
10
7.5270105118110235
20
-8.5629796062992121
11
7.5382591338582676
21
-8.5629796062992121
0
LINE
8
BLACK
6
CONTINUOUS
10
7.5382591338582676
20
-8.5629796062992121
11
7.5457581889763778
21
-8.5667291338582672
0
LINE
8
BLACK
6
CONTINUOUS
10
7.5457581889763778
20
-8.5667291338582672
11
7.549507716535433
21
-8.5704786614173223
0
LINE
8
BLACK
6
CONTINUOUS
10
7.549507716535433
20
-8.5704786614173223
11
7.5532572440944881
21
-8.5779777559055113
0
LINE
8
BLACK
6
CONTINUOUS
10
7.5532572440944881
20
-8.5779777559055113
11
7.5532572440944881
21
-8.6004749212598419
0
LINE
8
BLACK
6
CONTINUOUS
10
7.5532572440944881
20
-8.6004749212598419
11
7.549507716535433
21
-8.6079739763779521
0
LINE
8
BLACK
6
CONTINUOUS
10
7.549507716535433
20
-8.6079739763779521
11
7.5457581889763778
21
-8.611723543307086
0
LINE
8
BLACK
6
CONTINUOUS
10
7.5457581889763778
20
-8.611723543307086
11
7.5382591338582676
21
-8.6154730708661411
0
LINE
8
BLACK
6
CONTINUOUS
10
7.5382591338582676
20
-8.6154730708661411
11
7.5270105118110235
21
-8.6154730708661411
0
LINE
8
BLACK
6
CONTINUOUS
10
7.5982516141732281
20
-8.6154730708661411
11
7.5907525590551179
21
-8.611723543307086
0
LINE
8
BLACK
6
CONTINUOUS
10
7.5907525590551179
20
-8.611723543307086
11
7.5870030314960628
21
-8.604224448818897
0
LINE
8
BLACK
6
CONTINUOUS
10
7.5870030314960628
20
-8.604224448818897
11
7.5870030314960628
21
-8.5367329133858263
0
LINE
8
BLACK
6
CONTINUOUS
10
7.6582441338582674
20
-8.611723543307086
11
7.6507450787401572
21
-8.6154730708661411
0
LINE
8
BLACK
6
CONTINUOUS
10
7.6507450787401572
20
-8.6154730708661411
11
7.635746929133858
21
-8.6154730708661411
0
LINE
8
BLACK
6
CONTINUOUS
10
7.635746929133858
20
-8.6154730708661411
11
7.6282478740157478
21
-8.611723543307086
0
LINE
8
BLACK
6
CONTINUOUS
10
7.6282478740157478
20
-8.611723543307086
11
7.6244983464566927
21
-8.604224448818897
0
LINE
8
BLACK
6
CONTINUOUS
10
7.6244983464566927
20
-8.604224448818897
11
7.6244983464566927
21
-8.5742282283464561
0
LINE
8
BLACK
6
CONTINUOUS
10
7.6244983464566927
20
-8.5742282283464561
11
7.6282478740157478
21
-8.5667291338582672
0
LINE
8
BLACK
6
CONTINUOUS
10
7.6282478740157478
20
-8.5667291338582672
11
7.635746929133858
21
-8.5629796062992121
0
LINE
8
BLACK
6
CONTINUOUS
10
7.635746929133858
20
-8.5629796062992121
11
7.6507450787401572
21
-8.5629796062992121
0
LINE
8
BLACK
6
CONTINUOUS
10
7.6507450787401572
20
-8.5629796062992121
11
7.6582441338582674
21
-8.5667291338582672
0
LINE
8
BLACK
6
CONTINUOUS
10
7.6582441338582674
20
-8.5667291338582672
11
7.6619936614173225
21
-8.5742282283464561
0
LINE
8
BLACK
6
CONTINUOUS
10
7.6619936614173225
20
-8.5742282283464561
11
7.6619936614173225
21
-8.5817272834645664
0
LINE
8
BLACK
6
CONTINUOUS
10
7.6619936614173225
20
-8.5817272834645664
11
7.6244983464566927
21
-8.5892263385826766
0
LINE
8
BLACK
6
CONTINUOUS
10
7.6919899212598422
20
-8.611723543307086
11
7.6994889763779524
21
-8.6154730708661411
0
LINE
8
BLACK
6
CONTINUOUS
10
7.6994889763779524
20
-8.6154730708661411
11
7.7144870866141728
21
-8.6154730708661411
0
LINE
8
BLACK
6
CONTINUOUS
10
7.7144870866141728
20
-8.6154730708661411
11
7.7219861811023618
21
-8.611723543307086
0
LINE
8
BLACK
6
CONTINUOUS
10
7.7219861811023618
20
-8.611723543307086
11
7.7257357086614169
21
-8.604224448818897
0
LINE
8
BLACK
6
CONTINUOUS
10
7.7257357086614169
20
-8.604224448818897
11
7.7257357086614169
21
-8.6004749212598419
0
LINE
8
BLACK
6
CONTINUOUS
10
7.7257357086614169
20
-8.6004749212598419
11
7.7219861811023618
21
-8.5929758661417317
0
LINE
8
BLACK
6
CONTINUOUS
10
7.7219861811023618
20
-8.5929758661417317
11
7.7144870866141728
21
-8.5892263385826766
0
LINE
8
BLACK
6
CONTINUOUS
10
7.7144870866141728
20
-8.5892263385826766
11
7.7032385039370075
21
-8.5892263385826766
0
LINE
8
BLACK
6
CONTINUOUS
10
7.7032385039370075
20
-8.5892263385826766
11
7.6957394488188973
21
-8.5854768110236215
0
LINE
8
BLACK
6
CONTINUOUS
10
7.6957394488188973
20
-8.5854768110236215
11
7.6919899212598422
21
-8.5779777559055113
0
LINE
8
BLACK
6
CONTINUOUS
10
7.6919899212598422
20
-8.5779777559055113
11
7.6919899212598422
21
-8.5742282283464561
0
LINE
8
BLACK
6
CONTINUOUS
10
7.6919899212598422
20
-8.5742282283464561
11
7.6957394488188973
21
-8.5667291338582672
0
LINE
8
BLACK
6
CONTINUOUS
10
7.6957394488188973
20
-8.5667291338582672
11
7.7032385039370075
21
-8.5629796062992121
0
LINE
8
BLACK
6
CONTINUOUS
10
7.7032385039370075
20
-8.5629796062992121
11
7.7144870866141728
21
-8.5629796062992121
0
LINE
8
BLACK
6
CONTINUOUS
10
7.7144870866141728
20
-8.5629796062992121
11
7.7219861811023618
21
-8.5667291338582672
0
LINE
8
BLACK
6
CONTINUOUS
10
7.7519824409448814
20
-8.645469291338582
11
7.7557319685039365
21
-8.6417197637795269
0
LINE
8
BLACK
6
CONTINUOUS
10
7.7557319685039365
20
-8.6417197637795269
11
7.7632310236220468
21
-8.6304711811023616
0
LINE
8
BLACK
6
CONTINUOUS
10
7.7632310236220468
20
-8.6304711811023616
11
7.7669805511811019
21
-8.6229721259842513
0
LINE
8
BLACK
6
CONTINUOUS
10
7.7669805511811019
20
-8.6229721259842513
11
7.770730078740157
21
-8.611723543307086
0
LINE
8
BLACK
6
CONTINUOUS
10
7.770730078740157
20
-8.611723543307086
11
7.7744796062992121
21
-8.5929758661417317
0
LINE
8
BLACK
6
CONTINUOUS
10
7.7744796062992121
20
-8.5929758661417317
11
7.7744796062992121
21
-8.5779777559055113
0
LINE
8
BLACK
6
CONTINUOUS
10
7.7744796062992121
20
-8.5779777559055113
11
7.770730078740157
21
-8.559230078740157
0
LINE
8
BLACK
6
CONTINUOUS
10
7.770730078740157
20
-8.559230078740157
11
7.7669805511811019
21
-8.5479814960629916
0
LINE
8
BLACK
6
CONTINUOUS
10
7.7669805511811019
20
-8.5479814960629916
11
7.7632310236220468
21
-8.5404824409448814
0
LINE
8
BLACK
6
CONTINUOUS
10
7.7632310236220468
20
-8.5404824409448814
11
7.7557319685039365
21
-8.5292338188976373
0
LINE
8
BLACK
6
CONTINUOUS
10
7.7557319685039365
20
-8.5292338188976373
11
7.7519824409448814
21
-8.5254842913385822
0
LINE
8
BLACK
6
CONTINUOUS
10
5.7023700787401577
20
-8.6637077952755899
11
5.7023700787401577
21
-8.7030778740157473
0
LINE
8
BLACK
6
CONTINUOUS
10
5.682685039370079
20
-8.6833928346456695
11
5.7220551181102364
21
-8.6833928346456695
0
LINE
8
BLACK
6
CONTINUOUS
10
5.8659679921259844
20
-8.7194100787401574
11
5.8209736220472443
21
-8.7194100787401574
0
LINE
8
BLACK
6
CONTINUOUS
10
5.843470787401575
20
-8.7194100787401574
11
5.843470787401575
21
-8.6406699212598426
0
LINE
8
BLACK
6
CONTINUOUS
10
5.843470787401575
20
-8.6406699212598426
11
5.8359717322834648
21
-8.6519185039370079
0
LINE
8
BLACK
6
CONTINUOUS
10
5.8359717322834648
20
-8.6519185039370079
11
5.8284726771653546
21
-8.6594175590551181
0
LINE
8
BLACK
6
CONTINUOUS
10
5.8284726771653546
20
-8.6594175590551181
11
5.8209736220472443
21
-8.6631670866141732
0
LINE
8
BLACK
6
CONTINUOUS
10
5.8997137795275592
20
-8.7119109842519684
11
5.9034633070866143
21
-8.7156605511811023
0
LINE
8
BLACK
6
CONTINUOUS
10
5.9034633070866143
20
-8.7156605511811023
11
5.8997137795275592
21
-8.7194100787401574
0
LINE
8
BLACK
6
CONTINUOUS
10
5.8997137795275592
20
-8.7194100787401574
11
5.895964251968504
21
-8.7156605511811023
0
LINE
8
BLACK
6
CONTINUOUS
10
5.895964251968504
20
-8.7156605511811023
11
5.8997137795275592
21
-8.7119109842519684
0
LINE
8
BLACK
6
CONTINUOUS
10
5.8997137795275592
20
-8.7119109842519684
11
5.8997137795275592
21
-8.7194100787401574
0
LINE
8
BLACK
6
CONTINUOUS
10
5.9522072047244095
20
-8.6406699212598426
11
5.9597062992125984
21
-8.6406699212598426
0
LINE
8
BLACK
6
CONTINUOUS
10
5.9597062992125984
20
-8.6406699212598426
11
5.9672053543307086
21
-8.6444194488188977
0
LINE
8
BLACK
6
CONTINUOUS
10
5.9672053543307086
20
-8.6444194488188977
11
5.9709548818897638
21
-8.6481689763779528
0
LINE
8
BLACK
6
CONTINUOUS
10
5.9709548818897638
20
-8.6481689763779528
11
5.9747044094488189
21
-8.655668031496063
0
LINE
8
BLACK
6
CONTINUOUS
10
5.9747044094488189
20
-8.655668031496063
11
5.978453937007874
21
-8.6706661417322834
0
LINE
8
BLACK
6
CONTINUOUS
10
5.978453937007874
20
-8.6706661417322834
11
5.978453937007874
21
-8.6894138188976378
0
LINE
8
BLACK
6
CONTINUOUS
10
5.978453937007874
20
-8.6894138188976378
11
5.9747044094488189
21
-8.7044119291338582
0
LINE
8
BLACK
6
CONTINUOUS
10
5.9747044094488189
20
-8.7044119291338582
11
5.9709548818897638
21
-8.7119109842519684
0
LINE
8
BLACK
6
CONTINUOUS
10
5.9709548818897638
20
-8.7119109842519684
11
5.9672053543307086
21
-8.7156605511811023
0
LINE
8
BLACK
6
CONTINUOUS
10
5.9672053543307086
20
-8.7156605511811023
11
5.9597062992125984
21
-8.7194100787401574
0
LINE
8
BLACK
6
CONTINUOUS
10
5.9597062992125984
20
-8.7194100787401574
11
5.9522072047244095
21
-8.7194100787401574
0
LINE
8
BLACK
6
CONTINUOUS
10
5.9522072047244095
20
-8.7194100787401574
11
5.9447081496062992
21
-8.7156605511811023
0
LINE
8
BLACK
6
CONTINUOUS
10
5.9447081496062992
20
-8.7156605511811023
11
5.9409586220472441
21
-8.7119109842519684
0
LINE
8
BLACK
6
CONTINUOUS
10
5.9409586220472441
20
-8.7119109842519684
11
5.937209094488189
21
-8.7044119291338582
0
LINE
8
BLACK
6
CONTINUOUS
10
5.937209094488189
20
-8.7044119291338582
11
5.9334595669291339
21
-8.6894138188976378
0
LINE
8
BLACK
6
CONTINUOUS
10
5.9334595669291339
20
-8.6894138188976378
11
5.9334595669291339
21
-8.6706661417322834
0
LINE
8
BLACK
6
CONTINUOUS
10
5.9334595669291339
20
-8.6706661417322834
11
5.937209094488189
21
-8.655668031496063
0
LINE
8
BLACK
6
CONTINUOUS
10
5.937209094488189
20
-8.655668031496063
11
5.9409586220472441
21
-8.6481689763779528
0
LINE
8
BLACK
6
CONTINUOUS
10
5.9409586220472441
20
-8.6481689763779528
11
5.9447081496062992
21
-8.6444194488188977
0
LINE
8
BLACK
6
CONTINUOUS
10
5.9447081496062992
20
-8.6444194488188977
11
5.9522072047244095
21
-8.6406699212598426
0
LINE
8
BLACK
6
CONTINUOUS
10
6.0271978346456692
20
-8.6406699212598426
11
6.0346969291338581
21
-8.6406699212598426
0
LINE
8
BLACK
6
CONTINUOUS
10
6.0346969291338581
20
-8.6406699212598426
11
6.0421959842519684
21
-8.6444194488188977
0
LINE
8
BLACK
6
CONTINUOUS
10
6.0421959842519684
20
-8.6444194488188977
11
6.0459455118110235
21
-8.6481689763779528
0
LINE
8
BLACK
6
CONTINUOUS
10
6.0459455118110235
20
-8.6481689763779528
11
6.0496950393700786
21
-8.655668031496063
0
LINE
8
BLACK
6
CONTINUOUS
10
6.0496950393700786
20
-8.655668031496063
11
6.0534445669291337
21
-8.6706661417322834
0
LINE
8
BLACK
6
CONTINUOUS
10
6.0534445669291337
20
-8.6706661417322834
11
6.0534445669291337
21
-8.6894138188976378
0
LINE
8
BLACK
6
CONTINUOUS
10
6.0534445669291337
20
-8.6894138188976378
11
6.0496950393700786
21
-8.7044119291338582
0
LINE
8
BLACK
6
CONTINUOUS
10
6.0496950393700786
20
-8.7044119291338582
11
6.0459455118110235
21
-8.7119109842519684
0
LINE
8
BLACK
6
CONTINUOUS
10
6.0459455118110235
20
-8.7119109842519684
11
6.0421959842519684
21
-8.7156605511811023
0
LINE
8
BLACK
6
CONTINUOUS
10
6.0421959842519684
20
-8.7156605511811023
11
6.0346969291338581
21
-8.7194100787401574
0
LINE
8
BLACK
6
CONTINUOUS
10
6.0346969291338581
20
-8.7194100787401574
11
6.0271978346456692
21
-8.7194100787401574
0
LINE
8
BLACK
6
CONTINUOUS
10
6.0271978346456692
20
-8.7194100787401574
11
6.0196987795275589
21
-8.7156605511811023
0
LINE
8
BLACK
6
CONTINUOUS
10
6.0196987795275589
20
-8.7156605511811023
11
6.0159492519685038
21
-8.7119109842519684
0
LINE
8
BLACK
6
CONTINUOUS
10
6.0159492519685038
20
-8.7119109842519684
11
6.0121997244094487
21
-8.7044119291338582
0
LINE
8
BLACK
6
CONTINUOUS
10
6.0121997244094487
20
-8.7044119291338582
11
6.0084501968503936
21
-8.6894138188976378
0
LINE
8
BLACK
6
CONTINUOUS
10
6.0084501968503936
20
-8.6894138188976378
11
6.0084501968503936
21
-8.6706661417322834
0
LINE
8
BLACK
6
CONTINUOUS
10
6.0084501968503936
20
-8.6706661417322834
11
6.0121997244094487
21
-8.655668031496063
0
LINE
8
BLACK
6
CONTINUOUS
10
6.0121997244094487
20
-8.655668031496063
11
6.0159492519685038
21
-8.6481689763779528
0
LINE
8
BLACK
6
CONTINUOUS
10
6.0159492519685038
20
-8.6481689763779528
11
6.0196987795275589
21
-8.6444194488188977
0
LINE
8
BLACK
6
CONTINUOUS
10
6.0196987795275589
20
-8.6444194488188977
11
6.0271978346456692
21
-8.6406699212598426
0
LINE
8
BLACK
6
CONTINUOUS
10
6.1021884645669289
20
-8.6406699212598426
11
6.1096875590551178
21
-8.6406699212598426
0
LINE
8
BLACK
6
CONTINUOUS
10
6.1096875590551178
20
-8.6406699212598426
11
6.1171866141732281
21
-8.6444194488188977
0
LINE
8
BLACK
6
CONTINUOUS
10
6.1171866141732281
20
-8.6444194488188977
11
6.1209361417322832
21
-8.6481689763779528
0
LINE
8
BLACK
6
CONTINUOUS
10
6.1209361417322832
20
-8.6481689763779528
11
6.1246856692913383
21
-8.655668031496063
0
LINE
8
BLACK
6
CONTINUOUS
10
6.1246856692913383
20
-8.655668031496063
11
6.1284351968503934
21
-8.6706661417322834
0
LINE
8
BLACK
6
CONTINUOUS
10
6.1284351968503934
20
-8.6706661417322834
11
6.1284351968503934
21
-8.6894138188976378
0
LINE
8
BLACK
6
CONTINUOUS
10
6.1284351968503934
20
-8.6894138188976378
11
6.1246856692913383
21
-8.7044119291338582
0
LINE
8
BLACK
6
CONTINUOUS
10
6.1246856692913383
20
-8.7044119291338582
11
6.1209361417322832
21
-8.7119109842519684
0
LINE
8
BLACK
6
CONTINUOUS
10
6.1209361417322832
20
-8.7119109842519684
11
6.1171866141732281
21
-8.7156605511811023
0
LINE
8
BLACK
6
CONTINUOUS
10
6.1171866141732281
20
-8.7156605511811023
11
6.1096875590551178
21
-8.7194100787401574
0
LINE
8
BLACK
6
CONTINUOUS
10
6.1096875590551178
20
-8.7194100787401574
11
6.1021884645669289
21
-8.7194100787401574
0
LINE
8
BLACK
6
CONTINUOUS
10
6.1021884645669289
20
-8.7194100787401574
11
6.0946894094488187
21
-8.7156605511811023
0
LINE
8
BLACK
6
CONTINUOUS
10
6.0946894094488187
20
-8.7156605511811023
11
6.0909398818897635
21
-8.7119109842519684
0
LINE
8
BLACK
6
CONTINUOUS
10
6.0909398818897635
20
-8.7119109842519684
11
6.0871903543307084
21
-8.7044119291338582
0
LINE
8
BLACK
6
CONTINUOUS
10
6.0871903543307084
20
-8.7044119291338582
11
6.0834408267716533
21
-8.6894138188976378
0
LINE
8
BLACK
6
CONTINUOUS
10
6.0834408267716533
20
-8.6894138188976378
11
6.0834408267716533
21
-8.6706661417322834
0
LINE
8
BLACK
6
CONTINUOUS
10
6.0834408267716533
20
-8.6706661417322834
11
6.0871903543307084
21
-8.655668031496063
0
LINE
8
BLACK
6
CONTINUOUS
10
6.0871903543307084
20
-8.655668031496063
11
6.0909398818897635
21
-8.6481689763779528
0
LINE
8
BLACK
6
CONTINUOUS
10
6.0909398818897635
20
-8.6481689763779528
11
6.0946894094488187
21
-8.6444194488188977
0
LINE
8
BLACK
6
CONTINUOUS
10
6.0946894094488187
20
-8.6444194488188977
11
6.1021884645669289
21
-8.6406699212598426
0
LINE
8
BLACK
6
CONTINUOUS
10
6.1621809842519681
20
-8.7194100787401574
11
6.1621809842519681
21
-8.6669166141732283
0
LINE
8
BLACK
6
CONTINUOUS
10
6.1621809842519681
20
-8.6744156692913386
11
6.1659305118110233
21
-8.6706661417322834
0
LINE
8
BLACK
6
CONTINUOUS
10
6.1659305118110233
20
-8.6706661417322834
11
6.1734295669291335
21
-8.6669166141732283
0
LINE
8
BLACK
6
CONTINUOUS
10
6.1734295669291335
20
-8.6669166141732283
11
6.1846781889763776
21
-8.6669166141732283
0
LINE
8
BLACK
6
CONTINUOUS
10
6.1846781889763776
20
-8.6669166141732283
11
6.1921772440944878
21
-8.6706661417322834
0
LINE
8
BLACK
6
CONTINUOUS
10
6.1921772440944878
20
-8.6706661417322834
11
6.1959267716535429
21
-8.6781652362204724
0
LINE
8
BLACK
6
CONTINUOUS
10
6.1959267716535429
20
-8.6781652362204724
11
6.1959267716535429
21
-8.7194100787401574
0
LINE
8
BLACK
6
CONTINUOUS
10
6.1959267716535429
20
-8.6781652362204724
11
6.199676299212598
21
-8.6706661417322834
0
LINE
8
BLACK
6
CONTINUOUS
10
6.199676299212598
20
-8.6706661417322834
11
6.2071753543307082
21
-8.6669166141732283
0
LINE
8
BLACK
6
CONTINUOUS
10
6.2071753543307082
20
-8.6669166141732283
11
6.2184239370078735
21
-8.6669166141732283
0
LINE
8
BLACK
6
CONTINUOUS
10
6.2184239370078735
20
-8.6669166141732283
11
6.2259230314960625
21
-8.6706661417322834
0
LINE
8
BLACK
6
CONTINUOUS
10
6.2259230314960625
20
-8.6706661417322834
11
6.2296725590551176
21
-8.6781652362204724
0
LINE
8
BLACK
6
CONTINUOUS
10
6.2296725590551176
20
-8.6781652362204724
11
6.2296725590551176
21
-8.7194100787401574
0
LINE
8
BLACK
6
CONTINUOUS
10
6.2671678740157475
20
-8.7194100787401574
11
6.2671678740157475
21
-8.6669166141732283
0
LINE
8
BLACK
6
CONTINUOUS
10
6.2671678740157475
20
-8.6744156692913386
11
6.2709174015748026
21
-8.6706661417322834
0
LINE
8
BLACK
6
CONTINUOUS
10
6.2709174015748026
20
-8.6706661417322834
11
6.2784164566929128
21
-8.6669166141732283
0
LINE
8
BLACK
6
CONTINUOUS
10
6.2784164566929128
20
-8.6669166141732283
11
6.2896650787401569
21
-8.6669166141732283
0
LINE
8
BLACK
6
CONTINUOUS
10
6.2896650787401569
20
-8.6669166141732283
11
6.297164133858268
21
-8.6706661417322834
0
LINE
8
BLACK
6
CONTINUOUS
10
6.297164133858268
20
-8.6706661417322834
11
6.3009136614173231
21
-8.6781652362204724
0
LINE
8
BLACK
6
CONTINUOUS
10
6.3009136614173231
20
-8.6781652362204724
11
6.3009136614173231
21
-8.7194100787401574
0
LINE
8
BLACK
6
CONTINUOUS
10
6.3009136614173231
20
-8.6781652362204724
11
6.3046631889763782
21
-8.6706661417322834
0
LINE
8
BLACK
6
CONTINUOUS
10
6.3046631889763782
20
-8.6706661417322834
11
6.3121622440944885
21
-8.6669166141732283
0
LINE
8
BLACK
6
CONTINUOUS
10
6.3121622440944885
20
-8.6669166141732283
11
6.3234108267716538
21
-8.6669166141732283
0
LINE
8
BLACK
6
CONTINUOUS
10
6.3234108267716538
20
-8.6669166141732283
11
6.3309099212598428
21
-8.6706661417322834
0
LINE
8
BLACK
6
CONTINUOUS
10
6.3309099212598428
20
-8.6706661417322834
11
6.3346594488188979
21
-8.6781652362204724
0
LINE
8
BLACK
6
CONTINUOUS
10
6.3346594488188979
20
-8.6781652362204724
11
6.3346594488188979
21
-8.7194100787401574
0
LINE
8
BLACK
6
CONTINUOUS
10
6.4883902362204724
20
-8.6369203937007875
11
6.4208987007874017
21
-8.7381577165354329
0
LINE
8
BLACK
6
CONTINUOUS
10
6.5896275984251966
20
-8.6406699212598426
11
6.5971266929133856
21
-8.6406699212598426
0
LINE
8
BLACK
6
CONTINUOUS
10
6.5971266929133856
20
-8.6406699212598426
11
6.6046257480314958
21
-8.6444194488188977
0
LINE
8
BLACK
6
CONTINUOUS
10
6.6046257480314958
20
-8.6444194488188977
11
6.6083752755905509
21
-8.6481689763779528
0
LINE
8
BLACK
6
CONTINUOUS
10
6.6083752755905509
20
-8.6481689763779528
11
6.612124803149606
21
-8.655668031496063
0
LINE
8
BLACK
6
CONTINUOUS
10
6.612124803149606
20
-8.655668031496063
11
6.6158743307086612
21
-8.6706661417322834
0
LINE
8
BLACK
6
CONTINUOUS
10
6.6158743307086612
20
-8.6706661417322834
11
6.6158743307086612
21
-8.6894138188976378
0
LINE
8
BLACK
6
CONTINUOUS
10
6.6158743307086612
20
-8.6894138188976378
11
6.612124803149606
21
-8.7044119291338582
0
LINE
8
BLACK
6
CONTINUOUS
10
6.612124803149606
20
-8.7044119291338582
11
6.6083752755905509
21
-8.7119109842519684
0
LINE
8
BLACK
6
CONTINUOUS
10
6.6083752755905509
20
-8.7119109842519684
11
6.6046257480314958
21
-8.7156605511811023
0
LINE
8
BLACK
6
CONTINUOUS
10
6.6046257480314958
20
-8.7156605511811023
11
6.5971266929133856
21
-8.7194100787401574
0
LINE
8
BLACK
6
CONTINUOUS
10
6.5971266929133856
20
-8.7194100787401574
11
6.5896275984251966
21
-8.7194100787401574
0
LINE
8
BLACK
6
CONTINUOUS
10
6.5896275984251966
20
-8.7194100787401574
11
6.5821285433070864
21
-8.7156605511811023
0
LINE
8
BLACK
6
CONTINUOUS
10
6.5821285433070864
20
-8.7156605511811023
11
6.5783790157480313
21
-8.7119109842519684
0
LINE
8
BLACK
6
CONTINUOUS
10
6.5783790157480313
20
-8.7119109842519684
11
6.5746294881889762
21
-8.7044119291338582
0
LINE
8
BLACK
6
CONTINUOUS
10
6.5746294881889762
20
-8.7044119291338582
11
6.5708799606299211
21
-8.6894138188976378
0
LINE
8
BLACK
6
CONTINUOUS
10
6.5708799606299211
20
-8.6894138188976378
11
6.5708799606299211
21
-8.6706661417322834
0
LINE
8
BLACK
6
CONTINUOUS
10
6.5708799606299211
20
-8.6706661417322834
11
6.5746294881889762
21
-8.655668031496063
0
LINE
8
BLACK
6
CONTINUOUS
10
6.5746294881889762
20
-8.655668031496063
11
6.5783790157480313
21
-8.6481689763779528
0
LINE
8
BLACK
6
CONTINUOUS
10
6.5783790157480313
20
-8.6481689763779528
11
6.5821285433070864
21
-8.6444194488188977
0
LINE
8
BLACK
6
CONTINUOUS
10
6.5821285433070864
20
-8.6444194488188977
11
6.5896275984251966
21
-8.6406699212598426
0
LINE
8
BLACK
6
CONTINUOUS
10
6.6496201181102359
20
-8.7119109842519684
11
6.653369645669291
21
-8.7156605511811023
0
LINE
8
BLACK
6
CONTINUOUS
10
6.653369645669291
20
-8.7156605511811023
11
6.6496201181102359
21
-8.7194100787401574
0
LINE
8
BLACK
6
CONTINUOUS
10
6.6496201181102359
20
-8.7194100787401574
11
6.6458705905511808
21
-8.7156605511811023
0
LINE
8
BLACK
6
CONTINUOUS
10
6.6458705905511808
20
-8.7156605511811023
11
6.6496201181102359
21
-8.7119109842519684
0
LINE
8
BLACK
6
CONTINUOUS
10
6.6496201181102359
20
-8.7119109842519684
11
6.6496201181102359
21
-8.7194100787401574
0
LINE
8
BLACK
6
CONTINUOUS
10
6.7021135433070862
20
-8.6406699212598426
11
6.7096126377952752
21
-8.6406699212598426
0
LINE
8
BLACK
6
CONTINUOUS
10
6.7096126377952752
20
-8.6406699212598426
11
6.7171116929133854
21
-8.6444194488188977
0
LINE
8
BLACK
6
CONTINUOUS
10
6.7171116929133854
20
-8.6444194488188977
11
6.7208612204724405
21
-8.6481689763779528
0
LINE
8
BLACK
6
CONTINUOUS
10
6.7208612204724405
20
-8.6481689763779528
11
6.7246107480314956
21
-8.655668031496063
0
LINE
8
BLACK
6
CONTINUOUS
10
6.7246107480314956
20
-8.655668031496063
11
6.7283602755905507
21
-8.6706661417322834
0
LINE
8
BLACK
6
CONTINUOUS
10
6.7283602755905507
20
-8.6706661417322834
11
6.7283602755905507
21
-8.6894138188976378
0
LINE
8
BLACK
6
CONTINUOUS
10
6.7283602755905507
20
-8.6894138188976378
11
6.7246107480314956
21
-8.7044119291338582
0
LINE
8
BLACK
6
CONTINUOUS
10
6.7246107480314956
20
-8.7044119291338582
11
6.7208612204724405
21
-8.7119109842519684
0
LINE
8
BLACK
6
CONTINUOUS
10
6.7208612204724405
20
-8.7119109842519684
11
6.7171116929133854
21
-8.7156605511811023
0
LINE
8
BLACK
6
CONTINUOUS
10
6.7171116929133854
20
-8.7156605511811023
11
6.7096126377952752
21
-8.7194100787401574
0
LINE
8
BLACK
6
CONTINUOUS
10
6.7096126377952752
20
-8.7194100787401574
11
6.7021135433070862
21
-8.7194100787401574
0
LINE
8
BLACK
6
CONTINUOUS
10
6.7021135433070862
20
-8.7194100787401574
11
6.694614488188976
21
-8.7156605511811023
0
LINE
8
BLACK
6
CONTINUOUS
10
6.694614488188976
20
-8.7156605511811023
11
6.6908649606299209
21
-8.7119109842519684
0
LINE
8
BLACK
6
CONTINUOUS
10
6.6908649606299209
20
-8.7119109842519684
11
6.6871154330708658
21
-8.7044119291338582
0
LINE
8
BLACK
6
CONTINUOUS
10
6.6871154330708658
20
-8.7044119291338582
11
6.6833659055118106
21
-8.6894138188976378
0
LINE
8
BLACK
6
CONTINUOUS
10
6.6833659055118106
20
-8.6894138188976378
11
6.6833659055118106
21
-8.6706661417322834
0
LINE
8
BLACK
6
CONTINUOUS
10
6.6833659055118106
20
-8.6706661417322834
11
6.6871154330708658
21
-8.655668031496063
0
LINE
8
BLACK
6
CONTINUOUS
10
6.6871154330708658
20
-8.655668031496063
11
6.6908649606299209
21
-8.6481689763779528
0
LINE
8
BLACK
6
CONTINUOUS
10
6.6908649606299209
20
-8.6481689763779528
11
6.694614488188976
21
-8.6444194488188977
0
LINE
8
BLACK
6
CONTINUOUS
10
6.694614488188976
20
-8.6444194488188977
11
6.7021135433070862
21
-8.6406699212598426
0
LINE
8
BLACK
6
CONTINUOUS
10
6.7546070078740152
20
-8.6406699212598426
11
6.8033509055118104
21
-8.6406699212598426
0
LINE
8
BLACK
6
CONTINUOUS
10
6.8033509055118104
20
-8.6406699212598426
11
6.7771041732283459
21
-8.6706661417322834
0
LINE
8
BLACK
6
CONTINUOUS
10
6.7771041732283459
20
-8.6706661417322834
11
6.78835279527559
21
-8.6706661417322834
0
LINE
8
BLACK
6
CONTINUOUS
10
6.78835279527559
20
-8.6706661417322834
11
6.7958518503937002
21
-8.6744156692913386
0
LINE
8
BLACK
6
CONTINUOUS
10
6.7958518503937002
20
-8.6744156692913386
11
6.7996013779527553
21
-8.6781652362204724
0
LINE
8
BLACK
6
CONTINUOUS
10
6.7996013779527553
20
-8.6781652362204724
11
6.8033509055118104
21
-8.6856642913385826
0
LINE
8
BLACK
6
CONTINUOUS
10
6.8033509055118104
20
-8.6856642913385826
11
6.8033509055118104
21
-8.7044119291338582
0
LINE
8
BLACK
6
CONTINUOUS
10
6.8033509055118104
20
-8.7044119291338582
11
6.7996013779527553
21
-8.7119109842519684
0
LINE
8
BLACK
6
CONTINUOUS
10
6.7996013779527553
20
-8.7119109842519684
11
6.7958518503937002
21
-8.7156605511811023
0
LINE
8
BLACK
6
CONTINUOUS
10
6.7958518503937002
20
-8.7156605511811023
11
6.78835279527559
21
-8.7194100787401574
0
LINE
8
BLACK
6
CONTINUOUS
10
6.78835279527559
20
-8.7194100787401574
11
6.7658555905511806
21
-8.7194100787401574
0
LINE
8
BLACK
6
CONTINUOUS
10
6.7658555905511806
20
-8.7194100787401574
11
6.7583565354330704
21
-8.7156605511811023
0
LINE
8
BLACK
6
CONTINUOUS
10
6.7583565354330704
20
-8.7156605511811023
11
6.7546070078740152
21
-8.7119109842519684
0
LINE
8
BLACK
6
CONTINUOUS
10
6.8408462204724412
20
-8.7194100787401574
11
6.8558443307086616
21
-8.7194100787401574
0
LINE
8
BLACK
6
CONTINUOUS
10
6.8558443307086616
20
-8.7194100787401574
11
6.8633434251968506
21
-8.7156605511811023
0
LINE
8
BLACK
6
CONTINUOUS
10
6.8633434251968506
20
-8.7156605511811023
11
6.8670929527559057
21
-8.7119109842519684
0
LINE
8
BLACK
6
CONTINUOUS
10
6.8670929527559057
20
-8.7119109842519684
11
6.8745920078740159
21
-8.7006624015748031
0
LINE
8
BLACK
6
CONTINUOUS
10
6.8745920078740159
20
-8.7006624015748031
11
6.878341535433071
21
-8.6856642913385826
0
LINE
8
BLACK
6
CONTINUOUS
10
6.878341535433071
20
-8.6856642913385826
11
6.878341535433071
21
-8.655668031496063
0
LINE
8
BLACK
6
CONTINUOUS
10
6.878341535433071
20
-8.655668031496063
11
6.8745920078740159
21
-8.6481689763779528
0
LINE
8
BLACK
6
CONTINUOUS
10
6.8745920078740159
20
-8.6481689763779528
11
6.8708424803149608
21
-8.6444194488188977
0
LINE
8
BLACK
6
CONTINUOUS
10
6.8708424803149608
20
-8.6444194488188977
11
6.8633434251968506
21
-8.6406699212598426
0
LINE
8
BLACK
6
CONTINUOUS
10
6.8633434251968506
20
-8.6406699212598426
11
6.8483452755905514
21
-8.6406699212598426
0
LINE
8
BLACK
6
CONTINUOUS
10
6.8483452755905514
20
-8.6406699212598426
11
6.8408462204724412
21
-8.6444194488188977
0
LINE
8
BLACK
6
CONTINUOUS
10
6.8408462204724412
20
-8.6444194488188977
11
6.8370966929133861
21
-8.6481689763779528
0
LINE
8
BLACK
6
CONTINUOUS
10
6.8370966929133861
20
-8.6481689763779528
11
6.833347165354331
21
-8.655668031496063
0
LINE
8
BLACK
6
CONTINUOUS
10
6.833347165354331
20
-8.655668031496063
11
6.833347165354331
21
-8.6744156692913386
0
LINE
8
BLACK
6
CONTINUOUS
10
6.833347165354331
20
-8.6744156692913386
11
6.8370966929133861
21
-8.6819147637795275
0
LINE
8
BLACK
6
CONTINUOUS
10
6.8370966929133861
20
-8.6819147637795275
11
6.8408462204724412
21
-8.6856642913385826
0
LINE
8
BLACK
6
CONTINUOUS
10
6.8408462204724412
20
-8.6856642913385826
11
6.8483452755905514
21
-8.6894138188976378
0
LINE
8
BLACK
6
CONTINUOUS
10
6.8483452755905514
20
-8.6894138188976378
11
6.8633434251968506
21
-8.6894138188976378
0
LINE
8
BLACK
6
CONTINUOUS
10
6.8633434251968506
20
-8.6894138188976378
11
6.8708424803149608
21
-8.6856642913385826
0
LINE
8
BLACK
6
CONTINUOUS
10
6.8708424803149608
20
-8.6856642913385826
11
6.8745920078740159
21
-8.6819147637795275
0
LINE
8
BLACK
6
CONTINUOUS
10
6.8745920078740159
20
-8.6819147637795275
11
6.878341535433071
21
-8.6744156692913386
0
LINE
8
BLACK
6
CONTINUOUS
10
6.9458331102362205
20
-8.6669166141732283
11
6.9458331102362205
21
-8.7194100787401574
0
LINE
8
BLACK
6
CONTINUOUS
10
6.9270854330708662
20
-8.6369203937007875
11
6.9083377952755907
21
-8.6931633464566929
0
LINE
8
BLACK
6
CONTINUOUS
10
6.9083377952755907
20
-8.6931633464566929
11
6.9570816929133859
21
-8.6931633464566929
0
LINE
8
BLACK
6
CONTINUOUS
10
6.9833284251968504
20
-8.6406699212598426
11
6.9833284251968504
21
-8.655668031496063
0
LINE
8
BLACK
6
CONTINUOUS
10
7.01332468503937
20
-8.6406699212598426
11
7.01332468503937
21
-8.655668031496063
0
LINE
8
BLACK
6
CONTINUOUS
10
7.1295601968503934
20
-8.7494062992125983
11
7.1258106299212596
21
-8.7456567716535432
0
LINE
8
BLACK
6
CONTINUOUS
10
7.1258106299212596
20
-8.7456567716535432
11
7.1183115748031494
21
-8.7344081889763778
0
LINE
8
BLACK
6
CONTINUOUS
10
7.1183115748031494
20
-8.7344081889763778
11
7.1145620472440942
21
-8.7269091338582676
0
LINE
8
BLACK
6
CONTINUOUS
10
7.1145620472440942
20
-8.7269091338582676
11
7.1108125196850391
21
-8.7156605511811023
0
LINE
8
BLACK
6
CONTINUOUS
10
7.1108125196850391
20
-8.7156605511811023
11
7.107062992125984
21
-8.696912874015748
0
LINE
8
BLACK
6
CONTINUOUS
10
7.107062992125984
20
-8.696912874015748
11
7.107062992125984
21
-8.6819147637795275
0
LINE
8
BLACK
6
CONTINUOUS
10
7.107062992125984
20
-8.6819147637795275
11
7.1108125196850391
21
-8.6631670866141732
0
LINE
8
BLACK
6
CONTINUOUS
10
7.1108125196850391
20
-8.6631670866141732
11
7.1145620472440942
21
-8.6519185039370079
0
LINE
8
BLACK
6
CONTINUOUS
10
7.1145620472440942
20
-8.6519185039370079
11
7.1183115748031494
21
-8.6444194488188977
0
LINE
8
BLACK
6
CONTINUOUS
10
7.1183115748031494
20
-8.6444194488188977
11
7.1258106299212596
21
-8.6331708267716536
0
LINE
8
BLACK
6
CONTINUOUS
10
7.1258106299212596
20
-8.6331708267716536
11
7.1295601968503934
21
-8.6294212992125985
0
LINE
8
BLACK
6
CONTINUOUS
10
7.1520573622047241
20
-8.6406699212598426
11
7.2008012598425193
21
-8.6406699212598426
0
LINE
8
BLACK
6
CONTINUOUS
10
7.2008012598425193
20
-8.6406699212598426
11
7.1745545275590548
21
-8.6706661417322834
0
LINE
8
BLACK
6
CONTINUOUS
10
7.1745545275590548
20
-8.6706661417322834
11
7.1858031496062988
21
-8.6706661417322834
0
LINE
8
BLACK
6
CONTINUOUS
10
7.1858031496062988
20
-8.6706661417322834
11
7.1933022047244091
21
-8.6744156692913386
0
LINE
8
BLACK
6
CONTINUOUS
10
7.1933022047244091
20
-8.6744156692913386
11
7.1970517322834642
21
-8.6781652362204724
0
LINE
8
BLACK
6
CONTINUOUS
10
7.1970517322834642
20
-8.6781652362204724
11
7.2008012598425193
21
-8.6856642913385826
0
LINE
8
BLACK
6
CONTINUOUS
10
7.2008012598425193
20
-8.6856642913385826
11
7.2008012598425193
21
-8.7044119291338582
0
LINE
8
BLACK
6
CONTINUOUS
10
7.2008012598425193
20
-8.7044119291338582
11
7.1970517322834642
21
-8.7119109842519684
0
LINE
8
BLACK
6
CONTINUOUS
10
7.1970517322834642
20
-8.7119109842519684
11
7.1933022047244091
21
-8.7156605511811023
0
LINE
8
BLACK
6
CONTINUOUS
10
7.1933022047244091
20
-8.7156605511811023
11
7.1858031496062988
21
-8.7194100787401574
0
LINE
8
BLACK
6
CONTINUOUS
10
7.1858031496062988
20
-8.7194100787401574
11
7.1633059448818894
21
-8.7194100787401574
0
LINE
8
BLACK
6
CONTINUOUS
10
7.1633059448818894
20
-8.7194100787401574
11
7.1558068897637792
21
-8.7156605511811023
0
LINE
8
BLACK
6
CONTINUOUS
10
7.1558068897637792
20
-8.7156605511811023
11
7.1520573622047241
21
-8.7119109842519684
0
LINE
8
BLACK
6
CONTINUOUS
10
7.2945395669291333
20
-8.7194100787401574
11
7.2945395669291333
21
-8.6406699212598426
0
LINE
8
BLACK
6
CONTINUOUS
10
7.3282853543307089
20
-8.7194100787401574
11
7.3282853543307089
21
-8.6781652362204724
0
LINE
8
BLACK
6
CONTINUOUS
10
7.3282853543307089
20
-8.6781652362204724
11
7.3245358267716529
21
-8.6706661417322834
0
LINE
8
BLACK
6
CONTINUOUS
10
7.3245358267716529
20
-8.6706661417322834
11
7.3170367716535427
21
-8.6669166141732283
0
LINE
8
BLACK
6
CONTINUOUS
10
7.3170367716535427
20
-8.6669166141732283
11
7.3057881496062986
21
-8.6669166141732283
0
LINE
8
BLACK
6
CONTINUOUS
10
7.3057881496062986
20
-8.6669166141732283
11
7.2982890944881884
21
-8.6706661417322834
0
LINE
8
BLACK
6
CONTINUOUS
10
7.2982890944881884
20
-8.6706661417322834
11
7.2945395669291333
21
-8.6744156692913386
0
LINE
8
BLACK
6
CONTINUOUS
10
7.3770292519685041
20
-8.7194100787401574
11
7.3695301968503939
21
-8.7156605511811023
0
LINE
8
BLACK
6
CONTINUOUS
10
7.3695301968503939
20
-8.7156605511811023
11
7.3657806692913388
21
-8.7119109842519684
0
LINE
8
BLACK
6
CONTINUOUS
10
7.3657806692913388
20
-8.7119109842519684
11
7.3620311417322837
21
-8.7044119291338582
0
LINE
8
BLACK
6
CONTINUOUS
10
7.3620311417322837
20
-8.7044119291338582
11
7.3620311417322837
21
-8.6819147637795275
0
LINE
8
BLACK
6
CONTINUOUS
10
7.3620311417322837
20
-8.6819147637795275
11
7.3657806692913388
21
-8.6744156692913386
0
LINE
8
BLACK
6
CONTINUOUS
10
7.3657806692913388
20
-8.6744156692913386
11
7.3695301968503939
21
-8.6706661417322834
0
LINE
8
BLACK
6
CONTINUOUS
10
7.3695301968503939
20
-8.6706661417322834
11
7.3770292519685041
21
-8.6669166141732283
0
LINE
8
BLACK
6
CONTINUOUS
10
7.3770292519685041
20
-8.6669166141732283
11
7.3882778740157482
21
-8.6669166141732283
0
LINE
8
BLACK
6
CONTINUOUS
10
7.3882778740157482
20
-8.6669166141732283
11
7.3957769291338584
21
-8.6706661417322834
0
LINE
8
BLACK
6
CONTINUOUS
10
7.3957769291338584
20
-8.6706661417322834
11
7.3995264566929135
21
-8.6744156692913386
0
LINE
8
BLACK
6
CONTINUOUS
10
7.3995264566929135
20
-8.6744156692913386
11
7.4032759842519686
21
-8.6819147637795275
0
LINE
8
BLACK
6
CONTINUOUS
10
7.4032759842519686
20
-8.6819147637795275
11
7.4032759842519686
21
-8.7044119291338582
0
LINE
8
BLACK
6
CONTINUOUS
10
7.4032759842519686
20
-8.7044119291338582
11
7.3995264566929135
21
-8.7119109842519684
0
LINE
8
BLACK
6
CONTINUOUS
10
7.3995264566929135
20
-8.7119109842519684
11
7.3957769291338584
21
-8.7156605511811023
0
LINE
8
BLACK
6
CONTINUOUS
10
7.3957769291338584
20
-8.7156605511811023
11
7.3882778740157482
21
-8.7194100787401574
0
LINE
8
BLACK
6
CONTINUOUS
10
7.3882778740157482
20
-8.7194100787401574
11
7.3770292519685041
21
-8.7194100787401574
0
LINE
8
BLACK
6
CONTINUOUS
10
7.4482703543307087
20
-8.7194100787401574
11
7.4407712992125985
21
-8.7156605511811023
0
LINE
8
BLACK
6
CONTINUOUS
10
7.4407712992125985
20
-8.7156605511811023
11
7.4370217716535434
21
-8.7081614566929133
0
LINE
8
BLACK
6
CONTINUOUS
10
7.4370217716535434
20
-8.7081614566929133
11
7.4370217716535434
21
-8.6406699212598426
0
LINE
8
BLACK
6
CONTINUOUS
10
7.508262874015748
20
-8.7156605511811023
11
7.5007638188976378
21
-8.7194100787401574
0
LINE
8
BLACK
6
CONTINUOUS
10
7.5007638188976378
20
-8.7194100787401574
11
7.4857656692913386
21
-8.7194100787401574
0
LINE
8
BLACK
6
CONTINUOUS
10
7.4857656692913386
20
-8.7194100787401574
11
7.4782666141732284
21
-8.7156605511811023
0
LINE
8
BLACK
6
CONTINUOUS
10
7.4782666141732284
20
-8.7156605511811023
11
7.4745170866141732
21
-8.7081614566929133
0
LINE
8
BLACK
6
CONTINUOUS
10
7.4745170866141732
20
-8.7081614566929133
11
7.4745170866141732
21
-8.6781652362204724
0
LINE
8
BLACK
6
CONTINUOUS
10
7.4745170866141732
20
-8.6781652362204724
11
7.4782666141732284
21
-8.6706661417322834
0
LINE
8
BLACK
6
CONTINUOUS
10
7.4782666141732284
20
-8.6706661417322834
11
7.4857656692913386
21
-8.6669166141732283
0
LINE
8
BLACK
6
CONTINUOUS
10
7.4857656692913386
20
-8.6669166141732283
11
7.5007638188976378
21
-8.6669166141732283
0
LINE
8
BLACK
6
CONTINUOUS
10
7.5007638188976378
20
-8.6669166141732283
11
7.508262874015748
21
-8.6706661417322834
0
LINE
8
BLACK
6
CONTINUOUS
10
7.508262874015748
20
-8.6706661417322834
11
7.5120124015748031
21
-8.6781652362204724
0
LINE
8
BLACK
6
CONTINUOUS
10
7.5120124015748031
20
-8.6781652362204724
11
7.5120124015748031
21
-8.6856642913385826
0
LINE
8
BLACK
6
CONTINUOUS
10
7.5120124015748031
20
-8.6856642913385826
11
7.4745170866141732
21
-8.6931633464566929
0
LINE
8
BLACK
6
CONTINUOUS
10
7.5420086614173227
20
-8.7156605511811023
11
7.549507716535433
21
-8.7194100787401574
0
LINE
8
BLACK
6
CONTINUOUS
10
7.549507716535433
20
-8.7194100787401574
11
7.5645058267716534
21
-8.7194100787401574
0
LINE
8
BLACK
6
CONTINUOUS
10
7.5645058267716534
20
-8.7194100787401574
11
7.5720049212598424
21
-8.7156605511811023
0
LINE
8
BLACK
6
CONTINUOUS
10
7.5720049212598424
20
-8.7156605511811023
11
7.5757544488188975
21
-8.7081614566929133
0
LINE
8
BLACK
6
CONTINUOUS
10
7.5757544488188975
20
-8.7081614566929133
11
7.5757544488188975
21
-8.7044119291338582
0
LINE
8
BLACK
6
CONTINUOUS
10
7.5757544488188975
20
-8.7044119291338582
11
7.5720049212598424
21
-8.696912874015748
0
LINE
8
BLACK
6
CONTINUOUS
10
7.5720049212598424
20
-8.696912874015748
11
7.5645058267716534
21
-8.6931633464566929
0
LINE
8
BLACK
6
CONTINUOUS
10
7.5645058267716534
20
-8.6931633464566929
11
7.5532572440944881
21
-8.6931633464566929
0
LINE
8
BLACK
6
CONTINUOUS
10
7.5532572440944881
20
-8.6931633464566929
11
7.5457581889763778
21
-8.6894138188976378
0
LINE
8
BLACK
6
CONTINUOUS
10
7.5457581889763778
20
-8.6894138188976378
11
7.5420086614173227
21
-8.6819147637795275
0
LINE
8
BLACK
6
CONTINUOUS
10
7.5420086614173227
20
-8.6819147637795275
11
7.5420086614173227
21
-8.6781652362204724
0
LINE
8
BLACK
6
CONTINUOUS
10
7.5420086614173227
20
-8.6781652362204724
11
7.5457581889763778
21
-8.6706661417322834
0
LINE
8
BLACK
6
CONTINUOUS
10
7.5457581889763778
20
-8.6706661417322834
11
7.5532572440944881
21
-8.6669166141732283
0
LINE
8
BLACK
6
CONTINUOUS
10
7.5532572440944881
20
-8.6669166141732283
11
7.5645058267716534
21
-8.6669166141732283
0
LINE
8
BLACK
6
CONTINUOUS
10
7.5645058267716534
20
-8.6669166141732283
11
7.5720049212598424
21
-8.6706661417322834
0
LINE
8
BLACK
6
CONTINUOUS
10
7.602001181102362
20
-8.7494062992125983
11
7.6057507086614171
21
-8.7456567716535432
0
LINE
8
BLACK
6
CONTINUOUS
10
7.6057507086614171
20
-8.7456567716535432
11
7.6132497637795273
21
-8.7344081889763778
0
LINE
8
BLACK
6
CONTINUOUS
10
7.6132497637795273
20
-8.7344081889763778
11
7.6169992913385824
21
-8.7269091338582676
0
LINE
8
BLACK
6
CONTINUOUS
10
7.6169992913385824
20
-8.7269091338582676
11
7.6207488188976376
21
-8.7156605511811023
0
LINE
8
BLACK
6
CONTINUOUS
10
7.6207488188976376
20
-8.7156605511811023
11
7.6244983464566927
21
-8.696912874015748
0
LINE
8
BLACK
6
CONTINUOUS
10
7.6244983464566927
20
-8.696912874015748
11
7.6244983464566927
21
-8.6819147637795275
0
LINE
8
BLACK
6
CONTINUOUS
10
7.6244983464566927
20
-8.6819147637795275
11
7.6207488188976376
21
-8.6631670866141732
0
LINE
8
BLACK
6
CONTINUOUS
10
7.6207488188976376
20
-8.6631670866141732
11
7.6169992913385824
21
-8.6519185039370079
0
LINE
8
BLACK
6
CONTINUOUS
10
7.6169992913385824
20
-8.6519185039370079
11
7.6132497637795273
21
-8.6444194488188977
0
LINE
8
BLACK
6
CONTINUOUS
10
7.6132497637795273
20
-8.6444194488188977
11
7.6057507086614171
21
-8.6331708267716536
0
LINE
8
BLACK
6
CONTINUOUS
10
7.6057507086614171
20
-8.6331708267716536
11
7.602001181102362
21
-8.6294212992125985
0
LINE
8
BLACK
6
CONTINUOUS
10
5.71398342519685
20
-8.8068172047244087
11
5.71398342519685
21
-8.7678424803149611
0
LINE
8
BLACK
6
CONTINUOUS
10
5.71398342519685
20
-8.7678424803149611
11
5.6750087007874015
21
-8.7678424803149611
0
LINE
8
BLACK
6
CONTINUOUS
10
5.6750087007874015
20
-8.7678424803149611
11
5.6750087007874015
21
-8.8068172047244087
0
LINE
8
BLACK
6
CONTINUOUS
10
5.6750087007874015
20
-8.8068172047244087
11
5.71398342519685
21
-8.8068172047244087
0
LINE
8
BLACK
6
CONTINUOUS
10
5.8659679921259844
20
-8.8233470866141737
11
5.8209736220472443
21
-8.8233470866141737
0
LINE
8
BLACK
6
CONTINUOUS
10
5.843470787401575
20
-8.8233470866141737
11
5.843470787401575
21
-8.7446069291338588
0
LINE
8
BLACK
6
CONTINUOUS
10
5.843470787401575
20
-8.7446069291338588
11
5.8359717322834648
21
-8.7558555118110242
0
LINE
8
BLACK
6
CONTINUOUS
10
5.8359717322834648
20
-8.7558555118110242
11
5.8284726771653546
21
-8.7633545669291344
0
LINE
8
BLACK
6
CONTINUOUS
10
5.8284726771653546
20
-8.7633545669291344
11
5.8209736220472443
21
-8.7671040944881895
0
LINE
8
BLACK
6
CONTINUOUS
10
5.8997137795275592
20
-8.8158479921259847
11
5.9034633070866143
21
-8.8195975590551186
0
LINE
8
BLACK
6
CONTINUOUS
10
5.9034633070866143
20
-8.8195975590551186
11
5.8997137795275592
21
-8.8233470866141737
0
LINE
8
BLACK
6
CONTINUOUS
10
5.8997137795275592
20
-8.8233470866141737
11
5.895964251968504
21
-8.8195975590551186
0
LINE
8
BLACK
6
CONTINUOUS
10
5.895964251968504
20
-8.8195975590551186
11
5.8997137795275592
21
-8.8158479921259847
0
LINE
8
BLACK
6
CONTINUOUS
10
5.8997137795275592
20
-8.8158479921259847
11
5.8997137795275592
21
-8.8233470866141737
0
LINE
8
BLACK
6
CONTINUOUS
10
5.9709548818897638
20
-8.7708536220472446
11
5.9709548818897638
21
-8.8233470866141737
0
LINE
8
BLACK
6
CONTINUOUS
10
5.9522072047244095
20
-8.7408574015748037
11
5.9334595669291339
21
-8.7971003543307091
0
LINE
8
BLACK
6
CONTINUOUS
10
5.9334595669291339
20
-8.7971003543307091
11
5.9822034645669291
21
-8.7971003543307091
0
LINE
8
BLACK
6
CONTINUOUS
10
6.0271978346456692
20
-8.7446069291338588
11
6.0346969291338581
21
-8.7446069291338588
0
LINE
8
BLACK
6
CONTINUOUS
10
6.0346969291338581
20
-8.7446069291338588
11
6.0421959842519684
21
-8.748356456692914
0
LINE
8
BLACK
6
CONTINUOUS
10
6.0421959842519684
20
-8.748356456692914
11
6.0459455118110235
21
-8.7521059842519691
0
LINE
8
BLACK
6
CONTINUOUS
10
6.0459455118110235
20
-8.7521059842519691
11
6.0496950393700786
21
-8.7596050393700793
0
LINE
8
BLACK
6
CONTINUOUS
10
6.0496950393700786
20
-8.7596050393700793
11
6.0534445669291337
21
-8.7746031496062997
0
LINE
8
BLACK
6
CONTINUOUS
10
6.0534445669291337
20
-8.7746031496062997
11
6.0534445669291337
21
-8.793350826771654
0
LINE
8
BLACK
6
CONTINUOUS
10
6.0534445669291337
20
-8.793350826771654
11
6.0496950393700786
21
-8.8083489370078745
0
LINE
8
BLACK
6
CONTINUOUS
10
6.0496950393700786
20
-8.8083489370078745
11
6.0459455118110235
21
-8.8158479921259847
0
LINE
8
BLACK
6
CONTINUOUS
10
6.0459455118110235
20
-8.8158479921259847
11
6.0421959842519684
21
-8.8195975590551186
0
LINE
8
BLACK
6
CONTINUOUS
10
6.0421959842519684
20
-8.8195975590551186
11
6.0346969291338581
21
-8.8233470866141737
0
LINE
8
BLACK
6
CONTINUOUS
10
6.0346969291338581
20
-8.8233470866141737
11
6.0271978346456692
21
-8.8233470866141737
0
LINE
8
BLACK
6
CONTINUOUS
10
6.0271978346456692
20
-8.8233470866141737
11
6.0196987795275589
21
-8.8195975590551186
0
LINE
8
BLACK
6
CONTINUOUS
10
6.0196987795275589
20
-8.8195975590551186
11
6.0159492519685038
21
-8.8158479921259847
0
LINE
8
BLACK
6
CONTINUOUS
10
6.0159492519685038
20
-8.8158479921259847
11
6.0121997244094487
21
-8.8083489370078745
0
LINE
8
BLACK
6
CONTINUOUS
10
6.0121997244094487
20
-8.8083489370078745
11
6.0084501968503936
21
-8.793350826771654
0
LINE
8
BLACK
6
CONTINUOUS
10
6.0084501968503936
20
-8.793350826771654
11
6.0084501968503936
21
-8.7746031496062997
0
LINE
8
BLACK
6
CONTINUOUS
10
6.0084501968503936
20
-8.7746031496062997
11
6.0121997244094487
21
-8.7596050393700793
0
LINE
8
BLACK
6
CONTINUOUS
10
6.0121997244094487
20
-8.7596050393700793
11
6.0159492519685038
21
-8.7521059842519691
0
LINE
8
BLACK
6
CONTINUOUS
10
6.0159492519685038
20
-8.7521059842519691
11
6.0196987795275589
21
-8.748356456692914
0
LINE
8
BLACK
6
CONTINUOUS
10
6.0196987795275589
20
-8.748356456692914
11
6.0271978346456692
21
-8.7446069291338588
0
LINE
8
BLACK
6
CONTINUOUS
10
6.1021884645669289
20
-8.7446069291338588
11
6.1096875590551178
21
-8.7446069291338588
0
LINE
8
BLACK
6
CONTINUOUS
10
6.1096875590551178
20
-8.7446069291338588
11
6.1171866141732281
21
-8.748356456692914
0
LINE
8
BLACK
6
CONTINUOUS
10
6.1171866141732281
20
-8.748356456692914
11
6.1209361417322832
21
-8.7521059842519691
0
LINE
8
BLACK
6
CONTINUOUS
10
6.1209361417322832
20
-8.7521059842519691
11
6.1246856692913383
21
-8.7596050393700793
0
LINE
8
BLACK
6
CONTINUOUS
10
6.1246856692913383
20
-8.7596050393700793
11
6.1284351968503934
21
-8.7746031496062997
0
LINE
8
BLACK
6
CONTINUOUS
10
6.1284351968503934
20
-8.7746031496062997
11
6.1284351968503934
21
-8.793350826771654
0
LINE
8
BLACK
6
CONTINUOUS
10
6.1284351968503934
20
-8.793350826771654
11
6.1246856692913383
21
-8.8083489370078745
0
LINE
8
BLACK
6
CONTINUOUS
10
6.1246856692913383
20
-8.8083489370078745
11
6.1209361417322832
21
-8.8158479921259847
0
LINE
8
BLACK
6
CONTINUOUS
10
6.1209361417322832
20
-8.8158479921259847
11
6.1171866141732281
21
-8.8195975590551186
0
LINE
8
BLACK
6
CONTINUOUS
10
6.1171866141732281
20
-8.8195975590551186
11
6.1096875590551178
21
-8.8233470866141737
0
LINE
8
BLACK
6
CONTINUOUS
10
6.1096875590551178
20
-8.8233470866141737
11
6.1021884645669289
21
-8.8233470866141737
0
LINE
8
BLACK
6
CONTINUOUS
10
6.1021884645669289
20
-8.8233470866141737
11
6.0946894094488187
21
-8.8195975590551186
0
LINE
8
BLACK
6
CONTINUOUS
10
6.0946894094488187
20
-8.8195975590551186
11
6.0909398818897635
21
-8.8158479921259847
0
LINE
8
BLACK
6
CONTINUOUS
10
6.0909398818897635
20
-8.8158479921259847
11
6.0871903543307084
21
-8.8083489370078745
0
LINE
8
BLACK
6
CONTINUOUS
10
6.0871903543307084
20
-8.8083489370078745
11
6.0834408267716533
21
-8.793350826771654
0
LINE
8
BLACK
6
CONTINUOUS
10
6.0834408267716533
20
-8.793350826771654
11
6.0834408267716533
21
-8.7746031496062997
0
LINE
8
BLACK
6
CONTINUOUS
10
6.0834408267716533
20
-8.7746031496062997
11
6.0871903543307084
21
-8.7596050393700793
0
LINE
8
BLACK
6
CONTINUOUS
10
6.0871903543307084
20
-8.7596050393700793
11
6.0909398818897635
21
-8.7521059842519691
0
LINE
8
BLACK
6
CONTINUOUS
10
6.0909398818897635
20
-8.7521059842519691
11
6.0946894094488187
21
-8.748356456692914
0
LINE
8
BLACK
6
CONTINUOUS
10
6.0946894094488187
20
-8.748356456692914
11
6.1021884645669289
21
-8.7446069291338588
0
LINE
8
BLACK
6
CONTINUOUS
10
6.1621809842519681
20
-8.8233470866141737
11
6.1621809842519681
21
-8.7708536220472446
0
LINE
8
BLACK
6
CONTINUOUS
10
6.1621809842519681
20
-8.7783526771653548
11
6.1659305118110233
21
-8.7746031496062997
0
LINE
8
BLACK
6
CONTINUOUS
10
6.1659305118110233
20
-8.7746031496062997
11
6.1734295669291335
21
-8.7708536220472446
0
LINE
8
BLACK
6
CONTINUOUS
10
6.1734295669291335
20
-8.7708536220472446
11
6.1846781889763776
21
-8.7708536220472446
0
LINE
8
BLACK
6
CONTINUOUS
10
6.1846781889763776
20
-8.7708536220472446
11
6.1921772440944878
21
-8.7746031496062997
0
LINE
8
BLACK
6
CONTINUOUS
10
6.1921772440944878
20
-8.7746031496062997
11
6.1959267716535429
21
-8.7821022440944887
0
LINE
8
BLACK
6
CONTINUOUS
10
6.1959267716535429
20
-8.7821022440944887
11
6.1959267716535429
21
-8.8233470866141737
0
LINE
8
BLACK
6
CONTINUOUS
10
6.1959267716535429
20
-8.7821022440944887
11
6.199676299212598
21
-8.7746031496062997
0
LINE
8
BLACK
6
CONTINUOUS
10
6.199676299212598
20
-8.7746031496062997
11
6.2071753543307082
21
-8.7708536220472446
0
LINE
8
BLACK
6
CONTINUOUS
10
6.2071753543307082
20
-8.7708536220472446
11
6.2184239370078735
21
-8.7708536220472446
0
LINE
8
BLACK
6
CONTINUOUS
10
6.2184239370078735
20
-8.7708536220472446
11
6.2259230314960625
21
-8.7746031496062997
0
LINE
8
BLACK
6
CONTINUOUS
10
6.2259230314960625
20
-8.7746031496062997
11
6.2296725590551176
21
-8.7821022440944887
0
LINE
8
BLACK
6
CONTINUOUS
10
6.2296725590551176
20
-8.7821022440944887
11
6.2296725590551176
21
-8.8233470866141737
0
LINE
8
BLACK
6
CONTINUOUS
10
6.2671678740157475
20
-8.8233470866141737
11
6.2671678740157475
21
-8.7708536220472446
0
LINE
8
BLACK
6
CONTINUOUS
10
6.2671678740157475
20
-8.7783526771653548
11
6.2709174015748026
21
-8.7746031496062997
0
LINE
8
BLACK
6
CONTINUOUS
10
6.2709174015748026
20
-8.7746031496062997
11
6.2784164566929128
21
-8.7708536220472446
0
LINE
8
BLACK
6
CONTINUOUS
10
6.2784164566929128
20
-8.7708536220472446
11
6.2896650787401569
21
-8.7708536220472446
0
LINE
8
BLACK
6
CONTINUOUS
10
6.2896650787401569
20
-8.7708536220472446
11
6.297164133858268
21
-8.7746031496062997
0
LINE
8
BLACK
6
CONTINUOUS
10
6.297164133858268
20
-8.7746031496062997
11
6.3009136614173231
21
-8.7821022440944887
0
LINE
8
BLACK
6
CONTINUOUS
10
6.3009136614173231
20
-8.7821022440944887
11
6.3009136614173231
21
-8.8233470866141737
0
LINE
8
BLACK
6
CONTINUOUS
10
6.3009136614173231
20
-8.7821022440944887
11
6.3046631889763782
21
-8.7746031496062997
0
LINE
8
BLACK
6
CONTINUOUS
10
6.3046631889763782
20
-8.7746031496062997
11
6.3121622440944885
21
-8.7708536220472446
0
LINE
8
BLACK
6
CONTINUOUS
10
6.3121622440944885
20
-8.7708536220472446
11
6.3234108267716538
21
-8.7708536220472446
0
LINE
8
BLACK
6
CONTINUOUS
10
6.3234108267716538
20
-8.7708536220472446
11
6.3309099212598428
21
-8.7746031496062997
0
LINE
8
BLACK
6
CONTINUOUS
10
6.3309099212598428
20
-8.7746031496062997
11
6.3346594488188979
21
-8.7821022440944887
0
LINE
8
BLACK
6
CONTINUOUS
10
6.3346594488188979
20
-8.7821022440944887
11
6.3346594488188979
21
-8.8233470866141737
0
LINE
8
BLACK
6
CONTINUOUS
10
6.4883902362204724
20
-8.7408574015748037
11
6.4208987007874017
21
-8.8420947244094492
0
LINE
8
BLACK
6
CONTINUOUS
10
6.5896275984251966
20
-8.7446069291338588
11
6.5971266929133856
21
-8.7446069291338588
0
LINE
8
BLACK
6
CONTINUOUS
10
6.5971266929133856
20
-8.7446069291338588
11
6.6046257480314958
21
-8.748356456692914
0
LINE
8
BLACK
6
CONTINUOUS
10
6.6046257480314958
20
-8.748356456692914
11
6.6083752755905509
21
-8.7521059842519691
0
LINE
8
BLACK
6
CONTINUOUS
10
6.6083752755905509
20
-8.7521059842519691
11
6.612124803149606
21
-8.7596050393700793
0
LINE
8
BLACK
6
CONTINUOUS
10
6.612124803149606
20
-8.7596050393700793
11
6.6158743307086612
21
-8.7746031496062997
0
LINE
8
BLACK
6
CONTINUOUS
10
6.6158743307086612
20
-8.7746031496062997
11
6.6158743307086612
21
-8.793350826771654
0
LINE
8
BLACK
6
CONTINUOUS
10
6.6158743307086612
20
-8.793350826771654
11
6.612124803149606
21
-8.8083489370078745
0
LINE
8
BLACK
6
CONTINUOUS
10
6.612124803149606
20
-8.8083489370078745
11
6.6083752755905509
21
-8.8158479921259847
0
LINE
8
BLACK
6
CONTINUOUS
10
6.6083752755905509
20
-8.8158479921259847
11
6.6046257480314958
21
-8.8195975590551186
0
LINE
8
BLACK
6
CONTINUOUS
10
6.6046257480314958
20
-8.8195975590551186
11
6.5971266929133856
21
-8.8233470866141737
0
LINE
8
BLACK
6
CONTINUOUS
10
6.5971266929133856
20
-8.8233470866141737
11
6.5896275984251966
21
-8.8233470866141737
0
LINE
8
BLACK
6
CONTINUOUS
10
6.5896275984251966
20
-8.8233470866141737
11
6.5821285433070864
21
-8.8195975590551186
0
LINE
8
BLACK
6
CONTINUOUS
10
6.5821285433070864
20
-8.8195975590551186
11
6.5783790157480313
21
-8.8158479921259847
0
LINE
8
BLACK
6
CONTINUOUS
10
6.5783790157480313
20
-8.8158479921259847
11
6.5746294881889762
21
-8.8083489370078745
0
LINE
8
BLACK
6
CONTINUOUS
10
6.5746294881889762
20
-8.8083489370078745
11
6.5708799606299211
21
-8.793350826771654
0
LINE
8
BLACK
6
CONTINUOUS
10
6.5708799606299211
20
-8.793350826771654
11
6.5708799606299211
21
-8.7746031496062997
0
LINE
8
BLACK
6
CONTINUOUS
10
6.5708799606299211
20
-8.7746031496062997
11
6.5746294881889762
21
-8.7596050393700793
0
LINE
8
BLACK
6
CONTINUOUS
10
6.5746294881889762
20
-8.7596050393700793
11
6.5783790157480313
21
-8.7521059842519691
0
LINE
8
BLACK
6
CONTINUOUS
10
6.5783790157480313
20
-8.7521059842519691
11
6.5821285433070864
21
-8.748356456692914
0
LINE
8
BLACK
6
CONTINUOUS
10
6.5821285433070864
20
-8.748356456692914
11
6.5896275984251966
21
-8.7446069291338588
0
LINE
8
BLACK
6
CONTINUOUS
10
6.6496201181102359
20
-8.8158479921259847
11
6.653369645669291
21
-8.8195975590551186
0
LINE
8
BLACK
6
CONTINUOUS
10
6.653369645669291
20
-8.8195975590551186
11
6.6496201181102359
21
-8.8233470866141737
0
LINE
8
BLACK
6
CONTINUOUS
10
6.6496201181102359
20
-8.8233470866141737
11
6.6458705905511808
21
-8.8195975590551186
0
LINE
8
BLACK
6
CONTINUOUS
10
6.6458705905511808
20
-8.8195975590551186
11
6.6496201181102359
21
-8.8158479921259847
0
LINE
8
BLACK
6
CONTINUOUS
10
6.6496201181102359
20
-8.8158479921259847
11
6.6496201181102359
21
-8.8233470866141737
0
LINE
8
BLACK
6
CONTINUOUS
10
6.7021135433070862
20
-8.7446069291338588
11
6.7096126377952752
21
-8.7446069291338588
0
LINE
8
BLACK
6
CONTINUOUS
10
6.7096126377952752
20
-8.7446069291338588
11
6.7171116929133854
21
-8.748356456692914
0
LINE
8
BLACK
6
CONTINUOUS
10
6.7171116929133854
20
-8.748356456692914
11
6.7208612204724405
21
-8.7521059842519691
0
LINE
8
BLACK
6
CONTINUOUS
10
6.7208612204724405
20
-8.7521059842519691
11
6.7246107480314956
21
-8.7596050393700793
0
LINE
8
BLACK
6
CONTINUOUS
10
6.7246107480314956
20
-8.7596050393700793
11
6.7283602755905507
21
-8.7746031496062997
0
LINE
8
BLACK
6
CONTINUOUS
10
6.7283602755905507
20
-8.7746031496062997
11
6.7283602755905507
21
-8.793350826771654
0
LINE
8
BLACK
6
CONTINUOUS
10
6.7283602755905507
20
-8.793350826771654
11
6.7246107480314956
21
-8.8083489370078745
0
LINE
8
BLACK
6
CONTINUOUS
10
6.7246107480314956
20
-8.8083489370078745
11
6.7208612204724405
21
-8.8158479921259847
0
LINE
8
BLACK
6
CONTINUOUS
10
6.7208612204724405
20
-8.8158479921259847
11
6.7171116929133854
21
-8.8195975590551186
0
LINE
8
BLACK
6
CONTINUOUS
10
6.7171116929133854
20
-8.8195975590551186
11
6.7096126377952752
21
-8.8233470866141737
0
LINE
8
BLACK
6
CONTINUOUS
10
6.7096126377952752
20
-8.8233470866141737
11
6.7021135433070862
21
-8.8233470866141737
0
LINE
8
BLACK
6
CONTINUOUS
10
6.7021135433070862
20
-8.8233470866141737
11
6.694614488188976
21
-8.8195975590551186
0
LINE
8
BLACK
6
CONTINUOUS
10
6.694614488188976
20
-8.8195975590551186
11
6.6908649606299209
21
-8.8158479921259847
0
LINE
8
BLACK
6
CONTINUOUS
10
6.6908649606299209
20
-8.8158479921259847
11
6.6871154330708658
21
-8.8083489370078745
0
LINE
8
BLACK
6
CONTINUOUS
10
6.6871154330708658
20
-8.8083489370078745
11
6.6833659055118106
21
-8.793350826771654
0
LINE
8
BLACK
6
CONTINUOUS
10
6.6833659055118106
20
-8.793350826771654
11
6.6833659055118106
21
-8.7746031496062997
0
LINE
8
BLACK
6
CONTINUOUS
10
6.6833659055118106
20
-8.7746031496062997
11
6.6871154330708658
21
-8.7596050393700793
0
LINE
8
BLACK
6
CONTINUOUS
10
6.6871154330708658
20
-8.7596050393700793
11
6.6908649606299209
21
-8.7521059842519691
0
LINE
8
BLACK
6
CONTINUOUS
10
6.6908649606299209
20
-8.7521059842519691
11
6.694614488188976
21
-8.748356456692914
0
LINE
8
BLACK
6
CONTINUOUS
10
6.694614488188976
20
-8.748356456692914
11
6.7021135433070862
21
-8.7446069291338588
0
LINE
8
BLACK
6
CONTINUOUS
10
6.7996013779527553
20
-8.7446069291338588
11
6.7621060629921255
21
-8.7446069291338588
0
LINE
8
BLACK
6
CONTINUOUS
10
6.7621060629921255
20
-8.7446069291338588
11
6.7583565354330704
21
-8.7821022440944887
0
LINE
8
BLACK
6
CONTINUOUS
10
6.7583565354330704
20
-8.7821022440944887
11
6.7621060629921255
21
-8.7783526771653548
0
LINE
8
BLACK
6
CONTINUOUS
10
6.7621060629921255
20
-8.7783526771653548
11
6.7696051181102357
21
-8.7746031496062997
0
LINE
8
BLACK
6
CONTINUOUS
10
6.7696051181102357
20
-8.7746031496062997
11
6.78835279527559
21
-8.7746031496062997
0
LINE
8
BLACK
6
CONTINUOUS
10
6.78835279527559
20
-8.7746031496062997
11
6.7958518503937002
21
-8.7783526771653548
0
LINE
8
BLACK
6
CONTINUOUS
10
6.7958518503937002
20
-8.7783526771653548
11
6.7996013779527553
21
-8.7821022440944887
0
LINE
8
BLACK
6
CONTINUOUS
10
6.7996013779527553
20
-8.7821022440944887
11
6.8033509055118104
21
-8.7896012992125989
0
LINE
8
BLACK
6
CONTINUOUS
10
6.8033509055118104
20
-8.7896012992125989
11
6.8033509055118104
21
-8.8083489370078745
0
LINE
8
BLACK
6
CONTINUOUS
10
6.8033509055118104
20
-8.8083489370078745
11
6.7996013779527553
21
-8.8158479921259847
0
LINE
8
BLACK
6
CONTINUOUS
10
6.7996013779527553
20
-8.8158479921259847
11
6.7958518503937002
21
-8.8195975590551186
0
LINE
8
BLACK
6
CONTINUOUS
10
6.7958518503937002
20
-8.8195975590551186
11
6.78835279527559
21
-8.8233470866141737
0
LINE
8
BLACK
6
CONTINUOUS
10
6.78835279527559
20
-8.8233470866141737
11
6.7696051181102357
21
-8.8233470866141737
0
LINE
8
BLACK
6
CONTINUOUS
10
6.7696051181102357
20
-8.8233470866141737
11
6.7621060629921255
21
-8.8195975590551186
0
LINE
8
BLACK
6
CONTINUOUS
10
6.7621060629921255
20
-8.8195975590551186
11
6.7583565354330704
21
-8.8158479921259847
0
LINE
8
BLACK
6
CONTINUOUS
10
6.8745920078740159
20
-8.7446069291338588
11
6.8370966929133861
21
-8.7446069291338588
0
LINE
8
BLACK
6
CONTINUOUS
10
6.8370966929133861
20
-8.7446069291338588
11
6.833347165354331
21
-8.7821022440944887
0
LINE
8
BLACK
6
CONTINUOUS
10
6.833347165354331
20
-8.7821022440944887
11
6.8370966929133861
21
-8.7783526771653548
0
LINE
8
BLACK
6
CONTINUOUS
10
6.8370966929133861
20
-8.7783526771653548
11
6.8445957480314963
21
-8.7746031496062997
0
LINE
8
BLACK
6
CONTINUOUS
10
6.8445957480314963
20
-8.7746031496062997
11
6.8633434251968506
21
-8.7746031496062997
0
LINE
8
BLACK
6
CONTINUOUS
10
6.8633434251968506
20
-8.7746031496062997
11
6.8708424803149608
21
-8.7783526771653548
0
LINE
8
BLACK
6
CONTINUOUS
10
6.8708424803149608
20
-8.7783526771653548
11
6.8745920078740159
21
-8.7821022440944887
0
LINE
8
BLACK
6
CONTINUOUS
10
6.8745920078740159
20
-8.7821022440944887
11
6.878341535433071
21
-8.7896012992125989
0
LINE
8
BLACK
6
CONTINUOUS
10
6.878341535433071
20
-8.7896012992125989
11
6.878341535433071
21
-8.8083489370078745
0
LINE
8
BLACK
6
CONTINUOUS
10
6.878341535433071
20
-8.8083489370078745
11
6.8745920078740159
21
-8.8158479921259847
0
LINE
8
BLACK
6
CONTINUOUS
10
6.8745920078740159
20
-8.8158479921259847
11
6.8708424803149608
21
-8.8195975590551186
0
LINE
8
BLACK
6
CONTINUOUS
10
6.8708424803149608
20
-8.8195975590551186
11
6.8633434251968506
21
-8.8233470866141737
0
LINE
8
BLACK
6
CONTINUOUS
10
6.8633434251968506
20
-8.8233470866141737
11
6.8445957480314963
21
-8.8233470866141737
0
LINE
8
BLACK
6
CONTINUOUS
10
6.8445957480314963
20
-8.8233470866141737
11
6.8370966929133861
21
-8.8195975590551186
0
LINE
8
BLACK
6
CONTINUOUS
10
6.8370966929133861
20
-8.8195975590551186
11
6.833347165354331
21
-8.8158479921259847
0
LINE
8
BLACK
6
CONTINUOUS
10
6.9533321653543307
20
-8.8233470866141737
11
6.9083377952755907
21
-8.8233470866141737
0
LINE
8
BLACK
6
CONTINUOUS
10
6.9308349606299213
20
-8.8233470866141737
11
6.9308349606299213
21
-8.7446069291338588
0
LINE
8
BLACK
6
CONTINUOUS
10
6.9308349606299213
20
-8.7446069291338588
11
6.9233359055118111
21
-8.7558555118110242
0
LINE
8
BLACK
6
CONTINUOUS
10
6.9233359055118111
20
-8.7558555118110242
11
6.9158368503937009
21
-8.7633545669291344
0
LINE
8
BLACK
6
CONTINUOUS
10
6.9158368503937009
20
-8.7633545669291344
11
6.9083377952755907
21
-8.7671040944881895
0
LINE
8
BLACK
6
CONTINUOUS
10
6.9833284251968504
20
-8.7446069291338588
11
6.9833284251968504
21
-8.7596050393700793
0
LINE
8
BLACK
6
CONTINUOUS
10
7.01332468503937
20
-8.7446069291338588
11
7.01332468503937
21
-8.7596050393700793
0
LINE
8
BLACK
6
CONTINUOUS
10
7.1295601968503934
20
-8.8533433070866145
11
7.1258106299212596
21
-8.8495937795275594
0
LINE
8
BLACK
6
CONTINUOUS
10
7.1258106299212596
20
-8.8495937795275594
11
7.1183115748031494
21
-8.8383451968503941
0
LINE
8
BLACK
6
CONTINUOUS
10
7.1183115748031494
20
-8.8383451968503941
11
7.1145620472440942
21
-8.8308461417322839
0
LINE
8
BLACK
6
CONTINUOUS
10
7.1145620472440942
20
-8.8308461417322839
11
7.1108125196850391
21
-8.8195975590551186
0
LINE
8
BLACK
6
CONTINUOUS
10
7.1108125196850391
20
-8.8195975590551186
11
7.107062992125984
21
-8.8008498818897642
0
LINE
8
BLACK
6
CONTINUOUS
10
7.107062992125984
20
-8.8008498818897642
11
7.107062992125984
21
-8.7858517716535438
0
LINE
8
BLACK
6
CONTINUOUS
10
7.107062992125984
20
-8.7858517716535438
11
7.1108125196850391
21
-8.7671040944881895
0
LINE
8
BLACK
6
CONTINUOUS
10
7.1108125196850391
20
-8.7671040944881895
11
7.1145620472440942
21
-8.7558555118110242
0
LINE
8
BLACK
6
CONTINUOUS
10
7.1145620472440942
20
-8.7558555118110242
11
7.1183115748031494
21
-8.748356456692914
0
LINE
8
BLACK
6
CONTINUOUS
10
7.1183115748031494
20
-8.748356456692914
11
7.1258106299212596
21
-8.7371078346456699
0
LINE
8
BLACK
6
CONTINUOUS
10
7.1258106299212596
20
-8.7371078346456699
11
7.1295601968503934
21
-8.7333583070866148
0
LINE
8
BLACK
6
CONTINUOUS
10
7.1933022047244091
20
-8.7708536220472446
11
7.1933022047244091
21
-8.8233470866141737
0
LINE
8
BLACK
6
CONTINUOUS
10
7.1745545275590548
20
-8.7408574015748037
11
7.1558068897637792
21
-8.7971003543307091
0
LINE
8
BLACK
6
CONTINUOUS
10
7.1558068897637792
20
-8.7971003543307091
11
7.2045507874015744
21
-8.7971003543307091
0
LINE
8
BLACK
6
CONTINUOUS
10
7.2457956299212594
20
-8.7783526771653548
11
7.2382965748031491
21
-8.7746031496062997
0
LINE
8
BLACK
6
CONTINUOUS
10
7.2382965748031491
20
-8.7746031496062997
11
7.234547047244094
21
-8.7708536220472446
0
LINE
8
BLACK
6
CONTINUOUS
10
7.234547047244094
20
-8.7708536220472446
11
7.2307975196850389
21
-8.7633545669291344
0
LINE
8
BLACK
6
CONTINUOUS
10
7.2307975196850389
20
-8.7633545669291344
11
7.2307975196850389
21
-8.7596050393700793
0
LINE
8
BLACK
6
CONTINUOUS
10
7.2307975196850389
20
-8.7596050393700793
11
7.234547047244094
21
-8.7521059842519691
0
LINE
8
BLACK
6
CONTINUOUS
10
7.234547047244094
20
-8.7521059842519691
11
7.2382965748031491
21
-8.748356456692914
0
LINE
8
BLACK
6
CONTINUOUS
10
7.2382965748031491
20
-8.748356456692914
11
7.2457956299212594
21
-8.7446069291338588
0
LINE
8
BLACK
6
CONTINUOUS
10
7.2457956299212594
20
-8.7446069291338588
11
7.2607937795275586
21
-8.7446069291338588
0
LINE
8
BLACK
6
CONTINUOUS
10
7.2607937795275586
20
-8.7446069291338588
11
7.2682928346456688
21
-8.748356456692914
0
LINE
8
BLACK
6
CONTINUOUS
10
7.2682928346456688
20
-8.748356456692914
11
7.2720423622047239
21
-8.7521059842519691
0
LINE
8
BLACK
6
CONTINUOUS
10
7.2720423622047239
20
-8.7521059842519691
11
7.275791889763779
21
-8.7596050393700793
0
LINE
8
BLACK
6
CONTINUOUS
10
7.275791889763779
20
-8.7596050393700793
11
7.275791889763779
21
-8.7633545669291344
0
LINE
8
BLACK
6
CONTINUOUS
10
7.275791889763779
20
-8.7633545669291344
11
7.2720423622047239
21
-8.7708536220472446
0
LINE
8
BLACK
6
CONTINUOUS
10
7.2720423622047239
20
-8.7708536220472446
11
7.2682928346456688
21
-8.7746031496062997
0
LINE
8
BLACK
6
CONTINUOUS
10
7.2682928346456688
20
-8.7746031496062997
11
7.2607937795275586
21
-8.7783526771653548
0
LINE
8
BLACK
6
CONTINUOUS
10
7.2607937795275586
20
-8.7783526771653548
11
7.2457956299212594
21
-8.7783526771653548
0
LINE
8
BLACK
6
CONTINUOUS
10
7.2457956299212594
20
-8.7783526771653548
11
7.2382965748031491
21
-8.7821022440944887
0
LINE
8
BLACK
6
CONTINUOUS
10
7.2382965748031491
20
-8.7821022440944887
11
7.234547047244094
21
-8.7858517716535438
0
LINE
8
BLACK
6
CONTINUOUS
10
7.234547047244094
20
-8.7858517716535438
11
7.2307975196850389
21
-8.793350826771654
0
LINE
8
BLACK
6
CONTINUOUS
10
7.2307975196850389
20
-8.793350826771654
11
7.2307975196850389
21
-8.8083489370078745
0
LINE
8
BLACK
6
CONTINUOUS
10
7.2307975196850389
20
-8.8083489370078745
11
7.234547047244094
21
-8.8158479921259847
0
LINE
8
BLACK
6
CONTINUOUS
10
7.234547047244094
20
-8.8158479921259847
11
7.2382965748031491
21
-8.8195975590551186
0
LINE
8
BLACK
6
CONTINUOUS
10
7.2382965748031491
20
-8.8195975590551186
11
7.2457956299212594
21
-8.8233470866141737
0
LINE
8
BLACK
6
CONTINUOUS
10
7.2457956299212594
20
-8.8233470866141737
11
7.2607937795275586
21
-8.8233470866141737
0
LINE
8
BLACK
6
CONTINUOUS
10
7.2607937795275586
20
-8.8233470866141737
11
7.2682928346456688
21
-8.8195975590551186
0
LINE
8
BLACK
6
CONTINUOUS
10
7.2682928346456688
20
-8.8195975590551186
11
7.2720423622047239
21
-8.8158479921259847
0
LINE
8
BLACK
6
CONTINUOUS
10
7.2720423622047239
20
-8.8158479921259847
11
7.275791889763779
21
-8.8083489370078745
0
LINE
8
BLACK
6
CONTINUOUS
10
7.275791889763779
20
-8.8083489370078745
11
7.275791889763779
21
-8.793350826771654
0
LINE
8
BLACK
6
CONTINUOUS
10
7.275791889763779
20
-8.793350826771654
11
7.2720423622047239
21
-8.7858517716535438
0
LINE
8
BLACK
6
CONTINUOUS
10
7.2720423622047239
20
-8.7858517716535438
11
7.2682928346456688
21
-8.7821022440944887
0
LINE
8
BLACK
6
CONTINUOUS
10
7.2682928346456688
20
-8.7821022440944887
11
7.2607937795275586
21
-8.7783526771653548
0
LINE
8
BLACK
6
CONTINUOUS
10
7.3695301968503939
20
-8.8233470866141737
11
7.3695301968503939
21
-8.7446069291338588
0
LINE
8
BLACK
6
CONTINUOUS
10
7.4032759842519686
20
-8.8233470866141737
11
7.4032759842519686
21
-8.7821022440944887
0
LINE
8
BLACK
6
CONTINUOUS
10
7.4032759842519686
20
-8.7821022440944887
11
7.3995264566929135
21
-8.7746031496062997
0
LINE
8
BLACK
6
CONTINUOUS
10
7.3995264566929135
20
-8.7746031496062997
11
7.3920274015748033
21
-8.7708536220472446
0
LINE
8
BLACK
6
CONTINUOUS
10
7.3920274015748033
20
-8.7708536220472446
11
7.3807787795275592
21
-8.7708536220472446
0
LINE
8
BLACK
6
CONTINUOUS
10
7.3807787795275592
20
-8.7708536220472446
11
7.373279724409449
21
-8.7746031496062997
0
LINE
8
BLACK
6
CONTINUOUS
10
7.373279724409449
20
-8.7746031496062997
11
7.3695301968503939
21
-8.7783526771653548
0
LINE
8
BLACK
6
CONTINUOUS
10
7.4520198818897638
20
-8.8233470866141737
11
7.4445208267716536
21
-8.8195975590551186
0
LINE
8
BLACK
6
CONTINUOUS
10
7.4445208267716536
20
-8.8195975590551186
11
7.4407712992125985
21
-8.8158479921259847
0
LINE
8
BLACK
6
CONTINUOUS
10
7.4407712992125985
20
-8.8158479921259847
11
7.4370217716535434
21
-8.8083489370078745
0
LINE
8
BLACK
6
CONTINUOUS
10
7.4370217716535434
20
-8.8083489370078745
11
7.4370217716535434
21
-8.7858517716535438
0
LINE
8
BLACK
6
CONTINUOUS
10
7.4370217716535434
20
-8.7858517716535438
11
7.4407712992125985
21
-8.7783526771653548
0
LINE
8
BLACK
6
CONTINUOUS
10
7.4407712992125985
20
-8.7783526771653548
11
7.4445208267716536
21
-8.7746031496062997
0
LINE
8
BLACK
6
CONTINUOUS
10
7.4445208267716536
20
-8.7746031496062997
11
7.4520198818897638
21
-8.7708536220472446
0
LINE
8
BLACK
6
CONTINUOUS
10
7.4520198818897638
20
-8.7708536220472446
11
7.4632685039370079
21
-8.7708536220472446
0
LINE
8
BLACK
6
CONTINUOUS
10
7.4632685039370079
20
-8.7708536220472446
11
7.4707675590551181
21
-8.7746031496062997
0
LINE
8
BLACK
6
CONTINUOUS
10
7.4707675590551181
20
-8.7746031496062997
11
7.4745170866141732
21
-8.7783526771653548
0
LINE
8
BLACK
6
CONTINUOUS
10
7.4745170866141732
20
-8.7783526771653548
11
7.4782666141732284
21
-8.7858517716535438
0
LINE
8
BLACK
6
CONTINUOUS
10
7.4782666141732284
20
-8.7858517716535438
11
7.4782666141732284
21
-8.8083489370078745
0
LINE
8
BLACK
6
CONTINUOUS
10
7.4782666141732284
20
-8.8083489370078745
11
7.4745170866141732
21
-8.8158479921259847
0
LINE
8
BLACK
6
CONTINUOUS
10
7.4745170866141732
20
-8.8158479921259847
11
7.4707675590551181
21
-8.8195975590551186
0
LINE
8
BLACK
6
CONTINUOUS
10
7.4707675590551181
20
-8.8195975590551186
11
7.4632685039370079
21
-8.8233470866141737
0
LINE
8
BLACK
6
CONTINUOUS
10
7.4632685039370079
20
-8.8233470866141737
11
7.4520198818897638
21
-8.8233470866141737
0
LINE
8
BLACK
6
CONTINUOUS
10
7.5232609842519684
20
-8.8233470866141737
11
7.5157619291338582
21
-8.8195975590551186
0
LINE
8
BLACK
6
CONTINUOUS
10
7.5157619291338582
20
-8.8195975590551186
11
7.5120124015748031
21
-8.8120984645669296
0
LINE
8
BLACK
6
CONTINUOUS
10
7.5120124015748031
20
-8.8120984645669296
11
7.5120124015748031
21
-8.7446069291338588
0
LINE
8
BLACK
6
CONTINUOUS
10
7.5832535039370077
20
-8.8195975590551186
11
7.5757544488188975
21
-8.8233470866141737
0
LINE
8
BLACK
6
CONTINUOUS
10
7.5757544488188975
20
-8.8233470866141737
11
7.5607562992125983
21
-8.8233470866141737
0
LINE
8
BLACK
6
CONTINUOUS
10
7.5607562992125983
20
-8.8233470866141737
11
7.5532572440944881
21
-8.8195975590551186
0
LINE
8
BLACK
6
CONTINUOUS
10
7.5532572440944881
20
-8.8195975590551186
11
7.549507716535433
21
-8.8120984645669296
0
LINE
8
BLACK
6
CONTINUOUS
10
7.549507716535433
20
-8.8120984645669296
11
7.549507716535433
21
-8.7821022440944887
0
LINE
8
BLACK
6
CONTINUOUS
10
7.549507716535433
20
-8.7821022440944887
11
7.5532572440944881
21
-8.7746031496062997
0
LINE
8
BLACK
6
CONTINUOUS
10
7.5532572440944881
20
-8.7746031496062997
11
7.5607562992125983
21
-8.7708536220472446
0
LINE
8
BLACK
6
CONTINUOUS
10
7.5607562992125983
20
-8.7708536220472446
11
7.5757544488188975
21
-8.7708536220472446
0
LINE
8
BLACK
6
CONTINUOUS
10
7.5757544488188975
20
-8.7708536220472446
11
7.5832535039370077
21
-8.7746031496062997
0
LINE
8
BLACK
6
CONTINUOUS
10
7.5832535039370077
20
-8.7746031496062997
11
7.5870030314960628
21
-8.7821022440944887
0
LINE
8
BLACK
6
CONTINUOUS
10
7.5870030314960628
20
-8.7821022440944887
11
7.5870030314960628
21
-8.7896012992125989
0
LINE
8
BLACK
6
CONTINUOUS
10
7.5870030314960628
20
-8.7896012992125989
11
7.549507716535433
21
-8.7971003543307091
0
LINE
8
BLACK
6
CONTINUOUS
10
7.6169992913385824
20
-8.8195975590551186
11
7.6244983464566927
21
-8.8233470866141737
0
LINE
8
BLACK
6
CONTINUOUS
10
7.6244983464566927
20
-8.8233470866141737
11
7.6394964566929131
21
-8.8233470866141737
0
LINE
8
BLACK
6
CONTINUOUS
10
7.6394964566929131
20
-8.8233470866141737
11
7.6469955511811021
21
-8.8195975590551186
0
LINE
8
BLACK
6
CONTINUOUS
10
7.6469955511811021
20
-8.8195975590551186
11
7.6507450787401572
21
-8.8120984645669296
0
LINE
8
BLACK
6
CONTINUOUS
10
7.6507450787401572
20
-8.8120984645669296
11
7.6507450787401572
21
-8.8083489370078745
0
LINE
8
BLACK
6
CONTINUOUS
10
7.6507450787401572
20
-8.8083489370078745
11
7.6469955511811021
21
-8.8008498818897642
0
LINE
8
BLACK
6
CONTINUOUS
10
7.6469955511811021
20
-8.8008498818897642
11
7.6394964566929131
21
-8.7971003543307091
0
LINE
8
BLACK
6
CONTINUOUS
10
7.6394964566929131
20
-8.7971003543307091
11
7.6282478740157478
21
-8.7971003543307091
0
LINE
8
BLACK
6
CONTINUOUS
10
7.6282478740157478
20
-8.7971003543307091
11
7.6207488188976376
21
-8.793350826771654
0
LINE
8
BLACK
6
CONTINUOUS
10
7.6207488188976376
20
-8.793350826771654
11
7.6169992913385824
21
-8.7858517716535438
0
LINE
8
BLACK
6
CONTINUOUS
10
7.6169992913385824
20
-8.7858517716535438
11
7.6169992913385824
21
-8.7821022440944887
0
LINE
8
BLACK
6
CONTINUOUS
10
7.6169992913385824
20
-8.7821022440944887
11
7.6207488188976376
21
-8.7746031496062997
0
LINE
8
BLACK
6
CONTINUOUS
10
7.6207488188976376
20
-8.7746031496062997
11
7.6282478740157478
21
-8.7708536220472446
0
LINE
8
BLACK
6
CONTINUOUS
10
7.6282478740157478
20
-8.7708536220472446
11
7.6394964566929131
21
-8.7708536220472446
0
LINE
8
BLACK
6
CONTINUOUS
10
7.6394964566929131
20
-8.7708536220472446
11
7.6469955511811021
21
-8.7746031496062997
0
LINE
8
BLACK
6
CONTINUOUS
10
7.6769918110236217
20
-8.8533433070866145
11
7.6807413385826768
21
-8.8495937795275594
0
LINE
8
BLACK
6
CONTINUOUS
10
7.6807413385826768
20
-8.8495937795275594
11
7.688240393700787
21
-8.8383451968503941
0
LINE
8
BLACK
6
CONTINUOUS
10
7.688240393700787
20
-8.8383451968503941
11
7.6919899212598422
21
-8.8308461417322839
0
LINE
8
BLACK
6
CONTINUOUS
10
7.6919899212598422
20
-8.8308461417322839
11
7.6957394488188973
21
-8.8195975590551186
0
LINE
8
BLACK
6
CONTINUOUS
10
7.6957394488188973
20
-8.8195975590551186
11
7.6994889763779524
21
-8.8008498818897642
0
LINE
8
BLACK
6
CONTINUOUS
10
7.6994889763779524
20
-8.8008498818897642
11
7.6994889763779524
21
-8.7858517716535438
0
LINE
8
BLACK
6
CONTINUOUS
10
7.6994889763779524
20
-8.7858517716535438
11
7.6957394488188973
21
-8.7671040944881895
0
LINE
8
BLACK
6
CONTINUOUS
10
7.6957394488188973
20
-8.7671040944881895
11
7.6919899212598422
21
-8.7558555118110242
0
LINE
8
BLACK
6
CONTINUOUS
10
7.6919899212598422
20
-8.7558555118110242
11
7.688240393700787
21
-8.748356456692914
0
LINE
8
BLACK
6
CONTINUOUS
10
7.688240393700787
20
-8.748356456692914
11
7.6807413385826768
21
-8.7371078346456699
0
LINE
8
BLACK
6
CONTINUOUS
10
7.6807413385826768
20
-8.7371078346456699
11
7.6769918110236217
21
-8.7333583070866148
0
LINE
8
BLACK
6
CONTINUOUS
10
5.682685039370079
20
-8.9306369291338576
11
5.7220551181102364
21
-8.8912668503937002
0
LINE
8
BLACK
6
CONTINUOUS
10
5.7220551181102364
20
-8.8912668503937002
11
5.682685039370079
21
-8.8518967716535428
0
LINE
8
BLACK
6
CONTINUOUS
10
5.682685039370079
20
-8.8518967716535428
11
5.6433149606299216
21
-8.8912668503937002
0
LINE
8
BLACK
6
CONTINUOUS
10
5.6433149606299216
20
-8.8912668503937002
11
5.682685039370079
21
-8.9306369291338576
0
LINE
8
BLACK
6
CONTINUOUS
10
5.8172240944881892
20
-8.8485439370078733
11
5.8659679921259844
21
-8.8485439370078733
0
LINE
8
BLACK
6
CONTINUOUS
10
5.8659679921259844
20
-8.8485439370078733
11
5.8397212598425199
21
-8.8785401574803142
0
LINE
8
BLACK
6
CONTINUOUS
10
5.8397212598425199
20
-8.8785401574803142
11
5.850969881889764
21
-8.8785401574803142
0
LINE
8
BLACK
6
CONTINUOUS
10
5.850969881889764
20
-8.8785401574803142
11
5.8584689370078742
21
-8.8822896850393693
0
LINE
8
BLACK
6
CONTINUOUS
10
5.8584689370078742
20
-8.8822896850393693
11
5.8622184645669293
21
-8.8860392519685032
0
LINE
8
BLACK
6
CONTINUOUS
10
5.8622184645669293
20
-8.8860392519685032
11
5.8659679921259844
21
-8.8935383070866134
0
LINE
8
BLACK
6
CONTINUOUS
10
5.8659679921259844
20
-8.8935383070866134
11
5.8659679921259844
21
-8.912285944881889
0
LINE
8
BLACK
6
CONTINUOUS
10
5.8659679921259844
20
-8.912285944881889
11
5.8622184645669293
21
-8.9197849999999992
0
LINE
8
BLACK
6
CONTINUOUS
10
5.8622184645669293
20
-8.9197849999999992
11
5.8584689370078742
21
-8.923534566929133
0
LINE
8
BLACK
6
CONTINUOUS
10
5.8584689370078742
20
-8.923534566929133
11
5.850969881889764
21
-8.9272840944881882
0
LINE
8
BLACK
6
CONTINUOUS
10
5.850969881889764
20
-8.9272840944881882
11
5.8284726771653546
21
-8.9272840944881882
0
LINE
8
BLACK
6
CONTINUOUS
10
5.8284726771653546
20
-8.9272840944881882
11
5.8209736220472443
21
-8.923534566929133
0
LINE
8
BLACK
6
CONTINUOUS
10
5.8209736220472443
20
-8.923534566929133
11
5.8172240944881892
21
-8.9197849999999992
0
LINE
8
BLACK
6
CONTINUOUS
10
5.8997137795275592
20
-8.9197849999999992
11
5.9034633070866143
21
-8.923534566929133
0
LINE
8
BLACK
6
CONTINUOUS
10
5.9034633070866143
20
-8.923534566929133
11
5.8997137795275592
21
-8.9272840944881882
0
LINE
8
BLACK
6
CONTINUOUS
10
5.8997137795275592
20
-8.9272840944881882
11
5.895964251968504
21
-8.923534566929133
0
LINE
8
BLACK
6
CONTINUOUS
10
5.895964251968504
20
-8.923534566929133
11
5.8997137795275592
21
-8.9197849999999992
0
LINE
8
BLACK
6
CONTINUOUS
10
5.8997137795275592
20
-8.9197849999999992
11
5.8997137795275592
21
-8.9272840944881882
0
LINE
8
BLACK
6
CONTINUOUS
10
5.9334595669291339
20
-8.8560429921259836
11
5.937209094488189
21
-8.8522934645669284
0
LINE
8
BLACK
6
CONTINUOUS
10
5.937209094488189
20
-8.8522934645669284
11
5.9447081496062992
21
-8.8485439370078733
0
LINE
8
BLACK
6
CONTINUOUS
10
5.9447081496062992
20
-8.8485439370078733
11
5.9634558267716535
21
-8.8485439370078733
0
LINE
8
BLACK
6
CONTINUOUS
10
5.9634558267716535
20
-8.8485439370078733
11
5.9709548818897638
21
-8.8522934645669284
0
LINE
8
BLACK
6
CONTINUOUS
10
5.9709548818897638
20
-8.8522934645669284
11
5.9747044094488189
21
-8.8560429921259836
0
LINE
8
BLACK
6
CONTINUOUS
10
5.9747044094488189
20
-8.8560429921259836
11
5.978453937007874
21
-8.8635420472440938
0
LINE
8
BLACK
6
CONTINUOUS
10
5.978453937007874
20
-8.8635420472440938
11
5.978453937007874
21
-8.871041102362204
0
LINE
8
BLACK
6
CONTINUOUS
10
5.978453937007874
20
-8.871041102362204
11
5.9747044094488189
21
-8.8822896850393693
0
LINE
8
BLACK
6
CONTINUOUS
10
5.9747044094488189
20
-8.8822896850393693
11
5.9297100393700788
21
-8.9272840944881882
0
LINE
8
BLACK
6
CONTINUOUS
10
5.9297100393700788
20
-8.9272840944881882
11
5.978453937007874
21
-8.9272840944881882
0
LINE
8
BLACK
6
CONTINUOUS
10
6.0271978346456692
20
-8.8485439370078733
11
6.0346969291338581
21
-8.8485439370078733
0
LINE
8
BLACK
6
CONTINUOUS
10
6.0346969291338581
20
-8.8485439370078733
11
6.0421959842519684
21
-8.8522934645669284
0
LINE
8
BLACK
6
CONTINUOUS
10
6.0421959842519684
20
-8.8522934645669284
11
6.0459455118110235
21
-8.8560429921259836
0
LINE
8
BLACK
6
CONTINUOUS
10
6.0459455118110235
20
-8.8560429921259836
11
6.0496950393700786
21
-8.8635420472440938
0
LINE
8
BLACK
6
CONTINUOUS
10
6.0496950393700786
20
-8.8635420472440938
11
6.0534445669291337
21
-8.8785401574803142
0
LINE
8
BLACK
6
CONTINUOUS
10
6.0534445669291337
20
-8.8785401574803142
11
6.0534445669291337
21
-8.8972878346456685
0
LINE
8
BLACK
6
CONTINUOUS
10
6.0534445669291337
20
-8.8972878346456685
11
6.0496950393700786
21
-8.912285944881889
0
LINE
8
BLACK
6
CONTINUOUS
10
6.0496950393700786
20
-8.912285944881889
11
6.0459455118110235
21
-8.9197849999999992
0
LINE
8
BLACK
6
CONTINUOUS
10
6.0459455118110235
20
-8.9197849999999992
11
6.0421959842519684
21
-8.923534566929133
0
LINE
8
BLACK
6
CONTINUOUS
10
6.0421959842519684
20
-8.923534566929133
11
6.0346969291338581
21
-8.9272840944881882
0
LINE
8
BLACK
6
CONTINUOUS
10
6.0346969291338581
20
-8.9272840944881882
11
6.0271978346456692
21
-8.9272840944881882
0
LINE
8
BLACK
6
CONTINUOUS
10
6.0271978346456692
20
-8.9272840944881882
11
6.0196987795275589
21
-8.923534566929133
0
LINE
8
BLACK
6
CONTINUOUS
10
6.0196987795275589
20
-8.923534566929133
11
6.0159492519685038
21
-8.9197849999999992
0
LINE
8
BLACK
6
CONTINUOUS
10
6.0159492519685038
20
-8.9197849999999992
11
6.0121997244094487
21
-8.912285944881889
0
LINE
8
BLACK
6
CONTINUOUS
10
6.0121997244094487
20
-8.912285944881889
11
6.0084501968503936
21
-8.8972878346456685
0
LINE
8
BLACK
6
CONTINUOUS
10
6.0084501968503936
20
-8.8972878346456685
11
6.0084501968503936
21
-8.8785401574803142
0
LINE
8
BLACK
6
CONTINUOUS
10
6.0084501968503936
20
-8.8785401574803142
11
6.0121997244094487
21
-8.8635420472440938
0
LINE
8
BLACK
6
CONTINUOUS
10
6.0121997244094487
20
-8.8635420472440938
11
6.0159492519685038
21
-8.8560429921259836
0
LINE
8
BLACK
6
CONTINUOUS
10
6.0159492519685038
20
-8.8560429921259836
11
6.0196987795275589
21
-8.8522934645669284
0
LINE
8
BLACK
6
CONTINUOUS
10
6.0196987795275589
20
-8.8522934645669284
11
6.0271978346456692
21
-8.8485439370078733
0
LINE
8
BLACK
6
CONTINUOUS
10
6.1021884645669289
20
-8.8485439370078733
11
6.1096875590551178
21
-8.8485439370078733
0
LINE
8
BLACK
6
CONTINUOUS
10
6.1096875590551178
20
-8.8485439370078733
11
6.1171866141732281
21
-8.8522934645669284
0
LINE
8
BLACK
6
CONTINUOUS
10
6.1171866141732281
20
-8.8522934645669284
11
6.1209361417322832
21
-8.8560429921259836
0
LINE
8
BLACK
6
CONTINUOUS
10
6.1209361417322832
20
-8.8560429921259836
11
6.1246856692913383
21
-8.8635420472440938
0
LINE
8
BLACK
6
CONTINUOUS
10
6.1246856692913383
20
-8.8635420472440938
11
6.1284351968503934
21
-8.8785401574803142
0
LINE
8
BLACK
6
CONTINUOUS
10
6.1284351968503934
20
-8.8785401574803142
11
6.1284351968503934
21
-8.8972878346456685
0
LINE
8
BLACK
6
CONTINUOUS
10
6.1284351968503934
20
-8.8972878346456685
11
6.1246856692913383
21
-8.912285944881889
0
LINE
8
BLACK
6
CONTINUOUS
10
6.1246856692913383
20
-8.912285944881889
11
6.1209361417322832
21
-8.9197849999999992
0
LINE
8
BLACK
6
CONTINUOUS
10
6.1209361417322832
20
-8.9197849999999992
11
6.1171866141732281
21
-8.923534566929133
0
LINE
8
BLACK
6
CONTINUOUS
10
6.1171866141732281
20
-8.923534566929133
11
6.1096875590551178
21
-8.9272840944881882
0
LINE
8
BLACK
6
CONTINUOUS
10
6.1096875590551178
20
-8.9272840944881882
11
6.1021884645669289
21
-8.9272840944881882
0
LINE
8
BLACK
6
CONTINUOUS
10
6.1021884645669289
20
-8.9272840944881882
11
6.0946894094488187
21
-8.923534566929133
0
LINE
8
BLACK
6
CONTINUOUS
10
6.0946894094488187
20
-8.923534566929133
11
6.0909398818897635
21
-8.9197849999999992
0
LINE
8
BLACK
6
CONTINUOUS
10
6.0909398818897635
20
-8.9197849999999992
11
6.0871903543307084
21
-8.912285944881889
0
LINE
8
BLACK
6
CONTINUOUS
10
6.0871903543307084
20
-8.912285944881889
11
6.0834408267716533
21
-8.8972878346456685
0
LINE
8
BLACK
6
CONTINUOUS
10
6.0834408267716533
20
-8.8972878346456685
11
6.0834408267716533
21
-8.8785401574803142
0
LINE
8
BLACK
6
CONTINUOUS
10
6.0834408267716533
20
-8.8785401574803142
11
6.0871903543307084
21
-8.8635420472440938
0
LINE
8
BLACK
6
CONTINUOUS
10
6.0871903543307084
20
-8.8635420472440938
11
6.0909398818897635
21
-8.8560429921259836
0
LINE
8
BLACK
6
CONTINUOUS
10
6.0909398818897635
20
-8.8560429921259836
11
6.0946894094488187
21
-8.8522934645669284
0
LINE
8
BLACK
6
CONTINUOUS
10
6.0946894094488187
20
-8.8522934645669284
11
6.1021884645669289
21
-8.8485439370078733
0
LINE
8
BLACK
6
CONTINUOUS
10
6.1621809842519681
20
-8.9272840944881882
11
6.1621809842519681
21
-8.8747906299212591
0
LINE
8
BLACK
6
CONTINUOUS
10
6.1621809842519681
20
-8.8822896850393693
11
6.1659305118110233
21
-8.8785401574803142
0
LINE
8
BLACK
6
CONTINUOUS
10
6.1659305118110233
20
-8.8785401574803142
11
6.1734295669291335
21
-8.8747906299212591
0
LINE
8
BLACK
6
CONTINUOUS
10
6.1734295669291335
20
-8.8747906299212591
11
6.1846781889763776
21
-8.8747906299212591
0
LINE
8
BLACK
6
CONTINUOUS
10
6.1846781889763776
20
-8.8747906299212591
11
6.1921772440944878
21
-8.8785401574803142
0
LINE
8
BLACK
6
CONTINUOUS
10
6.1921772440944878
20
-8.8785401574803142
11
6.1959267716535429
21
-8.8860392519685032
0
LINE
8
BLACK
6
CONTINUOUS
10
6.1959267716535429
20
-8.8860392519685032
11
6.1959267716535429
21
-8.9272840944881882
0
LINE
8
BLACK
6
CONTINUOUS
10
6.1959267716535429
20
-8.8860392519685032
11
6.199676299212598
21
-8.8785401574803142
0
LINE
8
BLACK
6
CONTINUOUS
10
6.199676299212598
20
-8.8785401574803142
11
6.2071753543307082
21
-8.8747906299212591
0
LINE
8
BLACK
6
CONTINUOUS
10
6.2071753543307082
20
-8.8747906299212591
11
6.2184239370078735
21
-8.8747906299212591
0
LINE
8
BLACK
6
CONTINUOUS
10
6.2184239370078735
20
-8.8747906299212591
11
6.2259230314960625
21
-8.8785401574803142
0
LINE
8
BLACK
6
CONTINUOUS
10
6.2259230314960625
20
-8.8785401574803142
11
6.2296725590551176
21
-8.8860392519685032
0
LINE
8
BLACK
6
CONTINUOUS
10
6.2296725590551176
20
-8.8860392519685032
11
6.2296725590551176
21
-8.9272840944881882
0
LINE
8
BLACK
6
CONTINUOUS
10
6.2671678740157475
20
-8.9272840944881882
11
6.2671678740157475
21
-8.8747906299212591
0
LINE
8
BLACK
6
CONTINUOUS
10
6.2671678740157475
20
-8.8822896850393693
11
6.2709174015748026
21
-8.8785401574803142
0
LINE
8
BLACK
6
CONTINUOUS
10
6.2709174015748026
20
-8.8785401574803142
11
6.2784164566929128
21
-8.8747906299212591
0
LINE
8
BLACK
6
CONTINUOUS
10
6.2784164566929128
20
-8.8747906299212591
11
6.2896650787401569
21
-8.8747906299212591
0
LINE
8
BLACK
6
CONTINUOUS
10
6.2896650787401569
20
-8.8747906299212591
11
6.297164133858268
21
-8.8785401574803142
0
LINE
8
BLACK
6
CONTINUOUS
10
6.297164133858268
20
-8.8785401574803142
11
6.3009136614173231
21
-8.8860392519685032
0
LINE
8
BLACK
6
CONTINUOUS
10
6.3009136614173231
20
-8.8860392519685032
11
6.3009136614173231
21
-8.9272840944881882
0
LINE
8
BLACK
6
CONTINUOUS
10
6.3009136614173231
20
-8.8860392519685032
11
6.3046631889763782
21
-8.8785401574803142
0
LINE
8
BLACK
6
CONTINUOUS
10
6.3046631889763782
20
-8.8785401574803142
11
6.3121622440944885
21
-8.8747906299212591
0
LINE
8
BLACK
6
CONTINUOUS
10
6.3121622440944885
20
-8.8747906299212591
11
6.3234108267716538
21
-8.8747906299212591
0
LINE
8
BLACK
6
CONTINUOUS
10
6.3234108267716538
20
-8.8747906299212591
11
6.3309099212598428
21
-8.8785401574803142
0
LINE
8
BLACK
6
CONTINUOUS
10
6.3309099212598428
20
-8.8785401574803142
11
6.3346594488188979
21
-8.8860392519685032
0
LINE
8
BLACK
6
CONTINUOUS
10
6.3346594488188979
20
-8.8860392519685032
11
6.3346594488188979
21
-8.9272840944881882
0
LINE
8
BLACK
6
CONTINUOUS
10
6.4883902362204724
20
-8.8447944094488182
11
6.4208987007874017
21
-8.9460317322834637
0
LINE
8
BLACK
6
CONTINUOUS
10
6.5896275984251966
20
-8.8485439370078733
11
6.5971266929133856
21
-8.8485439370078733
0
LINE
8
BLACK
6
CONTINUOUS
10
6.5971266929133856
20
-8.8485439370078733
11
6.6046257480314958
21
-8.8522934645669284
0
LINE
8
BLACK
6
CONTINUOUS
10
6.6046257480314958
20
-8.8522934645669284
11
6.6083752755905509
21
-8.8560429921259836
0
LINE
8
BLACK
6
CONTINUOUS
10
6.6083752755905509
20
-8.8560429921259836
11
6.612124803149606
21
-8.8635420472440938
0
LINE
8
BLACK
6
CONTINUOUS
10
6.612124803149606
20
-8.8635420472440938
11
6.6158743307086612
21
-8.8785401574803142
0
LINE
8
BLACK
6
CONTINUOUS
10
6.6158743307086612
20
-8.8785401574803142
11
6.6158743307086612
21
-8.8972878346456685
0
LINE
8
BLACK
6
CONTINUOUS
10
6.6158743307086612
20
-8.8972878346456685
11
6.612124803149606
21
-8.912285944881889
0
LINE
8
BLACK
6
CONTINUOUS
10
6.612124803149606
20
-8.912285944881889
11
6.6083752755905509
21
-8.9197849999999992
0
LINE
8
BLACK
6
CONTINUOUS
10
6.6083752755905509
20
-8.9197849999999992
11
6.6046257480314958
21
-8.923534566929133
0
LINE
8
BLACK
6
CONTINUOUS
10
6.6046257480314958
20
-8.923534566929133
11
6.5971266929133856
21
-8.9272840944881882
0
LINE
8
BLACK
6
CONTINUOUS
10
6.5971266929133856
20
-8.9272840944881882
11
6.5896275984251966
21
-8.9272840944881882
0
LINE
8
BLACK
6
CONTINUOUS
10
6.5896275984251966
20
-8.9272840944881882
11
6.5821285433070864
21
-8.923534566929133
0
LINE
8
BLACK
6
CONTINUOUS
10
6.5821285433070864
20
-8.923534566929133
11
6.5783790157480313
21
-8.9197849999999992
0
LINE
8
BLACK
6
CONTINUOUS
10
6.5783790157480313
20
-8.9197849999999992
11
6.5746294881889762
21
-8.912285944881889
0
LINE
8
BLACK
6
CONTINUOUS
10
6.5746294881889762
20
-8.912285944881889
11
6.5708799606299211
21
-8.8972878346456685
0
LINE
8
BLACK
6
CONTINUOUS
10
6.5708799606299211
20
-8.8972878346456685
11
6.5708799606299211
21
-8.8785401574803142
0
LINE
8
BLACK
6
CONTINUOUS
10
6.5708799606299211
20
-8.8785401574803142
11
6.5746294881889762
21
-8.8635420472440938
0
LINE
8
BLACK
6
CONTINUOUS
10
6.5746294881889762
20
-8.8635420472440938
11
6.5783790157480313
21
-8.8560429921259836
0
LINE
8
BLACK
6
CONTINUOUS
10
6.5783790157480313
20
-8.8560429921259836
11
6.5821285433070864
21
-8.8522934645669284
0
LINE
8
BLACK
6
CONTINUOUS
10
6.5821285433070864
20
-8.8522934645669284
11
6.5896275984251966
21
-8.8485439370078733
0
LINE
8
BLACK
6
CONTINUOUS
10
6.6496201181102359
20
-8.9197849999999992
11
6.653369645669291
21
-8.923534566929133
0
LINE
8
BLACK
6
CONTINUOUS
10
6.653369645669291
20
-8.923534566929133
11
6.6496201181102359
21
-8.9272840944881882
0
LINE
8
BLACK
6
CONTINUOUS
10
6.6496201181102359
20
-8.9272840944881882
11
6.6458705905511808
21
-8.923534566929133
0
LINE
8
BLACK
6
CONTINUOUS
10
6.6458705905511808
20
-8.923534566929133
11
6.6496201181102359
21
-8.9197849999999992
0
LINE
8
BLACK
6
CONTINUOUS
10
6.6496201181102359
20
-8.9197849999999992
11
6.6496201181102359
21
-8.9272840944881882
0
LINE
8
BLACK
6
CONTINUOUS
10
6.7283602755905507
20
-8.9272840944881882
11
6.6833659055118106
21
-8.9272840944881882
0
LINE
8
BLACK
6
CONTINUOUS
10
6.7058630708661413
20
-8.9272840944881882
11
6.7058630708661413
21
-8.8485439370078733
0
LINE
8
BLACK
6
CONTINUOUS
10
6.7058630708661413
20
-8.8485439370078733
11
6.6983640157480311
21
-8.8597925196850387
0
LINE
8
BLACK
6
CONTINUOUS
10
6.6983640157480311
20
-8.8597925196850387
11
6.6908649606299209
21
-8.8672915748031489
0
LINE
8
BLACK
6
CONTINUOUS
10
6.6908649606299209
20
-8.8672915748031489
11
6.6833659055118106
21
-8.871041102362204
0
LINE
8
BLACK
6
CONTINUOUS
10
6.7583565354330704
20
-8.8560429921259836
11
6.7621060629921255
21
-8.8522934645669284
0
LINE
8
BLACK
6
CONTINUOUS
10
6.7621060629921255
20
-8.8522934645669284
11
6.7696051181102357
21
-8.8485439370078733
0
LINE
8
BLACK
6
CONTINUOUS
10
6.7696051181102357
20
-8.8485439370078733
11
6.78835279527559
21
-8.8485439370078733
0
LINE
8
BLACK
6
CONTINUOUS
10
6.78835279527559
20
-8.8485439370078733
11
6.7958518503937002
21
-8.8522934645669284
0
LINE
8
BLACK
6
CONTINUOUS
10
6.7958518503937002
20
-8.8522934645669284
11
6.7996013779527553
21
-8.8560429921259836
0
LINE
8
BLACK
6
CONTINUOUS
10
6.7996013779527553
20
-8.8560429921259836
11
6.8033509055118104
21
-8.8635420472440938
0
LINE
8
BLACK
6
CONTINUOUS
10
6.8033509055118104
20
-8.8635420472440938
11
6.8033509055118104
21
-8.871041102362204
0
LINE
8
BLACK
6
CONTINUOUS
10
6.8033509055118104
20
-8.871041102362204
11
6.7996013779527553
21
-8.8822896850393693
0
LINE
8
BLACK
6
CONTINUOUS
10
6.7996013779527553
20
-8.8822896850393693
11
6.7546070078740152
21
-8.9272840944881882
0
LINE
8
BLACK
6
CONTINUOUS
10
6.7546070078740152
20
-8.9272840944881882
11
6.8033509055118104
21
-8.9272840944881882
0
LINE
8
BLACK
6
CONTINUOUS
10
6.8708424803149608
20
-8.8485439370078733
11
6.8558443307086616
21
-8.8485439370078733
0
LINE
8
BLACK
6
CONTINUOUS
10
6.8558443307086616
20
-8.8485439370078733
11
6.8483452755905514
21
-8.8522934645669284
0
LINE
8
BLACK
6
CONTINUOUS
10
6.8483452755905514
20
-8.8522934645669284
11
6.8445957480314963
21
-8.8560429921259836
0
LINE
8
BLACK
6
CONTINUOUS
10
6.8445957480314963
20
-8.8560429921259836
11
6.8370966929133861
21
-8.8672915748031489
0
LINE
8
BLACK
6
CONTINUOUS
10
6.8370966929133861
20
-8.8672915748031489
11
6.833347165354331
21
-8.8822896850393693
0
LINE
8
BLACK
6
CONTINUOUS
10
6.833347165354331
20
-8.8822896850393693
11
6.833347165354331
21
-8.912285944881889
0
LINE
8
BLACK
6
CONTINUOUS
10
6.833347165354331
20
-8.912285944881889
11
6.8370966929133861
21
-8.9197849999999992
0
LINE
8
BLACK
6
CONTINUOUS
10
6.8370966929133861
20
-8.9197849999999992
11
6.8408462204724412
21
-8.923534566929133
0
LINE
8
BLACK
6
CONTINUOUS
10
6.8408462204724412
20
-8.923534566929133
11
6.8483452755905514
21
-8.9272840944881882
0
LINE
8
BLACK
6
CONTINUOUS
10
6.8483452755905514
20
-8.9272840944881882
11
6.8633434251968506
21
-8.9272840944881882
0
LINE
8
BLACK
6
CONTINUOUS
10
6.8633434251968506
20
-8.9272840944881882
11
6.8708424803149608
21
-8.923534566929133
0
LINE
8
BLACK
6
CONTINUOUS
10
6.8708424803149608
20
-8.923534566929133
11
6.8745920078740159
21
-8.9197849999999992
0
LINE
8
BLACK
6
CONTINUOUS
10
6.8745920078740159
20
-8.9197849999999992
11
6.878341535433071
21
-8.912285944881889
0
LINE
8
BLACK
6
CONTINUOUS
10
6.878341535433071
20
-8.912285944881889
11
6.878341535433071
21
-8.8935383070866134
0
LINE
8
BLACK
6
CONTINUOUS
10
6.878341535433071
20
-8.8935383070866134
11
6.8745920078740159
21
-8.8860392519685032
0
LINE
8
BLACK
6
CONTINUOUS
10
6.8745920078740159
20
-8.8860392519685032
11
6.8708424803149608
21
-8.8822896850393693
0
LINE
8
BLACK
6
CONTINUOUS
10
6.8708424803149608
20
-8.8822896850393693
11
6.8633434251968506
21
-8.8785401574803142
0
LINE
8
BLACK
6
CONTINUOUS
10
6.8633434251968506
20
-8.8785401574803142
11
6.8483452755905514
21
-8.8785401574803142
0
LINE
8
BLACK
6
CONTINUOUS
10
6.8483452755905514
20
-8.8785401574803142
11
6.8408462204724412
21
-8.8822896850393693
0
LINE
8
BLACK
6
CONTINUOUS
10
6.8408462204724412
20
-8.8822896850393693
11
6.8370966929133861
21
-8.8860392519685032
0
LINE
8
BLACK
6
CONTINUOUS
10
6.8370966929133861
20
-8.8860392519685032
11
6.833347165354331
21
-8.8935383070866134
0
LINE
8
BLACK
6
CONTINUOUS
10
6.9270854330708662
20
-8.8485439370078733
11
6.9345845275590552
21
-8.8485439370078733
0
LINE
8
BLACK
6
CONTINUOUS
10
6.9345845275590552
20
-8.8485439370078733
11
6.9420835826771654
21
-8.8522934645669284
0
LINE
8
BLACK
6
CONTINUOUS
10
6.9420835826771654
20
-8.8522934645669284
11
6.9458331102362205
21
-8.8560429921259836
0
LINE
8
BLACK
6
CONTINUOUS
10
6.9458331102362205
20
-8.8560429921259836
11
6.9495826377952756
21
-8.8635420472440938
0
LINE
8
BLACK
6
CONTINUOUS
10
6.9495826377952756
20
-8.8635420472440938
11
6.9533321653543307
21
-8.8785401574803142
0
LINE
8
BLACK
6
CONTINUOUS
10
6.9533321653543307
20
-8.8785401574803142
11
6.9533321653543307
21
-8.8972878346456685
0
LINE
8
BLACK
6
CONTINUOUS
10
6.9533321653543307
20
-8.8972878346456685
11
6.9495826377952756
21
-8.912285944881889
0
LINE
8
BLACK
6
CONTINUOUS
10
6.9495826377952756
20
-8.912285944881889
11
6.9458331102362205
21
-8.9197849999999992
0
LINE
8
BLACK
6
CONTINUOUS
10
6.9458331102362205
20
-8.9197849999999992
11
6.9420835826771654
21
-8.923534566929133
0
LINE
8
BLACK
6
CONTINUOUS
10
6.9420835826771654
20
-8.923534566929133
11
6.9345845275590552
21
-8.9272840944881882
0
LINE
8
BLACK
6
CONTINUOUS
10
6.9345845275590552
20
-8.9272840944881882
11
6.9270854330708662
21
-8.9272840944881882
0
LINE
8
BLACK
6
CONTINUOUS
10
6.9270854330708662
20
-8.9272840944881882
11
6.919586377952756
21
-8.923534566929133
0
LINE
8
BLACK
6
CONTINUOUS
10
6.919586377952756
20
-8.923534566929133
11
6.9158368503937009
21
-8.9197849999999992
0
LINE
8
BLACK
6
CONTINUOUS
10
6.9158368503937009
20
-8.9197849999999992
11
6.9120873228346458
21
-8.912285944881889
0
LINE
8
BLACK
6
CONTINUOUS
10
6.9120873228346458
20
-8.912285944881889
11
6.9083377952755907
21
-8.8972878346456685
0
LINE
8
BLACK
6
CONTINUOUS
10
6.9083377952755907
20
-8.8972878346456685
11
6.9083377952755907
21
-8.8785401574803142
0
LINE
8
BLACK
6
CONTINUOUS
10
6.9083377952755907
20
-8.8785401574803142
11
6.9120873228346458
21
-8.8635420472440938
0
LINE
8
BLACK
6
CONTINUOUS
10
6.9120873228346458
20
-8.8635420472440938
11
6.9158368503937009
21
-8.8560429921259836
0
LINE
8
BLACK
6
CONTINUOUS
10
6.9158368503937009
20
-8.8560429921259836
11
6.919586377952756
21
-8.8522934645669284
0
LINE
8
BLACK
6
CONTINUOUS
10
6.919586377952756
20
-8.8522934645669284
11
6.9270854330708662
21
-8.8485439370078733
0
LINE
8
BLACK
6
CONTINUOUS
10
6.9833284251968504
20
-8.8485439370078733
11
6.9833284251968504
21
-8.8635420472440938
0
LINE
8
BLACK
6
CONTINUOUS
10
7.01332468503937
20
-8.8485439370078733
11
7.01332468503937
21
-8.8635420472440938
0
LINE
8
BLACK
6
CONTINUOUS
10
7.1295601968503934
20
-8.957280314960629
11
7.1258106299212596
21
-8.9535307874015739
0
LINE
8
BLACK
6
CONTINUOUS
10
7.1258106299212596
20
-8.9535307874015739
11
7.1183115748031494
21
-8.9422822047244086
0
LINE
8
BLACK
6
CONTINUOUS
10
7.1183115748031494
20
-8.9422822047244086
11
7.1145620472440942
21
-8.9347831496062984
0
LINE
8
BLACK
6
CONTINUOUS
10
7.1145620472440942
20
-8.9347831496062984
11
7.1108125196850391
21
-8.923534566929133
0
LINE
8
BLACK
6
CONTINUOUS
10
7.1108125196850391
20
-8.923534566929133
11
7.107062992125984
21
-8.9047868897637787
0
LINE
8
BLACK
6
CONTINUOUS
10
7.107062992125984
20
-8.9047868897637787
11
7.107062992125984
21
-8.8897887795275583
0
LINE
8
BLACK
6
CONTINUOUS
10
7.107062992125984
20
-8.8897887795275583
11
7.1108125196850391
21
-8.871041102362204
0
LINE
8
BLACK
6
CONTINUOUS
10
7.1108125196850391
20
-8.871041102362204
11
7.1145620472440942
21
-8.8597925196850387
0
LINE
8
BLACK
6
CONTINUOUS
10
7.1145620472440942
20
-8.8597925196850387
11
7.1183115748031494
21
-8.8522934645669284
0
LINE
8
BLACK
6
CONTINUOUS
10
7.1183115748031494
20
-8.8522934645669284
11
7.1258106299212596
21
-8.8410448425196844
0
LINE
8
BLACK
6
CONTINUOUS
10
7.1258106299212596
20
-8.8410448425196844
11
7.1295601968503934
21
-8.8372953149606293
0
LINE
8
BLACK
6
CONTINUOUS
10
7.1933022047244091
20
-8.8747906299212591
11
7.1933022047244091
21
-8.9272840944881882
0
LINE
8
BLACK
6
CONTINUOUS
10
7.1745545275590548
20
-8.8447944094488182
11
7.1558068897637792
21
-8.9010373622047236
0
LINE
8
BLACK
6
CONTINUOUS
10
7.1558068897637792
20
-8.9010373622047236
11
7.2045507874015744
21
-8.9010373622047236
0
LINE
8
BLACK
6
CONTINUOUS
10
7.2945395669291333
20
-8.9272840944881882
11
7.2945395669291333
21
-8.8485439370078733
0
LINE
8
BLACK
6
CONTINUOUS
10
7.3282853543307089
20
-8.9272840944881882
11
7.3282853543307089
21
-8.8860392519685032
0
LINE
8
BLACK
6
CONTINUOUS
10
7.3282853543307089
20
-8.8860392519685032
11
7.3245358267716529
21
-8.8785401574803142
0
LINE
8
BLACK
6
CONTINUOUS
10
7.3245358267716529
20
-8.8785401574803142
11
7.3170367716535427
21
-8.8747906299212591
0
LINE
8
BLACK
6
CONTINUOUS
10
7.3170367716535427
20
-8.8747906299212591
11
7.3057881496062986
21
-8.8747906299212591
0
LINE
8
BLACK
6
CONTINUOUS
10
7.3057881496062986
20
-8.8747906299212591
11
7.2982890944881884
21
-8.8785401574803142
0
LINE
8
BLACK
6
CONTINUOUS
10
7.2982890944881884
20
-8.8785401574803142
11
7.2945395669291333
21
-8.8822896850393693
0
LINE
8
BLACK
6
CONTINUOUS
10
7.3770292519685041
20
-8.9272840944881882
11
7.3695301968503939
21
-8.923534566929133
0
LINE
8
BLACK
6
CONTINUOUS
10
7.3695301968503939
20
-8.923534566929133
11
7.3657806692913388
21
-8.9197849999999992
0
LINE
8
BLACK
6
CONTINUOUS
10
7.3657806692913388
20
-8.9197849999999992
11
7.3620311417322837
21
-8.912285944881889
0
LINE
8
BLACK
6
CONTINUOUS
10
7.3620311417322837
20
-8.912285944881889
11
7.3620311417322837
21
-8.8897887795275583
0
LINE
8
BLACK
6
CONTINUOUS
10
7.3620311417322837
20
-8.8897887795275583
11
7.3657806692913388
21
-8.8822896850393693
0
LINE
8
BLACK
6
CONTINUOUS
10
7.3657806692913388
20
-8.8822896850393693
11
7.3695301968503939
21
-8.8785401574803142
0
LINE
8
BLACK
6
CONTINUOUS
10
7.3695301968503939
20
-8.8785401574803142
11
7.3770292519685041
21
-8.8747906299212591
0
LINE
8
BLACK
6
CONTINUOUS
10
7.3770292519685041
20
-8.8747906299212591
11
7.3882778740157482
21
-8.8747906299212591
0
LINE
8
BLACK
6
CONTINUOUS
10
7.3882778740157482
20
-8.8747906299212591
11
7.3957769291338584
21
-8.8785401574803142
0
LINE
8
BLACK
6
CONTINUOUS
10
7.3957769291338584
20
-8.8785401574803142
11
7.3995264566929135
21
-8.8822896850393693
0
LINE
8
BLACK
6
CONTINUOUS
10
7.3995264566929135
20
-8.8822896850393693
11
7.4032759842519686
21
-8.8897887795275583
0
LINE
8
BLACK
6
CONTINUOUS
10
7.4032759842519686
20
-8.8897887795275583
11
7.4032759842519686
21
-8.912285944881889
0
LINE
8
BLACK
6
CONTINUOUS
10
7.4032759842519686
20
-8.912285944881889
11
7.3995264566929135
21
-8.9197849999999992
0
LINE
8
BLACK
6
CONTINUOUS
10
7.3995264566929135
20
-8.9197849999999992
11
7.3957769291338584
21
-8.923534566929133
0
LINE
8
BLACK
6
CONTINUOUS
10
7.3957769291338584
20
-8.923534566929133
11
7.3882778740157482
21
-8.9272840944881882
0
LINE
8
BLACK
6
CONTINUOUS
10
7.3882778740157482
20
-8.9272840944881882
11
7.3770292519685041
21
-8.9272840944881882
0
LINE
8
BLACK
6
CONTINUOUS
10
7.4482703543307087
20
-8.9272840944881882
11
7.4407712992125985
21
-8.923534566929133
0
LINE
8
BLACK
6
CONTINUOUS
10
7.4407712992125985
20
-8.923534566929133
11
7.4370217716535434
21
-8.9160354724409441
0
LINE
8
BLACK
6
CONTINUOUS
10
7.4370217716535434
20
-8.9160354724409441
11
7.4370217716535434
21
-8.8485439370078733
0
LINE
8
BLACK
6
CONTINUOUS
10
7.508262874015748
20
-8.923534566929133
11
7.5007638188976378
21
-8.9272840944881882
0
LINE
8
BLACK
6
CONTINUOUS
10
7.5007638188976378
20
-8.9272840944881882
11
7.4857656692913386
21
-8.9272840944881882
0
LINE
8
BLACK
6
CONTINUOUS
10
7.4857656692913386
20
-8.9272840944881882
11
7.4782666141732284
21
-8.923534566929133
0
LINE
8
BLACK
6
CONTINUOUS
10
7.4782666141732284
20
-8.923534566929133
11
7.4745170866141732
21
-8.9160354724409441
0
LINE
8
BLACK
6
CONTINUOUS
10
7.4745170866141732
20
-8.9160354724409441
11
7.4745170866141732
21
-8.8860392519685032
0
LINE
8
BLACK
6
CONTINUOUS
10
7.4745170866141732
20
-8.8860392519685032
11
7.4782666141732284
21
-8.8785401574803142
0
LINE
8
BLACK
6
CONTINUOUS
10
7.4782666141732284
20
-8.8785401574803142
11
7.4857656692913386
21
-8.8747906299212591
0
LINE
8
BLACK
6
CONTINUOUS
10
7.4857656692913386
20
-8.8747906299212591
11
7.5007638188976378
21
-8.8747906299212591
0
LINE
8
BLACK
6
CONTINUOUS
10
7.5007638188976378
20
-8.8747906299212591
11
7.508262874015748
21
-8.8785401574803142
0
LINE
8
BLACK
6
CONTINUOUS
10
7.508262874015748
20
-8.8785401574803142
11
7.5120124015748031
21
-8.8860392519685032
0
LINE
8
BLACK
6
CONTINUOUS
10
7.5120124015748031
20
-8.8860392519685032
11
7.5120124015748031
21
-8.8935383070866134
0
LINE
8
BLACK
6
CONTINUOUS
10
7.5120124015748031
20
-8.8935383070866134
11
7.4745170866141732
21
-8.9010373622047236
0
LINE
8
BLACK
6
CONTINUOUS
10
7.5420086614173227
20
-8.923534566929133
11
7.549507716535433
21
-8.9272840944881882
0
LINE
8
BLACK
6
CONTINUOUS
10
7.549507716535433
20
-8.9272840944881882
11
7.5645058267716534
21
-8.9272840944881882
0
LINE
8
BLACK
6
CONTINUOUS
10
7.5645058267716534
20
-8.9272840944881882
11
7.5720049212598424
21
-8.923534566929133
0
LINE
8
BLACK
6
CONTINUOUS
10
7.5720049212598424
20
-8.923534566929133
11
7.5757544488188975
21
-8.9160354724409441
0
LINE
8
BLACK
6
CONTINUOUS
10
7.5757544488188975
20
-8.9160354724409441
11
7.5757544488188975
21
-8.912285944881889
0
LINE
8
BLACK
6
CONTINUOUS
10
7.5757544488188975
20
-8.912285944881889
11
7.5720049212598424
21
-8.9047868897637787
0
LINE
8
BLACK
6
CONTINUOUS
10
7.5720049212598424
20
-8.9047868897637787
11
7.5645058267716534
21
-8.9010373622047236
0
LINE
8
BLACK
6
CONTINUOUS
10
7.5645058267716534
20
-8.9010373622047236
11
7.5532572440944881
21
-8.9010373622047236
0
LINE
8
BLACK
6
CONTINUOUS
10
7.5532572440944881
20
-8.9010373622047236
11
7.5457581889763778
21
-8.8972878346456685
0
LINE
8
BLACK
6
CONTINUOUS
10
7.5457581889763778
20
-8.8972878346456685
11
7.5420086614173227
21
-8.8897887795275583
0
LINE
8
BLACK
6
CONTINUOUS
10
7.5420086614173227
20
-8.8897887795275583
11
7.5420086614173227
21
-8.8860392519685032
0
LINE
8
BLACK
6
CONTINUOUS
10
7.5420086614173227
20
-8.8860392519685032
11
7.5457581889763778
21
-8.8785401574803142
0
LINE
8
BLACK
6
CONTINUOUS
10
7.5457581889763778
20
-8.8785401574803142
11
7.5532572440944881
21
-8.8747906299212591
0
LINE
8
BLACK
6
CONTINUOUS
10
7.5532572440944881
20
-8.8747906299212591
11
7.5645058267716534
21
-8.8747906299212591
0
LINE
8
BLACK
6
CONTINUOUS
10
7.5645058267716534
20
-8.8747906299212591
11
7.5720049212598424
21
-8.8785401574803142
0
LINE
8
BLACK
6
CONTINUOUS
10
7.602001181102362
20
-8.957280314960629
11
7.6057507086614171
21
-8.9535307874015739
0
LINE
8
BLACK
6
CONTINUOUS
10
7.6057507086614171
20
-8.9535307874015739
11
7.6132497637795273
21
-8.9422822047244086
0
LINE
8
BLACK
6
CONTINUOUS
10
7.6132497637795273
20
-8.9422822047244086
11
7.6169992913385824
21
-8.9347831496062984
0
LINE
8
BLACK
6
CONTINUOUS
10
7.6169992913385824
20
-8.9347831496062984
11
7.6207488188976376
21
-8.923534566929133
0
LINE
8
BLACK
6
CONTINUOUS
10
7.6207488188976376
20
-8.923534566929133
11
7.6244983464566927
21
-8.9047868897637787
0
LINE
8
BLACK
6
CONTINUOUS
10
7.6244983464566927
20
-8.9047868897637787
11
7.6244983464566927
21
-8.8897887795275583
0
LINE
8
BLACK
6
CONTINUOUS
10
7.6244983464566927
20
-8.8897887795275583
11
7.6207488188976376
21
-8.871041102362204
0
LINE
8
BLACK
6
CONTINUOUS
10
7.6207488188976376
20
-8.871041102362204
11
7.6169992913385824
21
-8.8597925196850387
0
LINE
8
BLACK
6
CONTINUOUS
10
7.6169992913385824
20
-8.8597925196850387
11
7.6132497637795273
21
-8.8522934645669284
0
LINE
8
BLACK
6
CONTINUOUS
10
7.6132497637795273
20
-8.8522934645669284
11
7.6057507086614171
21
-8.8410448425196844
0
LINE
8
BLACK
6
CONTINUOUS
10
7.6057507086614171
20
-8.8410448425196844
11
7.602001181102362
21
-8.8372953149606293
0
LINE
8
BLACK
6
CONTINUOUS
10
5.6433149606299216
20
-8.9778810236220465
11
5.7220551181102364
21
-9.0566211811023614
0
LINE
8
BLACK
6
CONTINUOUS
10
5.7220551181102364
20
-8.9778810236220465
11
5.6433149606299216
21
-9.0566211811023614
0
CIRCLE
8
BLACK
10
5.682685039370079
20
-9.017251102362204
40
0.0393700787401575
0
LINE
8
BLACK
6
CONTINUOUS
10
5.8172240944881892
20
-8.9745281889763771
11
5.8659679921259844
21
-8.9745281889763771
0
LINE
8
BLACK
6
CONTINUOUS
10
5.8659679921259844
20
-8.9745281889763771
11
5.8397212598425199
21
-9.0045244094488179
0
LINE
8
BLACK
6
CONTINUOUS
10
5.8397212598425199
20
-9.0045244094488179
11
5.850969881889764
21
-9.0045244094488179
0
LINE
8
BLACK
6
CONTINUOUS
10
5.850969881889764
20
-9.0045244094488179
11
5.8584689370078742
21
-9.008273937007873
0
LINE
8
BLACK
6
CONTINUOUS
10
5.8584689370078742
20
-9.008273937007873
11
5.8622184645669293
21
-9.0120235039370069
0
LINE
8
BLACK
6
CONTINUOUS
10
5.8622184645669293
20
-9.0120235039370069
11
5.8659679921259844
21
-9.0195225590551171
0
LINE
8
BLACK
6
CONTINUOUS
10
5.8659679921259844
20
-9.0195225590551171
11
5.8659679921259844
21
-9.0382701968503927
0
LINE
8
BLACK
6
CONTINUOUS
10
5.8659679921259844
20
-9.0382701968503927
11
5.8622184645669293
21
-9.0457692519685029
0
LINE
8
BLACK
6
CONTINUOUS
10
5.8622184645669293
20
-9.0457692519685029
11
5.8584689370078742
21
-9.0495188188976368
0
LINE
8
BLACK
6
CONTINUOUS
10
5.8584689370078742
20
-9.0495188188976368
11
5.850969881889764
21
-9.0532683464566919
0
LINE
8
BLACK
6
CONTINUOUS
10
5.850969881889764
20
-9.0532683464566919
11
5.8284726771653546
21
-9.0532683464566919
0
LINE
8
BLACK
6
CONTINUOUS
10
5.8284726771653546
20
-9.0532683464566919
11
5.8209736220472443
21
-9.0495188188976368
0
LINE
8
BLACK
6
CONTINUOUS
10
5.8209736220472443
20
-9.0495188188976368
11
5.8172240944881892
21
-9.0457692519685029
0
LINE
8
BLACK
6
CONTINUOUS
10
5.8997137795275592
20
-9.0457692519685029
11
5.9034633070866143
21
-9.0495188188976368
0
LINE
8
BLACK
6
CONTINUOUS
10
5.9034633070866143
20
-9.0495188188976368
11
5.8997137795275592
21
-9.0532683464566919
0
LINE
8
BLACK
6
CONTINUOUS
10
5.8997137795275592
20
-9.0532683464566919
11
5.895964251968504
21
-9.0495188188976368
0
LINE
8
BLACK
6
CONTINUOUS
10
5.895964251968504
20
-9.0495188188976368
11
5.8997137795275592
21
-9.0457692519685029
0
LINE
8
BLACK
6
CONTINUOUS
10
5.8997137795275592
20
-9.0457692519685029
11
5.8997137795275592
21
-9.0532683464566919
0
LINE
8
BLACK
6
CONTINUOUS
10
5.9522072047244095
20
-8.9745281889763771
11
5.9597062992125984
21
-8.9745281889763771
0
LINE
8
BLACK
6
CONTINUOUS
10
5.9597062992125984
20
-8.9745281889763771
11
5.9672053543307086
21
-8.9782777165354322
0
LINE
8
BLACK
6
CONTINUOUS
10
5.9672053543307086
20
-8.9782777165354322
11
5.9709548818897638
21
-8.9820272440944873
0
LINE
8
BLACK
6
CONTINUOUS
10
5.9709548818897638
20
-8.9820272440944873
11
5.9747044094488189
21
-8.9895262992125975
0
LINE
8
BLACK
6
CONTINUOUS
10
5.9747044094488189
20
-8.9895262992125975
11
5.978453937007874
21
-9.0045244094488179
0
LINE
8
BLACK
6
CONTINUOUS
10
5.978453937007874
20
-9.0045244094488179
11
5.978453937007874
21
-9.0232720866141722
0
LINE
8
BLACK
6
CONTINUOUS
10
5.978453937007874
20
-9.0232720866141722
11
5.9747044094488189
21
-9.0382701968503927
0
LINE
8
BLACK
6
CONTINUOUS
10
5.9747044094488189
20
-9.0382701968503927
11
5.9709548818897638
21
-9.0457692519685029
0
LINE
8
BLACK
6
CONTINUOUS
10
5.9709548818897638
20
-9.0457692519685029
11
5.9672053543307086
21
-9.0495188188976368
0
LINE
8
BLACK
6
CONTINUOUS
10
5.9672053543307086
20
-9.0495188188976368
11
5.9597062992125984
21
-9.0532683464566919
0
LINE
8
BLACK
6
CONTINUOUS
10
5.9597062992125984
20
-9.0532683464566919
11
5.9522072047244095
21
-9.0532683464566919
0
LINE
8
BLACK
6
CONTINUOUS
10
5.9522072047244095
20
-9.0532683464566919
11
5.9447081496062992
21
-9.0495188188976368
0
LINE
8
BLACK
6
CONTINUOUS
10
5.9447081496062992
20
-9.0495188188976368
11
5.9409586220472441
21
-9.0457692519685029
0
LINE
8
BLACK
6
CONTINUOUS
10
5.9409586220472441
20
-9.0457692519685029
11
5.937209094488189
21
-9.0382701968503927
0
LINE
8
BLACK
6
CONTINUOUS
10
5.937209094488189
20
-9.0382701968503927
11
5.9334595669291339
21
-9.0232720866141722
0
LINE
8
BLACK
6
CONTINUOUS
10
5.9334595669291339
20
-9.0232720866141722
11
5.9334595669291339
21
-9.0045244094488179
0
LINE
8
BLACK
6
CONTINUOUS
10
5.9334595669291339
20
-9.0045244094488179
11
5.937209094488189
21
-8.9895262992125975
0
LINE
8
BLACK
6
CONTINUOUS
10
5.937209094488189
20
-8.9895262992125975
11
5.9409586220472441
21
-8.9820272440944873
0
LINE
8
BLACK
6
CONTINUOUS
10
5.9409586220472441
20
-8.9820272440944873
11
5.9447081496062992
21
-8.9782777165354322
0
LINE
8
BLACK
6
CONTINUOUS
10
5.9447081496062992
20
-8.9782777165354322
11
5.9522072047244095
21
-8.9745281889763771
0
LINE
8
BLACK
6
CONTINUOUS
10
6.0271978346456692
20
-8.9745281889763771
11
6.0346969291338581
21
-8.9745281889763771
0
LINE
8
BLACK
6
CONTINUOUS
10
6.0346969291338581
20
-8.9745281889763771
11
6.0421959842519684
21
-8.9782777165354322
0
LINE
8
BLACK
6
CONTINUOUS
10
6.0421959842519684
20
-8.9782777165354322
11
6.0459455118110235
21
-8.9820272440944873
0
LINE
8
BLACK
6
CONTINUOUS
10
6.0459455118110235
20
-8.9820272440944873
11
6.0496950393700786
21
-8.9895262992125975
0
LINE
8
BLACK
6
CONTINUOUS
10
6.0496950393700786
20
-8.9895262992125975
11
6.0534445669291337
21
-9.0045244094488179
0
LINE
8
BLACK
6
CONTINUOUS
10
6.0534445669291337
20
-9.0045244094488179
11
6.0534445669291337
21
-9.0232720866141722
0
LINE
8
BLACK
6
CONTINUOUS
10
6.0534445669291337
20
-9.0232720866141722
11
6.0496950393700786
21
-9.0382701968503927
0
LINE
8
BLACK
6
CONTINUOUS
10
6.0496950393700786
20
-9.0382701968503927
11
6.0459455118110235
21
-9.0457692519685029
0
LINE
8
BLACK
6
CONTINUOUS
10
6.0459455118110235
20
-9.0457692519685029
11
6.0421959842519684
21
-9.0495188188976368
0
LINE
8
BLACK
6
CONTINUOUS
10
6.0421959842519684
20
-9.0495188188976368
11
6.0346969291338581
21
-9.0532683464566919
0
LINE
8
BLACK
6
CONTINUOUS
10
6.0346969291338581
20
-9.0532683464566919
11
6.0271978346456692
21
-9.0532683464566919
0
LINE
8
BLACK
6
CONTINUOUS
10
6.0271978346456692
20
-9.0532683464566919
11
6.0196987795275589
21
-9.0495188188976368
0
LINE
8
BLACK
6
CONTINUOUS
10
6.0196987795275589
20
-9.0495188188976368
11
6.0159492519685038
21
-9.0457692519685029
0
LINE
8
BLACK
6
CONTINUOUS
10
6.0159492519685038
20
-9.0457692519685029
11
6.0121997244094487
21
-9.0382701968503927
0
LINE
8
BLACK
6
CONTINUOUS
10
6.0121997244094487
20
-9.0382701968503927
11
6.0084501968503936
21
-9.0232720866141722
0
LINE
8
BLACK
6
CONTINUOUS
10
6.0084501968503936
20
-9.0232720866141722
11
6.0084501968503936
21
-9.0045244094488179
0
LINE
8
BLACK
6
CONTINUOUS
10
6.0084501968503936
20
-9.0045244094488179
11
6.0121997244094487
21
-8.9895262992125975
0
LINE
8
BLACK
6
CONTINUOUS
10
6.0121997244094487
20
-8.9895262992125975
11
6.0159492519685038
21
-8.9820272440944873
0
LINE
8
BLACK
6
CONTINUOUS
10
6.0159492519685038
20
-8.9820272440944873
11
6.0196987795275589
21
-8.9782777165354322
0
LINE
8
BLACK
6
CONTINUOUS
10
6.0196987795275589
20
-8.9782777165354322
11
6.0271978346456692
21
-8.9745281889763771
0
LINE
8
BLACK
6
CONTINUOUS
10
6.1021884645669289
20
-8.9745281889763771
11
6.1096875590551178
21
-8.9745281889763771
0
LINE
8
BLACK
6
CONTINUOUS
10
6.1096875590551178
20
-8.9745281889763771
11
6.1171866141732281
21
-8.9782777165354322
0
LINE
8
BLACK
6
CONTINUOUS
10
6.1171866141732281
20
-8.9782777165354322
11
6.1209361417322832
21
-8.9820272440944873
0
LINE
8
BLACK
6
CONTINUOUS
10
6.1209361417322832
20
-8.9820272440944873
11
6.1246856692913383
21
-8.9895262992125975
0
LINE
8
BLACK
6
CONTINUOUS
10
6.1246856692913383
20
-8.9895262992125975
11
6.1284351968503934
21
-9.0045244094488179
0
LINE
8
BLACK
6
CONTINUOUS
10
6.1284351968503934
20
-9.0045244094488179
11
6.1284351968503934
21
-9.0232720866141722
0
LINE
8
BLACK
6
CONTINUOUS
10
6.1284351968503934
20
-9.0232720866141722
11
6.1246856692913383
21
-9.0382701968503927
0
LINE
8
BLACK
6
CONTINUOUS
10
6.1246856692913383
20
-9.0382701968503927
11
6.1209361417322832
21
-9.0457692519685029
0
LINE
8
BLACK
6
CONTINUOUS
10
6.1209361417322832
20
-9.0457692519685029
11
6.1171866141732281
21
-9.0495188188976368
0
LINE
8
BLACK
6
CONTINUOUS
10
6.1171866141732281
20
-9.0495188188976368
11
6.1096875590551178
21
-9.0532683464566919
0
LINE
8
BLACK
6
CONTINUOUS
10
6.1096875590551178
20
-9.0532683464566919
11
6.1021884645669289
21
-9.0532683464566919
0
LINE
8
BLACK
6
CONTINUOUS
10
6.1021884645669289
20
-9.0532683464566919
11
6.0946894094488187
21
-9.0495188188976368
0
LINE
8
BLACK
6
CONTINUOUS
10
6.0946894094488187
20
-9.0495188188976368
11
6.0909398818897635
21
-9.0457692519685029
0
LINE
8
BLACK
6
CONTINUOUS
10
6.0909398818897635
20
-9.0457692519685029
11
6.0871903543307084
21
-9.0382701968503927
0
LINE
8
BLACK
6
CONTINUOUS
10
6.0871903543307084
20
-9.0382701968503927
11
6.0834408267716533
21
-9.0232720866141722
0
LINE
8
BLACK
6
CONTINUOUS
10
6.0834408267716533
20
-9.0232720866141722
11
6.0834408267716533
21
-9.0045244094488179
0
LINE
8
BLACK
6
CONTINUOUS
10
6.0834408267716533
20
-9.0045244094488179
11
6.0871903543307084
21
-8.9895262992125975
0
LINE
8
BLACK
6
CONTINUOUS
10
6.0871903543307084
20
-8.9895262992125975
11
6.0909398818897635
21
-8.9820272440944873
0
LINE
8
BLACK
6
CONTINUOUS
10
6.0909398818897635
20
-8.9820272440944873
11
6.0946894094488187
21
-8.9782777165354322
0
LINE
8
BLACK
6
CONTINUOUS
10
6.0946894094488187
20
-8.9782777165354322
11
6.1021884645669289
21
-8.9745281889763771
0
LINE
8
BLACK
6
CONTINUOUS
10
6.1621809842519681
20
-9.0532683464566919
11
6.1621809842519681
21
-9.0007748818897628
0
LINE
8
BLACK
6
CONTINUOUS
10
6.1621809842519681
20
-9.008273937007873
11
6.1659305118110233
21
-9.0045244094488179
0
LINE
8
BLACK
6
CONTINUOUS
10
6.1659305118110233
20
-9.0045244094488179
11
6.1734295669291335
21
-9.0007748818897628
0
LINE
8
BLACK
6
CONTINUOUS
10
6.1734295669291335
20
-9.0007748818897628
11
6.1846781889763776
21
-9.0007748818897628
0
LINE
8
BLACK
6
CONTINUOUS
10
6.1846781889763776
20
-9.0007748818897628
11
6.1921772440944878
21
-9.0045244094488179
0
LINE
8
BLACK
6
CONTINUOUS
10
6.1921772440944878
20
-9.0045244094488179
11
6.1959267716535429
21
-9.0120235039370069
0
LINE
8
BLACK
6
CONTINUOUS
10
6.1959267716535429
20
-9.0120235039370069
11
6.1959267716535429
21
-9.0532683464566919
0
LINE
8
BLACK
6
CONTINUOUS
10
6.1959267716535429
20
-9.0120235039370069
11
6.199676299212598
21
-9.0045244094488179
0
LINE
8
BLACK
6
CONTINUOUS
10
6.199676299212598
20
-9.0045244094488179
11
6.2071753543307082
21
-9.0007748818897628
0
LINE
8
BLACK
6
CONTINUOUS
10
6.2071753543307082
20
-9.0007748818897628
11
6.2184239370078735
21
-9.0007748818897628
0
LINE
8
BLACK
6
CONTINUOUS
10
6.2184239370078735
20
-9.0007748818897628
11
6.2259230314960625
21
-9.0045244094488179
0
LINE
8
BLACK
6
CONTINUOUS
10
6.2259230314960625
20
-9.0045244094488179
11
6.2296725590551176
21
-9.0120235039370069
0
LINE
8
BLACK
6
CONTINUOUS
10
6.2296725590551176
20
-9.0120235039370069
11
6.2296725590551176
21
-9.0532683464566919
0
LINE
8
BLACK
6
CONTINUOUS
10
6.2671678740157475
20
-9.0532683464566919
11
6.2671678740157475
21
-9.0007748818897628
0
LINE
8
BLACK
6
CONTINUOUS
10
6.2671678740157475
20
-9.008273937007873
11
6.2709174015748026
21
-9.0045244094488179
0
LINE
8
BLACK
6
CONTINUOUS
10
6.2709174015748026
20
-9.0045244094488179
11
6.2784164566929128
21
-9.0007748818897628
0
LINE
8
BLACK
6
CONTINUOUS
10
6.2784164566929128
20
-9.0007748818897628
11
6.2896650787401569
21
-9.0007748818897628
0
LINE
8
BLACK
6
CONTINUOUS
10
6.2896650787401569
20
-9.0007748818897628
11
6.297164133858268
21
-9.0045244094488179
0
LINE
8
BLACK
6
CONTINUOUS
10
6.297164133858268
20
-9.0045244094488179
11
6.3009136614173231
21
-9.0120235039370069
0
LINE
8
BLACK
6
CONTINUOUS
10
6.3009136614173231
20
-9.0120235039370069
11
6.3009136614173231
21
-9.0532683464566919
0
LINE
8
BLACK
6
CONTINUOUS
10
6.3009136614173231
20
-9.0120235039370069
11
6.3046631889763782
21
-9.0045244094488179
0
LINE
8
BLACK
6
CONTINUOUS
10
6.3046631889763782
20
-9.0045244094488179
11
6.3121622440944885
21
-9.0007748818897628
0
LINE
8
BLACK
6
CONTINUOUS
10
6.3121622440944885
20
-9.0007748818897628
11
6.3234108267716538
21
-9.0007748818897628
0
LINE
8
BLACK
6
CONTINUOUS
10
6.3234108267716538
20
-9.0007748818897628
11
6.3309099212598428
21
-9.0045244094488179
0
LINE
8
BLACK
6
CONTINUOUS
10
6.3309099212598428
20
-9.0045244094488179
11
6.3346594488188979
21
-9.0120235039370069
0
LINE
8
BLACK
6
CONTINUOUS
10
6.3346594488188979
20
-9.0120235039370069
11
6.3346594488188979
21
-9.0532683464566919
0
LINE
8
BLACK
6
CONTINUOUS
10
6.4883902362204724
20
-8.9707786614173219
11
6.4208987007874017
21
-9.0720159842519674
0
LINE
8
BLACK
6
CONTINUOUS
10
6.5896275984251966
20
-8.9745281889763771
11
6.5971266929133856
21
-8.9745281889763771
0
LINE
8
BLACK
6
CONTINUOUS
10
6.5971266929133856
20
-8.9745281889763771
11
6.6046257480314958
21
-8.9782777165354322
0
LINE
8
BLACK
6
CONTINUOUS
10
6.6046257480314958
20
-8.9782777165354322
11
6.6083752755905509
21
-8.9820272440944873
0
LINE
8
BLACK
6
CONTINUOUS
10
6.6083752755905509
20
-8.9820272440944873
11
6.612124803149606
21
-8.9895262992125975
0
LINE
8
BLACK
6
CONTINUOUS
10
6.612124803149606
20
-8.9895262992125975
11
6.6158743307086612
21
-9.0045244094488179
0
LINE
8
BLACK
6
CONTINUOUS
10
6.6158743307086612
20
-9.0045244094488179
11
6.6158743307086612
21
-9.0232720866141722
0
LINE
8
BLACK
6
CONTINUOUS
10
6.6158743307086612
20
-9.0232720866141722
11
6.612124803149606
21
-9.0382701968503927
0
LINE
8
BLACK
6
CONTINUOUS
10
6.612124803149606
20
-9.0382701968503927
11
6.6083752755905509
21
-9.0457692519685029
0
LINE
8
BLACK
6
CONTINUOUS
10
6.6083752755905509
20
-9.0457692519685029
11
6.6046257480314958
21
-9.0495188188976368
0
LINE
8
BLACK
6
CONTINUOUS
10
6.6046257480314958
20
-9.0495188188976368
11
6.5971266929133856
21
-9.0532683464566919
0
LINE
8
BLACK
6
CONTINUOUS
10
6.5971266929133856
20
-9.0532683464566919
11
6.5896275984251966
21
-9.0532683464566919
0
LINE
8
BLACK
6
CONTINUOUS
10
6.5896275984251966
20
-9.0532683464566919
11
6.5821285433070864
21
-9.0495188188976368
0
LINE
8
BLACK
6
CONTINUOUS
10
6.5821285433070864
20
-9.0495188188976368
11
6.5783790157480313
21
-9.0457692519685029
0
LINE
8
BLACK
6
CONTINUOUS
10
6.5783790157480313
20
-9.0457692519685029
11
6.5746294881889762
21
-9.0382701968503927
0
LINE
8
BLACK
6
CONTINUOUS
10
6.5746294881889762
20
-9.0382701968503927
11
6.5708799606299211
21
-9.0232720866141722
0
LINE
8
BLACK
6
CONTINUOUS
10
6.5708799606299211
20
-9.0232720866141722
11
6.5708799606299211
21
-9.0045244094488179
0
LINE
8
BLACK
6
CONTINUOUS
10
6.5708799606299211
20
-9.0045244094488179
11
6.5746294881889762
21
-8.9895262992125975
0
LINE
8
BLACK
6
CONTINUOUS
10
6.5746294881889762
20
-8.9895262992125975
11
6.5783790157480313
21
-8.9820272440944873
0
LINE
8
BLACK
6
CONTINUOUS
10
6.5783790157480313
20
-8.9820272440944873
11
6.5821285433070864
21
-8.9782777165354322
0
LINE
8
BLACK
6
CONTINUOUS
10
6.5821285433070864
20
-8.9782777165354322
11
6.5896275984251966
21
-8.9745281889763771
0
LINE
8
BLACK
6
CONTINUOUS
10
6.6496201181102359
20
-9.0457692519685029
11
6.653369645669291
21
-9.0495188188976368
0
LINE
8
BLACK
6
CONTINUOUS
10
6.653369645669291
20
-9.0495188188976368
11
6.6496201181102359
21
-9.0532683464566919
0
LINE
8
BLACK
6
CONTINUOUS
10
6.6496201181102359
20
-9.0532683464566919
11
6.6458705905511808
21
-9.0495188188976368
0
LINE
8
BLACK
6
CONTINUOUS
10
6.6458705905511808
20
-9.0495188188976368
11
6.6496201181102359
21
-9.0457692519685029
0
LINE
8
BLACK
6
CONTINUOUS
10
6.6496201181102359
20
-9.0457692519685029
11
6.6496201181102359
21
-9.0532683464566919
0
LINE
8
BLACK
6
CONTINUOUS
10
6.7283602755905507
20
-9.0532683464566919
11
6.6833659055118106
21
-9.0532683464566919
0
LINE
8
BLACK
6
CONTINUOUS
10
6.7058630708661413
20
-9.0532683464566919
11
6.7058630708661413
21
-8.9745281889763771
0
LINE
8
BLACK
6
CONTINUOUS
10
6.7058630708661413
20
-8.9745281889763771
11
6.6983640157480311
21
-8.9857767716535424
0
LINE
8
BLACK
6
CONTINUOUS
10
6.6983640157480311
20
-8.9857767716535424
11
6.6908649606299209
21
-8.9932758267716526
0
LINE
8
BLACK
6
CONTINUOUS
10
6.6908649606299209
20
-8.9932758267716526
11
6.6833659055118106
21
-8.9970253543307077
0
LINE
8
BLACK
6
CONTINUOUS
10
6.8033509055118104
20
-9.0532683464566919
11
6.7583565354330704
21
-9.0532683464566919
0
LINE
8
BLACK
6
CONTINUOUS
10
6.780853700787401
20
-9.0532683464566919
11
6.780853700787401
21
-8.9745281889763771
0
LINE
8
BLACK
6
CONTINUOUS
10
6.780853700787401
20
-8.9745281889763771
11
6.7733546456692908
21
-8.9857767716535424
0
LINE
8
BLACK
6
CONTINUOUS
10
6.7733546456692908
20
-8.9857767716535424
11
6.7658555905511806
21
-8.9932758267716526
0
LINE
8
BLACK
6
CONTINUOUS
10
6.7658555905511806
20
-8.9932758267716526
11
6.7583565354330704
21
-8.9970253543307077
0
LINE
8
BLACK
6
CONTINUOUS
10
6.8483452755905514
20
-9.008273937007873
11
6.8408462204724412
21
-9.0045244094488179
0
LINE
8
BLACK
6
CONTINUOUS
10
6.8408462204724412
20
-9.0045244094488179
11
6.8370966929133861
21
-9.0007748818897628
0
LINE
8
BLACK
6
CONTINUOUS
10
6.8370966929133861
20
-9.0007748818897628
11
6.833347165354331
21
-8.9932758267716526
0
LINE
8
BLACK
6
CONTINUOUS
10
6.833347165354331
20
-8.9932758267716526
11
6.833347165354331
21
-8.9895262992125975
0
LINE
8
BLACK
6
CONTINUOUS
10
6.833347165354331
20
-8.9895262992125975
11
6.8370966929133861
21
-8.9820272440944873
0
LINE
8
BLACK
6
CONTINUOUS
10
6.8370966929133861
20
-8.9820272440944873
11
6.8408462204724412
21
-8.9782777165354322
0
LINE
8
BLACK
6
CONTINUOUS
10
6.8408462204724412
20
-8.9782777165354322
11
6.8483452755905514
21
-8.9745281889763771
0
LINE
8
BLACK
6
CONTINUOUS
10
6.8483452755905514
20
-8.9745281889763771
11
6.8633434251968506
21
-8.9745281889763771
0
LINE
8
BLACK
6
CONTINUOUS
10
6.8633434251968506
20
-8.9745281889763771
11
6.8708424803149608
21
-8.9782777165354322
0
LINE
8
BLACK
6
CONTINUOUS
10
6.8708424803149608
20
-8.9782777165354322
11
6.8745920078740159
21
-8.9820272440944873
0
LINE
8
BLACK
6
CONTINUOUS
10
6.8745920078740159
20
-8.9820272440944873
11
6.878341535433071
21
-8.9895262992125975
0
LINE
8
BLACK
6
CONTINUOUS
10
6.878341535433071
20
-8.9895262992125975
11
6.878341535433071
21
-8.9932758267716526
0
LINE
8
BLACK
6
CONTINUOUS
10
6.878341535433071
20
-8.9932758267716526
11
6.8745920078740159
21
-9.0007748818897628
0
LINE
8
BLACK
6
CONTINUOUS
10
6.8745920078740159
20
-9.0007748818897628
11
6.8708424803149608
21
-9.0045244094488179
0
LINE
8
BLACK
6
CONTINUOUS
10
6.8708424803149608
20
-9.0045244094488179
11
6.8633434251968506
21
-9.008273937007873
0
LINE
8
BLACK
6
CONTINUOUS
10
6.8633434251968506
20
-9.008273937007873
11
6.8483452755905514
21
-9.008273937007873
0
LINE
8
BLACK
6
CONTINUOUS
10
6.8483452755905514
20
-9.008273937007873
11
6.8408462204724412
21
-9.0120235039370069
0
LINE
8
BLACK
6
CONTINUOUS
10
6.8408462204724412
20
-9.0120235039370069
11
6.8370966929133861
21
-9.015773031496062
0
LINE
8
BLACK
6
CONTINUOUS
10
6.8370966929133861
20
-9.015773031496062
11
6.833347165354331
21
-9.0232720866141722
0
LINE
8
BLACK
6
CONTINUOUS
10
6.833347165354331
20
-9.0232720866141722
11
6.833347165354331
21
-9.0382701968503927
0
LINE
8
BLACK
6
CONTINUOUS
10
6.833347165354331
20
-9.0382701968503927
11
6.8370966929133861
21
-9.0457692519685029
0
LINE
8
BLACK
6
CONTINUOUS
10
6.8370966929133861
20
-9.0457692519685029
11
6.8408462204724412
21
-9.0495188188976368
0
LINE
8
BLACK
6
CONTINUOUS
10
6.8408462204724412
20
-9.0495188188976368
11
6.8483452755905514
21
-9.0532683464566919
0
LINE
8
BLACK
6
CONTINUOUS
10
6.8483452755905514
20
-9.0532683464566919
11
6.8633434251968506
21
-9.0532683464566919
0
LINE
8
BLACK
6
CONTINUOUS
10
6.8633434251968506
20
-9.0532683464566919
11
6.8708424803149608
21
-9.0495188188976368
0
LINE
8
BLACK
6
CONTINUOUS
10
6.8708424803149608
20
-9.0495188188976368
11
6.8745920078740159
21
-9.0457692519685029
0
LINE
8
BLACK
6
CONTINUOUS
10
6.8745920078740159
20
-9.0457692519685029
11
6.878341535433071
21
-9.0382701968503927
0
LINE
8
BLACK
6
CONTINUOUS
10
6.878341535433071
20
-9.0382701968503927
11
6.878341535433071
21
-9.0232720866141722
0
LINE
8
BLACK
6
CONTINUOUS
10
6.878341535433071
20
-9.0232720866141722
11
6.8745920078740159
21
-9.015773031496062
0
LINE
8
BLACK
6
CONTINUOUS
10
6.8745920078740159
20
-9.015773031496062
11
6.8708424803149608
21
-9.0120235039370069
0
LINE
8
BLACK
6
CONTINUOUS
10
6.8708424803149608
20
-9.0120235039370069
11
6.8633434251968506
21
-9.008273937007873
0
LINE
8
BLACK
6
CONTINUOUS
10
6.9533321653543307
20
-9.0532683464566919
11
6.9083377952755907
21
-9.0532683464566919
0
LINE
8
BLACK
6
CONTINUOUS
10
6.9308349606299213
20
-9.0532683464566919
11
6.9308349606299213
21
-8.9745281889763771
0
LINE
8
BLACK
6
CONTINUOUS
10
6.9308349606299213
20
-8.9745281889763771
11
6.9233359055118111
21
-8.9857767716535424
0
LINE
8
BLACK
6
CONTINUOUS
10
6.9233359055118111
20
-8.9857767716535424
11
6.9158368503937009
21
-8.9932758267716526
0
LINE
8
BLACK
6
CONTINUOUS
10
6.9158368503937009
20
-8.9932758267716526
11
6.9083377952755907
21
-8.9970253543307077
0
LINE
8
BLACK
6
CONTINUOUS
10
6.9833284251968504
20
-8.9745281889763771
11
6.9833284251968504
21
-8.9895262992125975
0
LINE
8
BLACK
6
CONTINUOUS
10
7.01332468503937
20
-8.9745281889763771
11
7.01332468503937
21
-8.9895262992125975
0
LINE
8
BLACK
6
CONTINUOUS
10
7.1295601968503934
20
-9.0832645669291345
11
7.1258106299212596
21
-9.0795150393700794
0
LINE
8
BLACK
6
CONTINUOUS
10
7.1258106299212596
20
-9.0795150393700794
11
7.1183115748031494
21
-9.0682664566929123
0
LINE
8
BLACK
6
CONTINUOUS
10
7.1183115748031494
20
-9.0682664566929123
11
7.1145620472440942
21
-9.0607674015748021
0
LINE
8
BLACK
6
CONTINUOUS
10
7.1145620472440942
20
-9.0607674015748021
11
7.1108125196850391
21
-9.0495188188976368
0
LINE
8
BLACK
6
CONTINUOUS
10
7.1108125196850391
20
-9.0495188188976368
11
7.107062992125984
21
-9.0307711417322825
0
LINE
8
BLACK
6
CONTINUOUS
10
7.107062992125984
20
-9.0307711417322825
11
7.107062992125984
21
-9.015773031496062
0
LINE
8
BLACK
6
CONTINUOUS
10
7.107062992125984
20
-9.015773031496062
11
7.1108125196850391
21
-8.9970253543307077
0
LINE
8
BLACK
6
CONTINUOUS
10
7.1108125196850391
20
-8.9970253543307077
11
7.1145620472440942
21
-8.9857767716535424
0
LINE
8
BLACK
6
CONTINUOUS
10
7.1145620472440942
20
-8.9857767716535424
11
7.1183115748031494
21
-8.9782777165354322
0
LINE
8
BLACK
6
CONTINUOUS
10
7.1183115748031494
20
-8.9782777165354322
11
7.1258106299212596
21
-8.9670290944881881
0
LINE
8
BLACK
6
CONTINUOUS
10
7.1258106299212596
20
-8.9670290944881881
11
7.1295601968503934
21
-8.963279566929133
0
LINE
8
BLACK
6
CONTINUOUS
10
7.2008012598425193
20
-9.0532683464566919
11
7.1558068897637792
21
-9.0532683464566919
0
LINE
8
BLACK
6
CONTINUOUS
10
7.1783040551181099
20
-9.0532683464566919
11
7.1783040551181099
21
-8.9745281889763771
0
LINE
8
BLACK
6
CONTINUOUS
10
7.1783040551181099
20
-8.9745281889763771
11
7.1708049999999997
21
-8.9857767716535424
0
LINE
8
BLACK
6
CONTINUOUS
10
7.1708049999999997
20
-8.9857767716535424
11
7.1633059448818894
21
-8.9932758267716526
0
LINE
8
BLACK
6
CONTINUOUS
10
7.1633059448818894
20
-8.9932758267716526
11
7.1558068897637792
21
-8.9970253543307077
0
LINE
8
BLACK
6
CONTINUOUS
10
7.2682928346456688
20
-8.9745281889763771
11
7.2532946850393696
21
-8.9745281889763771
0
LINE
8
BLACK
6
CONTINUOUS
10
7.2532946850393696
20
-8.9745281889763771
11
7.2457956299212594
21
-8.9782777165354322
0
LINE
8
BLACK
6
CONTINUOUS
10
7.2457956299212594
20
-8.9782777165354322
11
7.2420461023622043
21
-8.9820272440944873
0
LINE
8
BLACK
6
CONTINUOUS
10
7.2420461023622043
20
-8.9820272440944873
11
7.234547047244094
21
-8.9932758267716526
0
LINE
8
BLACK
6
CONTINUOUS
10
7.234547047244094
20
-8.9932758267716526
11
7.2307975196850389
21
-9.008273937007873
0
LINE
8
BLACK
6
CONTINUOUS
10
7.2307975196850389
20
-9.008273937007873
11
7.2307975196850389
21
-9.0382701968503927
0
LINE
8
BLACK
6
CONTINUOUS
10
7.2307975196850389
20
-9.0382701968503927
11
7.234547047244094
21
-9.0457692519685029
0
LINE
8
BLACK
6
CONTINUOUS
10
7.234547047244094
20
-9.0457692519685029
11
7.2382965748031491
21
-9.0495188188976368
0
LINE
8
BLACK
6
CONTINUOUS
10
7.2382965748031491
20
-9.0495188188976368
11
7.2457956299212594
21
-9.0532683464566919
0
LINE
8
BLACK
6
CONTINUOUS
10
7.2457956299212594
20
-9.0532683464566919
11
7.2607937795275586
21
-9.0532683464566919
0
LINE
8
BLACK
6
CONTINUOUS
10
7.2607937795275586
20
-9.0532683464566919
11
7.2682928346456688
21
-9.0495188188976368
0
LINE
8
BLACK
6
CONTINUOUS
10
7.2682928346456688
20
-9.0495188188976368
11
7.2720423622047239
21
-9.0457692519685029
0
LINE
8
BLACK
6
CONTINUOUS
10
7.2720423622047239
20
-9.0457692519685029
11
7.275791889763779
21
-9.0382701968503927
0
LINE
8
BLACK
6
CONTINUOUS
10
7.275791889763779
20
-9.0382701968503927
11
7.275791889763779
21
-9.0195225590551171
0
LINE
8
BLACK
6
CONTINUOUS
10
7.275791889763779
20
-9.0195225590551171
11
7.2720423622047239
21
-9.0120235039370069
0
LINE
8
BLACK
6
CONTINUOUS
10
7.2720423622047239
20
-9.0120235039370069
11
7.2682928346456688
21
-9.008273937007873
0
LINE
8
BLACK
6
CONTINUOUS
10
7.2682928346456688
20
-9.008273937007873
11
7.2607937795275586
21
-9.0045244094488179
0
LINE
8
BLACK
6
CONTINUOUS
10
7.2607937795275586
20
-9.0045244094488179
11
7.2457956299212594
21
-9.0045244094488179
0
LINE
8
BLACK
6
CONTINUOUS
10
7.2457956299212594
20
-9.0045244094488179
11
7.2382965748031491
21
-9.008273937007873
0
LINE
8
BLACK
6
CONTINUOUS
10
7.2382965748031491
20
-9.008273937007873
11
7.234547047244094
21
-9.0120235039370069
0
LINE
8
BLACK
6
CONTINUOUS
10
7.234547047244094
20
-9.0120235039370069
11
7.2307975196850389
21
-9.0195225590551171
0
LINE
8
BLACK
6
CONTINUOUS
10
7.3695301968503939
20
-9.0532683464566919
11
7.3695301968503939
21
-8.9745281889763771
0
LINE
8
BLACK
6
CONTINUOUS
10
7.4032759842519686
20
-9.0532683464566919
11
7.4032759842519686
21
-9.0120235039370069
0
LINE
8
BLACK
6
CONTINUOUS
10
7.4032759842519686
20
-9.0120235039370069
11
7.3995264566929135
21
-9.0045244094488179
0
LINE
8
BLACK
6
CONTINUOUS
10
7.3995264566929135
20
-9.0045244094488179
11
7.3920274015748033
21
-9.0007748818897628
0
LINE
8
BLACK
6
CONTINUOUS
10
7.3920274015748033
20
-9.0007748818897628
11
7.3807787795275592
21
-9.0007748818897628
0
LINE
8
BLACK
6
CONTINUOUS
10
7.3807787795275592
20
-9.0007748818897628
11
7.373279724409449
21
-9.0045244094488179
0
LINE
8
BLACK
6
CONTINUOUS
10
7.373279724409449
20
-9.0045244094488179
11
7.3695301968503939
21
-9.008273937007873
0
LINE
8
BLACK
6
CONTINUOUS
10
7.4520198818897638
20
-9.0532683464566919
11
7.4445208267716536
21
-9.0495188188976368
0
LINE
8
BLACK
6
CONTINUOUS
10
7.4445208267716536
20
-9.0495188188976368
11
7.4407712992125985
21
-9.0457692519685029
0
LINE
8
BLACK
6
CONTINUOUS
10
7.4407712992125985
20
-9.0457692519685029
11
7.4370217716535434
21
-9.0382701968503927
0
LINE
8
BLACK
6
CONTINUOUS
10
7.4370217716535434
20
-9.0382701968503927
11
7.4370217716535434
21
-9.015773031496062
0
LINE
8
BLACK
6
CONTINUOUS
10
7.4370217716535434
20
-9.015773031496062
11
7.4407712992125985
21
-9.008273937007873
0
LINE
8
BLACK
6
CONTINUOUS
10
7.4407712992125985
20
-9.008273937007873
11
7.4445208267716536
21
-9.0045244094488179
0
LINE
8
BLACK
6
CONTINUOUS
10
7.4445208267716536
20
-9.0045244094488179
11
7.4520198818897638
21
-9.0007748818897628
0
LINE
8
BLACK
6
CONTINUOUS
10
7.4520198818897638
20
-9.0007748818897628
11
7.4632685039370079
21
-9.0007748818897628
0
LINE
8
BLACK
6
CONTINUOUS
10
7.4632685039370079
20
-9.0007748818897628
11
7.4707675590551181
21
-9.0045244094488179
0
LINE
8
BLACK
6
CONTINUOUS
10
7.4707675590551181
20
-9.0045244094488179
11
7.4745170866141732
21
-9.008273937007873
0
LINE
8
BLACK
6
CONTINUOUS
10
7.4745170866141732
20
-9.008273937007873
11
7.4782666141732284
21
-9.015773031496062
0
LINE
8
BLACK
6
CONTINUOUS
10
7.4782666141732284
20
-9.015773031496062
11
7.4782666141732284
21
-9.0382701968503927
0
LINE
8
BLACK
6
CONTINUOUS
10
7.4782666141732284
20
-9.0382701968503927
11
7.4745170866141732
21
-9.0457692519685029
0
LINE
8
BLACK
6
CONTINUOUS
10
7.4745170866141732
20
-9.0457692519685029
11
7.4707675590551181
21
-9.0495188188976368
0
LINE
8
BLACK
6
CONTINUOUS
10
7.4707675590551181
20
-9.0495188188976368
11
7.4632685039370079
21
-9.0532683464566919
0
LINE
8
BLACK
6
CONTINUOUS
10
7.4632685039370079
20
-9.0532683464566919
11
7.4520198818897638
21
-9.0532683464566919
0
LINE
8
BLACK
6
CONTINUOUS
10
7.5232609842519684
20
-9.0532683464566919
11
7.5157619291338582
21
-9.0495188188976368
0
LINE
8
BLACK
6
CONTINUOUS
10
7.5157619291338582
20
-9.0495188188976368
11
7.5120124015748031
21
-9.0420197244094478
0
LINE
8
BLACK
6
CONTINUOUS
10
7.5120124015748031
20
-9.0420197244094478
11
7.5120124015748031
21
-8.9745281889763771
0
LINE
8
BLACK
6
CONTINUOUS
10
7.5832535039370077
20
-9.0495188188976368
11
7.5757544488188975
21
-9.0532683464566919
0
LINE
8
BLACK
6
CONTINUOUS
10
7.5757544488188975
20
-9.0532683464566919
11
7.5607562992125983
21
-9.0532683464566919
0
LINE
8
BLACK
6
CONTINUOUS
10
7.5607562992125983
20
-9.0532683464566919
11
7.5532572440944881
21
-9.0495188188976368
0
LINE
8
BLACK
6
CONTINUOUS
10
7.5532572440944881
20
-9.0495188188976368
11
7.549507716535433
21
-9.0420197244094478
0
LINE
8
BLACK
6
CONTINUOUS
10
7.549507716535433
20
-9.0420197244094478
11
7.549507716535433
21
-9.0120235039370069
0
LINE
8
BLACK
6
CONTINUOUS
10
7.549507716535433
20
-9.0120235039370069
11
7.5532572440944881
21
-9.0045244094488179
0
LINE
8
BLACK
6
CONTINUOUS
10
7.5532572440944881
20
-9.0045244094488179
11
7.5607562992125983
21
-9.0007748818897628
0
LINE
8
BLACK
6
CONTINUOUS
10
7.5607562992125983
20
-9.0007748818897628
11
7.5757544488188975
21
-9.0007748818897628
0
LINE
8
BLACK
6
CONTINUOUS
10
7.5757544488188975
20
-9.0007748818897628
11
7.5832535039370077
21
-9.0045244094488179
0
LINE
8
BLACK
6
CONTINUOUS
10
7.5832535039370077
20
-9.0045244094488179
11
7.5870030314960628
21
-9.0120235039370069
0
LINE
8
BLACK
6
CONTINUOUS
10
7.5870030314960628
20
-9.0120235039370069
11
7.5870030314960628
21
-9.0195225590551171
0
LINE
8
BLACK
6
CONTINUOUS
10
7.5870030314960628
20
-9.0195225590551171
11
7.549507716535433
21
-9.0270216141732273
0
LINE
8
BLACK
6
CONTINUOUS
10
7.6169992913385824
20
-9.0495188188976368
11
7.6244983464566927
21
-9.0532683464566919
0
LINE
8
BLACK
6
CONTINUOUS
10
7.6244983464566927
20
-9.0532683464566919
11
7.6394964566929131
21
-9.0532683464566919
0
LINE
8
BLACK
6
CONTINUOUS
10
7.6394964566929131
20
-9.0532683464566919
11
7.6469955511811021
21
-9.0495188188976368
0
LINE
8
BLACK
6
CONTINUOUS
10
7.6469955511811021
20
-9.0495188188976368
11
7.6507450787401572
21
-9.0420197244094478
0
LINE
8
BLACK
6
CONTINUOUS
10
7.6507450787401572
20
-9.0420197244094478
11
7.6507450787401572
21
-9.0382701968503927
0
LINE
8
BLACK
6
CONTINUOUS
10
7.6507450787401572
20
-9.0382701968503927
11
7.6469955511811021
21
-9.0307711417322825
0
LINE
8
BLACK
6
CONTINUOUS
10
7.6469955511811021
20
-9.0307711417322825
11
7.6394964566929131
21
-9.0270216141732273
0
LINE
8
BLACK
6
CONTINUOUS
10
7.6394964566929131
20
-9.0270216141732273
11
7.6282478740157478
21
-9.0270216141732273
0
LINE
8
BLACK
6
CONTINUOUS
10
7.6282478740157478
20
-9.0270216141732273
11
7.6207488188976376
21
-9.0232720866141722
0
LINE
8
BLACK
6
CONTINUOUS
10
7.6207488188976376
20
-9.0232720866141722
11
7.6169992913385824
21
-9.015773031496062
0
LINE
8
BLACK
6
CONTINUOUS
10
7.6169992913385824
20
-9.015773031496062
11
7.6169992913385824
21
-9.0120235039370069
0
LINE
8
BLACK
6
CONTINUOUS
10
7.6169992913385824
20
-9.0120235039370069
11
7.6207488188976376
21
-9.0045244094488179
0
LINE
8
BLACK
6
CONTINUOUS
10
7.6207488188976376
20
-9.0045244094488179
11
7.6282478740157478
21
-9.0007748818897628
0
LINE
8
BLACK
6
CONTINUOUS
10
7.6282478740157478
20
-9.0007748818897628
11
7.6394964566929131
21
-9.0007748818897628
0
LINE
8
BLACK
6
CONTINUOUS
10
7.6394964566929131
20
-9.0007748818897628
11
7.6469955511811021
21
-9.0045244094488179
0
LINE
8
BLACK
6
CONTINUOUS
10
7.6769918110236217
20
-9.0832645669291345
11
7.6807413385826768
21
-9.0795150393700794
0
LINE
8
BLACK
6
CONTINUOUS
10
7.6807413385826768
20
-9.0795150393700794
11
7.688240393700787
21
-9.0682664566929123
0
LINE
8
BLACK
6
CONTINUOUS
10
7.688240393700787
20
-9.0682664566929123
11
7.6919899212598422
21
-9.0607674015748021
0
LINE
8
BLACK
6
CONTINUOUS
10
7.6919899212598422
20
-9.0607674015748021
11
7.6957394488188973
21
-9.0495188188976368
0
LINE
8
BLACK
6
CONTINUOUS
10
7.6957394488188973
20
-9.0495188188976368
11
7.6994889763779524
21
-9.0307711417322825
0
LINE
8
BLACK
6
CONTINUOUS
10
7.6994889763779524
20
-9.0307711417322825
11
7.6994889763779524
21
-9.015773031496062
0
LINE
8
BLACK
6
CONTINUOUS
10
7.6994889763779524
20
-9.015773031496062
11
7.6957394488188973
21
-8.9970253543307077
0
LINE
8
BLACK
6
CONTINUOUS
10
7.6957394488188973
20
-8.9970253543307077
11
7.6919899212598422
21
-8.9857767716535424
0
LINE
8
BLACK
6
CONTINUOUS
10
7.6919899212598422
20
-8.9857767716535424
11
7.688240393700787
21
-8.9782777165354322
0
LINE
8
BLACK
6
CONTINUOUS
10
7.688240393700787
20
-8.9782777165354322
11
7.6807413385826768
21
-8.9670290944881881
0
LINE
8
BLACK
6
CONTINUOUS
10
7.6807413385826768
20
-8.9670290944881881
11
7.6769918110236217
21
-8.963279566929133
0
LINE
8
BLACK
6
CONTINUOUS
10
7.8194740157480309
20
-9.0832645669291345
11
7.8157244488188971
21
-9.0795150393700794
0
LINE
8
BLACK
6
CONTINUOUS
10
7.8157244488188971
20
-9.0795150393700794
11
7.8082253937007868
21
-9.0682664566929123
0
LINE
8
BLACK
6
CONTINUOUS
10
7.8082253937007868
20
-9.0682664566929123
11
7.8044758661417317
21
-9.0607674015748021
0
LINE
8
BLACK
6
CONTINUOUS
10
7.8044758661417317
20
-9.0607674015748021
11
7.8007263385826766
21
-9.0495188188976368
0
LINE
8
BLACK
6
CONTINUOUS
10
7.8007263385826766
20
-9.0495188188976368
11
7.7969768110236215
21
-9.0307711417322825
0
LINE
8
BLACK
6
CONTINUOUS
10
7.7969768110236215
20
-9.0307711417322825
11
7.7969768110236215
21
-9.015773031496062
0
LINE
8
BLACK
6
CONTINUOUS
10
7.7969768110236215
20
-9.015773031496062
11
7.8007263385826766
21
-8.9970253543307077
0
LINE
8
BLACK
6
CONTINUOUS
10
7.8007263385826766
20
-8.9970253543307077
11
7.8044758661417317
21
-8.9857767716535424
0
LINE
8
BLACK
6
CONTINUOUS
10
7.8044758661417317
20
-8.9857767716535424
11
7.8082253937007868
21
-8.9782777165354322
0
LINE
8
BLACK
6
CONTINUOUS
10
7.8082253937007868
20
-8.9782777165354322
11
7.8157244488188971
21
-8.9670290944881881
0
LINE
8
BLACK
6
CONTINUOUS
10
7.8157244488188971
20
-8.9670290944881881
11
7.8194740157480309
21
-8.963279566929133
0
LINE
8
BLACK
6
CONTINUOUS
10
7.8494702362204727
20
-9.0007748818897628
11
7.8494702362204727
21
-9.0532683464566919
0
LINE
8
BLACK
6
CONTINUOUS
10
7.8494702362204727
20
-9.008273937007873
11
7.8532197637795278
21
-9.0045244094488179
0
LINE
8
BLACK
6
CONTINUOUS
10
7.8532197637795278
20
-9.0045244094488179
11
7.860718818897638
21
-9.0007748818897628
0
LINE
8
BLACK
6
CONTINUOUS
10
7.860718818897638
20
-9.0007748818897628
11
7.8719674409448821
21
-9.0007748818897628
0
LINE
8
BLACK
6
CONTINUOUS
10
7.8719674409448821
20
-9.0007748818897628
11
7.8794664960629923
21
-9.0045244094488179
0
LINE
8
BLACK
6
CONTINUOUS
10
7.8794664960629923
20
-9.0045244094488179
11
7.8832160236220474
21
-9.0120235039370069
0
LINE
8
BLACK
6
CONTINUOUS
10
7.8832160236220474
20
-9.0120235039370069
11
7.8832160236220474
21
-9.0532683464566919
0
LINE
8
BLACK
6
CONTINUOUS
10
7.9319599212598426
20
-9.0532683464566919
11
7.9244608661417324
21
-9.0495188188976368
0
LINE
8
BLACK
6
CONTINUOUS
10
7.9244608661417324
20
-9.0495188188976368
11
7.9207113385826773
21
-9.0457692519685029
0
LINE
8
BLACK
6
CONTINUOUS
10
7.9207113385826773
20
-9.0457692519685029
11
7.9169618110236222
21
-9.0382701968503927
0
LINE
8
BLACK
6
CONTINUOUS
10
7.9169618110236222
20
-9.0382701968503927
11
7.9169618110236222
21
-9.015773031496062
0
LINE
8
BLACK
6
CONTINUOUS
10
7.9169618110236222
20
-9.015773031496062
11
7.9207113385826773
21
-9.008273937007873
0
LINE
8
BLACK
6
CONTINUOUS
10
7.9207113385826773
20
-9.008273937007873
11
7.9244608661417324
21
-9.0045244094488179
0
LINE
8
BLACK
6
CONTINUOUS
10
7.9244608661417324
20
-9.0045244094488179
11
7.9319599212598426
21
-9.0007748818897628
0
LINE
8
BLACK
6
CONTINUOUS
10
7.9319599212598426
20
-9.0007748818897628
11
7.9432085433070867
21
-9.0007748818897628
0
LINE
8
BLACK
6
CONTINUOUS
10
7.9432085433070867
20
-9.0007748818897628
11
7.9507075984251969
21
-9.0045244094488179
0
LINE
8
BLACK
6
CONTINUOUS
10
7.9507075984251969
20
-9.0045244094488179
11
7.954457125984252
21
-9.008273937007873
0
LINE
8
BLACK
6
CONTINUOUS
10
7.954457125984252
20
-9.008273937007873
11
7.9582066535433071
21
-9.015773031496062
0
LINE
8
BLACK
6
CONTINUOUS
10
7.9582066535433071
20
-9.015773031496062
11
7.9582066535433071
21
-9.0382701968503927
0
LINE
8
BLACK
6
CONTINUOUS
10
7.9582066535433071
20
-9.0382701968503927
11
7.954457125984252
21
-9.0457692519685029
0
LINE
8
BLACK
6
CONTINUOUS
10
7.954457125984252
20
-9.0457692519685029
11
7.9507075984251969
21
-9.0495188188976368
0
LINE
8
BLACK
6
CONTINUOUS
10
7.9507075984251969
20
-9.0495188188976368
11
7.9432085433070867
21
-9.0532683464566919
0
LINE
8
BLACK
6
CONTINUOUS
10
7.9432085433070867
20
-9.0532683464566919
11
7.9319599212598426
21
-9.0532683464566919
0
LINE
8
BLACK
6
CONTINUOUS
10
7.9807038582677166
20
-9.0007748818897628
11
8.0107000787401574
21
-9.0007748818897628
0
LINE
8
BLACK
6
CONTINUOUS
10
7.9919524409448819
20
-8.9745281889763771
11
7.9919524409448819
21
-9.0420197244094478
0
LINE
8
BLACK
6
CONTINUOUS
10
7.9919524409448819
20
-9.0420197244094478
11
7.995701968503937
21
-9.0495188188976368
0
LINE
8
BLACK
6
CONTINUOUS
10
7.995701968503937
20
-9.0495188188976368
11
8.0032010236220472
21
-9.0532683464566919
0
LINE
8
BLACK
6
CONTINUOUS
10
8.0032010236220472
20
-9.0532683464566919
11
8.0107000787401574
21
-9.0532683464566919
0
LINE
8
BLACK
6
CONTINUOUS
10
8.0969393307086612
20
-9.0007748818897628
11
8.0969393307086612
21
-9.0795150393700794
0
LINE
8
BLACK
6
CONTINUOUS
10
8.0969393307086612
20
-9.0045244094488179
11
8.1044383858267715
21
-9.0007748818897628
0
LINE
8
BLACK
6
CONTINUOUS
10
8.1044383858267715
20
-9.0007748818897628
11
8.1194365354330706
21
-9.0007748818897628
0
LINE
8
BLACK
6
CONTINUOUS
10
8.1194365354330706
20
-9.0007748818897628
11
8.1269355905511809
21
-9.0045244094488179
0
LINE
8
BLACK
6
CONTINUOUS
10
8.1269355905511809
20
-9.0045244094488179
11
8.130685118110236
21
-9.008273937007873
0
LINE
8
BLACK
6
CONTINUOUS
10
8.130685118110236
20
-9.008273937007873
11
8.1344346456692911
21
-9.015773031496062
0
LINE
8
BLACK
6
CONTINUOUS
10
8.1344346456692911
20
-9.015773031496062
11
8.1344346456692911
21
-9.0382701968503927
0
LINE
8
BLACK
6
CONTINUOUS
10
8.1344346456692911
20
-9.0382701968503927
11
8.130685118110236
21
-9.0457692519685029
0
LINE
8
BLACK
6
CONTINUOUS
10
8.130685118110236
20
-9.0457692519685029
11
8.1269355905511809
21
-9.0495188188976368
0
LINE
8
BLACK
6
CONTINUOUS
10
8.1269355905511809
20
-9.0495188188976368
11
8.1194365354330706
21
-9.0532683464566919
0
LINE
8
BLACK
6
CONTINUOUS
10
8.1194365354330706
20
-9.0532683464566919
11
8.1044383858267715
21
-9.0532683464566919
0
LINE
8
BLACK
6
CONTINUOUS
10
8.1044383858267715
20
-9.0532683464566919
11
8.0969393307086612
21
-9.0495188188976368
0
LINE
8
BLACK
6
CONTINUOUS
10
8.1794290157480312
20
-9.0532683464566919
11
8.1719299606299209
21
-9.0495188188976368
0
LINE
8
BLACK
6
CONTINUOUS
10
8.1719299606299209
20
-9.0495188188976368
11
8.1681804330708658
21
-9.0420197244094478
0
LINE
8
BLACK
6
CONTINUOUS
10
8.1681804330708658
20
-9.0420197244094478
11
8.1681804330708658
21
-8.9745281889763771
0
LINE
8
BLACK
6
CONTINUOUS
10
8.2431710629921255
20
-9.0532683464566919
11
8.2431710629921255
21
-9.0120235039370069
0
LINE
8
BLACK
6
CONTINUOUS
10
8.2431710629921255
20
-9.0120235039370069
11
8.2394215354330704
21
-9.0045244094488179
0
LINE
8
BLACK
6
CONTINUOUS
10
8.2394215354330704
20
-9.0045244094488179
11
8.2319224803149602
21
-9.0007748818897628
0
LINE
8
BLACK
6
CONTINUOUS
10
8.2319224803149602
20
-9.0007748818897628
11
8.216924330708661
21
-9.0007748818897628
0
LINE
8
BLACK
6
CONTINUOUS
10
8.216924330708661
20
-9.0007748818897628
11
8.2094252755905508
21
-9.0045244094488179
0
LINE
8
BLACK
6
CONTINUOUS
10
8.2431710629921255
20
-9.0495188188976368
11
8.2356720078740153
21
-9.0532683464566919
0
LINE
8
BLACK
6
CONTINUOUS
10
8.2356720078740153
20
-9.0532683464566919
11
8.216924330708661
21
-9.0532683464566919
0
LINE
8
BLACK
6
CONTINUOUS
10
8.216924330708661
20
-9.0532683464566919
11
8.2094252755905508
21
-9.0495188188976368
0
LINE
8
BLACK
6
CONTINUOUS
10
8.2094252755905508
20
-9.0495188188976368
11
8.2056757480314957
21
-9.0420197244094478
0
LINE
8
BLACK
6
CONTINUOUS
10
8.2056757480314957
20
-9.0420197244094478
11
8.2056757480314957
21
-9.0345206692913376
0
LINE
8
BLACK
6
CONTINUOUS
10
8.2056757480314957
20
-9.0345206692913376
11
8.2094252755905508
21
-9.0270216141732273
0
LINE
8
BLACK
6
CONTINUOUS
10
8.2094252755905508
20
-9.0270216141732273
11
8.216924330708661
21
-9.0232720866141722
0
LINE
8
BLACK
6
CONTINUOUS
10
8.216924330708661
20
-9.0232720866141722
11
8.2356720078740153
21
-9.0232720866141722
0
LINE
8
BLACK
6
CONTINUOUS
10
8.2356720078740153
20
-9.0232720866141722
11
8.2431710629921255
21
-9.0195225590551171
0
LINE
8
BLACK
6
CONTINUOUS
10
8.2694177952755901
20
-9.0007748818897628
11
8.2994140157480309
21
-9.0007748818897628
0
LINE
8
BLACK
6
CONTINUOUS
10
8.2806663779527554
20
-8.9745281889763771
11
8.2806663779527554
21
-9.0420197244094478
0
LINE
8
BLACK
6
CONTINUOUS
10
8.2806663779527554
20
-9.0420197244094478
11
8.2844159055118105
21
-9.0495188188976368
0
LINE
8
BLACK
6
CONTINUOUS
10
8.2844159055118105
20
-9.0495188188976368
11
8.2919149606299207
21
-9.0532683464566919
0
LINE
8
BLACK
6
CONTINUOUS
10
8.2919149606299207
20
-9.0532683464566919
11
8.2994140157480309
21
-9.0532683464566919
0
LINE
8
BLACK
6
CONTINUOUS
10
8.3556570078740151
20
-9.0495188188976368
11
8.3481579527559049
21
-9.0532683464566919
0
LINE
8
BLACK
6
CONTINUOUS
10
8.3481579527559049
20
-9.0532683464566919
11
8.3331598031496057
21
-9.0532683464566919
0
LINE
8
BLACK
6
CONTINUOUS
10
8.3331598031496057
20
-9.0532683464566919
11
8.3256607480314955
21
-9.0495188188976368
0
LINE
8
BLACK
6
CONTINUOUS
10
8.3256607480314955
20
-9.0495188188976368
11
8.3219112204724404
21
-9.0420197244094478
0
LINE
8
BLACK
6
CONTINUOUS
10
8.3219112204724404
20
-9.0420197244094478
11
8.3219112204724404
21
-9.0120235039370069
0
LINE
8
BLACK
6
CONTINUOUS
10
8.3219112204724404
20
-9.0120235039370069
11
8.3256607480314955
21
-9.0045244094488179
0
LINE
8
BLACK
6
CONTINUOUS
10
8.3256607480314955
20
-9.0045244094488179
11
8.3331598031496057
21
-9.0007748818897628
0
LINE
8
BLACK
6
CONTINUOUS
10
8.3331598031496057
20
-9.0007748818897628
11
8.3481579527559049
21
-9.0007748818897628
0
LINE
8
BLACK
6
CONTINUOUS
10
8.3481579527559049
20
-9.0007748818897628
11
8.3556570078740151
21
-9.0045244094488179
0
LINE
8
BLACK
6
CONTINUOUS
10
8.3556570078740151
20
-9.0045244094488179
11
8.3594065354330702
21
-9.0120235039370069
0
LINE
8
BLACK
6
CONTINUOUS
10
8.3594065354330702
20
-9.0120235039370069
11
8.3594065354330702
21
-9.0195225590551171
0
LINE
8
BLACK
6
CONTINUOUS
10
8.3594065354330702
20
-9.0195225590551171
11
8.3219112204724404
21
-9.0270216141732273
0
LINE
8
BLACK
6
CONTINUOUS
10
8.4268981102362197
20
-9.0532683464566919
11
8.4268981102362197
21
-8.9745281889763771
0
LINE
8
BLACK
6
CONTINUOUS
10
8.4268981102362197
20
-9.0495188188976368
11
8.4193990551181095
21
-9.0532683464566919
0
LINE
8
BLACK
6
CONTINUOUS
10
8.4193990551181095
20
-9.0532683464566919
11
8.4044009055118103
21
-9.0532683464566919
0
LINE
8
BLACK
6
CONTINUOUS
10
8.4044009055118103
20
-9.0532683464566919
11
8.3969018503937001
21
-9.0495188188976368
0
LINE
8
BLACK
6
CONTINUOUS
10
8.3969018503937001
20
-9.0495188188976368
11
8.393152322834645
21
-9.0457692519685029
0
LINE
8
BLACK
6
CONTINUOUS
10
8.393152322834645
20
-9.0457692519685029
11
8.3894027952755899
21
-9.0382701968503927
0
LINE
8
BLACK
6
CONTINUOUS
10
8.3894027952755899
20
-9.0382701968503927
11
8.3894027952755899
21
-9.015773031496062
0
LINE
8
BLACK
6
CONTINUOUS
10
8.3894027952755899
20
-9.015773031496062
11
8.393152322834645
21
-9.008273937007873
0
LINE
8
BLACK
6
CONTINUOUS
10
8.393152322834645
20
-9.008273937007873
11
8.3969018503937001
21
-9.0045244094488179
0
LINE
8
BLACK
6
CONTINUOUS
10
8.3969018503937001
20
-9.0045244094488179
11
8.4044009055118103
21
-9.0007748818897628
0
LINE
8
BLACK
6
CONTINUOUS
10
8.4044009055118103
20
-9.0007748818897628
11
8.4193990551181095
21
-9.0007748818897628
0
LINE
8
BLACK
6
CONTINUOUS
10
8.4193990551181095
20
-9.0007748818897628
11
8.4268981102362197
21
-9.0045244094488179
0
LINE
8
BLACK
6
CONTINUOUS
10
8.4568943700787393
20
-9.0832645669291345
11
8.4606438976377945
21
-9.0795150393700794
0
LINE
8
BLACK
6
CONTINUOUS
10
8.4606438976377945
20
-9.0795150393700794
11
8.4681429527559047
21
-9.0682664566929123
0
LINE
8
BLACK
6
CONTINUOUS
10
8.4681429527559047
20
-9.0682664566929123
11
8.4718924803149598
21
-9.0607674015748021
0
LINE
8
BLACK
6
CONTINUOUS
10
8.4718924803149598
20
-9.0607674015748021
11
8.4756420078740149
21
-9.0495188188976368
0
LINE
8
BLACK
6
CONTINUOUS
10
8.4756420078740149
20
-9.0495188188976368
11
8.47939153543307
21
-9.0307711417322825
0
LINE
8
BLACK
6
CONTINUOUS
10
8.47939153543307
20
-9.0307711417322825
11
8.47939153543307
21
-9.015773031496062
0
LINE
8
BLACK
6
CONTINUOUS
10
8.47939153543307
20
-9.015773031496062
11
8.4756420078740149
21
-8.9970253543307077
0
LINE
8
BLACK
6
CONTINUOUS
10
8.4756420078740149
20
-8.9970253543307077
11
8.4718924803149598
21
-8.9857767716535424
0
LINE
8
BLACK
6
CONTINUOUS
10
8.4718924803149598
20
-8.9857767716535424
11
8.4681429527559047
21
-8.9782777165354322
0
LINE
8
BLACK
6
CONTINUOUS
10
8.4681429527559047
20
-8.9782777165354322
11
8.4606438976377945
21
-8.9670290944881881
0
LINE
8
BLACK
6
CONTINUOUS
10
8.4606438976377945
20
-8.9670290944881881
11
8.4568943700787393
21
-8.963279566929133
  0
ENDSEC
  0
EOF
