ISO-10303-21;
HEADER;
FILE_DESCRIPTION (( 'STEP AP214' ),
    '1' );
FILE_NAME ('Same_Sky_HSE15-644225P.step',
    '2025-07-30T21:48:30',
    ( '' ),
    ( '' ),
    'SwSTEP 2.0',
    'SolidWorks 2025',
    '' );
FILE_SCHEMA (( 'AUTOMOTIVE_DESIGN' ));
ENDSEC;

DATA;
#1 = ORIENTED_EDGE ( 'NONE', *, *, #2197, .T. ) ;
#2 = PLANE ( 'NONE',  #967 ) ;
#3 = CARTESIAN_POINT ( 'NONE',  ( 14.13262310652581988, 6.500000000000000000, 31.75000000000000000 ) ) ;
#4 = AXIS2_PLACEMENT_3D ( 'NONE', #2404, #2669, #2692 ) ;
#5 = DIRECTION ( 'NONE',  ( 0.000000000000000000, 0.000000000000000000, -1.000000000000000000 ) ) ;
#6 = AXIS2_PLACEMENT_3D ( 'NONE', #3747, #3059, #3120 ) ;
#7 = DIRECTION ( 'NONE',  ( -0.000000000000000000, 1.000000000000000000, 0.000000000000000000 ) ) ;
#8 = EDGE_CURVE ( 'NONE', #1316, #2403, #1789, .T. ) ;
#9 = VECTOR ( 'NONE', #2171, 1000.000000000000000 ) ;
#10 = ORIENTED_EDGE ( 'NONE', *, *, #2697, .F. ) ;
#11 = VECTOR ( 'NONE', #987, 1000.000000000000227 ) ;
#12 = CARTESIAN_POINT ( 'NONE',  ( -9.500000000000000000, 5.250000000000000000, 31.75000000000000000 ) ) ;
#13 = FACE_OUTER_BOUND ( 'NONE', #3879, .T. ) ;
#14 = EDGE_CURVE ( 'NONE', #1234, #3627, #3011, .T. ) ;
#15 = CIRCLE ( 'NONE', #3637, 0.5000000000000004441 ) ;
#16 = EDGE_LOOP ( 'NONE', ( #808, #1637, #1335, #2357 ) ) ;
#17 = CARTESIAN_POINT ( 'NONE',  ( 15.54966716650354996, -3.447177621980745066, -31.75000000000000000 ) ) ;
#18 = VECTOR ( 'NONE', #1930, 1000.000000000000000 ) ;
#19 = CARTESIAN_POINT ( 'NONE',  ( -20.29999999999999716, -6.461999999999999744, 31.75000000000000000 ) ) ;
#20 = LINE ( 'NONE', #2498, #3962 ) ;
#21 = EDGE_CURVE ( 'NONE', #1374, #3277, #1943, .T. ) ;
#22 = AXIS2_PLACEMENT_3D ( 'NONE', #1302, #246, #279 ) ;
#23 = AXIS2_PLACEMENT_3D ( 'NONE', #3180, #1710, #2553 ) ;
#24 = VERTEX_POINT ( 'NONE', #1127 ) ;
#25 = VERTEX_POINT ( 'NONE', #1082 ) ;
#26 = VERTEX_POINT ( 'NONE', #539 ) ;
#27 = DIRECTION ( 'NONE',  ( 1.000000000000000000, 0.000000000000000000, 0.000000000000000000 ) ) ;
#28 = VECTOR ( 'NONE', #3284, 1000.000000000000114 ) ;
#29 = DIRECTION ( 'NONE',  ( 0.4539904997395408648, -0.8910065241883707854, 0.000000000000000000 ) ) ;
#30 = VECTOR ( 'NONE', #1006, 1000.000000000000000 ) ;
#31 = DIRECTION ( 'NONE',  ( 0.000000000000000000, 0.000000000000000000, -1.000000000000000000 ) ) ;
#32 = VECTOR ( 'NONE', #361, 1000.000000000000000 ) ;
#33 = AXIS2_PLACEMENT_3D ( 'NONE', #3529, #3818, #3549 ) ;
#34 = VERTEX_POINT ( 'NONE', #1748 ) ;
#35 = PLANE ( 'NONE',  #2983 ) ;
#36 = DIRECTION ( 'NONE',  ( 1.000000000000000000, 0.000000000000000000, 0.000000000000000000 ) ) ;
#37 = VERTEX_POINT ( 'NONE', #247 ) ;
#38 = EDGE_CURVE ( 'NONE', #1413, #308, #1476, .T. ) ;
#39 = PLANE ( 'NONE',  #533 ) ;
#40 = CARTESIAN_POINT ( 'NONE',  ( -9.500000000000000000, -5.250000000000000000, -31.75000000000000000 ) ) ;
#41 = FACE_OUTER_BOUND ( 'NONE', #2774, .T. ) ;
#42 = ORIENTED_EDGE ( 'NONE', *, *, #3905, .F. ) ;
#43 = EDGE_CURVE ( 'NONE', #2073, #2958, #2993, .T. ) ;
#44 = DIRECTION ( 'NONE',  ( -0.4539904997395408648, -0.8910065241883707854, 0.000000000000000000 ) ) ;
#45 = DIRECTION ( 'NONE',  ( 0.000000000000000000, 0.000000000000000000, -1.000000000000000000 ) ) ;
#46 = ORIENTED_EDGE ( 'NONE', *, *, #364, .F. ) ;
#47 = CARTESIAN_POINT ( 'NONE',  ( 9.500000000000000000, -12.00000000000000000, 31.75000000000000000 ) ) ;
#48 = VERTEX_POINT ( 'NONE', #517 ) ;
#49 = CARTESIAN_POINT ( 'NONE',  ( -20.66129058582125211, -11.65435695783522085, 31.75000000000000000 ) ) ;
#50 = DIRECTION ( 'NONE',  ( 0.000000000000000000, 0.000000000000000000, -1.000000000000000000 ) ) ;
#51 = ORIENTED_EDGE ( 'NONE', *, *, #2075, .T. ) ;
#52 = DIRECTION ( 'NONE',  ( -0.7225811716425487585, -0.6912860843295498547, 0.000000000000000000 ) ) ;
#53 = LINE ( 'NONE', #98, #532 ) ;
#54 = CARTESIAN_POINT ( 'NONE',  ( 14.27678941455290129, -4.980824188601770786, 31.75000000000000000 ) ) ;
#55 = EDGE_CURVE ( 'NONE', #327, #1711, #2707, .T. ) ;
#56 = ORIENTED_EDGE ( 'NONE', *, *, #1583, .F. ) ;
#57 = ORIENTED_EDGE ( 'NONE', *, *, #2984, .F. ) ;
#58 = ORIENTED_EDGE ( 'NONE', *, *, #615, .T. ) ;
#59 = LINE ( 'NONE', #2874, #30 ) ;
#60 = EDGE_CURVE ( 'NONE', #3979, #1131, #2325, .T. ) ;
#61 = DIRECTION ( 'NONE',  ( 1.000000000000000000, 0.000000000000000000, 0.000000000000000000 ) ) ;
#62 = ORIENTED_EDGE ( 'NONE', *, *, #2749, .F. ) ;
#63 = AXIS2_PLACEMENT_3D ( 'NONE', #1869, #2753, #3737 ) ;
#64 = LINE ( 'NONE', #2402, #236 ) ;
#65 = ADVANCED_FACE ( 'NONE', ( #3027 ), #783, .F. ) ;
#66 = CARTESIAN_POINT ( 'NONE',  ( -13.94742973402301978, 0.9572651848780380224, 31.75000000000000000 ) ) ;
#67 = AXIS2_PLACEMENT_3D ( 'NONE', #3279, #2330, #3565 ) ;
#68 = ORIENTED_EDGE ( 'NONE', *, *, #3192, .T. ) ;
#69 = AXIS2_PLACEMENT_3D ( 'NONE', #19, #2130, #2474 ) ;
#70 = CARTESIAN_POINT ( 'NONE',  ( -10.00000000000000000, -5.250000000000000000, 31.75000000000000000 ) ) ;
#71 = AXIS2_PLACEMENT_3D ( 'NONE', #3454, #1599, #1063 ) ;
#72 = CARTESIAN_POINT ( 'NONE',  ( 9.000000000000000000, -12.00000000000000000, 31.75000000000000000 ) ) ;
#73 = PRESENTATION_STYLE_ASSIGNMENT (( #1617 ) ) ;
#74 = CARTESIAN_POINT ( 'NONE',  ( -14.63808000037415979, -4.635181146436989863, 31.75000000000000000 ) ) ;
#75 = VECTOR ( 'NONE', #1266, 1000.000000000000000 ) ;
#76 = AXIS2_PLACEMENT_3D ( 'NONE', #346, #2475, #2172 ) ;
#77 = VERTEX_POINT ( 'NONE', #1102 ) ;
#78 = DIRECTION ( 'NONE',  ( -0.7933533402912341659, -0.6087614290087219882, 0.000000000000000000 ) ) ;
#79 = DIRECTION ( 'NONE',  ( -1.000000000000000000, 0.000000000000000000, 0.000000000000000000 ) ) ;
#80 = CARTESIAN_POINT ( 'NONE',  ( -14.13262310652581988, -6.500000000000000000, 31.75000000000000000 ) ) ;
#81 = CIRCLE ( 'NONE', #3249, 0.5000000000000004441 ) ;
#82 = DIRECTION ( 'NONE',  ( 0.000000000000000000, 0.000000000000000000, -1.000000000000000000 ) ) ;
#83 = VECTOR ( 'NONE', #756, 1000.000000000000227 ) ;
#84 = AXIS2_PLACEMENT_3D ( 'NONE', #2151, #3373, #2826 ) ;
#85 = EDGE_CURVE ( 'NONE', #2761, #1795, #807, .T. ) ;
#86 = CYLINDRICAL_SURFACE ( 'NONE', #33, 1.600000000000000755 ) ;
#87 = VECTOR ( 'NONE', #1980, 1000.000000000000227 ) ;
#88 = ORIENTED_EDGE ( 'NONE', *, *, #3262, .F. ) ;
#89 = EDGE_CURVE ( 'NONE', #893, #3721, #206, .T. ) ;
#90 = CARTESIAN_POINT ( 'NONE',  ( 13.35727658936150064, -0.9436564444104260652, 31.75000000000000000 ) ) ;
#91 = AXIS2_PLACEMENT_3D ( 'NONE', #543, #502, #1481 ) ;
#92 = CARTESIAN_POINT ( 'NONE',  ( 15.67499999999999716, 12.00000000000000000, -31.75000000000000000 ) ) ;
#93 = DIRECTION ( 'NONE',  ( 1.000000000000000000, 0.000000000000000000, 0.000000000000000000 ) ) ;
#94 = ORIENTED_EDGE ( 'NONE', *, *, #3585, .F. ) ;
#95 = ORIENTED_EDGE ( 'NONE', *, *, #3934, .T. ) ;
#96 = EDGE_CURVE ( 'NONE', #2310, #2073, #321, .T. ) ;
#97 = DIRECTION ( 'NONE',  ( 0.000000000000000000, 0.000000000000000000, -1.000000000000000000 ) ) ;
#98 = CARTESIAN_POINT ( 'NONE',  ( 15.62050326209419993, 11.77300475013021952, 31.75000000000000000 ) ) ;
#99 = CARTESIAN_POINT ( 'NONE',  ( -14.13262310652581988, -7.000000000000000000, -31.75000000000000000 ) ) ;
#100 = ORIENTED_EDGE ( 'NONE', *, *, #264, .F. ) ;
#101 = ORIENTED_EDGE ( 'NONE', *, *, #3660, .T. ) ;
#102 = ORIENTED_EDGE ( 'NONE', *, *, #3495, .T. ) ;
#103 = CARTESIAN_POINT ( 'NONE',  ( 20.29999999999999716, 6.461999999999999744, 31.75000000000000000 ) ) ;
#104 = DIRECTION ( 'NONE',  ( 1.000000000000000000, 0.000000000000000000, -2.891205793294680298E-16 ) ) ;
#105 = CARTESIAN_POINT ( 'NONE',  ( 14.24140333022853788, -4.330800431932630090, 31.75000000000000000 ) ) ;
#106 = ORIENTED_EDGE ( 'NONE', *, *, #112, .F. ) ;
#107 = CYLINDRICAL_SURFACE ( 'NONE', #2396, 0.5000000000000004441 ) ;
#108 = LINE ( 'NONE', #2878, #1117 ) ;
#109 = ADVANCED_FACE ( 'NONE', ( #13 ), #574, .F. ) ;
#110 = LINE ( 'NONE', #1342, #75 ) ;
#111 = CARTESIAN_POINT ( 'NONE',  ( -15.62050326209419993, -11.77300475013021952, 31.75000000000000000 ) ) ;
#112 = EDGE_CURVE ( 'NONE', #3906, #2310, #1575, .T. ) ;
#113 = ORIENTED_EDGE ( 'NONE', *, *, #1070, .F. ) ;
#114 = DIRECTION ( 'NONE',  ( 0.6912860843295498547, -0.7225811716425486475, 0.000000000000000000 ) ) ;
#115 =( LENGTH_UNIT ( ) NAMED_UNIT ( * ) SI_UNIT ( .MILLI., .METRE. ) );
#116 = DIRECTION ( 'NONE',  ( -1.000000000000000000, 0.000000000000000000, 0.000000000000000000 ) ) ;
#117 = ADVANCED_FACE ( 'NONE', ( #916 ), #880, .F. ) ;
#118 = DIRECTION ( 'NONE',  ( 0.000000000000000000, 0.000000000000000000, -1.000000000000000000 ) ) ;
#119 = ORIENTED_EDGE ( 'NONE', *, *, #3253, .F. ) ;
#120 = EDGE_LOOP ( 'NONE', ( #1801, #1978, #944, #3941 ) ) ;
#121 = ORIENTED_EDGE ( 'NONE', *, *, #2767, .T. ) ;
#122 = CARTESIAN_POINT ( 'NONE',  ( -20.29999999999999716, -12.00000000000000000, -31.75000000000000000 ) ) ;
#123 = CARTESIAN_POINT ( 'NONE',  ( 6.500000000000000000, -12.50000000000000000, 34.75000000000000000 ) ) ;
#124 = DIRECTION ( 'NONE',  ( 1.000000000000000000, 0.000000000000000000, 0.000000000000000000 ) ) ;
#125 = VECTOR ( 'NONE', #2952, 1000.000000000000000 ) ;
#126 = ORIENTED_EDGE ( 'NONE', *, *, #2875, .F. ) ;
#127 = ORIENTED_EDGE ( 'NONE', *, *, #2500, .F. ) ;
#128 = LINE ( 'NONE', #736, #3691 ) ;
#129 = DIRECTION ( 'NONE',  ( -1.000000000000000000, 0.000000000000000000, 0.000000000000000000 ) ) ;
#130 = ORIENTED_EDGE ( 'NONE', *, *, #834, .F. ) ;
#131 = LINE ( 'NONE', #3885, #1304 ) ;
#132 = VECTOR ( 'NONE', #3073, 1000.000000000000227 ) ;
#133 = ORIENTED_EDGE ( 'NONE', *, *, #2412, .T. ) ;
#134 = VECTOR ( 'NONE', #351, 1000.000000000000000 ) ;
#135 = EDGE_CURVE ( 'NONE', #326, #820, #1850, .T. ) ;
#136 = DIRECTION ( 'NONE',  ( -2.891205793294680298E-16, 0.000000000000000000, -1.000000000000000000 ) ) ;
#137 = DIRECTION ( 'NONE',  ( -1.000000000000000000, 0.000000000000000000, 0.000000000000000000 ) ) ;
#138 = DIRECTION ( 'NONE',  ( 1.000000000000000000, 0.000000000000000000, 0.000000000000000000 ) ) ;
#139 = VECTOR ( 'NONE', #497, 1000.000000000000000 ) ;
#140 = FACE_OUTER_BOUND ( 'NONE', #1451, .T. ) ;
#141 = ORIENTED_EDGE ( 'NONE', *, *, #1935, .F. ) ;
#142 = VERTEX_POINT ( 'NONE', #2166 ) ;
#143 = VERTEX_POINT ( 'NONE', #3050 ) ;
#144 = DIRECTION ( 'NONE',  ( 0.000000000000000000, 0.000000000000000000, -1.000000000000000000 ) ) ;
#145 = AXIS2_PLACEMENT_3D ( 'NONE', #2258, #975, #3509 ) ;
#146 = EDGE_CURVE ( 'NONE', #2990, #2134, #2144, .T. ) ;
#147 = CARTESIAN_POINT ( 'NONE',  ( -8.500000000000000000, 12.00000000000000000, 31.75000000000000000 ) ) ;
#148 = LINE ( 'NONE', #1338, #2043 ) ;
#149 = CIRCLE ( 'NONE', #1511, 0.5000000000000004441 ) ;
#150 = VERTEX_POINT ( 'NONE', #3388 ) ;
#151 = EDGE_LOOP ( 'NONE', ( #3468, #2390, #1597, #2292 ) ) ;
#152 = DIRECTION ( 'NONE',  ( 0.000000000000000000, 0.000000000000000000, -1.000000000000000000 ) ) ;
#153 = AXIS2_PLACEMENT_3D ( 'NONE', #330, #82, #3083 ) ;
#154 = FACE_OUTER_BOUND ( 'NONE', #3334, .T. ) ;
#155 = AXIS2_PLACEMENT_3D ( 'NONE', #1028, #394, #3225 ) ;
#156 = AXIS2_PLACEMENT_3D ( 'NONE', #2496, #1888, #3411 ) ;
#157 = ORIENTED_EDGE ( 'NONE', *, *, #2026, .F. ) ;
#158 = DIRECTION ( 'NONE',  ( 0.000000000000000000, 0.000000000000000000, 1.000000000000000000 ) ) ;
#159 = DIRECTION ( 'NONE',  ( 0.000000000000000000, 1.000000000000000000, 0.000000000000000000 ) ) ;
#160 =( GEOMETRIC_REPRESENTATION_CONTEXT ( 3 ) GLOBAL_UNCERTAINTY_ASSIGNED_CONTEXT ( ( #2437 ) ) GLOBAL_UNIT_ASSIGNED_CONTEXT ( ( #2741, #817, #2178 ) ) REPRESENTATION_CONTEXT ( 'NONE', 'WORKASPACE' ) );
#161 = VECTOR ( 'NONE', #2251, 1000.000000000000227 ) ;
#162 = ORIENTED_EDGE ( 'NONE', *, *, #201, .F. ) ;
#163 = CIRCLE ( 'NONE', #2425, 0.5000000000000004441 ) ;
#164 = FACE_OUTER_BOUND ( 'NONE', #2380, .T. ) ;
#165 = LINE ( 'NONE', #1409, #1429 ) ;
#166 = CYLINDRICAL_SURFACE ( 'NONE', #1179, 0.4999999999999987232 ) ;
#167 = DIRECTION ( 'NONE',  ( 2.891205793294680298E-16, 0.000000000000000000, 1.000000000000000000 ) ) ;
#168 = AXIS2_PLACEMENT_3D ( 'NONE', #2689, #3233, #2070 ) ;
#169 = DIRECTION ( 'NONE',  ( 0.000000000000000000, 0.000000000000000000, -1.000000000000000000 ) ) ;
#170 = EDGE_CURVE ( 'NONE', #1316, #406, #3888, .T. ) ;
#171 = ORIENTED_EDGE ( 'NONE', *, *, #3253, .T. ) ;
#172 = ORIENTED_EDGE ( 'NONE', *, *, #1093, .T. ) ;
#173 = LINE ( 'NONE', #1068, #354 ) ;
#174 =( NAMED_UNIT ( * ) SI_UNIT ( $, .STERADIAN. ) SOLID_ANGLE_UNIT ( ) );
#175 = DIRECTION ( 'NONE',  ( 0.000000000000000000, 1.000000000000000000, 0.000000000000000000 ) ) ;
#176 = EDGE_CURVE ( 'NONE', #563, #2398, #620, .T. ) ;
#177 = ORIENTED_EDGE ( 'NONE', *, *, #2957, .F. ) ;
#178 = VERTEX_POINT ( 'NONE', #3365 ) ;
#179 = DIRECTION ( 'NONE',  ( 1.000000000000000000, 0.000000000000000000, 0.000000000000000000 ) ) ;
#180 = FACE_OUTER_BOUND ( 'NONE', #514, .T. ) ;
#181 = ADVANCED_FACE ( 'NONE', ( #1886 ), #3723, .F. ) ;
#182 = VERTEX_POINT ( 'NONE', #318 ) ;
#183 = DIRECTION ( 'NONE',  ( -1.000000000000000000, 0.000000000000000000, 0.000000000000000000 ) ) ;
#184 = ORIENTED_EDGE ( 'NONE', *, *, #2375, .T. ) ;
#185 = DIRECTION ( 'NONE',  ( 0.000000000000000000, 0.000000000000000000, -1.000000000000000000 ) ) ;
#186 = DIRECTION ( 'NONE',  ( 0.000000000000000000, 0.000000000000000000, 1.000000000000000000 ) ) ;
#187 = CARTESIAN_POINT ( 'NONE',  ( 3.469446951953614978E-15, -12.50000000000000000, 13.44999999999999929 ) ) ;
#188 = CARTESIAN_POINT ( 'NONE',  ( -13.74969899016224062, -7.000000000000000000, 31.75000000000000000 ) ) ;
#189 = ORIENTED_EDGE ( 'NONE', *, *, #1203, .F. ) ;
#190 = ORIENTED_EDGE ( 'NONE', *, *, #3657, .F. ) ;
#191 = FACE_OUTER_BOUND ( 'NONE', #1193, .T. ) ;
#192 =( LENGTH_UNIT ( ) NAMED_UNIT ( * ) SI_UNIT ( .MILLI., .METRE. ) );
#193 = DIRECTION ( 'NONE',  ( 1.000000000000000000, 0.000000000000000000, 0.000000000000000000 ) ) ;
#194 = VERTEX_POINT ( 'NONE', #2492 ) ;
#195 = ORIENTED_EDGE ( 'NONE', *, *, #1513, .F. ) ;
#196 = CARTESIAN_POINT ( 'NONE',  ( 14.72949673790581926, -12.22699524986975916, 31.75000000000000000 ) ) ;
#197 = EDGE_CURVE ( 'NONE', #1073, #1005, #2185, .T. ) ;
#198 = CARTESIAN_POINT ( 'NONE',  ( -13.84999999999999964, 2.873135757086585172E-15, 28.25000000000000000 ) ) ;
#199 = AXIS2_PLACEMENT_3D ( 'NONE', #1460, #3311, #2071 ) ;
#200 = CARTESIAN_POINT ( 'NONE',  ( -13.74969899016226016, -6.500000000000000000, 31.75000000000000000 ) ) ;
#201 = EDGE_CURVE ( 'NONE', #2780, #859, #1267, .T. ) ;
#202 = CARTESIAN_POINT ( 'NONE',  ( 13.35727658936150064, -0.9436564444104260652, 31.75000000000000000 ) ) ;
#203 = ORIENTED_EDGE ( 'NONE', *, *, #1784, .F. ) ;
#204 = CARTESIAN_POINT ( 'NONE',  ( 19.99561928549564982, -6.858676670145619880, 31.75000000000000000 ) ) ;
#205 = CARTESIAN_POINT ( 'NONE',  ( 19.93870941417869957, -12.34564304216478092, -31.75000000000000000 ) ) ;
#206 = LINE ( 'NONE', #2368, #1752 ) ;
#207 = DIRECTION ( 'NONE',  ( -1.000000000000000000, 0.000000000000000000, 0.000000000000000000 ) ) ;
#208 = VECTOR ( 'NONE', #3098, 1000.000000000000000 ) ;
#209 = ORIENTED_EDGE ( 'NONE', *, *, #3128, .F. ) ;
#210 = ORIENTED_EDGE ( 'NONE', *, *, #856, .T. ) ;
#211 = CARTESIAN_POINT ( 'NONE',  ( -12.69999999999999929, 2.873135757086585172E-15, 35.25000000000000000 ) ) ;
#212 = SURFACE_STYLE_FILL_AREA ( #2353 ) ;
#213 = DIRECTION ( 'NONE',  ( 0.000000000000000000, -1.000000000000000000, 0.000000000000000000 ) ) ;
#214 = VECTOR ( 'NONE', #1494, 1000.000000000000227 ) ;
#215 = VERTEX_POINT ( 'NONE', #3994 ) ;
#216 = EDGE_LOOP ( 'NONE', ( #2976, #3940, #133, #1938 ) ) ;
#217 = CARTESIAN_POINT ( 'NONE',  ( 13.84999999999999964, 3.013970138988530751E-15, 35.25000000000000000 ) ) ;
#218 = AXIS2_PLACEMENT_3D ( 'NONE', #1832, #1526, #923 ) ;
#219 = DIRECTION ( 'NONE',  ( 0.000000000000000000, 0.000000000000000000, -1.000000000000000000 ) ) ;
#220 = EDGE_CURVE ( 'NONE', #3070, #3383, #936, .T. ) ;
#221 = AXIS2_PLACEMENT_3D ( 'NONE', #403, #1371, #384 ) ;
#222 = DIRECTION ( 'NONE',  ( -2.569960705150824905E-16, 1.000000000000000000, 0.000000000000000000 ) ) ;
#223 = EDGE_CURVE ( 'NONE', #25, #2403, #2526, .T. ) ;
#224 = EDGE_LOOP ( 'NONE', ( #2343, #2090, #255, #3270 ) ) ;
#225 = ORIENTED_EDGE ( 'NONE', *, *, #1252, .T. ) ;
#226 = AXIS2_PLACEMENT_3D ( 'NONE', #211, #144, #450 ) ;
#227 = DIRECTION ( 'NONE',  ( 0.000000000000000000, 0.000000000000000000, -1.000000000000000000 ) ) ;
#228 = DIRECTION ( 'NONE',  ( 0.000000000000000000, -1.000000000000000000, 0.000000000000000000 ) ) ;
#229 = ORIENTED_EDGE ( 'NONE', *, *, #3924, .F. ) ;
#230 = CIRCLE ( 'NONE', #3652, 0.5000000000000004441 ) ;
#231 = EDGE_CURVE ( 'NONE', #143, #3389, #2201, .T. ) ;
#232 = ORIENTED_EDGE ( 'NONE', *, *, #2298, .F. ) ;
#233 = DIRECTION ( 'NONE',  ( -0.4539904997395408648, 0.8910065241883707854, 0.000000000000000000 ) ) ;
#234 = CARTESIAN_POINT ( 'NONE',  ( -8.500000000000000000, -12.00000000000000000, 31.75000000000000000 ) ) ;
#235 = DIRECTION ( 'NONE',  ( 0.000000000000000000, -1.000000000000000000, 0.000000000000000000 ) ) ;
#236 = VECTOR ( 'NONE', #1594, 1000.000000000000000 ) ;
#237 = ORIENTED_EDGE ( 'NONE', *, *, #785, .T. ) ;
#238 = FACE_OUTER_BOUND ( 'NONE', #1106, .T. ) ;
#239 = LINE ( 'NONE', #1797, #3778 ) ;
#240 = DIRECTION ( 'NONE',  ( 0.000000000000000000, 0.000000000000000000, 1.000000000000000000 ) ) ;
#241 = CARTESIAN_POINT ( 'NONE',  ( 15.54966716650354996, -3.447177621980745066, 31.75000000000000000 ) ) ;
#242 = EDGE_CURVE ( 'NONE', #1892, #1593, #3427, .T. ) ;
#243 = ORIENTED_EDGE ( 'NONE', *, *, #176, .F. ) ;
#244 = VERTEX_POINT ( 'NONE', #262 ) ;
#245 = DIRECTION ( 'NONE',  ( 0.000000000000000000, 0.000000000000000000, -1.000000000000000000 ) ) ;
#246 = DIRECTION ( 'NONE',  ( 0.000000000000000000, 0.000000000000000000, -1.000000000000000000 ) ) ;
#247 = CARTESIAN_POINT ( 'NONE',  ( 14.72949673790581926, 12.22699524986975916, -31.75000000000000000 ) ) ;
#248 = ADVANCED_FACE ( 'NONE', ( #1186 ), #2431, .F. ) ;
#249 = CARTESIAN_POINT ( 'NONE',  ( 11.05888024037249906, -5.023004750130230178, -31.75000000000000000 ) ) ;
#250 = ORIENTED_EDGE ( 'NONE', *, *, #3327, .T. ) ;
#251 = LINE ( 'NONE', #3352, #3064 ) ;
#252 = SURFACE_STYLE_USAGE ( .BOTH. , #3015 ) ;
#253 = EDGE_CURVE ( 'NONE', #3562, #278, #898, .T. ) ;
#254 = VERTEX_POINT ( 'NONE', #3820 ) ;
#255 = ORIENTED_EDGE ( 'NONE', *, *, #1203, .T. ) ;
#256 = CARTESIAN_POINT ( 'NONE',  ( -8.500000000000000000, 0.7500000000000000000, 31.75000000000000000 ) ) ;
#257 = CARTESIAN_POINT ( 'NONE',  ( 15.24528645199919907, -3.843854292126359873, 31.75000000000000000 ) ) ;
#258 = CARTESIAN_POINT ( 'NONE',  ( -13.74969899016224062, 7.000000000000000000, -31.75000000000000000 ) ) ;
#259 = VERTEX_POINT ( 'NONE', #1286 ) ;
#260 = ORIENTED_EDGE ( 'NONE', *, *, #524, .T. ) ;
#261 = LINE ( 'NONE', #47, #3517 ) ;
#262 = CARTESIAN_POINT ( 'NONE',  ( 11.05888024037249906, -5.023004750130230178, 31.75000000000000000 ) ) ;
#263 = ORIENTED_EDGE ( 'NONE', *, *, #3607, .T. ) ;
#264 = EDGE_CURVE ( 'NONE', #1795, #2812, #3800, .T. ) ;
#265 = CARTESIAN_POINT ( 'NONE',  ( -20.29999999999999716, -6.461999999999999744, -31.75000000000000000 ) ) ;
#266 = LINE ( 'NONE', #3667, #1427 ) ;
#267 = VECTOR ( 'NONE', #2840, 1000.000000000000000 ) ;
#268 = EDGE_CURVE ( 'NONE', #1021, #3087, #1027, .T. ) ;
#269 = CARTESIAN_POINT ( 'NONE',  ( -14.24140333022853788, -4.330800431932630090, 31.75000000000000000 ) ) ;
#270 = CYLINDRICAL_SURFACE ( 'NONE', #1507, 0.5000000000000004441 ) ;
#271 = DIRECTION ( 'NONE',  ( -2.569960705150824905E-16, -1.000000000000000000, 0.000000000000000000 ) ) ;
#272 = DIRECTION ( 'NONE',  ( 1.000000000000000000, 0.000000000000000000, 0.000000000000000000 ) ) ;
#273 = CIRCLE ( 'NONE', #1960, 1.600000000000000755 ) ;
#274 = DIRECTION ( 'NONE',  ( -1.000000000000000000, 0.000000000000000000, 0.000000000000000000 ) ) ;
#275 = LINE ( 'NONE', #2137, #1520 ) ;
#276 = VECTOR ( 'NONE', #2194, 1000.000000000000000 ) ;
#277 = AXIS2_PLACEMENT_3D ( 'NONE', #3016, #2373, #2956 ) ;
#278 = VERTEX_POINT ( 'NONE', #111 ) ;
#279 = DIRECTION ( 'NONE',  ( 1.000000000000000000, 0.000000000000000000, 0.000000000000000000 ) ) ;
#280 = DIRECTION ( 'NONE',  ( 0.000000000000000000, 0.000000000000000000, -1.000000000000000000 ) ) ;
#281 = VECTOR ( 'NONE', #45, 1000.000000000000000 ) ;
#282 = EDGE_LOOP ( 'NONE', ( #3907, #657, #1527, #3753 ) ) ;
#283 = ORIENTED_EDGE ( 'NONE', *, *, #761, .T. ) ;
#284 = CIRCLE ( 'NONE', #84, 0.5000000000000004441 ) ;
#285 = DIRECTION ( 'NONE',  ( 0.000000000000000000, 0.000000000000000000, -1.000000000000000000 ) ) ;
#286 = CIRCLE ( 'NONE', #421, 0.5000000000000004441 ) ;
#287 = EDGE_CURVE ( 'NONE', #2350, #2005, #3151, .T. ) ;
#288 = ORIENTED_EDGE ( 'NONE', *, *, #316, .F. ) ;
#289 = VECTOR ( 'NONE', #2868, 1000.000000000000000 ) ;
#290 = CARTESIAN_POINT ( 'NONE',  ( -15.62050326209419993, -11.77300475013021952, -31.75000000000000000 ) ) ;
#291 = DIRECTION ( 'NONE',  ( -0.7933533402912350541, 0.6087614290087208779, 0.000000000000000000 ) ) ;
#292 = ADVANCED_FACE ( 'NONE', ( #1242 ), #2424, .F. ) ;
#293 = FACE_OUTER_BOUND ( 'NONE', #2574, .T. ) ;
#294 = CYLINDRICAL_SURFACE ( 'NONE', #3980, 0.5000000000000004441 ) ;
#295 = CYLINDRICAL_SURFACE ( 'NONE', #3511, 0.5000000000000004441 ) ;
#296 = ADVANCED_FACE ( 'NONE', ( #2765 ), #2102, .T. ) ;
#297 = ORIENTED_EDGE ( 'NONE', *, *, #1927, .T. ) ;
#298 = ORIENTED_EDGE ( 'NONE', *, *, #3111, .T. ) ;
#299 = FACE_OUTER_BOUND ( 'NONE', #2370, .T. ) ;
#300 = CARTESIAN_POINT ( 'NONE',  ( -20.80000000000000071, 6.461999999999999744, 31.75000000000000000 ) ) ;
#301 = ORIENTED_EDGE ( 'NONE', *, *, #1328, .F. ) ;
#302 = ORIENTED_EDGE ( 'NONE', *, *, #2337, .T. ) ;
#303 = LINE ( 'NONE', #3317, #2358 ) ;
#304 = CARTESIAN_POINT ( 'NONE',  ( -12.69999999999999929, 2.873135757086585172E-15, 28.25000000000000000 ) ) ;
#305 = DIRECTION ( 'NONE',  ( 1.000000000000000000, 0.000000000000000000, 0.000000000000000000 ) ) ;
#306 = DIRECTION ( 'NONE',  ( 0.7933533402912350541, -0.6087614290087208779, 0.000000000000000000 ) ) ;
#307 = VERTEX_POINT ( 'NONE', #950 ) ;
#308 = VERTEX_POINT ( 'NONE', #1283 ) ;
#309 = CARTESIAN_POINT ( 'NONE',  ( 9.500000000000000000, -5.250000000000000000, -31.75000000000000000 ) ) ;
#310 = DIRECTION ( 'NONE',  ( 0.000000000000000000, 0.000000000000000000, -1.000000000000000000 ) ) ;
#311 = CARTESIAN_POINT ( 'NONE',  ( 15.17499999999999893, -12.00000000000000000, -31.75000000000000000 ) ) ;
#312 = ORIENTED_EDGE ( 'NONE', *, *, #2827, .T. ) ;
#313 = ADVANCED_FACE ( 'NONE', ( #3777, #3168 ), #1674, .F. ) ;
#314 = CARTESIAN_POINT ( 'NONE',  ( -19.99561928549564982, -6.858676670145619880, 31.75000000000000000 ) ) ;
#315 = VERTEX_POINT ( 'NONE', #1435 ) ;
#316 = EDGE_CURVE ( 'NONE', #1131, #34, #777, .T. ) ;
#317 = DIRECTION ( 'NONE',  ( 1.000000000000000000, 0.000000000000000000, 0.000000000000000000 ) ) ;
#318 = CARTESIAN_POINT ( 'NONE',  ( -15.54966716650354996, 3.447177621980745066, 31.75000000000000000 ) ) ;
#319 = ORIENTED_EDGE ( 'NONE', *, *, #1498, .T. ) ;
#320 = PLANE ( 'NONE',  #2798 ) ;
#321 = CIRCLE ( 'NONE', #2968, 0.5000000000000004441 ) ;
#322 = DIRECTION ( 'NONE',  ( 1.000000000000000000, 0.000000000000000000, 0.000000000000000000 ) ) ;
#323 = CARTESIAN_POINT ( 'NONE',  ( -14.49391369234709970, -6.654356957835229736, 31.75000000000000000 ) ) ;
#324 = DIRECTION ( 'NONE',  ( 0.7933533402912341659, 0.6087614290087219882, 0.000000000000000000 ) ) ;
#325 = VERTEX_POINT ( 'NONE', #3928 ) ;
#326 = VERTEX_POINT ( 'NONE', #1790 ) ;
#327 = VERTEX_POINT ( 'NONE', #3012 ) ;
#328 = FACE_OUTER_BOUND ( 'NONE', #3600, .T. ) ;
#329 = VECTOR ( 'NONE', #280, 1000.000000000000000 ) ;
#330 = CARTESIAN_POINT ( 'NONE',  ( 13.74969899016224062, 7.000000000000000000, 31.75000000000000000 ) ) ;
#331 = VERTEX_POINT ( 'NONE', #249 ) ;
#332 = AXIS2_PLACEMENT_3D ( 'NONE', #1173, #869, #3267 ) ;
#333 = EDGE_LOOP ( 'NONE', ( #2226, #2589, #3561, #2432 ) ) ;
#334 = CIRCLE ( 'NONE', #3758, 0.5000000000000004441 ) ;
#335 = EDGE_CURVE ( 'NONE', #1284, #848, #1477, .T. ) ;
#336 = ORIENTED_EDGE ( 'NONE', *, *, #1407, .T. ) ;
#337 = CIRCLE ( 'NONE', #2277, 0.5000000000000004441 ) ;
#338 = DIRECTION ( 'NONE',  ( 0.000000000000000000, 0.000000000000000000, 1.000000000000000000 ) ) ;
#339 = DIRECTION ( 'NONE',  ( 0.000000000000000000, 0.000000000000000000, -1.000000000000000000 ) ) ;
#340 = VECTOR ( 'NONE', #2331, 1000.000000000000000 ) ;
#341 = ADVANCED_FACE ( 'NONE', ( #2621 ), #2020, .F. ) ;
#342 = VERTEX_POINT ( 'NONE', #454 ) ;
#343 = CARTESIAN_POINT ( 'NONE',  ( 20.80000000000000071, 6.461999999999999744, -31.75000000000000000 ) ) ;
#344 = VECTOR ( 'NONE', #695, 1000.000000000000000 ) ;
#345 = DIRECTION ( 'NONE',  ( 1.000000000000000000, 0.000000000000000000, 0.000000000000000000 ) ) ;
#346 = CARTESIAN_POINT ( 'NONE',  ( 15.17499999999999893, -12.00000000000000000, 31.75000000000000000 ) ) ;
#347 = EDGE_CURVE ( 'NONE', #1996, #1587, #3041, .T. ) ;
#348 = AXIS2_PLACEMENT_3D ( 'NONE', #3586, #558, #2406 ) ;
#349 = ORIENTED_EDGE ( 'NONE', *, *, #2834, .T. ) ;
#350 = ORIENTED_EDGE ( 'NONE', *, *, #684, .F. ) ;
#351 = DIRECTION ( 'NONE',  ( 2.569960705150824905E-16, 1.000000000000000000, 0.000000000000000000 ) ) ;
#352 = VECTOR ( 'NONE', #1447, 1000.000000000000000 ) ;
#353 = DIRECTION ( 'NONE',  ( -1.000000000000000000, 0.000000000000000000, 0.000000000000000000 ) ) ;
#354 = VECTOR ( 'NONE', #2652, 1000.000000000000114 ) ;
#355 = FACE_OUTER_BOUND ( 'NONE', #3419, .T. ) ;
#356 = VECTOR ( 'NONE', #3563, 1000.000000000000000 ) ;
#357 = ORIENTED_EDGE ( 'NONE', *, *, #370, .T. ) ;
#358 = DIRECTION ( 'NONE',  ( 0.000000000000000000, 0.000000000000000000, -1.000000000000000000 ) ) ;
#359 = AXIS2_PLACEMENT_3D ( 'NONE', #2143, #1824, #862 ) ;
#360 = VERTEX_POINT ( 'NONE', #2917 ) ;
#361 = DIRECTION ( 'NONE',  ( 0.000000000000000000, 0.000000000000000000, -1.000000000000000000 ) ) ;
#362 = EDGE_CURVE ( 'NONE', #342, #2995, #1297, .T. ) ;
#363 = DIRECTION ( 'NONE',  ( 0.000000000000000000, 0.000000000000000000, -1.000000000000000000 ) ) ;
#364 = EDGE_CURVE ( 'NONE', #3971, #1021, #128, .T. ) ;
#365 = DIRECTION ( 'NONE',  ( 1.000000000000000000, 0.000000000000000000, 0.000000000000000000 ) ) ;
#366 = LINE ( 'NONE', #3093, #852 ) ;
#367 = ORIENTED_EDGE ( 'NONE', *, *, #3748, .F. ) ;
#368 = ORIENTED_EDGE ( 'NONE', *, *, #3102, .F. ) ;
#369 = CARTESIAN_POINT ( 'NONE',  ( 3.469446951953614978E-15, -0.7500000000000000000, 13.44999999999999929 ) ) ;
#370 = EDGE_CURVE ( 'NONE', #2398, #997, #1952, .T. ) ;
#371 = CARTESIAN_POINT ( 'NONE',  ( -14.27678941455290129, 4.980824188601770786, 31.75000000000000000 ) ) ;
#372 = DIRECTION ( 'NONE',  ( -0.6087614290087208779, -0.7933533402912350541, 0.000000000000000000 ) ) ;
#373 = CARTESIAN_POINT ( 'NONE',  ( -20.80000000000000071, -12.00000000000000000, 31.75000000000000000 ) ) ;
#374 = EDGE_LOOP ( 'NONE', ( #2152, #465 ) ) ;
#375 = VERTEX_POINT ( 'NONE', #1940 ) ;
#376 = ADVANCED_BREP_SHAPE_REPRESENTATION ( 'Same_Sky_HSE15-644225P', ( #697, #3404, #685, #1643 ), #160 ) ;
#377 = DIRECTION ( 'NONE',  ( -1.000000000000000000, 0.000000000000000000, 0.000000000000000000 ) ) ;
#378 = VERTEX_POINT ( 'NONE', #1386 ) ;
#379 = CARTESIAN_POINT ( 'NONE',  ( 13.94742973402301978, -0.9572651848780380224, 31.75000000000000000 ) ) ;
#380 = CARTESIAN_POINT ( 'NONE',  ( -13.30419572806806094, 7.226995249869780480, 31.75000000000000000 ) ) ;
#381 = ORIENTED_EDGE ( 'NONE', *, *, #231, .T. ) ;
#382 = CARTESIAN_POINT ( 'NONE',  ( -14.84860978185358071, 3.539473577621999656, -31.75000000000000000 ) ) ;
#383 = SURFACE_SIDE_STYLE ('',( #2824 ) ) ;
#384 = DIRECTION ( 'NONE',  ( -1.000000000000000000, 0.000000000000000000, 0.000000000000000000 ) ) ;
#385 = LINE ( 'NONE', #1620, #475 ) ;
#386 = EDGE_CURVE ( 'NONE', #1740, #3058, #3951, .T. ) ;
#387 = ORIENTED_EDGE ( 'NONE', *, *, #89, .T. ) ;
#388 = CARTESIAN_POINT ( 'NONE',  ( 8.500000000000000000, -12.00000000000000000, 31.75000000000000000 ) ) ;
#389 = CARTESIAN_POINT ( 'NONE',  ( -14.13262310652581988, 7.000000000000000000, 31.75000000000000000 ) ) ;
#390 = LINE ( 'NONE', #1549, #2413 ) ;
#391 = EDGE_CURVE ( 'NONE', #308, #3546, #709, .T. ) ;
#392 = ORIENTED_EDGE ( 'NONE', *, *, #2007, .T. ) ;
#393 = VECTOR ( 'NONE', #1903, 1000.000000000000227 ) ;
#394 = DIRECTION ( 'NONE',  ( 0.000000000000000000, 0.000000000000000000, 1.000000000000000000 ) ) ;
#395 = AXIS2_PLACEMENT_3D ( 'NONE', #2737, #2655, #3981 ) ;
#396 = ADVANCED_FACE ( 'NONE', ( #2877 ), #107, .T. ) ;
#397 = VERTEX_POINT ( 'NONE', #1091 ) ;
#398 = AXIS2_PLACEMENT_3D ( 'NONE', #72, #1311, #3472 ) ;
#399 = DIRECTION ( 'NONE',  ( 0.000000000000000000, 0.000000000000000000, -1.000000000000000000 ) ) ;
#400 = VECTOR ( 'NONE', #3487, 1000.000000000000000 ) ;
#401 = ORIENTED_EDGE ( 'NONE', *, *, #3346, .T. ) ;
#402 = LINE ( 'NONE', #2549, #3242 ) ;
#403 = CARTESIAN_POINT ( 'NONE',  ( 15.17499999999999893, 12.00000000000000000, 31.75000000000000000 ) ) ;
#404 = VECTOR ( 'NONE', #2891, 1000.000000000000000 ) ;
#405 = LINE ( 'NONE', #2289, #3061 ) ;
#406 = VERTEX_POINT ( 'NONE', #1741 ) ;
#407 = EDGE_LOOP ( 'NONE', ( #3978, #2630, #1395, #550 ) ) ;
#408 = ORIENTED_EDGE ( 'NONE', *, *, #3451, .T. ) ;
#409 = DIRECTION ( 'NONE',  ( 0.000000000000000000, 1.000000000000000000, 0.000000000000000000 ) ) ;
#410 = DIRECTION ( 'NONE',  ( -2.891205793294680298E-16, 0.000000000000000000, -1.000000000000000000 ) ) ;
#411 = DIRECTION ( 'NONE',  ( 0.000000000000000000, 0.000000000000000000, -1.000000000000000000 ) ) ;
#412 = ADVANCED_FACE ( 'NONE', ( #2717 ), #3920, .T. ) ;
#413 = AXIS2_PLACEMENT_3D ( 'NONE', #3727, #3095, #1857 ) ;
#414 = DIRECTION ( 'NONE',  ( -1.000000000000000000, 0.000000000000000000, 0.000000000000000000 ) ) ;
#415 = AXIS2_PLACEMENT_3D ( 'NONE', #2682, #2419, #1138 ) ;
#416 = ORIENTED_EDGE ( 'NONE', *, *, #3822, .F. ) ;
#417 = CIRCLE ( 'NONE', #2486, 0.5000000000000004441 ) ;
#418 = EDGE_CURVE ( 'NONE', #1400, #2651, #507, .T. ) ;
#419 = CARTESIAN_POINT ( 'NONE',  ( -10.61337697827829984, -5.250000000000000000, 31.75000000000000000 ) ) ;
#420 = CARTESIAN_POINT ( 'NONE',  ( 14.13262310652581988, -6.500000000000000000, 31.75000000000000000 ) ) ;
#421 = AXIS2_PLACEMENT_3D ( 'NONE', #1830, #2694, #3973 ) ;
#422 = AXIS2_PLACEMENT_3D ( 'NONE', #3305, #2625, #3248 ) ;
#423 = ADVANCED_FACE ( 'NONE', ( #238 ), #2065, .F. ) ;
#424 = DIRECTION ( 'NONE',  ( 0.000000000000000000, 0.000000000000000000, -1.000000000000000000 ) ) ;
#425 = ORIENTED_EDGE ( 'NONE', *, *, #2767, .F. ) ;
#426 = PLANE ( 'NONE',  #2338 ) ;
#427 =( NAMED_UNIT ( * ) SI_UNIT ( $, .STERADIAN. ) SOLID_ANGLE_UNIT ( ) );
#428 = FACE_OUTER_BOUND ( 'NONE', #2349, .T. ) ;
#429 = LINE ( 'NONE', #1686, #3775 ) ;
#430 = ORIENTED_EDGE ( 'NONE', *, *, #2697, .T. ) ;
#431 = ORIENTED_EDGE ( 'NONE', *, *, #2243, .F. ) ;
#432 = LINE ( 'NONE', #3521, #3000 ) ;
#433 = DIRECTION ( 'NONE',  ( -1.000000000000000000, 0.000000000000000000, 0.000000000000000000 ) ) ;
#434 = ORIENTED_EDGE ( 'NONE', *, *, #1224, .F. ) ;
#435 = DIRECTION ( 'NONE',  ( 0.000000000000000000, 0.000000000000000000, -1.000000000000000000 ) ) ;
#436 = EDGE_CURVE ( 'NONE', #2546, #2062, #1445, .T. ) ;
#437 = ORIENTED_EDGE ( 'NONE', *, *, #1856, .T. ) ;
#438 = CARTESIAN_POINT ( 'NONE',  ( -8.500000000000000000, -12.00000000000000000, -31.75000000000000000 ) ) ;
#439 = EDGE_CURVE ( 'NONE', #1528, #960, #3559, .T. ) ;
#440 = VERTEX_POINT ( 'NONE', #525 ) ;
#441 = DIRECTION ( 'NONE',  ( -1.000000000000000000, 0.000000000000000000, 0.000000000000000000 ) ) ;
#442 = CARTESIAN_POINT ( 'NONE',  ( 20.66129058582125211, -11.65435695783522085, 31.75000000000000000 ) ) ;
#443 = DIRECTION ( 'NONE',  ( 0.000000000000000000, 0.000000000000000000, -1.000000000000000000 ) ) ;
#444 = CARTESIAN_POINT ( 'NONE',  ( 19.93870941417869957, 12.34564304216478092, 31.75000000000000000 ) ) ;
#445 = CARTESIAN_POINT ( 'NONE',  ( -15.17499999999999893, 12.00000000000000000, -31.75000000000000000 ) ) ;
#446 = DIRECTION ( 'NONE',  ( 1.000000000000000000, 0.000000000000000000, 0.000000000000000000 ) ) ;
#447 = VERTEX_POINT ( 'NONE', #3283 ) ;
#448 = EDGE_LOOP ( 'NONE', ( #1518, #195, #609, #3626 ) ) ;
#449 = VERTEX_POINT ( 'NONE', #2376 ) ;
#450 = DIRECTION ( 'NONE',  ( -1.000000000000000000, 0.000000000000000000, 0.000000000000000000 ) ) ;
#451 = CARTESIAN_POINT ( 'NONE',  ( 14.72949673790581926, 12.22699524986975916, 31.75000000000000000 ) ) ;
#452 = EDGE_LOOP ( 'NONE', ( #2637, #3911, #1786, #2452 ) ) ;
#453 = ORIENTED_EDGE ( 'NONE', *, *, #684, .T. ) ;
#454 = CARTESIAN_POINT ( 'NONE',  ( -13.94742973402301978, 0.9572651848780380224, -31.75000000000000000 ) ) ;
#455 = CARTESIAN_POINT ( 'NONE',  ( 20.29999999999999716, -6.461999999999999744, -31.75000000000000000 ) ) ;
#456 = ORIENTED_EDGE ( 'NONE', *, *, #920, .T. ) ;
#457 = EDGE_CURVE ( 'NONE', #360, #3328, #2700, .T. ) ;
#458 = VERTEX_POINT ( 'NONE', #1420 ) ;
#459 = PLANE ( 'NONE',  #2399 ) ;
#460 = CARTESIAN_POINT ( 'NONE',  ( -12.69999999999999929, 2.873135757086585172E-15, 31.75000000000000000 ) ) ;
#461 = LINE ( 'NONE', #1000, #18 ) ;
#462 = EDGE_CURVE ( 'NONE', #3367, #3206, #577, .T. ) ;
#463 = AXIS2_PLACEMENT_3D ( 'NONE', #1142, #1730, #2665 ) ;
#464 = ORIENTED_EDGE ( 'NONE', *, *, #1610, .T. ) ;
#465 = ORIENTED_EDGE ( 'NONE', *, *, #678, .T. ) ;
#466 = CARTESIAN_POINT ( 'NONE',  ( 13.35727658936150064, 0.9436564444104260652, 31.75000000000000000 ) ) ;
#467 = CARTESIAN_POINT ( 'NONE',  ( 10.61337697827829984, 4.750000000000000000, -31.75000000000000000 ) ) ;
#468 = VECTOR ( 'NONE', #3133, 1000.000000000000114 ) ;
#469 = CARTESIAN_POINT ( 'NONE',  ( -19.99561928549564982, 6.858676670145619880, 31.75000000000000000 ) ) ;
#470 = VECTOR ( 'NONE', #2455, 1000.000000000000000 ) ;
#471 = ORIENTED_EDGE ( 'NONE', *, *, #3553, .F. ) ;
#472 = DIRECTION ( 'NONE',  ( 0.7933533402912341659, -0.6087614290087219882, 0.000000000000000000 ) ) ;
#473 = CIRCLE ( 'NONE', #978, 0.5000000000000004441 ) ;
#474 = DIRECTION ( 'NONE',  ( -1.000000000000000000, 0.000000000000000000, 0.000000000000000000 ) ) ;
#475 = VECTOR ( 'NONE', #1585, 1000.000000000000000 ) ;
#476 = DIRECTION ( 'NONE',  ( 0.000000000000000000, 0.000000000000000000, 1.000000000000000000 ) ) ;
#477 = AXIS2_PLACEMENT_3D ( 'NONE', #419, #2316, #3863 ) ;
#478 = AXIS2_PLACEMENT_3D ( 'NONE', #2463, #2161, #1295 ) ;
#479 = VERTEX_POINT ( 'NONE', #3935 ) ;
#480 = AXIS2_PLACEMENT_3D ( 'NONE', #762, #2009, #3231 ) ;
#481 = EDGE_CURVE ( 'NONE', #2554, #3856, #3321, .T. ) ;
#482 = PLANE ( 'NONE',  #463 ) ;
#483 = LINE ( 'NONE', #3910, #1192 ) ;
#484 = DIRECTION ( 'NONE',  ( 0.000000000000000000, 0.000000000000000000, -1.000000000000000000 ) ) ;
#485 = LINE ( 'NONE', #1394, #1719 ) ;
#486 = ORIENTED_EDGE ( 'NONE', *, *, #4006, .F. ) ;
#487 = ORIENTED_EDGE ( 'NONE', *, *, #811, .F. ) ;
#488 = ADVANCED_FACE ( 'NONE', ( #3629 ), #1137, .F. ) ;
#489 = CARTESIAN_POINT ( 'NONE',  ( -14.13262310652581988, 7.000000000000000000, 31.75000000000000000 ) ) ;
#490 = CARTESIAN_POINT ( 'NONE',  ( -14.84860978185358071, -3.539473577621999656, 31.75000000000000000 ) ) ;
#491 = EDGE_LOOP ( 'NONE', ( #1812, #1828, #1344, #2893 ) ) ;
#492 = EDGE_CURVE ( 'NONE', #1073, #2819, #546, .T. ) ;
#493 = CARTESIAN_POINT ( 'NONE',  ( -12.69999999999999929, 2.873135757086585172E-15, 35.25000000000000000 ) ) ;
#494 = DIRECTION ( 'NONE',  ( 0.000000000000000000, 0.000000000000000000, -1.000000000000000000 ) ) ;
#495 = CARTESIAN_POINT ( 'NONE',  ( 15.67499999999999716, 12.00000000000000000, 31.75000000000000000 ) ) ;
#496 = ORIENTED_EDGE ( 'NONE', *, *, #700, .F. ) ;
#497 = DIRECTION ( 'NONE',  ( 0.000000000000000000, 0.000000000000000000, -1.000000000000000000 ) ) ;
#498 = LINE ( 'NONE', #1788, #2427 ) ;
#499 = DIRECTION ( 'NONE',  ( -0.6087614290087208779, 0.7933533402912350541, 0.000000000000000000 ) ) ;
#500 = ORIENTED_EDGE ( 'NONE', *, *, #386, .F. ) ;
#501 = ORIENTED_EDGE ( 'NONE', *, *, #386, .T. ) ;
#502 = DIRECTION ( 'NONE',  ( 0.000000000000000000, 0.000000000000000000, -1.000000000000000000 ) ) ;
#503 = CARTESIAN_POINT ( 'NONE',  ( -13.74969899016224062, 7.000000000000000000, 31.75000000000000000 ) ) ;
#504 = CARTESIAN_POINT ( 'NONE',  ( 6.500000000000000000, 0.7500000000000000000, 31.75000000000000000 ) ) ;
#505 = EDGE_CURVE ( 'NONE', #440, #779, #2116, .T. ) ;
#506 = ORIENTED_EDGE ( 'NONE', *, *, #738, .T. ) ;
#507 = LINE ( 'NONE', #1487, #2720 ) ;
#508 = CARTESIAN_POINT ( 'NONE',  ( -10.61337697827829984, -4.750000000000000000, -31.75000000000000000 ) ) ;
#509 = EDGE_CURVE ( 'NONE', #2761, #575, #565, .T. ) ;
#510 = EDGE_LOOP ( 'NONE', ( #3540, #3650, #3580, #3508 ) ) ;
#511 = DIRECTION ( 'NONE',  ( 0.000000000000000000, -1.000000000000000000, 0.000000000000000000 ) ) ;
#512 = EDGE_CURVE ( 'NONE', #3575, #1694, #2593, .T. ) ;
#513 = ORIENTED_EDGE ( 'NONE', *, *, #1321, .F. ) ;
#514 = EDGE_LOOP ( 'NONE', ( #3315, #3304, #1933, #3224 ) ) ;
#515 = CARTESIAN_POINT ( 'NONE',  ( 15.67499999999999716, -12.00000000000000000, 31.75000000000000000 ) ) ;
#516 = CARTESIAN_POINT ( 'NONE',  ( -10.00000000000000000, -5.250000000000000000, 31.75000000000000000 ) ) ;
#517 = CARTESIAN_POINT ( 'NONE',  ( 20.60438071450434805, -6.065323329854379608, 31.75000000000000000 ) ) ;
#518 = VECTOR ( 'NONE', #3145, 1000.000000000000000 ) ;
#519 = LINE ( 'NONE', #3684, #1385 ) ;
#520 = DIRECTION ( 'NONE',  ( 0.000000000000000000, 0.000000000000000000, -1.000000000000000000 ) ) ;
#521 = AXIS2_PLACEMENT_3D ( 'NONE', #2809, #2205, #604 ) ;
#522 = ORIENTED_EDGE ( 'NONE', *, *, #3887, .T. ) ;
#523 = AXIS2_PLACEMENT_3D ( 'NONE', #3662, #338, #878 ) ;
#524 = EDGE_CURVE ( 'NONE', #142, #447, #2530, .T. ) ;
#525 = CARTESIAN_POINT ( 'NONE',  ( -6.500000000000000000, 0.7500000000000000000, 31.75000000000000000 ) ) ;
#526 = LINE ( 'NONE', #3900, #2290 ) ;
#527 = AXIS2_PLACEMENT_3D ( 'NONE', #581, #1210, #1560 ) ;
#528 = DIRECTION ( 'NONE',  ( 0.000000000000000000, 0.000000000000000000, 1.000000000000000000 ) ) ;
#529 = ORIENTED_EDGE ( 'NONE', *, *, #2418, .F. ) ;
#530 = AXIS2_PLACEMENT_3D ( 'NONE', #311, #1937, #1238 ) ;
#531 = EDGE_CURVE ( 'NONE', #3087, #3575, #2359, .T. ) ;
#532 = VECTOR ( 'NONE', #1330, 1000.000000000000000 ) ;
#533 = AXIS2_PLACEMENT_3D ( 'NONE', #3091, #1558, #2188 ) ;
#534 = VERTEX_POINT ( 'NONE', #1261 ) ;
#535 = EDGE_CURVE ( 'NONE', #997, #3308, #1762, .T. ) ;
#536 = ORIENTED_EDGE ( 'NONE', *, *, #2385, .F. ) ;
#537 = CIRCLE ( 'NONE', #2801, 0.5000000000000004441 ) ;
#538 = CARTESIAN_POINT ( 'NONE',  ( 14.24140333022853788, -4.330800431932624761, -31.75000000000000000 ) ) ;
#539 = CARTESIAN_POINT ( 'NONE',  ( -9.500000000000000000, -12.00000000000000000, 31.75000000000000000 ) ) ;
#540 = DIRECTION ( 'NONE',  ( 0.000000000000000000, 0.000000000000000000, 1.000000000000000000 ) ) ;
#541 = VECTOR ( 'NONE', #1818, 1000.000000000000227 ) ;
#542 = ORIENTED_EDGE ( 'NONE', *, *, #1473, .T. ) ;
#543 = CARTESIAN_POINT ( 'NONE',  ( 20.29999999999999716, 12.00000000000000000, 31.75000000000000000 ) ) ;
#544 = LINE ( 'NONE', #791, #2409 ) ;
#545 = AXIS2_PLACEMENT_3D ( 'NONE', #2124, #1521, #1475 ) ;
#546 = LINE ( 'NONE', #1796, #1164 ) ;
#547 = CARTESIAN_POINT ( 'NONE',  ( -8.500000000000000000, 12.00000000000000000, 31.75000000000000000 ) ) ;
#548 = DIRECTION ( 'NONE',  ( 0.000000000000000000, 0.000000000000000000, -1.000000000000000000 ) ) ;
#549 = ADVANCED_FACE ( 'NONE', ( #2501 ), #2193, .F. ) ;
#550 = ORIENTED_EDGE ( 'NONE', *, *, #3325, .T. ) ;
#551 = FACE_OUTER_BOUND ( 'NONE', #1026, .T. ) ;
#552 = EDGE_CURVE ( 'NONE', #375, #479, #586, .T. ) ;
#553 = ORIENTED_EDGE ( 'NONE', *, *, #2642, .F. ) ;
#554 = EDGE_LOOP ( 'NONE', ( #2880, #3520, #1136, #2032 ) ) ;
#555 = CARTESIAN_POINT ( 'NONE',  ( -20.66129058582125211, 11.65435695783522085, 31.75000000000000000 ) ) ;
#556 = ORIENTED_EDGE ( 'NONE', *, *, #755, .T. ) ;
#557 = EDGE_CURVE ( 'NONE', #3906, #1004, #2213, .T. ) ;
#558 = DIRECTION ( 'NONE',  ( 0.000000000000000000, 0.000000000000000000, 1.000000000000000000 ) ) ;
#559 = ORIENTED_EDGE ( 'NONE', *, *, #3952, .T. ) ;
#560 = ORIENTED_EDGE ( 'NONE', *, *, #2442, .T. ) ;
#561 = CARTESIAN_POINT ( 'NONE',  ( 14.13262310652581988, -7.000000000000000000, -31.75000000000000000 ) ) ;
#562 = CARTESIAN_POINT ( 'NONE',  ( -15.67499999999999716, 12.00000000000000000, -31.75000000000000000 ) ) ;
#563 = VERTEX_POINT ( 'NONE', #1838 ) ;
#564 = EDGE_LOOP ( 'NONE', ( #1837, #2750, #1870, #496 ) ) ;
#565 = LINE ( 'NONE', #269, #3892 ) ;
#566 = DIRECTION ( 'NONE',  ( 0.000000000000000000, 0.000000000000000000, -1.000000000000000000 ) ) ;
#567 = CYLINDRICAL_SURFACE ( 'NONE', #726, 0.5000000000000004441 ) ;
#568 = ORIENTED_EDGE ( 'NONE', *, *, #3346, .F. ) ;
#569 = LINE ( 'NONE', #1217, #541 ) ;
#570 = CARTESIAN_POINT ( 'NONE',  ( 10.61337697827829984, -4.750000000000000000, -31.75000000000000000 ) ) ;
#571 = VERTEX_POINT ( 'NONE', #2439 ) ;
#572 = ADVANCED_FACE ( 'NONE', ( #328 ), #2815, .F. ) ;
#573 = DIRECTION ( 'NONE',  ( 0.000000000000000000, 0.000000000000000000, -1.000000000000000000 ) ) ;
#574 = PLANE ( 'NONE',  #3483 ) ;
#575 = VERTEX_POINT ( 'NONE', #4001 ) ;
#576 = VERTEX_POINT ( 'NONE', #1590 ) ;
#577 = CIRCLE ( 'NONE', #1094, 0.5000000000000004441 ) ;
#578 = CARTESIAN_POINT ( 'NONE',  ( 8.500000000000000000, -12.00000000000000000, -31.75000000000000000 ) ) ;
#579 = ADVANCED_FACE ( 'NONE', ( #2156 ), #2135, .F. ) ;
#580 = LINE ( 'NONE', #3392, #9 ) ;
#581 = CARTESIAN_POINT ( 'NONE',  ( -9.000000000000000000, 12.00000000000000000, 31.75000000000000000 ) ) ;
#582 = VECTOR ( 'NONE', #2415, 1000.000000000000000 ) ;
#583 = ORIENTED_EDGE ( 'NONE', *, *, #197, .F. ) ;
#584 = AXIS2_PLACEMENT_3D ( 'NONE', #693, #3804, #3490 ) ;
#585 = EDGE_CURVE ( 'NONE', #3414, #2381, #2482, .T. ) ;
#586 = LINE ( 'NONE', #371, #2271 ) ;
#587 = DIRECTION ( 'NONE',  ( 0.000000000000000000, 0.000000000000000000, -1.000000000000000000 ) ) ;
#588 = DIRECTION ( 'NONE',  ( -0.000000000000000000, 1.000000000000000000, 0.000000000000000000 ) ) ;
#589 = AXIS2_PLACEMENT_3D ( 'NONE', #1432, #1746, #3582 ) ;
#590 = EDGE_LOOP ( 'NONE', ( #367, #1570, #3488, #3862 ) ) ;
#591 = CARTESIAN_POINT ( 'NONE',  ( -20.29999999999999716, -12.00000000000000000, 31.75000000000000000 ) ) ;
#592 = DIRECTION ( 'NONE',  ( 1.000000000000000000, 0.000000000000000000, 0.000000000000000000 ) ) ;
#593 = AXIS2_PLACEMENT_3D ( 'NONE', #1744, #1389, #2626 ) ;
#594 = AXIS2_PLACEMENT_3D ( 'NONE', #747, #1663, #1684 ) ;
#595 = ORIENTED_EDGE ( 'NONE', *, *, #4003, .T. ) ;
#596 = EDGE_LOOP ( 'NONE', ( #1265, #553, #1158, #3042 ) ) ;
#597 = FACE_OUTER_BOUND ( 'NONE', #448, .T. ) ;
#598 = CARTESIAN_POINT ( 'NONE',  ( -15.62050326209419993, -11.77300475013021952, 31.75000000000000000 ) ) ;
#599 = AXIS2_PLACEMENT_3D ( 'NONE', #3692, #3062, #871 ) ;
#600 = VECTOR ( 'NONE', #1777, 1000.000000000000227 ) ;
#601 = ORIENTED_EDGE ( 'NONE', *, *, #1810, .F. ) ;
#602 = AXIS2_PLACEMENT_3D ( 'NONE', #1373, #169, #1083 ) ;
#603 = CARTESIAN_POINT ( 'NONE',  ( 14.63808000037415979, 4.635181146436989863, -31.75000000000000000 ) ) ;
#604 = DIRECTION ( 'NONE',  ( 1.000000000000000000, 0.000000000000000000, 0.000000000000000000 ) ) ;
#605 = FACE_OUTER_BOUND ( 'NONE', #2971, .T. ) ;
#606 = VECTOR ( 'NONE', #1482, 1000.000000000000227 ) ;
#607 = CARTESIAN_POINT ( 'NONE',  ( -20.60438071450434805, 6.065323329854379608, -31.75000000000000000 ) ) ;
#608 = EDGE_CURVE ( 'NONE', #1404, #3236, #2759, .T. ) ;
#609 = ORIENTED_EDGE ( 'NONE', *, *, #920, .F. ) ;
#610 = ORIENTED_EDGE ( 'NONE', *, *, #3394, .F. ) ;
#611 = CIRCLE ( 'NONE', #1320, 0.5000000000000004441 ) ;
#612 = DIRECTION ( 'NONE',  ( 0.000000000000000000, 0.000000000000000000, -1.000000000000000000 ) ) ;
#613 = LINE ( 'NONE', #645, #3833 ) ;
#614 = DIRECTION ( 'NONE',  ( 0.000000000000000000, 0.000000000000000000, -1.000000000000000000 ) ) ;
#615 = EDGE_CURVE ( 'NONE', #1666, #2187, #2775, .T. ) ;
#616 = ORIENTED_EDGE ( 'NONE', *, *, #3880, .F. ) ;
#617 = CARTESIAN_POINT ( 'NONE',  ( 14.49391369234709970, 6.654356957835229736, 31.75000000000000000 ) ) ;
#618 = ORIENTED_EDGE ( 'NONE', *, *, #1016, .F. ) ;
#619 = CARTESIAN_POINT ( 'NONE',  ( 20.66129058582125211, 11.65435695783522085, 31.75000000000000000 ) ) ;
#620 = LINE ( 'NONE', #1246, #132 ) ;
#621 = EDGE_LOOP ( 'NONE', ( #2052, #301, #3001, #2327 ) ) ;
#622 = FACE_OUTER_BOUND ( 'NONE', #3665, .T. ) ;
#623 = CARTESIAN_POINT ( 'NONE',  ( 14.13262310652581988, -6.500000000000000000, -31.75000000000000000 ) ) ;
#624 = CARTESIAN_POINT ( 'NONE',  ( -14.72949673790581926, 12.22699524986975916, 31.75000000000000000 ) ) ;
#625 = LINE ( 'NONE', #1562, #2163 ) ;
#626 = ORIENTED_EDGE ( 'NONE', *, *, #3102, .T. ) ;
#627 = CARTESIAN_POINT ( 'NONE',  ( 15.62050326209419993, 11.77300475013021952, 31.75000000000000000 ) ) ;
#628 = DIRECTION ( 'NONE',  ( 0.000000000000000000, 0.000000000000000000, -1.000000000000000000 ) ) ;
#629 = ADVANCED_FACE ( 'NONE', ( #1277 ), #3670, .F. ) ;
#630 = DIRECTION ( 'NONE',  ( -0.7933533402912350541, 0.6087614290087208779, 0.000000000000000000 ) ) ;
#631 = ORIENTED_EDGE ( 'NONE', *, *, #2470, .T. ) ;
#632 = CARTESIAN_POINT ( 'NONE',  ( -14.49391369234709970, -6.654356957835229736, -31.75000000000000000 ) ) ;
#633 = ADVANCED_FACE ( 'NONE', ( #2518 ), #2, .F. ) ;
#634 = DIRECTION ( 'NONE',  ( -1.000000000000000000, 0.000000000000000000, 0.000000000000000000 ) ) ;
#635 = ORIENTED_EDGE ( 'NONE', *, *, #2662, .T. ) ;
#636 = EDGE_CURVE ( 'NONE', #3627, #826, #1860, .T. ) ;
#637 = DIRECTION ( 'NONE',  ( 0.000000000000000000, 0.000000000000000000, -1.000000000000000000 ) ) ;
#638 = ORIENTED_EDGE ( 'NONE', *, *, #2058, .T. ) ;
#639 = CARTESIAN_POINT ( 'NONE',  ( 13.30419572806806094, -7.226995249869780480, -31.75000000000000000 ) ) ;
#640 = CARTESIAN_POINT ( 'NONE',  ( 20.80000000000000071, -12.00000000000000000, 31.75000000000000000 ) ) ;
#641 = CARTESIAN_POINT ( 'NONE',  ( -13.30419572806806094, -7.226995249869780480, 31.75000000000000000 ) ) ;
#642 = VERTEX_POINT ( 'NONE', #1236 ) ;
#643 = ORIENTED_EDGE ( 'NONE', *, *, #2548, .T. ) ;
#644 = DIRECTION ( 'NONE',  ( 0.000000000000000000, 0.000000000000000000, -1.000000000000000000 ) ) ;
#645 = CARTESIAN_POINT ( 'NONE',  ( -20.66129058582125211, -11.65435695783522085, -31.75000000000000000 ) ) ;
#646 = LINE ( 'NONE', #3163, #3903 ) ;
#647 = EDGE_CURVE ( 'NONE', #676, #681, #2081, .T. ) ;
#648 = AXIS2_PLACEMENT_3D ( 'NONE', #1559, #2786, #345 ) ;
#649 = EDGE_LOOP ( 'NONE', ( #680, #368, #2128, #2107 ) ) ;
#650 = CIRCLE ( 'NONE', #1764, 0.5000000000000004441 ) ;
#651 = ADVANCED_FACE ( 'NONE', ( #2831 ), #1546, .F. ) ;
#652 = ORIENTED_EDGE ( 'NONE', *, *, #1473, .F. ) ;
#653 = VECTOR ( 'NONE', #4002, 1000.000000000000114 ) ;
#654 = DIRECTION ( 'NONE',  ( -0.000000000000000000, 1.000000000000000000, 0.000000000000000000 ) ) ;
#655 = CARTESIAN_POINT ( 'NONE',  ( 20.66129058582125211, 11.65435695783522085, -31.75000000000000000 ) ) ;
#656 = ADVANCED_FACE ( 'NONE', ( #1669 ), #1379, .T. ) ;
#657 = ORIENTED_EDGE ( 'NONE', *, *, #96, .F. ) ;
#658 = ORIENTED_EDGE ( 'NONE', *, *, #3165, .F. ) ;
#659 = CIRCLE ( 'NONE', #1774, 0.5000000000000004441 ) ;
#660 = CARTESIAN_POINT ( 'NONE',  ( -9.500000000000000000, -12.00000000000000000, -31.75000000000000000 ) ) ;
#661 = DIRECTION ( 'NONE',  ( -1.000000000000000000, 0.000000000000000000, 0.000000000000000000 ) ) ;
#662 = CARTESIAN_POINT ( 'NONE',  ( -13.74969899016226016, 6.500000000000000000, 31.75000000000000000 ) ) ;
#663 = AXIS2_PLACEMENT_3D ( 'NONE', #1707, #3291, #186 ) ;
#664 = CIRCLE ( 'NONE', #3252, 0.5000000000000004441 ) ;
#665 = ORIENTED_EDGE ( 'NONE', *, *, #557, .F. ) ;
#666 = DIRECTION ( 'NONE',  ( 0.4539904997395408648, 0.8910065241883707854, 0.000000000000000000 ) ) ;
#667 = AXIS2_PLACEMENT_3D ( 'NONE', #751, #1998, #2613 ) ;
#668 = DIRECTION ( 'NONE',  ( 0.6912860843295498547, -0.7225811716425486475, 0.000000000000000000 ) ) ;
#669 = VECTOR ( 'NONE', #1647, 1000.000000000000000 ) ;
#670 = ORIENTED_EDGE ( 'NONE', *, *, #2495, .T. ) ;
#671 = CARTESIAN_POINT ( 'NONE',  ( 15.54966716650354996, 3.447177621980745066, 31.75000000000000000 ) ) ;
#672 = AXIS2_PLACEMENT_3D ( 'NONE', #2666, #2992, #2929 ) ;
#673 = ORIENTED_EDGE ( 'NONE', *, *, #3728, .T. ) ;
#674 = DIRECTION ( 'NONE',  ( 1.000000000000000000, 0.000000000000000000, 0.000000000000000000 ) ) ;
#675 = ADVANCED_FACE ( 'NONE', ( #3792 ), #704, .F. ) ;
#676 = VERTEX_POINT ( 'NONE', #1048 ) ;
#677 = FACE_OUTER_BOUND ( 'NONE', #2838, .T. ) ;
#678 = EDGE_CURVE ( 'NONE', #3196, #1864, #2979, .T. ) ;
#679 = VERTEX_POINT ( 'NONE', #752 ) ;
#680 = ORIENTED_EDGE ( 'NONE', *, *, #1454, .F. ) ;
#681 = VERTEX_POINT ( 'NONE', #2614 ) ;
#682 = DIRECTION ( 'NONE',  ( 1.000000000000000000, 0.000000000000000000, 0.000000000000000000 ) ) ;
#683 = DIRECTION ( 'NONE',  ( 0.000000000000000000, 1.000000000000000000, 0.000000000000000000 ) ) ;
#684 = EDGE_CURVE ( 'NONE', #2181, #3669, #3543, .T. ) ;
#685 = MANIFOLD_SOLID_BREP ( 'NONE', #1613 ) ;
#686 = ORIENTED_EDGE ( 'NONE', *, *, #1377, .F. ) ;
#687 = DIRECTION ( 'NONE',  ( 1.000000000000000000, 0.000000000000000000, 0.000000000000000000 ) ) ;
#688 = CYLINDRICAL_SURFACE ( 'NONE', #2042, 0.5000000000000004441 ) ;
#689 = VERTEX_POINT ( 'NONE', #812 ) ;
#690 = DIRECTION ( 'NONE',  ( 0.000000000000000000, 0.000000000000000000, -1.000000000000000000 ) ) ;
#691 = ORIENTED_EDGE ( 'NONE', *, *, #135, .T. ) ;
#692 = ADVANCED_FACE ( 'NONE', ( #3591 ), #1716, .T. ) ;
#693 = CARTESIAN_POINT ( 'NONE',  ( 15.24528645199919907, -3.843854292126359873, -31.75000000000000000 ) ) ;
#694 = CARTESIAN_POINT ( 'NONE',  ( 14.13262310652581988, -7.000000000000000000, 31.75000000000000000 ) ) ;
#695 = DIRECTION ( 'NONE',  ( 0.000000000000000000, 0.000000000000000000, -1.000000000000000000 ) ) ;
#696 = VECTOR ( 'NONE', #484, 1000.000000000000000 ) ;
#697 = MANIFOLD_SOLID_BREP ( 'NONE', #4008 ) ;
#698 = ORIENTED_EDGE ( 'NONE', *, *, #1551, .T. ) ;
#699 = ORIENTED_EDGE ( 'NONE', *, *, #3285, .F. ) ;
#700 = EDGE_CURVE ( 'NONE', #1864, #3929, #2675, .T. ) ;
#701 = ORIENTED_EDGE ( 'NONE', *, *, #2852, .F. ) ;
#702 = CARTESIAN_POINT ( 'NONE',  ( -13.35727658936150064, -0.9436564444104260652, 31.75000000000000000 ) ) ;
#703 = CARTESIAN_POINT ( 'NONE',  ( 15.17499999999999893, 12.00000000000000000, 31.75000000000000000 ) ) ;
#704 = PLANE ( 'NONE',  #712 ) ;
#705 = CYLINDRICAL_SURFACE ( 'NONE', #2661, 0.5000000000000004441 ) ;
#706 = ORIENTED_EDGE ( 'NONE', *, *, #418, .T. ) ;
#707 = EDGE_CURVE ( 'NONE', #1926, #1603, #2142, .T. ) ;
#708 = VERTEX_POINT ( 'NONE', #234 ) ;
#709 = LINE ( 'NONE', #1654, #2203 ) ;
#710 = CARTESIAN_POINT ( 'NONE',  ( 15.17499999999999893, 12.00000000000000000, -31.75000000000000000 ) ) ;
#711 = CARTESIAN_POINT ( 'NONE',  ( -8.500000000000000000, -0.7500000000000000000, 31.75000000000000000 ) ) ;
#712 = AXIS2_PLACEMENT_3D ( 'NONE', #123, #104, #410 ) ;
#713 = ORIENTED_EDGE ( 'NONE', *, *, #492, .F. ) ;
#714 = LINE ( 'NONE', #90, #865 ) ;
#715 = CIRCLE ( 'NONE', #1833, 0.5000000000000004441 ) ;
#716 = CARTESIAN_POINT ( 'NONE',  ( -9.500000000000000000, -5.250000000000000000, 31.75000000000000000 ) ) ;
#717 = CARTESIAN_POINT ( 'NONE',  ( -14.84860978185358071, -3.539473577621999656, 31.75000000000000000 ) ) ;
#718 = VECTOR ( 'NONE', #29, 1000.000000000000227 ) ;
#719 = ORIENTED_EDGE ( 'NONE', *, *, #3501, .F. ) ;
#720 = FACE_OUTER_BOUND ( 'NONE', #1552, .T. ) ;
#721 = DIRECTION ( 'NONE',  ( -1.000000000000000000, 0.000000000000000000, 0.000000000000000000 ) ) ;
#722 = CARTESIAN_POINT ( 'NONE',  ( 8.500000000000000000, -0.7500000000000000000, 31.75000000000000000 ) ) ;
#723 = AXIS2_PLACEMENT_3D ( 'NONE', #389, #1624, #2851 ) ;
#724 = CYLINDRICAL_SURFACE ( 'NONE', #2224, 0.5000000000000004441 ) ;
#725 = ORIENTED_EDGE ( 'NONE', *, *, #947, .F. ) ;
#726 = AXIS2_PLACEMENT_3D ( 'NONE', #2982, #3323, #2378 ) ;
#727 = ORIENTED_EDGE ( 'NONE', *, *, #1128, .T. ) ;
#728 = DIRECTION ( 'NONE',  ( 0.000000000000000000, 0.000000000000000000, -1.000000000000000000 ) ) ;
#729 = CYLINDRICAL_SURFACE ( 'NONE', #3247, 0.4999999999999987232 ) ;
#730 = CIRCLE ( 'NONE', #2740, 0.5000000000000004441 ) ;
#731 = ADVANCED_FACE ( 'NONE', ( #2039 ), #1464, .T. ) ;
#732 = DIRECTION ( 'NONE',  ( -1.000000000000000000, 0.000000000000000000, 0.000000000000000000 ) ) ;
#733 = CIRCLE ( 'NONE', #477, 0.5000000000000004441 ) ;
#734 = VERTEX_POINT ( 'NONE', #1808 ) ;
#735 = AXIS2_PLACEMENT_3D ( 'NONE', #703, #3044, #1865 ) ;
#736 = CARTESIAN_POINT ( 'NONE',  ( 15.54966716650354996, -3.447177621980745066, 31.75000000000000000 ) ) ;
#737 = DIRECTION ( 'NONE',  ( 0.000000000000000000, 0.000000000000000000, 1.000000000000000000 ) ) ;
#738 = EDGE_CURVE ( 'NONE', #2346, #859, #2334, .T. ) ;
#739 = AXIS2_PLACEMENT_3D ( 'NONE', #2487, #3986, #1799 ) ;
#740 = VERTEX_POINT ( 'NONE', #3997 ) ;
#741 = CARTESIAN_POINT ( 'NONE',  ( -15.54966716650354996, 3.447177621980745066, 31.75000000000000000 ) ) ;
#742 = CIRCLE ( 'NONE', #155, 1.149999999999999911 ) ;
#743 = LINE ( 'NONE', #2839, #1436 ) ;
#744 = ORIENTED_EDGE ( 'NONE', *, *, #3553, .T. ) ;
#745 = CARTESIAN_POINT ( 'NONE',  ( 13.35727658936150064, -0.9436564444104260652, -31.75000000000000000 ) ) ;
#746 = CARTESIAN_POINT ( 'NONE',  ( 20.80000000000000071, 12.00000000000000000, 31.75000000000000000 ) ) ;
#747 = CARTESIAN_POINT ( 'NONE',  ( 12.69999999999999929, 2.873135757086585172E-15, 35.25000000000000000 ) ) ;
#748 = EDGE_LOOP ( 'NONE', ( #698, #1883, #1090, #1699 ) ) ;
#749 = ORIENTED_EDGE ( 'NONE', *, *, #2470, .F. ) ;
#750 = ORIENTED_EDGE ( 'NONE', *, *, #242, .T. ) ;
#751 = CARTESIAN_POINT ( 'NONE',  ( 13.64304901951866000, -1.353941855023654162, 31.75000000000000000 ) ) ;
#752 = CARTESIAN_POINT ( 'NONE',  ( 20.66129058582125211, -11.65435695783522085, -31.75000000000000000 ) ) ;
#753 = CARTESIAN_POINT ( 'NONE',  ( 10.61337697827829984, 4.750000000000000000, 31.75000000000000000 ) ) ;
#754 = VERTEX_POINT ( 'NONE', #1271 ) ;
#755 = EDGE_CURVE ( 'NONE', #3351, #1437, #1625, .T. ) ;
#756 = DIRECTION ( 'NONE',  ( -0.4539904997395408648, 0.8910065241883707854, 0.000000000000000000 ) ) ;
#757 = EDGE_CURVE ( 'NONE', #2257, #3058, #266, .T. ) ;
#758 = CARTESIAN_POINT ( 'NONE',  ( -9.500000000000000000, -5.250000000000000000, 31.75000000000000000 ) ) ;
#759 = FACE_OUTER_BOUND ( 'NONE', #2538, .T. ) ;
#760 = VERTEX_POINT ( 'NONE', #3353 ) ;
#761 = EDGE_CURVE ( 'NONE', #1629, #3750, #2912, .T. ) ;
#762 = CARTESIAN_POINT ( 'NONE',  ( -8.500000000000000000, -12.00000000000000000, 31.75000000000000000 ) ) ;
#763 = DIRECTION ( 'NONE',  ( 1.000000000000000000, 0.000000000000000000, 0.000000000000000000 ) ) ;
#764 = CARTESIAN_POINT ( 'NONE',  ( -14.49391369234709970, -6.654356957835229736, -31.75000000000000000 ) ) ;
#765 = LINE ( 'NONE', #1313, #1638 ) ;
#766 = DIRECTION ( 'NONE',  ( 0.000000000000000000, 0.000000000000000000, -1.000000000000000000 ) ) ;
#767 = ORIENTED_EDGE ( 'NONE', *, *, #3783, .F. ) ;
#768 = ORIENTED_EDGE ( 'NONE', *, *, #2225, .T. ) ;
#769 = CARTESIAN_POINT ( 'NONE',  ( 15.62050326209419993, -11.77300475013021952, 31.75000000000000000 ) ) ;
#770 = CARTESIAN_POINT ( 'NONE',  ( 13.94742973402301978, 0.9572651848780380224, 31.75000000000000000 ) ) ;
#771 = CARTESIAN_POINT ( 'NONE',  ( -14.72949673790581926, -12.22699524986975916, 31.75000000000000000 ) ) ;
#772 = VERTEX_POINT ( 'NONE', #3412 ) ;
#773 = CYLINDRICAL_SURFACE ( 'NONE', #3442, 1.149999999999999911 ) ;
#774 = EDGE_CURVE ( 'NONE', #2381, #3294, #3298, .T. ) ;
#775 = VERTEX_POINT ( 'NONE', #3033 ) ;
#776 = DIRECTION ( 'NONE',  ( -1.000000000000000000, 0.000000000000000000, 0.000000000000000000 ) ) ;
#777 = CIRCLE ( 'NONE', #4, 1.149999999999999911 ) ;
#778 = EDGE_CURVE ( 'NONE', #315, #1404, #2024, .T. ) ;
#779 = VERTEX_POINT ( 'NONE', #2148 ) ;
#780 = CYLINDRICAL_SURFACE ( 'NONE', #803, 0.5000000000000004441 ) ;
#781 = CARTESIAN_POINT ( 'NONE',  ( -6.500000000000000000, -0.7500000000000000000, 28.75000000000000000 ) ) ;
#782 = FACE_OUTER_BOUND ( 'NONE', #3698, .T. ) ;
#783 = CYLINDRICAL_SURFACE ( 'NONE', #3481, 1.600000000000000755 ) ;
#784 = AXIS2_PLACEMENT_3D ( 'NONE', #940, #1873, #2189 ) ;
#785 = EDGE_CURVE ( 'NONE', #1351, #142, #580, .T. ) ;
#786 = ORIENTED_EDGE ( 'NONE', *, *, #436, .F. ) ;
#787 = ORIENTED_EDGE ( 'NONE', *, *, #1105, .T. ) ;
#788 = FACE_OUTER_BOUND ( 'NONE', #1294, .T. ) ;
#789 = VECTOR ( 'NONE', #3844, 1000.000000000000227 ) ;
#790 =( NAMED_UNIT ( * ) PLANE_ANGLE_UNIT ( ) SI_UNIT ( $, .RADIAN. ) );
#791 = CARTESIAN_POINT ( 'NONE',  ( 11.05888024037249906, 5.023004750130230178, 31.75000000000000000 ) ) ;
#792 = CIRCLE ( 'NONE', #3118, 0.5000000000000004441 ) ;
#793 = ORIENTED_EDGE ( 'NONE', *, *, #2026, .T. ) ;
#794 = DIRECTION ( 'NONE',  ( 0.000000000000000000, 0.000000000000000000, -1.000000000000000000 ) ) ;
#795 = CIRCLE ( 'NONE', #1376, 0.5000000000000004441 ) ;
#796 = LINE ( 'NONE', #2066, #2744 ) ;
#797 = VECTOR ( 'NONE', #2117, 1000.000000000000000 ) ;
#798 = AXIS2_PLACEMENT_3D ( 'NONE', #445, #3539, #2931 ) ;
#799 = VERTEX_POINT ( 'NONE', #623 ) ;
#800 = CARTESIAN_POINT ( 'NONE',  ( -13.64304901951866000, 1.353941855023654162, 31.75000000000000000 ) ) ;
#801 = CIRCLE ( 'NONE', #2488, 0.5000000000000004441 ) ;
#802 = ORIENTED_EDGE ( 'NONE', *, *, #2082, .F. ) ;
#803 = AXIS2_PLACEMENT_3D ( 'NONE', #3251, #2029, #1729 ) ;
#804 = EDGE_CURVE ( 'NONE', #2819, #440, #3725, .T. ) ;
#805 = LINE ( 'NONE', #3009, #2846 ) ;
#806 = DIRECTION ( 'NONE',  ( 0.000000000000000000, 0.000000000000000000, 1.000000000000000000 ) ) ;
#807 = LINE ( 'NONE', #3273, #1219 ) ;
#808 = ORIENTED_EDGE ( 'NONE', *, *, #1927, .F. ) ;
#809 = EDGE_LOOP ( 'NONE', ( #209, #1401, #1734, #1843 ) ) ;
#810 = DIRECTION ( 'NONE',  ( 0.000000000000000000, 0.000000000000000000, 1.000000000000000000 ) ) ;
#811 = EDGE_CURVE ( 'NONE', #3929, #3788, #847, .T. ) ;
#812 = CARTESIAN_POINT ( 'NONE',  ( 14.84860978185358071, 3.539473577621999656, -31.75000000000000000 ) ) ;
#813 = DIRECTION ( 'NONE',  ( 0.000000000000000000, -1.000000000000000000, 0.000000000000000000 ) ) ;
#814 = VERTEX_POINT ( 'NONE', #640 ) ;
#815 = ADVANCED_FACE ( 'NONE', ( #1502 ), #1889, .F. ) ;
#816 = CARTESIAN_POINT ( 'NONE',  ( 20.80000000000000071, -6.461999999999999744, 31.75000000000000000 ) ) ;
#817 =( NAMED_UNIT ( * ) PLANE_ANGLE_UNIT ( ) SI_UNIT ( $, .RADIAN. ) );
#818 = CARTESIAN_POINT ( 'NONE',  ( -14.84860978185358071, 3.539473577621999656, 31.75000000000000000 ) ) ;
#819 = ORIENTED_EDGE ( 'NONE', *, *, #60, .F. ) ;
#820 = VERTEX_POINT ( 'NONE', #3974 ) ;
#821 = DIRECTION ( 'NONE',  ( 1.000000000000000000, 0.000000000000000000, 0.000000000000000000 ) ) ;
#822 = DIRECTION ( 'NONE',  ( 1.000000000000000000, 0.000000000000000000, 0.000000000000000000 ) ) ;
#823 = ORIENTED_EDGE ( 'NONE', *, *, #370, .F. ) ;
#824 = CARTESIAN_POINT ( 'NONE',  ( 15.67499999999999716, -12.00000000000000000, 31.75000000000000000 ) ) ;
#825 = EDGE_CURVE ( 'NONE', #681, #676, #273, .T. ) ;
#826 = VERTEX_POINT ( 'NONE', #1831 ) ;
#827 = DIRECTION ( 'NONE',  ( 0.000000000000000000, 0.000000000000000000, -1.000000000000000000 ) ) ;
#828 =( NAMED_UNIT ( * ) SI_UNIT ( $, .STERADIAN. ) SOLID_ANGLE_UNIT ( ) );
#829 = CARTESIAN_POINT ( 'NONE',  ( -9.500000000000000000, 12.00000000000000000, 31.75000000000000000 ) ) ;
#830 = ADVANCED_FACE ( 'NONE', ( #1229 ), #1525, .T. ) ;
#831 = ORIENTED_EDGE ( 'NONE', *, *, #2180, .F. ) ;
#832 = LINE ( 'NONE', #2718, #28 ) ;
#833 = CARTESIAN_POINT ( 'NONE',  ( -14.13262310652581988, -7.000000000000000000, 31.75000000000000000 ) ) ;
#834 = EDGE_CURVE ( 'NONE', #968, #25, #2756, .T. ) ;
#835 = CARTESIAN_POINT ( 'NONE',  ( -14.72949673790581926, 12.22699524986975916, -31.75000000000000000 ) ) ;
#836 = VECTOR ( 'NONE', #3089, 1000.000000000000000 ) ;
#837 = ORIENTED_EDGE ( 'NONE', *, *, #3887, .F. ) ;
#838 = ORIENTED_EDGE ( 'NONE', *, *, #1598, .T. ) ;
#839 = DIRECTION ( 'NONE',  ( 0.000000000000000000, 0.000000000000000000, 1.000000000000000000 ) ) ;
#840 = CARTESIAN_POINT ( 'NONE',  ( -20.66129058582125211, 11.65435695783522085, 31.75000000000000000 ) ) ;
#841 = DIRECTION ( 'NONE',  ( 0.000000000000000000, 0.000000000000000000, -1.000000000000000000 ) ) ;
#842 = LINE ( 'NONE', #3945, #1380 ) ;
#843 = VECTOR ( 'NONE', #1529, 1000.000000000000000 ) ;
#844 = ORIENTED_EDGE ( 'NONE', *, *, #170, .T. ) ;
#845 = DIRECTION ( 'NONE',  ( 1.000000000000000000, 0.000000000000000000, 0.000000000000000000 ) ) ;
#846 = FACE_OUTER_BOUND ( 'NONE', #2599, .T. ) ;
#847 = CIRCLE ( 'NONE', #784, 1.149999999999999911 ) ;
#848 = VERTEX_POINT ( 'NONE', #40 ) ;
#849 = DIRECTION ( 'NONE',  ( 0.000000000000000000, 0.000000000000000000, -1.000000000000000000 ) ) ;
#850 = ADVANCED_FACE ( 'NONE', ( #3076 ), #3740, .F. ) ;
#851 = FACE_OUTER_BOUND ( 'NONE', #2363, .T. ) ;
#852 = VECTOR ( 'NONE', #1273, 1000.000000000000000 ) ;
#853 = DIRECTION ( 'NONE',  ( 0.000000000000000000, 0.000000000000000000, -1.000000000000000000 ) ) ;
#854 = CIRCLE ( 'NONE', #221, 0.5000000000000004441 ) ;
#855 = LINE ( 'NONE', #2722, #2231 ) ;
#856 = EDGE_CURVE ( 'NONE', #3803, #1212, #1542, .T. ) ;
#857 = CIRCLE ( 'NONE', #868, 0.5000000000000004441 ) ;
#858 = CIRCLE ( 'NONE', #3126, 0.5000000000000004441 ) ;
#859 = VERTEX_POINT ( 'NONE', #979 ) ;
#860 = EDGE_LOOP ( 'NONE', ( #3212, #2594 ) ) ;
#861 = CIRCLE ( 'NONE', #3258, 0.5000000000000004441 ) ;
#862 = DIRECTION ( 'NONE',  ( -1.000000000000000000, 0.000000000000000000, 0.000000000000000000 ) ) ;
#863 = ORIENTED_EDGE ( 'NONE', *, *, #2445, .F. ) ;
#864 = DIRECTION ( 'NONE',  ( 0.000000000000000000, 0.000000000000000000, -1.000000000000000000 ) ) ;
#865 = VECTOR ( 'NONE', #3486, 1000.000000000000000 ) ;
#866 = ORIENTED_EDGE ( 'NONE', *, *, #3674, .T. ) ;
#867 = DIRECTION ( 'NONE',  ( 0.000000000000000000, 0.000000000000000000, -1.000000000000000000 ) ) ;
#868 = AXIS2_PLACEMENT_3D ( 'NONE', #3825, #1038, #2286 ) ;
#869 = DIRECTION ( 'NONE',  ( -0.7225811716425487585, 0.6912860843295498547, 0.000000000000000000 ) ) ;
#870 = LINE ( 'NONE', #3040, #797 ) ;
#871 = DIRECTION ( 'NONE',  ( 1.000000000000000000, 0.000000000000000000, 0.000000000000000000 ) ) ;
#872 = EDGE_CURVE ( 'NONE', #4000, #1357, #1303, .T. ) ;
#873 = PLANE ( 'NONE',  #983 ) ;
#874 = CARTESIAN_POINT ( 'NONE',  ( 20.29999999999999716, 12.00000000000000000, 31.75000000000000000 ) ) ;
#875 = ADVANCED_FACE ( 'NONE', ( #1037 ), #2527, .F. ) ;
#876 = ORIENTED_EDGE ( 'NONE', *, *, #3275, .F. ) ;
#877 = VERTEX_POINT ( 'NONE', #1908 ) ;
#878 = DIRECTION ( 'NONE',  ( 1.000000000000000000, 0.000000000000000000, 0.000000000000000000 ) ) ;
#879 = FACE_OUTER_BOUND ( 'NONE', #2887, .T. ) ;
#880 = CYLINDRICAL_SURFACE ( 'NONE', #1882, 0.5000000000000004441 ) ;
#881 = EDGE_CURVE ( 'NONE', #307, #2554, #402, .T. ) ;
#882 = ORIENTED_EDGE ( 'NONE', *, *, #2642, .T. ) ;
#883 = DIRECTION ( 'NONE',  ( 1.000000000000000000, 0.000000000000000000, 0.000000000000000000 ) ) ;
#884 = CARTESIAN_POINT ( 'NONE',  ( -20.60438071450434805, -6.065323329854379608, 31.75000000000000000 ) ) ;
#885 = DIRECTION ( 'NONE',  ( -1.000000000000000000, 0.000000000000000000, 0.000000000000000000 ) ) ;
#886 = ORIENTED_EDGE ( 'NONE', *, *, #4009, .T. ) ;
#887 = ORIENTED_EDGE ( 'NONE', *, *, #2041, .F. ) ;
#888 = DIRECTION ( 'NONE',  ( 0.000000000000000000, 0.000000000000000000, 1.000000000000000000 ) ) ;
#889 = CARTESIAN_POINT ( 'NONE',  ( 12.69999999999999929, 2.873135757086585172E-15, 35.25000000000000000 ) ) ;
#890 = LINE ( 'NONE', #1881, #3132 ) ;
#891 = CARTESIAN_POINT ( 'NONE',  ( -10.00000000000000000, 4.750000000000000000, -31.75000000000000000 ) ) ;
#892 = VERTEX_POINT ( 'NONE', #1682 ) ;
#893 = VERTEX_POINT ( 'NONE', #3824 ) ;
#894 = DIRECTION ( 'NONE',  ( 0.7225811716425487585, 0.6912860843295498547, 0.000000000000000000 ) ) ;
#895 = DIRECTION ( 'NONE',  ( 0.000000000000000000, 1.000000000000000000, 0.000000000000000000 ) ) ;
#896 = EDGE_CURVE ( 'NONE', #178, #3809, #2145, .T. ) ;
#897 = ORIENTED_EDGE ( 'NONE', *, *, #3952, .F. ) ;
#898 = CIRCLE ( 'NONE', #2975, 0.5000000000000004441 ) ;
#899 = CARTESIAN_POINT ( 'NONE',  ( 15.62050326209419993, -11.77300475013021952, 31.75000000000000000 ) ) ;
#900 = CARTESIAN_POINT ( 'NONE',  ( 9.000000000000000000, -12.00000000000000000, -31.75000000000000000 ) ) ;
#901 = DIRECTION ( 'NONE',  ( 0.000000000000000000, 0.000000000000000000, -1.000000000000000000 ) ) ;
#902 = EDGE_CURVE ( 'NONE', #1587, #3277, #2843, .T. ) ;
#903 = MECHANICAL_DESIGN_GEOMETRIC_PRESENTATION_REPRESENTATION (  '', ( #3425 ), #1231 ) ;
#904 = ORIENTED_EDGE ( 'NONE', *, *, #3676, .F. ) ;
#905 = ORIENTED_EDGE ( 'NONE', *, *, #1935, .T. ) ;
#906 = CIRCLE ( 'NONE', #3179, 0.5000000000000004441 ) ;
#907 = DIRECTION ( 'NONE',  ( 0.000000000000000000, 0.000000000000000000, -1.000000000000000000 ) ) ;
#908 = CARTESIAN_POINT ( 'NONE',  ( 20.60438071450434805, -6.065323329854379608, 31.75000000000000000 ) ) ;
#909 = DIRECTION ( 'NONE',  ( 0.000000000000000000, -1.000000000000000000, 0.000000000000000000 ) ) ;
#910 = AXIS2_PLACEMENT_3D ( 'NONE', #2508, #654, #674 ) ;
#911 = CARTESIAN_POINT ( 'NONE',  ( 10.00000000000000000, -5.250000000000000000, -31.75000000000000000 ) ) ;
#912 = CARTESIAN_POINT ( 'NONE',  ( 14.72949673790581926, 12.22699524986975916, 31.75000000000000000 ) ) ;
#913 = AXIS2_PLACEMENT_3D ( 'NONE', #988, #2179, #3401 ) ;
#914 = ORIENTED_EDGE ( 'NONE', *, *, #1343, .T. ) ;
#915 = CARTESIAN_POINT ( 'NONE',  ( 13.64304901951866000, 1.353941855023654162, -31.75000000000000000 ) ) ;
#916 = FACE_OUTER_BOUND ( 'NONE', #1793, .T. ) ;
#917 = VECTOR ( 'NONE', #3395, 1000.000000000000000 ) ;
#918 = CIRCLE ( 'NONE', #3377, 0.5000000000000004441 ) ;
#919 = ORIENTED_EDGE ( 'NONE', *, *, #1194, .F. ) ;
#920 = EDGE_CURVE ( 'NONE', #1413, #1491, #2261, .T. ) ;
#921 = FACE_OUTER_BOUND ( 'NONE', #510, .T. ) ;
#922 = DIRECTION ( 'NONE',  ( 1.000000000000000000, 0.000000000000000000, 0.000000000000000000 ) ) ;
#923 = DIRECTION ( 'NONE',  ( 1.000000000000000000, 0.000000000000000000, 0.000000000000000000 ) ) ;
#924 = CARTESIAN_POINT ( 'NONE',  ( 8.500000000000000000, -12.00000000000000000, 31.75000000000000000 ) ) ;
#925 = VERTEX_POINT ( 'NONE', #660 ) ;
#926 = ADVANCED_FACE ( 'NONE', ( #3138 ), #3215, .T. ) ;
#927 = ORIENTED_EDGE ( 'NONE', *, *, #1705, .F. ) ;
#928 = VECTOR ( 'NONE', #2239, 1000.000000000000000 ) ;
#929 = DIRECTION ( 'NONE',  ( 0.000000000000000000, 0.000000000000000000, -1.000000000000000000 ) ) ;
#930 = CARTESIAN_POINT ( 'NONE',  ( 15.67499999999999716, -12.00000000000000000, -31.75000000000000000 ) ) ;
#931 = DIRECTION ( 'NONE',  ( 0.000000000000000000, 0.000000000000000000, 1.000000000000000000 ) ) ;
#932 = EDGE_CURVE ( 'NONE', #576, #1540, #2867, .T. ) ;
#933 = VERTEX_POINT ( 'NONE', #1369 ) ;
#934 = VERTEX_POINT ( 'NONE', #1947 ) ;
#935 = DIRECTION ( 'NONE',  ( 0.000000000000000000, 0.000000000000000000, -1.000000000000000000 ) ) ;
#936 = LINE ( 'NONE', #954, #2906 ) ;
#937 = VERTEX_POINT ( 'NONE', #382 ) ;
#938 = ORIENTED_EDGE ( 'NONE', *, *, #3423, .T. ) ;
#939 = DIRECTION ( 'NONE',  ( -1.000000000000000000, 0.000000000000000000, 0.000000000000000000 ) ) ;
#940 = CARTESIAN_POINT ( 'NONE',  ( -12.69999999999999929, 2.873135757086585172E-15, 28.25000000000000000 ) ) ;
#941 = FACE_OUTER_BOUND ( 'NONE', #2698, .T. ) ;
#942 = EDGE_CURVE ( 'NONE', #375, #877, #715, .T. ) ;
#943 = VERTEX_POINT ( 'NONE', #3175 ) ;
#944 = ORIENTED_EDGE ( 'NONE', *, *, #1498, .F. ) ;
#945 = CARTESIAN_POINT ( 'NONE',  ( -20.29999999999999716, -6.461999999999999744, 31.75000000000000000 ) ) ;
#946 = DIRECTION ( 'NONE',  ( 0.6912860843295498547, 0.7225811716425486475, 0.000000000000000000 ) ) ;
#947 = EDGE_CURVE ( 'NONE', #2958, #2876, #1503, .T. ) ;
#948 = CARTESIAN_POINT ( 'NONE',  ( 13.64304901951866000, 1.353941855023654162, 31.75000000000000000 ) ) ;
#949 = ORIENTED_EDGE ( 'NONE', *, *, #1862, .F. ) ;
#950 = CARTESIAN_POINT ( 'NONE',  ( 6.500000000000000000, -0.7500000000000000000, 31.75000000000000000 ) ) ;
#951 = ADVANCED_FACE ( 'NONE', ( #2568 ), #3851, .F. ) ;
#952 = ORIENTED_EDGE ( 'NONE', *, *, #14, .F. ) ;
#953 = DIRECTION ( 'NONE',  ( 1.000000000000000000, 0.000000000000000000, 0.000000000000000000 ) ) ;
#954 = CARTESIAN_POINT ( 'NONE',  ( -8.500000000000000000, 12.00000000000000000, -31.75000000000000000 ) ) ;
#955 = DIRECTION ( 'NONE',  ( 0.000000000000000000, 0.000000000000000000, -1.000000000000000000 ) ) ;
#956 = DIRECTION ( 'NONE',  ( 0.000000000000000000, 0.000000000000000000, -1.000000000000000000 ) ) ;
#957 = FACE_OUTER_BOUND ( 'NONE', #649, .T. ) ;
#958 = DIRECTION ( 'NONE',  ( -0.4539904997395408648, -0.8910065241883707854, 0.000000000000000000 ) ) ;
#959 = LINE ( 'NONE', #2456, #2097 ) ;
#960 = VERTEX_POINT ( 'NONE', #2307 ) ;
#961 = ORIENTED_EDGE ( 'NONE', *, *, #287, .T. ) ;
#962 = ORIENTED_EDGE ( 'NONE', *, *, #2288, .T. ) ;
#963 = DIRECTION ( 'NONE',  ( 0.7225811716425487585, -0.6912860843295498547, 0.000000000000000000 ) ) ;
#964 = AXIS2_PLACEMENT_3D ( 'NONE', #493, #1154, #2095 ) ;
#965 = CARTESIAN_POINT ( 'NONE',  ( 0.000000000000000000, 0.000000000000000000, 0.000000000000000000 ) ) ;
#966 = PLANE ( 'NONE',  #1442 ) ;
#967 = AXIS2_PLACEMENT_3D ( 'NONE', #1214, #963, #3438 ) ;
#968 = VERTEX_POINT ( 'NONE', #2823 ) ;
#969 = ADVANCED_FACE ( 'NONE', ( #677 ), #3154, .T. ) ;
#970 = DIRECTION ( 'NONE',  ( -1.000000000000000000, 0.000000000000000000, 0.000000000000000000 ) ) ;
#971 = VECTOR ( 'NONE', #2584, 1000.000000000000000 ) ;
#972 = ORIENTED_EDGE ( 'NONE', *, *, #2253, .F. ) ;
#973 = VECTOR ( 'NONE', #1658, 1000.000000000000000 ) ;
#974 = EDGE_CURVE ( 'NONE', #3328, #2687, #1099, .T. ) ;
#975 = DIRECTION ( 'NONE',  ( 0.000000000000000000, 0.000000000000000000, -1.000000000000000000 ) ) ;
#976 = AXIS2_PLACEMENT_3D ( 'NONE', #1049, #1069, #433 ) ;
#977 = VERTEX_POINT ( 'NONE', #2884 ) ;
#978 = AXIS2_PLACEMENT_3D ( 'NONE', #1608, #931, #3732 ) ;
#979 = CARTESIAN_POINT ( 'NONE',  ( 14.49391369234709970, 6.654356957835229736, -31.75000000000000000 ) ) ;
#980 =( NAMED_UNIT ( * ) PLANE_ANGLE_UNIT ( ) SI_UNIT ( $, .RADIAN. ) );
#981 = CARTESIAN_POINT ( 'NONE',  ( -15.62050326209419993, -11.77300475013021952, 31.75000000000000000 ) ) ;
#982 = AXIS2_PLACEMENT_3D ( 'NONE', #1185, #894, #573 ) ;
#983 = AXIS2_PLACEMENT_3D ( 'NONE', #912, #3161, #1201 ) ;
#984 = ORIENTED_EDGE ( 'NONE', *, *, #1407, .F. ) ;
#985 = ORIENTED_EDGE ( 'NONE', *, *, #1430, .F. ) ;
#986 = DIRECTION ( 'NONE',  ( 0.6087614290087208779, 0.7933533402912350541, 0.000000000000000000 ) ) ;
#987 = DIRECTION ( 'NONE',  ( 0.4539904997395408648, -0.8910065241883707854, 0.000000000000000000 ) ) ;
#988 = CARTESIAN_POINT ( 'NONE',  ( -15.17499999999999893, -12.00000000000000000, 31.75000000000000000 ) ) ;
#989 = AXIS2_PLACEMENT_3D ( 'NONE', #758, #1076, #222 ) ;
#990 = ORIENTED_EDGE ( 'NONE', *, *, #2442, .F. ) ;
#991 = CARTESIAN_POINT ( 'NONE',  ( 9.500000000000000000, 5.250000000000000000, 31.75000000000000000 ) ) ;
#992 = ADVANCED_FACE ( 'NONE', ( #720 ), #426, .F. ) ;
#993 = ORIENTED_EDGE ( 'NONE', *, *, #1367, .F. ) ;
#994 = DIRECTION ( 'NONE',  ( -0.7933533402912341659, 0.6087614290087219882, 0.000000000000000000 ) ) ;
#995 = CYLINDRICAL_SURFACE ( 'NONE', #1239, 0.5000000000000004441 ) ;
#996 = EDGE_CURVE ( 'NONE', #1466, #34, #2323, .T. ) ;
#997 = VERTEX_POINT ( 'NONE', #1787 ) ;
#998 = DIRECTION ( 'NONE',  ( 0.000000000000000000, 0.000000000000000000, -1.000000000000000000 ) ) ;
#999 = FILL_AREA_STYLE_COLOUR ( '', #2870 ) ;
#1000 = CARTESIAN_POINT ( 'NONE',  ( -15.54966716650354996, 3.447177621980745066, 31.75000000000000000 ) ) ;
#1001 = EDGE_CURVE ( 'NONE', #194, #3237, #805, .T. ) ;
#1002 = CARTESIAN_POINT ( 'NONE',  ( -14.13262310652581988, 6.500000000000000000, 31.75000000000000000 ) ) ;
#1003 = ORIENTED_EDGE ( 'NONE', *, *, #636, .T. ) ;
#1004 = VERTEX_POINT ( 'NONE', #3309 ) ;
#1005 = VERTEX_POINT ( 'NONE', #2688 ) ;
#1006 = DIRECTION ( 'NONE',  ( 0.000000000000000000, 0.000000000000000000, -1.000000000000000000 ) ) ;
#1007 = LINE ( 'NONE', #147, #1709 ) ;
#1008 = DIRECTION ( 'NONE',  ( 0.000000000000000000, 0.000000000000000000, 1.000000000000000000 ) ) ;
#1009 = EDGE_LOOP ( 'NONE', ( #3106, #3125, #638, #1755 ) ) ;
#1010 = CARTESIAN_POINT ( 'NONE',  ( -20.29999999999999716, -12.00000000000000000, -31.75000000000000000 ) ) ;
#1011 = CARTESIAN_POINT ( 'NONE',  ( 12.69999999999999929, 2.873135757086585172E-15, 35.25000000000000000 ) ) ;
#1012 = ORIENTED_EDGE ( 'NONE', *, *, #3495, .F. ) ;
#1013 = DIRECTION ( 'NONE',  ( 0.000000000000000000, 0.000000000000000000, -1.000000000000000000 ) ) ;
#1014 = ORIENTED_EDGE ( 'NONE', *, *, #3423, .F. ) ;
#1015 = ORIENTED_EDGE ( 'NONE', *, *, #3864, .F. ) ;
#1016 = EDGE_CURVE ( 'NONE', #3172, #934, #334, .T. ) ;
#1017 = DIRECTION ( 'NONE',  ( -0.6912860843295498547, 0.7225811716425487585, 0.000000000000000000 ) ) ;
#1018 = CYLINDRICAL_SURFACE ( 'NONE', #1388, 0.5000000000000004441 ) ;
#1019 = DIRECTION ( 'NONE',  ( -0.7933533402912350541, 0.6087614290087208779, 0.000000000000000000 ) ) ;
#1020 = CARTESIAN_POINT ( 'NONE',  ( 6.500000000000000000, -0.7500000000000000000, 28.75000000000000000 ) ) ;
#1021 = VERTEX_POINT ( 'NONE', #204 ) ;
#1022 = ORIENTED_EDGE ( 'NONE', *, *, #3355, .F. ) ;
#1023 = CARTESIAN_POINT ( 'NONE',  ( 14.24140333022853788, -4.330800431932630090, 31.75000000000000000 ) ) ;
#1024 = ADVANCED_FACE ( 'NONE', ( #3254 ), #2950, .F. ) ;
#1025 = DIRECTION ( 'NONE',  ( 1.000000000000000000, 0.000000000000000000, 0.000000000000000000 ) ) ;
#1026 = EDGE_LOOP ( 'NONE', ( #1072, #2317, #2217, #141 ) ) ;
#1027 = CIRCLE ( 'NONE', #1159, 0.5000000000000004441 ) ;
#1028 = CARTESIAN_POINT ( 'NONE',  ( -12.69999999999999929, 2.873135757086585172E-15, 28.25000000000000000 ) ) ;
#1029 =( GEOMETRIC_REPRESENTATION_CONTEXT ( 3 ) GLOBAL_UNCERTAINTY_ASSIGNED_CONTEXT ( ( #3034 ) ) GLOBAL_UNIT_ASSIGNED_CONTEXT ( ( #2410, #2060, #174 ) ) REPRESENTATION_CONTEXT ( 'NONE', 'WORKASPACE' ) );
#1030 = CARTESIAN_POINT ( 'NONE',  ( 20.29999999999999716, 6.461999999999999744, 31.75000000000000000 ) ) ;
#1031 = VECTOR ( 'NONE', #3198, 1000.000000000000000 ) ;
#1032 = DIRECTION ( 'NONE',  ( 0.000000000000000000, 0.000000000000000000, -1.000000000000000000 ) ) ;
#1033 = DIRECTION ( 'NONE',  ( -1.000000000000000000, 0.000000000000000000, 0.000000000000000000 ) ) ;
#1034 = VECTOR ( 'NONE', #2739, 1000.000000000000000 ) ;
#1035 = ORIENTED_EDGE ( 'NONE', *, *, #1403, .T. ) ;
#1036 = CARTESIAN_POINT ( 'NONE',  ( -14.72949673790581926, -12.22699524986975916, -31.75000000000000000 ) ) ;
#1037 = FACE_OUTER_BOUND ( 'NONE', #1472, .T. ) ;
#1038 = DIRECTION ( 'NONE',  ( 0.000000000000000000, 0.000000000000000000, 1.000000000000000000 ) ) ;
#1039 = CARTESIAN_POINT ( 'NONE',  ( 6.500000000000000000, 0.7500000000000000000, 31.75000000000000000 ) ) ;
#1040 = AXIS2_PLACEMENT_3D ( 'NONE', #2974, #235, #1150 ) ;
#1041 = FACE_OUTER_BOUND ( 'NONE', #1665, .T. ) ;
#1042 = ADVANCED_FACE ( 'NONE', ( #1391 ), #3942, .T. ) ;
#1043 = VERTEX_POINT ( 'NONE', #3925 ) ;
#1044 = ORIENTED_EDGE ( 'NONE', *, *, #1461, .F. ) ;
#1045 = AXIS2_PLACEMENT_3D ( 'NONE', #833, #240, #3341 ) ;
#1046 = VERTEX_POINT ( 'NONE', #2645 ) ;
#1047 = FACE_OUTER_BOUND ( 'NONE', #1181, .T. ) ;
#1048 = CARTESIAN_POINT ( 'NONE',  ( 3.665390439817191057E-15, 0.7500000000000000000, 11.84999999999999964 ) ) ;
#1049 = CARTESIAN_POINT ( 'NONE',  ( -14.13262310652581988, 7.000000000000000000, -31.75000000000000000 ) ) ;
#1050 = VECTOR ( 'NONE', #1433, 1000.000000000000000 ) ;
#1051 = CIRCLE ( 'NONE', #798, 0.5000000000000004441 ) ;
#1052 = ADVANCED_FACE ( 'NONE', ( #3889 ), #482, .F. ) ;
#1053 = CIRCLE ( 'NONE', #3510, 0.5000000000000004441 ) ;
#1054 = ORIENTED_EDGE ( 'NONE', *, *, #253, .F. ) ;
#1055 = AXIS2_PLACEMENT_3D ( 'NONE', #3498, #810, #3204 ) ;
#1056 = DIRECTION ( 'NONE',  ( 0.000000000000000000, 0.000000000000000000, -1.000000000000000000 ) ) ;
#1057 = AXIS2_PLACEMENT_3D ( 'NONE', #1700, #494, #3551 ) ;
#1058 = EDGE_CURVE ( 'NONE', #1005, #3856, #3290, .T. ) ;
#1059 = AXIS2_PLACEMENT_3D ( 'NONE', #3663, #3127, #377 ) ;
#1060 = CARTESIAN_POINT ( 'NONE',  ( 8.500000000000000000, 12.00000000000000000, -31.75000000000000000 ) ) ;
#1061 = EDGE_LOOP ( 'NONE', ( #3265, #381, #302, #949 ) ) ;
#1062 = CARTESIAN_POINT ( 'NONE',  ( -8.500000000000000000, 12.00000000000000000, 31.75000000000000000 ) ) ;
#1063 = DIRECTION ( 'NONE',  ( 0.000000000000000000, 0.000000000000000000, 1.000000000000000000 ) ) ;
#1064 = DIRECTION ( 'NONE',  ( 0.000000000000000000, 0.000000000000000000, -1.000000000000000000 ) ) ;
#1065 = DIRECTION ( 'NONE',  ( 0.000000000000000000, 0.000000000000000000, -1.000000000000000000 ) ) ;
#1066 = ORIENTED_EDGE ( 'NONE', *, *, #535, .F. ) ;
#1067 = ORIENTED_EDGE ( 'NONE', *, *, #4006, .T. ) ;
#1068 = CARTESIAN_POINT ( 'NONE',  ( -14.24140333022853788, -4.330800431932624761, -31.75000000000000000 ) ) ;
#1069 = DIRECTION ( 'NONE',  ( 0.000000000000000000, 0.000000000000000000, -1.000000000000000000 ) ) ;
#1070 = EDGE_CURVE ( 'NONE', #642, #1672, #2382, .T. ) ;
#1071 = DIRECTION ( 'NONE',  ( 1.000000000000000000, 0.000000000000000000, 0.000000000000000000 ) ) ;
#1072 = ORIENTED_EDGE ( 'NONE', *, *, #1604, .F. ) ;
#1073 = VERTEX_POINT ( 'NONE', #781 ) ;
#1074 = EDGE_CURVE ( 'NONE', #34, #1131, #1894, .T. ) ;
#1075 = CARTESIAN_POINT ( 'NONE',  ( -14.72949673790581926, 12.22699524986975916, 31.75000000000000000 ) ) ;
#1076 = DIRECTION ( 'NONE',  ( 1.000000000000000000, 2.569960705150824905E-16, 0.000000000000000000 ) ) ;
#1077 = EDGE_CURVE ( 'NONE', #1864, #3196, #2657, .T. ) ;
#1078 = LINE ( 'NONE', #3982, #789 ) ;
#1079 = ORIENTED_EDGE ( 'NONE', *, *, #3192, .F. ) ;
#1080 = CARTESIAN_POINT ( 'NONE',  ( -20.66129058582125211, -11.65435695783522085, 31.75000000000000000 ) ) ;
#1081 = DIRECTION ( 'NONE',  ( 1.000000000000000000, 0.000000000000000000, 0.000000000000000000 ) ) ;
#1082 = CARTESIAN_POINT ( 'NONE',  ( -14.72949673790581926, 12.22699524986975916, -31.75000000000000000 ) ) ;
#1083 = DIRECTION ( 'NONE',  ( -1.000000000000000000, 0.000000000000000000, 0.000000000000000000 ) ) ;
#1084 = ORIENTED_EDGE ( 'NONE', *, *, #2852, .T. ) ;
#1085 = ORIENTED_EDGE ( 'NONE', *, *, #757, .F. ) ;
#1086 = LINE ( 'NONE', #2059, #2680 ) ;
#1087 = DIRECTION ( 'NONE',  ( 0.000000000000000000, 0.000000000000000000, 1.000000000000000000 ) ) ;
#1088 = ORIENTED_EDGE ( 'NONE', *, *, #3714, .F. ) ;
#1089 = EDGE_CURVE ( 'NONE', #814, #3422, #3271, .T. ) ;
#1090 = ORIENTED_EDGE ( 'NONE', *, *, #3153, .F. ) ;
#1091 = CARTESIAN_POINT ( 'NONE',  ( 13.74969899016226016, -6.500000000000000000, -31.75000000000000000 ) ) ;
#1092 = DIRECTION ( 'NONE',  ( -1.000000000000000000, 0.000000000000000000, 0.000000000000000000 ) ) ;
#1093 = EDGE_CURVE ( 'NONE', #2134, #2721, #906, .T. ) ;
#1094 = AXIS2_PLACEMENT_3D ( 'NONE', #3956, #2335, #2959 ) ;
#1095 = CARTESIAN_POINT ( 'NONE',  ( 12.69999999999999929, 2.873135757086585172E-15, 31.75000000000000000 ) ) ;
#1096 = AXIS2_PLACEMENT_3D ( 'NONE', #1772, #3895, #3336 ) ;
#1097 = EDGE_CURVE ( 'NONE', #142, #3236, #165, .T. ) ;
#1098 = EDGE_LOOP ( 'NONE', ( #1659, #1015, #2244, #3259 ) ) ;
#1099 = CIRCLE ( 'NONE', #584, 0.5000000000000004441 ) ;
#1100 = CARTESIAN_POINT ( 'NONE',  ( 11.54999999999999893, 2.873135757086585172E-15, 35.25000000000000000 ) ) ;
#1101 = CYLINDRICAL_SURFACE ( 'NONE', #3452, 0.5000000000000004441 ) ;
#1102 = CARTESIAN_POINT ( 'NONE',  ( 13.74969899016226016, 6.500000000000000000, 31.75000000000000000 ) ) ;
#1103 = VECTOR ( 'NONE', #690, 1000.000000000000000 ) ;
#1104 = CARTESIAN_POINT ( 'NONE',  ( 14.84860978185358071, -3.539473577621999656, -31.75000000000000000 ) ) ;
#1105 = EDGE_CURVE ( 'NONE', #2828, #3289, #1160, .T. ) ;
#1106 = EDGE_LOOP ( 'NONE', ( #3995, #2259, #56, #3798 ) ) ;
#1107 = VERTEX_POINT ( 'NONE', #515 ) ;
#1108 = DIRECTION ( 'NONE',  ( -1.000000000000000000, 0.000000000000000000, 0.000000000000000000 ) ) ;
#1109 = CIRCLE ( 'NONE', #3185, 1.600000000000000755 ) ;
#1110 = FILL_AREA_STYLE ('',( #2973 ) ) ;
#1111 = VECTOR ( 'NONE', #1347, 1000.000000000000227 ) ;
#1112 = ORIENTED_EDGE ( 'NONE', *, *, #509, .T. ) ;
#1113 = ORIENTED_EDGE ( 'NONE', *, *, #481, .T. ) ;
#1114 = DIRECTION ( 'NONE',  ( 0.000000000000000000, 0.000000000000000000, -1.000000000000000000 ) ) ;
#1115 = VECTOR ( 'NONE', #1708, 1000.000000000000000 ) ;
#1116 = CARTESIAN_POINT ( 'NONE',  ( 8.500000000000000000, 12.00000000000000000, 31.75000000000000000 ) ) ;
#1117 = VECTOR ( 'NONE', #435, 1000.000000000000000 ) ;
#1118 = LINE ( 'NONE', #3596, #3385 ) ;
#1119 = LINE ( 'NONE', #2340, #1034 ) ;
#1120 = VECTOR ( 'NONE', #78, 1000.000000000000227 ) ;
#1121 = ADVANCED_FACE ( 'NONE', ( #3232 ), #459, .F. ) ;
#1122 = ORIENTED_EDGE ( 'NONE', *, *, #1530, .F. ) ;
#1123 = AXIS2_PLACEMENT_3D ( 'NONE', #1062, #441, #3850 ) ;
#1124 = ORIENTED_EDGE ( 'NONE', *, *, #21, .T. ) ;
#1125 = CARTESIAN_POINT ( 'NONE',  ( 12.69999999999999929, 2.873135757086585172E-15, 28.25000000000000000 ) ) ;
#1126 = PLANE ( 'NONE',  #663 ) ;
#1127 = CARTESIAN_POINT ( 'NONE',  ( 10.00000000000000000, 4.750000000000000000, -31.75000000000000000 ) ) ;
#1128 = EDGE_CURVE ( 'NONE', #2780, #1996, #2491, .T. ) ;
#1129 = DIRECTION ( 'NONE',  ( -2.569960705150824905E-16, 1.000000000000000000, 0.000000000000000000 ) ) ;
#1130 = ORIENTED_EDGE ( 'NONE', *, *, #1742, .F. ) ;
#1131 = VERTEX_POINT ( 'NONE', #1868 ) ;
#1132 = CARTESIAN_POINT ( 'NONE',  ( -14.72949673790581926, -12.22699524986975916, 31.75000000000000000 ) ) ;
#1133 = PLANE ( 'NONE',  #1040 ) ;
#1134 = EDGE_CURVE ( 'NONE', #877, #1443, #1573, .T. ) ;
#1135 = ORIENTED_EDGE ( 'NONE', *, *, #1856, .F. ) ;
#1136 = ORIENTED_EDGE ( 'NONE', *, *, #3006, .F. ) ;
#1137 = PLANE ( 'NONE',  #332 ) ;
#1138 = DIRECTION ( 'NONE',  ( 1.000000000000000000, 0.000000000000000000, 0.000000000000000000 ) ) ;
#1139 = CARTESIAN_POINT ( 'NONE',  ( 10.61337697827829984, -4.750000000000000000, 31.75000000000000000 ) ) ;
#1140 = EDGE_LOOP ( 'NONE', ( #1492, #2758, #670, #2841 ) ) ;
#1141 = ORIENTED_EDGE ( 'NONE', *, *, #223, .T. ) ;
#1142 = CARTESIAN_POINT ( 'NONE',  ( -14.24140333022853788, -4.330800431932624761, 31.75000000000000000 ) ) ;
#1143 = LINE ( 'NONE', #3557, #1050 ) ;
#1144 = ORIENTED_EDGE ( 'NONE', *, *, #2225, .F. ) ;
#1145 = CARTESIAN_POINT ( 'NONE',  ( 13.74969899016224062, -7.000000000000000000, -31.75000000000000000 ) ) ;
#1146 = ORIENTED_EDGE ( 'NONE', *, *, #3063, .T. ) ;
#1147 = ORIENTED_EDGE ( 'NONE', *, *, #135, .F. ) ;
#1148 = EDGE_CURVE ( 'NONE', #960, #2651, #3330, .T. ) ;
#1149 = DIRECTION ( 'NONE',  ( 0.000000000000000000, 0.000000000000000000, -1.000000000000000000 ) ) ;
#1150 = DIRECTION ( 'NONE',  ( 0.000000000000000000, 0.000000000000000000, -1.000000000000000000 ) ) ;
#1151 = ORIENTED_EDGE ( 'NONE', *, *, #2303, .T. ) ;
#1152 = ADVANCED_FACE ( 'NONE', ( #299 ), #35, .F. ) ;
#1153 = VERTEX_POINT ( 'NONE', #2448 ) ;
#1154 = DIRECTION ( 'NONE',  ( 0.000000000000000000, 0.000000000000000000, -1.000000000000000000 ) ) ;
#1155 = CARTESIAN_POINT ( 'NONE',  ( 20.60438071450434805, -6.065323329854379608, 31.75000000000000000 ) ) ;
#1156 = LINE ( 'NONE', #3632, #3904 ) ;
#1157 = ORIENTED_EDGE ( 'NONE', *, *, #757, .T. ) ;
#1158 = ORIENTED_EDGE ( 'NONE', *, *, #1513, .T. ) ;
#1159 = AXIS2_PLACEMENT_3D ( 'NONE', #3757, #1968, #1033 ) ;
#1160 = LINE ( 'NONE', #1080, #139 ) ;
#1161 = LINE ( 'NONE', #671, #2493 ) ;
#1162 = ORIENTED_EDGE ( 'NONE', *, *, #268, .F. ) ;
#1163 = FACE_OUTER_BOUND ( 'NONE', #407, .T. ) ;
#1164 = VECTOR ( 'NONE', #3019, 1000.000000000000000 ) ;
#1165 = ORIENTED_EDGE ( 'NONE', *, *, #2075, .F. ) ;
#1166 = CYLINDRICAL_SURFACE ( 'NONE', #3649, 0.5000000000000004441 ) ;
#1167 = DIRECTION ( 'NONE',  ( 1.000000000000000000, 0.000000000000000000, 0.000000000000000000 ) ) ;
#1168 = AXIS2_PLACEMENT_3D ( 'NONE', #4013, #3371, #3054 ) ;
#1169 = EDGE_CURVE ( 'NONE', #3979, #1466, #1235, .T. ) ;
#1170 = EDGE_LOOP ( 'NONE', ( #88, #3166, #2784, #536 ) ) ;
#1171 = CIRCLE ( 'NONE', #3574, 1.149999999999999911 ) ;
#1172 = ORIENTED_EDGE ( 'NONE', *, *, #1619, .T. ) ;
#1173 = CARTESIAN_POINT ( 'NONE',  ( -14.49391369234709970, -6.654356957835229736, 31.75000000000000000 ) ) ;
#1174 = DIRECTION ( 'NONE',  ( 0.000000000000000000, 1.000000000000000000, 0.000000000000000000 ) ) ;
#1175 = VECTOR ( 'NONE', #2270, 1000.000000000000000 ) ;
#1176 = EDGE_CURVE ( 'NONE', #3669, #3790, #650, .T. ) ;
#1177 = CARTESIAN_POINT ( 'NONE',  ( -20.60438071450434805, -6.065323329854379608, -31.75000000000000000 ) ) ;
#1178 = AXIS2_PLACEMENT_3D ( 'NONE', #2816, #2776, #3480 ) ;
#1179 = AXIS2_PLACEMENT_3D ( 'NONE', #2951, #1392, #2031 ) ;
#1180 = CIRCLE ( 'NONE', #2996, 0.5000000000000004441 ) ;
#1181 = EDGE_LOOP ( 'NONE', ( #3821, #3843, #887, #2560 ) ) ;
#1182 = ORIENTED_EDGE ( 'NONE', *, *, #1880, .F. ) ;
#1183 = CIRCLE ( 'NONE', #2866, 0.5000000000000004441 ) ;
#1184 = DIRECTION ( 'NONE',  ( -1.000000000000000000, 0.000000000000000000, 0.000000000000000000 ) ) ;
#1185 = CARTESIAN_POINT ( 'NONE',  ( 14.49391369234709970, -6.654356957835229736, 31.75000000000000000 ) ) ;
#1186 = FACE_OUTER_BOUND ( 'NONE', #2227, .T. ) ;
#1187 = CIRCLE ( 'NONE', #422, 0.5000000000000004441 ) ;
#1188 = ORIENTED_EDGE ( 'NONE', *, *, #2686, .F. ) ;
#1189 = CARTESIAN_POINT ( 'NONE',  ( -8.500000000000000000, 0.7500000000000000000, -31.75000000000000000 ) ) ;
#1190 = CARTESIAN_POINT ( 'NONE',  ( 3.469446951953614978E-15, 0.7500000000000000000, 13.44999999999999929 ) ) ;
#1191 = FACE_OUTER_BOUND ( 'NONE', #1009, .T. ) ;
#1192 = VECTOR ( 'NONE', #2629, 1000.000000000000000 ) ;
#1193 = EDGE_LOOP ( 'NONE', ( #1418, #2679, #1763, #2806 ) ) ;
#1194 = EDGE_CURVE ( 'NONE', #1970, #1351, #2915, .T. ) ;
#1195 = DIRECTION ( 'NONE',  ( 1.000000000000000000, 0.000000000000000000, 0.000000000000000000 ) ) ;
#1196 = CARTESIAN_POINT ( 'NONE',  ( 11.54999999999999893, 2.873135757086585172E-15, 35.25000000000000000 ) ) ;
#1197 = CYLINDRICAL_SURFACE ( 'NONE', #2355, 0.5000000000000004441 ) ;
#1198 = FACE_OUTER_BOUND ( 'NONE', #3297, .T. ) ;
#1199 = EDGE_CURVE ( 'NONE', #1540, #331, #337, .T. ) ;
#1200 = CARTESIAN_POINT ( 'NONE',  ( -10.61337697827829984, -4.750000000000000000, 31.75000000000000000 ) ) ;
#1201 = DIRECTION ( 'NONE',  ( 0.000000000000000000, 0.000000000000000000, -1.000000000000000000 ) ) ;
#1202 = ORIENTED_EDGE ( 'NONE', *, *, #2385, .T. ) ;
#1203 = EDGE_CURVE ( 'NONE', #893, #1892, #3387, .T. ) ;
#1204 = ORIENTED_EDGE ( 'NONE', *, *, #2094, .F. ) ;
#1205 = DIRECTION ( 'NONE',  ( 0.000000000000000000, 0.000000000000000000, -1.000000000000000000 ) ) ;
#1206 = ORIENTED_EDGE ( 'NONE', *, *, #1280, .T. ) ;
#1207 = VERTEX_POINT ( 'NONE', #3722 ) ;
#1208 = DIRECTION ( 'NONE',  ( 0.000000000000000000, 0.000000000000000000, -1.000000000000000000 ) ) ;
#1209 = CARTESIAN_POINT ( 'NONE',  ( 12.69999999999999929, 2.873135757086585172E-15, 31.75000000000000000 ) ) ;
#1210 = DIRECTION ( 'NONE',  ( 0.000000000000000000, 0.000000000000000000, 1.000000000000000000 ) ) ;
#1211 = CARTESIAN_POINT ( 'NONE',  ( 13.94742973402301978, -0.9572651848780380224, -31.75000000000000000 ) ) ;
#1212 = VERTEX_POINT ( 'NONE', #2184 ) ;
#1213 = VERTEX_POINT ( 'NONE', #1553 ) ;
#1214 = CARTESIAN_POINT ( 'NONE',  ( 14.49391369234709970, 6.654356957835229736, 31.75000000000000000 ) ) ;
#1215 = CYLINDRICAL_SURFACE ( 'NONE', #3433, 0.5000000000000004441 ) ;
#1216 = CYLINDRICAL_SURFACE ( 'NONE', #3190, 0.5000000000000004441 ) ;
#1217 = CARTESIAN_POINT ( 'NONE',  ( -15.62050326209419993, 11.77300475013021952, 31.75000000000000000 ) ) ;
#1218 = FACE_OUTER_BOUND ( 'NONE', #3220, .T. ) ;
#1219 = VECTOR ( 'NONE', #499, 1000.000000000000114 ) ;
#1220 = EDGE_CURVE ( 'NONE', #2995, #3203, #1171, .T. ) ;
#1221 = ORIENTED_EDGE ( 'NONE', *, *, #2571, .T. ) ;
#1222 = CARTESIAN_POINT ( 'NONE',  ( -14.24140333022853788, 4.330800431932624761, 31.75000000000000000 ) ) ;
#1223 = DIRECTION ( 'NONE',  ( 1.000000000000000000, 0.000000000000000000, 0.000000000000000000 ) ) ;
#1224 = EDGE_CURVE ( 'NONE', #734, #143, #1631, .T. ) ;
#1225 = ORIENTED_EDGE ( 'NONE', *, *, #3325, .F. ) ;
#1226 = ORIENTED_EDGE ( 'NONE', *, *, #1321, .T. ) ;
#1227 = AXIS2_PLACEMENT_3D ( 'NONE', #711, #2895, #1360 ) ;
#1228 = DIRECTION ( 'NONE',  ( -0.7933533402912341659, 0.6087614290087219882, 0.000000000000000000 ) ) ;
#1229 = FACE_OUTER_BOUND ( 'NONE', #374, .T. ) ;
#1230 = LINE ( 'NONE', #3686, #3576 ) ;
#1231 =( GEOMETRIC_REPRESENTATION_CONTEXT ( 3 ) GLOBAL_UNCERTAINTY_ASSIGNED_CONTEXT ( ( #1504 ) ) GLOBAL_UNIT_ASSIGNED_CONTEXT ( ( #192, #790, #828 ) ) REPRESENTATION_CONTEXT ( 'NONE', 'WORKASPACE' ) );
#1232 = EDGE_CURVE ( 'NONE', #2664, #3367, #1614, .T. ) ;
#1233 = EDGE_LOOP ( 'NONE', ( #1621, #2865, #3816, #2306 ) ) ;
#1234 = VERTEX_POINT ( 'NONE', #1596 ) ;
#1235 = CIRCLE ( 'NONE', #3493, 1.149999999999999911 ) ;
#1236 = CARTESIAN_POINT ( 'NONE',  ( 19.99561928549564982, 6.858676670145619880, 31.75000000000000000 ) ) ;
#1237 = LINE ( 'NONE', #3, #3699 ) ;
#1238 = DIRECTION ( 'NONE',  ( -1.000000000000000000, 0.000000000000000000, 0.000000000000000000 ) ) ;
#1239 = AXIS2_PLACEMENT_3D ( 'NONE', #2242, #2643, #1364 ) ;
#1240 = DIRECTION ( 'NONE',  ( 0.000000000000000000, 0.000000000000000000, -1.000000000000000000 ) ) ;
#1241 = CIRCLE ( 'NONE', #1635, 1.149999999999999911 ) ;
#1242 = FACE_OUTER_BOUND ( 'NONE', #3645, .T. ) ;
#1243 = CIRCLE ( 'NONE', #530, 0.5000000000000004441 ) ;
#1244 = ORIENTED_EDGE ( 'NONE', *, *, #2789, .T. ) ;
#1245 = EDGE_CURVE ( 'NONE', #1213, #2068, #2223, .T. ) ;
#1246 = CARTESIAN_POINT ( 'NONE',  ( -15.54966716650354996, -3.447177621980745066, 31.75000000000000000 ) ) ;
#1247 = AXIS2_PLACEMENT_3D ( 'NONE', #3474, #2953, #1314 ) ;
#1248 = VECTOR ( 'NONE', #129, 1000.000000000000000 ) ;
#1249 = VERTEX_POINT ( 'NONE', #92 ) ;
#1250 = CIRCLE ( 'NONE', #1055, 0.5000000000000004441 ) ;
#1251 = DIRECTION ( 'NONE',  ( 0.6087614290087208779, -0.7933533402912350541, 0.000000000000000000 ) ) ;
#1252 = EDGE_CURVE ( 'NONE', #24, #2822, #743, .T. ) ;
#1253 = CARTESIAN_POINT ( 'NONE',  ( 14.63808000037415979, -4.635181146436989863, -31.75000000000000000 ) ) ;
#1254 = CARTESIAN_POINT ( 'NONE',  ( -20.66129058582125211, 11.65435695783522085, 31.75000000000000000 ) ) ;
#1255 = VECTOR ( 'NONE', #3695, 1000.000000000000000 ) ;
#1256 = ORIENTED_EDGE ( 'NONE', *, *, #2058, .F. ) ;
#1257 = ORIENTED_EDGE ( 'NONE', *, *, #3063, .F. ) ;
#1258 = PRODUCT_DEFINITION_SHAPE ( 'NONE', 'NONE',  #3975 ) ;
#1259 = CIRCLE ( 'NONE', #1718, 0.5000000000000004441 ) ;
#1260 = ADVANCED_FACE ( 'NONE', ( #3736 ), #1326, .F. ) ;
#1261 = CARTESIAN_POINT ( 'NONE',  ( 13.74969899016226016, 6.500000000000000000, -31.75000000000000000 ) ) ;
#1262 = CARTESIAN_POINT ( 'NONE',  ( 20.80000000000000071, 12.00000000000000000, 31.75000000000000000 ) ) ;
#1263 = APPLICATION_PROTOCOL_DEFINITION ( 'draft international standard', 'automotive_design', 1998, #4014 ) ;
#1264 = DIRECTION ( 'NONE',  ( -1.000000000000000000, 0.000000000000000000, 0.000000000000000000 ) ) ;
#1265 = ORIENTED_EDGE ( 'NONE', *, *, #1089, .F. ) ;
#1266 = DIRECTION ( 'NONE',  ( -1.000000000000000000, 0.000000000000000000, 0.000000000000000000 ) ) ;
#1267 = LINE ( 'NONE', #3680, #329 ) ;
#1268 = ADVANCED_FACE ( 'NONE', ( #2200 ), #3426, .T. ) ;
#1269 = ORIENTED_EDGE ( 'NONE', *, *, #89, .F. ) ;
#1270 = PLANE ( 'NONE',  #2284 ) ;
#1271 = CARTESIAN_POINT ( 'NONE',  ( 13.30419572806806094, 7.226995249869780480, 31.75000000000000000 ) ) ;
#1272 = LINE ( 'NONE', #2528, #3970 ) ;
#1273 = DIRECTION ( 'NONE',  ( 0.000000000000000000, 0.000000000000000000, -1.000000000000000000 ) ) ;
#1274 = LINE ( 'NONE', #2209, #3316 ) ;
#1275 = EDGE_CURVE ( 'NONE', #1694, #3367, #3819, .T. ) ;
#1276 = ORIENTED_EDGE ( 'NONE', *, *, #3229, .T. ) ;
#1277 = FACE_OUTER_BOUND ( 'NONE', #2056, .T. ) ;
#1278 = LINE ( 'NONE', #3060, #653 ) ;
#1279 = DIRECTION ( 'NONE',  ( 0.000000000000000000, 0.000000000000000000, -1.000000000000000000 ) ) ;
#1280 = EDGE_CURVE ( 'NONE', #1689, #194, #2729, .T. ) ;
#1281 = ORIENTED_EDGE ( 'NONE', *, *, #2341, .F. ) ;
#1282 = LINE ( 'NONE', #3467, #3314 ) ;
#1283 = CARTESIAN_POINT ( 'NONE',  ( 14.49391369234709970, -6.654356957835229736, -31.75000000000000000 ) ) ;
#1284 = VERTEX_POINT ( 'NONE', #716 ) ;
#1285 = CARTESIAN_POINT ( 'NONE',  ( -14.49391369234709970, -6.654356957835229736, 31.75000000000000000 ) ) ;
#1286 = CARTESIAN_POINT ( 'NONE',  ( -15.54966716650354996, -3.447177621980745066, -31.75000000000000000 ) ) ;
#1287 = ORIENTED_EDGE ( 'NONE', *, *, #3296, .F. ) ;
#1288 = DIRECTION ( 'NONE',  ( 0.000000000000000000, 0.000000000000000000, -1.000000000000000000 ) ) ;
#1289 = CARTESIAN_POINT ( 'NONE',  ( 11.05888024037249906, 5.023004750130230178, 31.75000000000000000 ) ) ;
#1290 = DIRECTION ( 'NONE',  ( -1.000000000000000000, 0.000000000000000000, 0.000000000000000000 ) ) ;
#1291 = AXIS2_PLACEMENT_3D ( 'NONE', #2046, #3299, #3594 ) ;
#1292 = ORIENTED_EDGE ( 'NONE', *, *, #3032, .F. ) ;
#1293 = ORIENTED_EDGE ( 'NONE', *, *, #3822, .T. ) ;
#1294 = EDGE_LOOP ( 'NONE', ( #3496, #952, #3638, #961 ) ) ;
#1295 = DIRECTION ( 'NONE',  ( -1.000000000000000000, 0.000000000000000000, 0.000000000000000000 ) ) ;
#1296 = ADVANCED_FACE ( 'NONE', ( #3194 ), #1989, .F. ) ;
#1297 = CIRCLE ( 'NONE', #3171, 0.5000000000000004441 ) ;
#1298 = LINE ( 'NONE', #2833, #281 ) ;
#1299 = AXIS2_PLACEMENT_3D ( 'NONE', #1567, #3398, #1607 ) ;
#1300 = EDGE_LOOP ( 'NONE', ( #3459, #1333, #1182, #3074 ) ) ;
#1301 = EDGE_CURVE ( 'NONE', #708, #26, #2659, .T. ) ;
#1302 = CARTESIAN_POINT ( 'NONE',  ( -20.29999999999999716, -12.00000000000000000, 31.75000000000000000 ) ) ;
#1303 = CIRCLE ( 'NONE', #3959, 0.5000000000000004441 ) ;
#1304 = VECTOR ( 'NONE', #3597, 1000.000000000000000 ) ;
#1305 = DIRECTION ( 'NONE',  ( -1.000000000000000000, 0.000000000000000000, 0.000000000000000000 ) ) ;
#1306 = ADVANCED_FACE ( 'NONE', ( #2565 ), #1924, .F. ) ;
#1307 = CARTESIAN_POINT ( 'NONE',  ( 20.60438071450434805, -6.065323329854379608, -31.75000000000000000 ) ) ;
#1308 = AXIS2_PLACEMENT_3D ( 'NONE', #3055, #3372, #1290 ) ;
#1309 = ORIENTED_EDGE ( 'NONE', *, *, #3333, .F. ) ;
#1310 = VECTOR ( 'NONE', #1949, 1000.000000000000000 ) ;
#1311 = DIRECTION ( 'NONE',  ( 0.000000000000000000, 0.000000000000000000, -1.000000000000000000 ) ) ;
#1312 = LINE ( 'NONE', #2885, #2297 ) ;
#1313 = CARTESIAN_POINT ( 'NONE',  ( 13.74969899016226016, 6.500000000000000000, -31.75000000000000000 ) ) ;
#1314 = DIRECTION ( 'NONE',  ( 0.000000000000000000, -1.000000000000000000, 0.000000000000000000 ) ) ;
#1315 = EDGE_LOOP ( 'NONE', ( #1144, #2191, #1671, #3789 ) ) ;
#1316 = VERTEX_POINT ( 'NONE', #1901 ) ;
#1317 = LINE ( 'NONE', #3696, #1120 ) ;
#1318 = LINE ( 'NONE', #2998, #3366 ) ;
#1319 = DIRECTION ( 'NONE',  ( 0.000000000000000000, 0.000000000000000000, 1.000000000000000000 ) ) ;
#1320 = AXIS2_PLACEMENT_3D ( 'NONE', #2550, #1600, #3761 ) ;
#1321 = EDGE_CURVE ( 'NONE', #1847, #3117, #3756, .T. ) ;
#1322 = VERTEX_POINT ( 'NONE', #438 ) ;
#1323 = CARTESIAN_POINT ( 'NONE',  ( -9.500000000000000000, -5.250000000000000000, 31.75000000000000000 ) ) ;
#1324 = CARTESIAN_POINT ( 'NONE',  ( -8.500000000000000000, 0.7500000000000000000, 31.75000000000000000 ) ) ;
#1325 = EDGE_CURVE ( 'NONE', #3065, #3562, #1703, .T. ) ;
#1326 = CYLINDRICAL_SURFACE ( 'NONE', #3635, 0.5000000000000004441 ) ;
#1327 = DIRECTION ( 'NONE',  ( 0.000000000000000000, 0.000000000000000000, -1.000000000000000000 ) ) ;
#1328 = EDGE_CURVE ( 'NONE', #1046, #3861, #3211, .T. ) ;
#1329 = DIRECTION ( 'NONE',  ( -1.000000000000000000, 0.000000000000000000, 0.000000000000000000 ) ) ;
#1330 = DIRECTION ( 'NONE',  ( 0.000000000000000000, 0.000000000000000000, -1.000000000000000000 ) ) ;
#1331 = CARTESIAN_POINT ( 'NONE',  ( -6.500000000000000000, 0.7500000000000000000, 31.75000000000000000 ) ) ;
#1332 = LINE ( 'NONE', #2572, #1446 ) ;
#1333 = ORIENTED_EDGE ( 'NONE', *, *, #881, .F. ) ;
#1334 = ORIENTED_EDGE ( 'NONE', *, *, #825, .F. ) ;
#1335 = ORIENTED_EDGE ( 'NONE', *, *, #3285, .T. ) ;
#1336 = CARTESIAN_POINT ( 'NONE',  ( -14.84860978185358071, -3.539473577621999656, -31.75000000000000000 ) ) ;
#1337 = DIRECTION ( 'NONE',  ( 0.000000000000000000, 0.000000000000000000, -1.000000000000000000 ) ) ;
#1338 = CARTESIAN_POINT ( 'NONE',  ( -8.500000000000000000, -0.7500000000000000000, -31.75000000000000000 ) ) ;
#1339 = ORIENTED_EDGE ( 'NONE', *, *, #3394, .T. ) ;
#1340 = CARTESIAN_POINT ( 'NONE',  ( 20.60438071450434805, 6.065323329854379608, 31.75000000000000000 ) ) ;
#1341 = LINE ( 'NONE', #1075, #83 ) ;
#1342 = CARTESIAN_POINT ( 'NONE',  ( -13.74969899016226016, -6.500000000000000000, -31.75000000000000000 ) ) ;
#1343 = EDGE_CURVE ( 'NONE', #3294, #1578, #110, .T. ) ;
#1344 = ORIENTED_EDGE ( 'NONE', *, *, #1884, .T. ) ;
#1345 = DIRECTION ( 'NONE',  ( 0.000000000000000000, 0.000000000000000000, -1.000000000000000000 ) ) ;
#1346 = CARTESIAN_POINT ( 'NONE',  ( -20.66129058582125211, -11.65435695783522085, 31.75000000000000000 ) ) ;
#1347 = DIRECTION ( 'NONE',  ( 0.4539904997395408648, 0.8910065241883707854, 0.000000000000000000 ) ) ;
#1348 = ADVANCED_FACE ( 'NONE', ( #3150 ), #3450, .F. ) ;
#1349 = ORIENTED_EDGE ( 'NONE', *, *, #3883, .T. ) ;
#1350 = EDGE_LOOP ( 'NONE', ( #2954, #984, #1455, #2817 ) ) ;
#1351 = VERTEX_POINT ( 'NONE', #2545 ) ;
#1352 = DIRECTION ( 'NONE',  ( 0.000000000000000000, 0.000000000000000000, -1.000000000000000000 ) ) ;
#1353 = DIRECTION ( 'NONE',  ( 0.4539904997395408648, 0.8910065241883707854, 0.000000000000000000 ) ) ;
#1354 = ADVANCED_FACE ( 'NONE', ( #3782 ), #995, .T. ) ;
#1355 = DIRECTION ( 'NONE',  ( 0.000000000000000000, 0.000000000000000000, -1.000000000000000000 ) ) ;
#1356 = ORIENTED_EDGE ( 'NONE', *, *, #2875, .T. ) ;
#1357 = VERTEX_POINT ( 'NONE', #3577 ) ;
#1358 = CARTESIAN_POINT ( 'NONE',  ( -20.29999999999999716, -6.461999999999999744, 31.75000000000000000 ) ) ;
#1359 = PLANE ( 'NONE',  #3773 ) ;
#1360 = DIRECTION ( 'NONE',  ( 1.000000000000000000, 0.000000000000000000, 0.000000000000000000 ) ) ;
#1361 = AXIS2_PLACEMENT_3D ( 'NONE', #3462, #1623, #79 ) ;
#1362 = ORIENTED_EDGE ( 'NONE', *, *, #176, .T. ) ;
#1363 = AXIS2_PLACEMENT_3D ( 'NONE', #2628, #2965, #245 ) ;
#1364 = DIRECTION ( 'NONE',  ( 1.000000000000000000, 0.000000000000000000, 0.000000000000000000 ) ) ;
#1365 = VECTOR ( 'NONE', #637, 1000.000000000000000 ) ;
#1366 = ORIENTED_EDGE ( 'NONE', *, *, #2395, .F. ) ;
#1367 = EDGE_CURVE ( 'NONE', #1953, #3485, #1406, .T. ) ;
#1368 = DIRECTION ( 'NONE',  ( -0.4539904997395408648, -0.8910065241883707854, 0.000000000000000000 ) ) ;
#1369 = CARTESIAN_POINT ( 'NONE',  ( -15.67499999999999716, -12.00000000000000000, -31.75000000000000000 ) ) ;
#1370 = FACE_OUTER_BOUND ( 'NONE', #2023, .T. ) ;
#1371 = DIRECTION ( 'NONE',  ( 0.000000000000000000, 0.000000000000000000, -1.000000000000000000 ) ) ;
#1372 = VECTOR ( 'NONE', #3140, 1000.000000000000000 ) ;
#1373 = CARTESIAN_POINT ( 'NONE',  ( -10.00000000000000000, 5.250000000000000000, 31.75000000000000000 ) ) ;
#1374 = VERTEX_POINT ( 'NONE', #2440 ) ;
#1375 = EDGE_LOOP ( 'NONE', ( #3362, #162, #727, #2202 ) ) ;
#1376 = AXIS2_PLACEMENT_3D ( 'NONE', #2012, #1641, #2869 ) ;
#1377 = EDGE_CURVE ( 'NONE', #3848, #1926, #1078, .T. ) ;
#1378 = DIRECTION ( 'NONE',  ( -1.000000000000000000, 0.000000000000000000, 0.000000000000000000 ) ) ;
#1379 = CYLINDRICAL_SURFACE ( 'NONE', #1361, 0.4999999999999987232 ) ;
#1380 = VECTOR ( 'NONE', #1129, 1000.000000000000000 ) ;
#1381 = ORIENTED_EDGE ( 'NONE', *, *, #2034, .T. ) ;
#1382 = ADVANCED_FACE ( 'NONE', ( #759 ), #2320, .T. ) ;
#1383 = CIRCLE ( 'NONE', #1449, 0.5000000000000004441 ) ;
#1384 = ORIENTED_EDGE ( 'NONE', *, *, #3262, .T. ) ;
#1385 = VECTOR ( 'NONE', #2997, 1000.000000000000000 ) ;
#1386 = CARTESIAN_POINT ( 'NONE',  ( 9.500000000000000000, 12.00000000000000000, -31.75000000000000000 ) ) ;
#1387 = DIRECTION ( 'NONE',  ( 0.000000000000000000, -1.000000000000000000, 0.000000000000000000 ) ) ;
#1388 = AXIS2_PLACEMENT_3D ( 'NONE', #3741, #2262, #1909 ) ;
#1389 = DIRECTION ( 'NONE',  ( 0.000000000000000000, 0.000000000000000000, -1.000000000000000000 ) ) ;
#1390 = ORIENTED_EDGE ( 'NONE', *, *, #1912, .T. ) ;
#1391 = FACE_OUTER_BOUND ( 'NONE', #282, .T. ) ;
#1392 = DIRECTION ( 'NONE',  ( 0.000000000000000000, 0.000000000000000000, -1.000000000000000000 ) ) ;
#1393 = ORIENTED_EDGE ( 'NONE', *, *, #1660, .T. ) ;
#1394 = CARTESIAN_POINT ( 'NONE',  ( -10.61337697827829984, 4.750000000000000000, 31.75000000000000000 ) ) ;
#1395 = ORIENTED_EDGE ( 'NONE', *, *, #3560, .T. ) ;
#1396 = ORIENTED_EDGE ( 'NONE', *, *, #2762, .F. ) ;
#1397 = CARTESIAN_POINT ( 'NONE',  ( -20.80000000000000071, 12.00000000000000000, -31.75000000000000000 ) ) ;
#1398 = DIRECTION ( 'NONE',  ( -1.000000000000000000, 0.000000000000000000, 0.000000000000000000 ) ) ;
#1399 = EDGE_CURVE ( 'NONE', #977, #3030, #2601, .T. ) ;
#1400 = VERTEX_POINT ( 'NONE', #2362 ) ;
#1401 = ORIENTED_EDGE ( 'NONE', *, *, #1077, .F. ) ;
#1402 = DIRECTION ( 'NONE',  ( 1.000000000000000000, 0.000000000000000000, 0.000000000000000000 ) ) ;
#1403 = EDGE_CURVE ( 'NONE', #1745, #2990, #131, .T. ) ;
#1404 = VERTEX_POINT ( 'NONE', #3533 ) ;
#1405 = FACE_OUTER_BOUND ( 'NONE', #1605, .T. ) ;
#1406 = LINE ( 'NONE', #3228, #2598 ) ;
#1407 = EDGE_CURVE ( 'NONE', #3613, #4000, #1119, .T. ) ;
#1408 = ORIENTED_EDGE ( 'NONE', *, *, #3086, .F. ) ;
#1409 = CARTESIAN_POINT ( 'NONE',  ( 9.500000000000000000, -5.250000000000000000, 31.75000000000000000 ) ) ;
#1410 = DIRECTION ( 'NONE',  ( -1.000000000000000000, 0.000000000000000000, 0.000000000000000000 ) ) ;
#1411 = CARTESIAN_POINT ( 'NONE',  ( -13.74969899016226016, 6.500000000000000000, 31.75000000000000000 ) ) ;
#1412 = DIRECTION ( 'NONE',  ( 0.000000000000000000, 0.000000000000000000, -1.000000000000000000 ) ) ;
#1413 = VERTEX_POINT ( 'NONE', #2962 ) ;
#1414 = EDGE_LOOP ( 'NONE', ( #42, #786, #312, #1879 ) ) ;
#1415 = LINE ( 'NONE', #769, #2100 ) ;
#1416 = VECTOR ( 'NONE', #841, 1000.000000000000000 ) ;
#1417 = CYLINDRICAL_SURFACE ( 'NONE', #3500, 0.4999999999999987232 ) ;
#1418 = ORIENTED_EDGE ( 'NONE', *, *, #2686, .T. ) ;
#1419 = EDGE_CURVE ( 'NONE', #3688, #3795, #2922, .T. ) ;
#1420 = CARTESIAN_POINT ( 'NONE',  ( -19.99561928549564982, 6.858676670145619880, -31.75000000000000000 ) ) ;
#1421 = PLANE ( 'NONE',  #2677 ) ;
#1422 = VECTOR ( 'NONE', #1554, 1000.000000000000000 ) ;
#1423 = ORIENTED_EDGE ( 'NONE', *, *, #524, .F. ) ;
#1424 = EDGE_CURVE ( 'NONE', #447, #2517, #3552, .T. ) ;
#1425 = DIRECTION ( 'NONE',  ( 1.000000000000000000, 0.000000000000000000, 0.000000000000000000 ) ) ;
#1426 = CARTESIAN_POINT ( 'NONE',  ( -14.63808000037415979, -4.635181146436989863, 31.75000000000000000 ) ) ;
#1427 = VECTOR ( 'NONE', #3685, 1000.000000000000000 ) ;
#1428 = VERTEX_POINT ( 'NONE', #495 ) ;
#1429 = VECTOR ( 'NONE', #2705, 1000.000000000000000 ) ;
#1430 = EDGE_CURVE ( 'NONE', #3618, #1428, #3897, .T. ) ;
#1431 = ORIENTED_EDGE ( 'NONE', *, *, #3707, .T. ) ;
#1432 = CARTESIAN_POINT ( 'NONE',  ( -20.29999999999999716, 12.00000000000000000, 31.75000000000000000 ) ) ;
#1433 = DIRECTION ( 'NONE',  ( 0.000000000000000000, 0.000000000000000000, -1.000000000000000000 ) ) ;
#1434 = DIRECTION ( 'NONE',  ( -0.6912860843295498547, -0.7225811716425486475, 0.000000000000000000 ) ) ;
#1435 = CARTESIAN_POINT ( 'NONE',  ( 8.500000000000000000, -12.00000000000000000, -31.75000000000000000 ) ) ;
#1436 = VECTOR ( 'NONE', #953, 1000.000000000000000 ) ;
#1437 = VERTEX_POINT ( 'NONE', #202 ) ;
#1438 = ORIENTED_EDGE ( 'NONE', *, *, #3905, .T. ) ;
#1439 = CARTESIAN_POINT ( 'NONE',  ( 14.27678941455290129, 4.980824188601770786, 31.75000000000000000 ) ) ;
#1440 = AXIS2_PLACEMENT_3D ( 'NONE', #3623, #813, #2436 ) ;
#1441 = CARTESIAN_POINT ( 'NONE',  ( 13.74969899016226016, -6.500000000000000000, 31.75000000000000000 ) ) ;
#1442 = AXIS2_PLACEMENT_3D ( 'NONE', #3147, #630, #1008 ) ;
#1443 = VERTEX_POINT ( 'NONE', #818 ) ;
#1444 = ORIENTED_EDGE ( 'NONE', *, *, #492, .T. ) ;
#1445 = LINE ( 'NONE', #1757, #1493 ) ;
#1446 = VECTOR ( 'NONE', #3808, 1000.000000000000000 ) ;
#1447 = DIRECTION ( 'NONE',  ( 0.000000000000000000, 0.000000000000000000, -1.000000000000000000 ) ) ;
#1448 = DIRECTION ( 'NONE',  ( 0.000000000000000000, 0.000000000000000000, -1.000000000000000000 ) ) ;
#1449 = AXIS2_PLACEMENT_3D ( 'NONE', #1673, #1056, #2622 ) ;
#1450 = VECTOR ( 'NONE', #1501, 1000.000000000000000 ) ;
#1451 = EDGE_LOOP ( 'NONE', ( #172, #2233, #2563, #1595 ) ) ;
#1452 = CARTESIAN_POINT ( 'NONE',  ( -13.74969899016226016, -6.500000000000000000, 31.75000000000000000 ) ) ;
#1453 = VECTOR ( 'NONE', #2778, 1000.000000000000227 ) ;
#1454 = EDGE_CURVE ( 'NONE', #2644, #3203, #1963, .T. ) ;
#1455 = ORIENTED_EDGE ( 'NONE', *, *, #3860, .T. ) ;
#1456 = CIRCLE ( 'NONE', #2939, 0.5000000000000004441 ) ;
#1457 = ORIENTED_EDGE ( 'NONE', *, *, #2898, .F. ) ;
#1458 = DIRECTION ( 'NONE',  ( 0.000000000000000000, 0.000000000000000000, -1.000000000000000000 ) ) ;
#1459 = CARTESIAN_POINT ( 'NONE',  ( -13.94742973402301978, 0.9572651848780380224, 31.75000000000000000 ) ) ;
#1460 = CARTESIAN_POINT ( 'NONE',  ( 20.29999999999999716, 12.00000000000000000, -31.75000000000000000 ) ) ;
#1461 = EDGE_CURVE ( 'NONE', #326, #2761, #2850, .T. ) ;
#1462 = ORIENTED_EDGE ( 'NONE', *, *, #2935, .F. ) ;
#1463 = DIRECTION ( 'NONE',  ( 0.000000000000000000, 0.000000000000000000, 1.000000000000000000 ) ) ;
#1464 = CYLINDRICAL_SURFACE ( 'NONE', #69, 0.5000000000000004441 ) ;
#1465 = LINE ( 'NONE', #3932, #2921 ) ;
#1466 = VERTEX_POINT ( 'NONE', #1196 ) ;
#1467 = LINE ( 'NONE', #2098, #352 ) ;
#1468 = CARTESIAN_POINT ( 'NONE',  ( 13.74969899016226016, -6.500000000000000000, 31.75000000000000000 ) ) ;
#1469 = ORIENTED_EDGE ( 'NONE', *, *, #4003, .F. ) ;
#1470 = FACE_OUTER_BOUND ( 'NONE', #1350, .T. ) ;
#1471 = ORIENTED_EDGE ( 'NONE', *, *, #3653, .F. ) ;
#1472 = EDGE_LOOP ( 'NONE', ( #298, #1984, #686, #2037 ) ) ;
#1473 = EDGE_CURVE ( 'NONE', #3351, #3790, #2136, .T. ) ;
#1474 = DIRECTION ( 'NONE',  ( 0.000000000000000000, 0.000000000000000000, -1.000000000000000000 ) ) ;
#1475 = DIRECTION ( 'NONE',  ( 1.000000000000000000, 0.000000000000000000, 0.000000000000000000 ) ) ;
#1476 = LINE ( 'NONE', #1768, #696 ) ;
#1477 = LINE ( 'NONE', #1323, #3421 ) ;
#1478 = CARTESIAN_POINT ( 'NONE',  ( 15.24528645199919907, -3.843854292126359873, 31.75000000000000000 ) ) ;
#1479 = EDGE_LOOP ( 'NONE', ( #3434, #3512, #2146, #905 ) ) ;
#1480 = ORIENTED_EDGE ( 'NONE', *, *, #1301, .T. ) ;
#1481 = DIRECTION ( 'NONE',  ( -1.000000000000000000, 0.000000000000000000, 0.000000000000000000 ) ) ;
#1482 = DIRECTION ( 'NONE',  ( 0.4539904997395408648, -0.8910065241883707854, 0.000000000000000000 ) ) ;
#1483 = EDGE_CURVE ( 'NONE', #3861, #1322, #1815, .T. ) ;
#1484 = FACE_OUTER_BOUND ( 'NONE', #1098, .T. ) ;
#1485 = ORIENTED_EDGE ( 'NONE', *, *, #1679, .T. ) ;
#1486 = ADVANCED_FACE ( 'NONE', ( #3039 ), #270, .F. ) ;
#1487 = CARTESIAN_POINT ( 'NONE',  ( 13.30419572806806094, -7.226995249869780480, 31.75000000000000000 ) ) ;
#1488 = CARTESIAN_POINT ( 'NONE',  ( 15.54966716650354996, 3.447177621980745066, 31.75000000000000000 ) ) ;
#1489 = CARTESIAN_POINT ( 'NONE',  ( -14.24140333022853788, 4.330800431932630090, 31.75000000000000000 ) ) ;
#1490 = ORIENTED_EDGE ( 'NONE', *, *, #462, .F. ) ;
#1491 = VERTEX_POINT ( 'NONE', #3463 ) ;
#1492 = ORIENTED_EDGE ( 'NONE', *, *, #170, .F. ) ;
#1493 = VECTOR ( 'NONE', #3038, 1000.000000000000000 ) ;
#1494 = DIRECTION ( 'NONE',  ( -0.4539904997395408648, 0.8910065241883707854, 0.000000000000000000 ) ) ;
#1495 = FACE_OUTER_BOUND ( 'NONE', #2813, .T. ) ;
#1496 = CARTESIAN_POINT ( 'NONE',  ( -6.500000000000000000, -12.50000000000000000, 28.75000000000000000 ) ) ;
#1497 = DIRECTION ( 'NONE',  ( 0.000000000000000000, 0.000000000000000000, -1.000000000000000000 ) ) ;
#1498 = EDGE_CURVE ( 'NONE', #576, #244, #2854, .T. ) ;
#1499 = ORIENTED_EDGE ( 'NONE', *, *, #1685, .F. ) ;
#1500 = ORIENTED_EDGE ( 'NONE', *, *, #2827, .F. ) ;
#1501 = DIRECTION ( 'NONE',  ( 0.000000000000000000, -1.000000000000000000, 0.000000000000000000 ) ) ;
#1502 = FACE_OUTER_BOUND ( 'NONE', #3137, .T. ) ;
#1503 = CIRCLE ( 'NONE', #3827, 0.5000000000000004441 ) ;
#1504 = UNCERTAINTY_MEASURE_WITH_UNIT (LENGTH_MEASURE( 1.000000000000000082E-05 ), #192, 'distance_accuracy_value', 'NONE');
#1505 = ADVANCED_FACE ( 'NONE', ( #1896 ), #2832, .F. ) ;
#1506 = ORIENTED_EDGE ( 'NONE', *, *, #2617, .F. ) ;
#1507 = AXIS2_PLACEMENT_3D ( 'NONE', #1510, #587, #1839 ) ;
#1508 = ORIENTED_EDGE ( 'NONE', *, *, #3991, .T. ) ;
#1509 = DIRECTION ( 'NONE',  ( 0.000000000000000000, 0.000000000000000000, -1.000000000000000000 ) ) ;
#1510 = CARTESIAN_POINT ( 'NONE',  ( 10.00000000000000000, 5.250000000000000000, 31.75000000000000000 ) ) ;
#1511 = AXIS2_PLACEMENT_3D ( 'NONE', #3709, #2190, #2825 ) ;
#1512 = DIRECTION ( 'NONE',  ( -1.000000000000000000, 0.000000000000000000, 0.000000000000000000 ) ) ;
#1513 = EDGE_CURVE ( 'NONE', #1491, #3546, #3731, .T. ) ;
#1514 = VECTOR ( 'NONE', #3464, 1000.000000000000114 ) ;
#1515 = DIRECTION ( 'NONE',  ( 0.000000000000000000, 0.000000000000000000, -1.000000000000000000 ) ) ;
#1516 = LINE ( 'NONE', #388, #1576 ) ;
#1517 = CIRCLE ( 'NONE', #1846, 1.600000000000000755 ) ;
#1518 = ORIENTED_EDGE ( 'NONE', *, *, #391, .T. ) ;
#1519 = ORIENTED_EDGE ( 'NONE', *, *, #2337, .F. ) ;
#1520 = VECTOR ( 'NONE', #1956, 1000.000000000000114 ) ;
#1521 = DIRECTION ( 'NONE',  ( 0.000000000000000000, 0.000000000000000000, -1.000000000000000000 ) ) ;
#1522 = CARTESIAN_POINT ( 'NONE',  ( -14.49391369234709970, 6.654356957835229736, 31.75000000000000000 ) ) ;
#1523 = ORIENTED_EDGE ( 'NONE', *, *, #1483, .T. ) ;
#1524 = CARTESIAN_POINT ( 'NONE',  ( -13.35727658936150064, 0.9436564444104260652, -31.75000000000000000 ) ) ;
#1525 = PLANE ( 'NONE',  #521 ) ;
#1526 = DIRECTION ( 'NONE',  ( 0.000000000000000000, 0.000000000000000000, -1.000000000000000000 ) ) ;
#1527 = ORIENTED_EDGE ( 'NONE', *, *, #2147, .T. ) ;
#1528 = VERTEX_POINT ( 'NONE', #930 ) ;
#1529 = DIRECTION ( 'NONE',  ( 0.000000000000000000, 0.000000000000000000, -1.000000000000000000 ) ) ;
#1530 = EDGE_CURVE ( 'NONE', #3289, #820, #613, .T. ) ;
#1531 = LINE ( 'NONE', #1778, #3770 ) ;
#1532 = ORIENTED_EDGE ( 'NONE', *, *, #2879, .F. ) ;
#1533 = DIRECTION ( 'NONE',  ( 0.000000000000000000, 0.000000000000000000, -1.000000000000000000 ) ) ;
#1534 = CARTESIAN_POINT ( 'NONE',  ( -20.29999999999999716, 6.461999999999999744, 31.75000000000000000 ) ) ;
#1535 = EDGE_CURVE ( 'NONE', #2507, #2346, #1237, .T. ) ;
#1536 = ORIENTED_EDGE ( 'NONE', *, *, #21, .F. ) ;
#1537 = EDGE_CURVE ( 'NONE', #194, #2181, #1278, .T. ) ;
#1538 = DIRECTION ( 'NONE',  ( 1.000000000000000000, 0.000000000000000000, 0.000000000000000000 ) ) ;
#1539 = DIRECTION ( 'NONE',  ( -1.000000000000000000, 0.000000000000000000, 0.000000000000000000 ) ) ;
#1540 = VERTEX_POINT ( 'NONE', #3121 ) ;
#1541 = CARTESIAN_POINT ( 'NONE',  ( 20.29999999999999716, -12.00000000000000000, 31.75000000000000000 ) ) ;
#1542 = LINE ( 'NONE', #1928, #971 ) ;
#1543 = CARTESIAN_POINT ( 'NONE',  ( -13.84999999999999964, 2.873135757086585172E-15, 35.25000000000000000 ) ) ;
#1544 = ORIENTED_EDGE ( 'NONE', *, *, #896, .T. ) ;
#1545 = ORIENTED_EDGE ( 'NONE', *, *, #3681, .T. ) ;
#1546 = PLANE ( 'NONE',  #3107 ) ;
#1547 = DIRECTION ( 'NONE',  ( -1.000000000000000000, 0.000000000000000000, 0.000000000000000000 ) ) ;
#1548 = DIRECTION ( 'NONE',  ( 0.000000000000000000, 0.000000000000000000, 1.000000000000000000 ) ) ;
#1549 = CARTESIAN_POINT ( 'NONE',  ( 14.49391369234709970, 6.654356957835229736, -31.75000000000000000 ) ) ;
#1550 = ADVANCED_FACE ( 'NONE', ( #3416 ), #1215, .T. ) ;
#1551 = EDGE_CURVE ( 'NONE', #943, #2005, #1591, .T. ) ;
#1552 = EDGE_LOOP ( 'NONE', ( #1915, #189, #387, #2791 ) ) ;
#1553 = CARTESIAN_POINT ( 'NONE',  ( 14.72949673790581926, -12.22699524986975916, 31.75000000000000000 ) ) ;
#1554 = DIRECTION ( 'NONE',  ( 0.000000000000000000, 1.000000000000000000, 0.000000000000000000 ) ) ;
#1555 = EDGE_CURVE ( 'NONE', #3571, #775, #1109, .T. ) ;
#1556 = ORIENTED_EDGE ( 'NONE', *, *, #1074, .F. ) ;
#1557 = AXIS2_PLACEMENT_3D ( 'NONE', #3409, #2804, #36 ) ;
#1558 = DIRECTION ( 'NONE',  ( -0.8910065241883708964, 0.4539904997395409203, 0.000000000000000000 ) ) ;
#1559 = CARTESIAN_POINT ( 'NONE',  ( 14.13262310652581988, 7.000000000000000000, -31.75000000000000000 ) ) ;
#1560 = DIRECTION ( 'NONE',  ( -1.000000000000000000, 0.000000000000000000, 0.000000000000000000 ) ) ;
#1561 = VECTOR ( 'NONE', #666, 1000.000000000000227 ) ;
#1562 = CARTESIAN_POINT ( 'NONE',  ( -14.24140333022853788, 4.330800431932624761, -31.75000000000000000 ) ) ;
#1563 = EDGE_LOOP ( 'NONE', ( #2110, #3999, #802, #595 ) ) ;
#1564 = ORIENTED_EDGE ( 'NONE', *, *, #2247, .F. ) ;
#1565 = ORIENTED_EDGE ( 'NONE', *, *, #1657, .T. ) ;
#1566 = VECTOR ( 'NONE', #998, 1000.000000000000000 ) ;
#1567 = CARTESIAN_POINT ( 'NONE',  ( 3.469446951953614978E-15, 0.7500000000000000000, 13.44999999999999929 ) ) ;
#1568 = FACE_OUTER_BOUND ( 'NONE', #2543, .T. ) ;
#1569 = FACE_OUTER_BOUND ( 'NONE', #3870, .T. ) ;
#1570 = ORIENTED_EDGE ( 'NONE', *, *, #2782, .F. ) ;
#1571 = CIRCLE ( 'NONE', #3839, 0.5000000000000004441 ) ;
#1572 = ORIENTED_EDGE ( 'NONE', *, *, #2365, .F. ) ;
#1573 = LINE ( 'NONE', #1222, #2725 ) ;
#1574 = AXIS2_PLACEMENT_3D ( 'NONE', #2054, #806, #2367 ) ;
#1575 = LINE ( 'NONE', #1522, #4012 ) ;
#1576 = VECTOR ( 'NONE', #2746, 1000.000000000000000 ) ;
#1577 = ADVANCED_FACE ( 'NONE', ( #1568 ), #3081, .F. ) ;
#1578 = VERTEX_POINT ( 'NONE', #2177 ) ;
#1579 = CIRCLE ( 'NONE', #3381, 0.5000000000000004441 ) ;
#1580 = DIRECTION ( 'NONE',  ( 0.000000000000000000, 1.000000000000000000, 0.000000000000000000 ) ) ;
#1581 = DIRECTION ( 'NONE',  ( 0.6087614290087208779, -0.7933533402912350541, 0.000000000000000000 ) ) ;
#1582 = CARTESIAN_POINT ( 'NONE',  ( -20.60438071450434805, 6.065323329854379608, 31.75000000000000000 ) ) ;
#1583 = EDGE_CURVE ( 'NONE', #244, #1213, #1877, .T. ) ;
#1584 = AXIS2_PLACEMENT_3D ( 'NONE', #911, #1240, #1997 ) ;
#1585 = DIRECTION ( 'NONE',  ( 0.000000000000000000, 1.000000000000000000, 0.000000000000000000 ) ) ;
#1586 = ORIENTED_EDGE ( 'NONE', *, *, #197, .T. ) ;
#1587 = VERTEX_POINT ( 'NONE', #1262 ) ;
#1588 = ORIENTED_EDGE ( 'NONE', *, *, #3025, .T. ) ;
#1589 = VECTOR ( 'NONE', #3852, 1000.000000000000227 ) ;
#1590 = CARTESIAN_POINT ( 'NONE',  ( 10.61337697827829984, -4.750000000000000000, 31.75000000000000000 ) ) ;
#1591 = LINE ( 'NONE', #3399, #11 ) ;
#1592 = PLANE ( 'NONE',  #1178 ) ;
#1593 = VERTEX_POINT ( 'NONE', #2502 ) ;
#1594 = DIRECTION ( 'NONE',  ( 0.000000000000000000, 0.000000000000000000, -1.000000000000000000 ) ) ;
#1595 = ORIENTED_EDGE ( 'NONE', *, *, #146, .T. ) ;
#1596 = CARTESIAN_POINT ( 'NONE',  ( -13.74969899016226016, 6.500000000000000000, 31.75000000000000000 ) ) ;
#1597 = ORIENTED_EDGE ( 'NONE', *, *, #85, .T. ) ;
#1598 = EDGE_CURVE ( 'NONE', #779, #1609, #1007, .T. ) ;
#1599 = DIRECTION ( 'NONE',  ( -1.000000000000000000, 0.000000000000000000, 0.000000000000000000 ) ) ;
#1600 = DIRECTION ( 'NONE',  ( 0.000000000000000000, 0.000000000000000000, 1.000000000000000000 ) ) ;
#1601 = CYLINDRICAL_SURFACE ( 'NONE', #2218, 1.149999999999999911 ) ;
#1602 = ORIENTED_EDGE ( 'NONE', *, *, #2464, .F. ) ;
#1603 = VERTEX_POINT ( 'NONE', #105 ) ;
#1604 = EDGE_CURVE ( 'NONE', #2073, #3547, #3835, .T. ) ;
#1605 = EDGE_LOOP ( 'NONE', ( #3527, #652, #556, #1276 ) ) ;
#1606 = DIRECTION ( 'NONE',  ( 0.000000000000000000, 0.000000000000000000, -1.000000000000000000 ) ) ;
#1607 = DIRECTION ( 'NONE',  ( 0.000000000000000000, 0.000000000000000000, -1.000000000000000000 ) ) ;
#1608 = CARTESIAN_POINT ( 'NONE',  ( -20.29999999999999716, 6.461999999999999744, -31.75000000000000000 ) ) ;
#1609 = VERTEX_POINT ( 'NONE', #2558 ) ;
#1610 = EDGE_CURVE ( 'NONE', #1207, #1578, #2017, .T. ) ;
#1611 = CARTESIAN_POINT ( 'NONE',  ( -14.72949673790581926, -12.22699524986975916, -31.75000000000000000 ) ) ;
#1612 = ORIENTED_EDGE ( 'NONE', *, *, #2566, .T. ) ;
#1613 = CLOSED_SHELL ( 'NONE', ( #65, #2639, #2562, #2504, #2808, #3687, #2779, #731, #3733, #1761, #692, #3146, #656, #2539, #951, #675, #2942, #1505, #2742, #3946, #2318, #1899, #875, #3636, #3213, #2126, #3471, #549, #423, #2989, #2122, #3912, #3807, #969, #3960, #3307, #2260, #341, #2658, #579, #2322, #248, #992, #633, #2168, #1758, #2273, #572, #2691, #2978, #1306, #1486, #3751, #1268, #2636, #3382, #815, #3528, #181, #1052, #1986, #1296, #488, #1577, #1348, #2610, #109, #2670, #3266, #3135, #1260, #3300, #1675, #3210, #313, #3772, #3550, #292, #1382, #629, #2961, #117, #1829, #3624, #1836, #1806, #1715, #1121, #2837, #651, #1964, #3088, #1024, #2522, #1152, #3524, #3208, #1800, #2173, #3612, #1042, #2814, #2348, #1550, #2141, #1626, #296, #396, #1739, #926, #1354, #3780 ) ) ;
#1614 = LINE ( 'NONE', #379, #1103 ) ;
#1615 = ORIENTED_EDGE ( 'NONE', *, *, #1280, .F. ) ;
#1616 = CARTESIAN_POINT ( 'NONE',  ( 20.29999999999999716, -12.00000000000000000, 31.75000000000000000 ) ) ;
#1617 = SURFACE_STYLE_USAGE ( .BOTH. , #383 ) ;
#1618 = LINE ( 'NONE', #2246, #1310 ) ;
#1619 = EDGE_CURVE ( 'NONE', #327, #2721, #3834, .T. ) ;
#1620 = CARTESIAN_POINT ( 'NONE',  ( 3.469446951953614978E-15, -12.50000000000000000, 15.05000000000000071 ) ) ;
#1621 = ORIENTED_EDGE ( 'NONE', *, *, #738, .F. ) ;
#1622 = DIRECTION ( 'NONE',  ( 0.000000000000000000, 0.000000000000000000, -1.000000000000000000 ) ) ;
#1623 = DIRECTION ( 'NONE',  ( 0.000000000000000000, 0.000000000000000000, -1.000000000000000000 ) ) ;
#1624 = DIRECTION ( 'NONE',  ( 0.000000000000000000, 0.000000000000000000, -1.000000000000000000 ) ) ;
#1625 = CIRCLE ( 'NONE', #3173, 1.149999999999999911 ) ;
#1626 = ADVANCED_FACE ( 'NONE', ( #1692 ), #729, .T. ) ;
#1627 = DIRECTION ( 'NONE',  ( 1.000000000000000000, 0.000000000000000000, 0.000000000000000000 ) ) ;
#1628 = VECTOR ( 'NONE', #1474, 1000.000000000000000 ) ;
#1629 = VERTEX_POINT ( 'NONE', #3793 ) ;
#1630 = CARTESIAN_POINT ( 'NONE',  ( 19.93870941417869957, 12.34564304216478092, 31.75000000000000000 ) ) ;
#1631 = CIRCLE ( 'NONE', #523, 0.5000000000000004441 ) ;
#1632 = EDGE_CURVE ( 'NONE', #458, #3389, #3370, .T. ) ;
#1633 = AXIS2_PLACEMENT_3D ( 'NONE', #3859, #1957, #2313 ) ;
#1634 = DIRECTION ( 'NONE',  ( -1.000000000000000000, 0.000000000000000000, 0.000000000000000000 ) ) ;
#1635 = AXIS2_PLACEMENT_3D ( 'NONE', #2903, #3156, #138 ) ;
#1636 = EDGE_LOOP ( 'NONE', ( #2802, #713, #1586, #1204 ) ) ;
#1637 = ORIENTED_EDGE ( 'NONE', *, *, #1089, .T. ) ;
#1638 = VECTOR ( 'NONE', #2529, 1000.000000000000000 ) ;
#1639 = CARTESIAN_POINT ( 'NONE',  ( 14.49391369234709970, -6.654356957835229736, 31.75000000000000000 ) ) ;
#1640 = CARTESIAN_POINT ( 'NONE',  ( 20.80000000000000071, -12.00000000000000000, -31.75000000000000000 ) ) ;
#1641 = DIRECTION ( 'NONE',  ( 0.000000000000000000, 0.000000000000000000, 1.000000000000000000 ) ) ;
#1642 = DIRECTION ( 'NONE',  ( 0.000000000000000000, 0.000000000000000000, -1.000000000000000000 ) ) ;
#1643 = AXIS2_PLACEMENT_3D ( 'NONE', #965, #1548, #3417 ) ;
#1644 = CIRCLE ( 'NONE', #1776, 0.5000000000000004441 ) ;
#1645 = EDGE_LOOP ( 'NONE', ( #425, #486, #1362, #2198 ) ) ;
#1646 = ORIENTED_EDGE ( 'NONE', *, *, #2623, .T. ) ;
#1647 = DIRECTION ( 'NONE',  ( 0.000000000000000000, 0.000000000000000000, -1.000000000000000000 ) ) ;
#1648 = CARTESIAN_POINT ( 'NONE',  ( -19.93870941417869957, -12.34564304216478092, 31.75000000000000000 ) ) ;
#1649 = CARTESIAN_POINT ( 'NONE',  ( 20.60438071450434805, -6.065323329854379608, -31.75000000000000000 ) ) ;
#1650 = AXIS2_PLACEMENT_3D ( 'NONE', #503, #3590, #1714 ) ;
#1651 = VECTOR ( 'NONE', #1368, 1000.000000000000227 ) ;
#1652 = ORIENTED_EDGE ( 'NONE', *, *, #3883, .F. ) ;
#1653 = EDGE_CURVE ( 'NONE', #826, #1004, #2733, .T. ) ;
#1654 = CARTESIAN_POINT ( 'NONE',  ( 14.49391369234709970, -6.654356957835229736, -31.75000000000000000 ) ) ;
#1655 = DIRECTION ( 'NONE',  ( 0.000000000000000000, 0.000000000000000000, -1.000000000000000000 ) ) ;
#1656 = ORIENTED_EDGE ( 'NONE', *, *, #3860, .F. ) ;
#1657 = EDGE_CURVE ( 'NONE', #734, #458, #1670, .T. ) ;
#1658 = DIRECTION ( 'NONE',  ( 0.000000000000000000, 0.000000000000000000, -1.000000000000000000 ) ) ;
#1659 = ORIENTED_EDGE ( 'NONE', *, *, #2477, .T. ) ;
#1660 = EDGE_CURVE ( 'NONE', #3485, #215, #15, .T. ) ;
#1661 = CARTESIAN_POINT ( 'NONE',  ( 20.66129058582125211, 11.65435695783522085, 31.75000000000000000 ) ) ;
#1662 = CARTESIAN_POINT ( 'NONE',  ( -13.64304901951866000, -1.353941855023654162, 31.75000000000000000 ) ) ;
#1663 = DIRECTION ( 'NONE',  ( 0.000000000000000000, 0.000000000000000000, 1.000000000000000000 ) ) ;
#1664 = CARTESIAN_POINT ( 'NONE',  ( 14.13262310652581988, 6.500000000000000000, 31.75000000000000000 ) ) ;
#1665 = EDGE_LOOP ( 'NONE', ( #2864, #2222, #2049, #3745 ) ) ;
#1666 = VERTEX_POINT ( 'NONE', #2911 ) ;
#1667 = ORIENTED_EDGE ( 'NONE', *, *, #1194, .T. ) ;
#1668 = CARTESIAN_POINT ( 'NONE',  ( 15.62050326209419993, 11.77300475013021952, 31.75000000000000000 ) ) ;
#1669 = FACE_OUTER_BOUND ( 'NONE', #1140, .T. ) ;
#1670 = LINE ( 'NONE', #469, #404 ) ;
#1671 = ORIENTED_EDGE ( 'NONE', *, *, #2464, .T. ) ;
#1672 = VERTEX_POINT ( 'NONE', #2592 ) ;
#1673 = CARTESIAN_POINT ( 'NONE',  ( -15.24528645199919907, 3.843854292126359873, -31.75000000000000000 ) ) ;
#1674 = PLANE ( 'NONE',  #1227 ) ;
#1675 = ADVANCED_FACE ( 'NONE', ( #3479 ), #705, .T. ) ;
#1676 = ORIENTED_EDGE ( 'NONE', *, *, #2963, .T. ) ;
#1677 = CARTESIAN_POINT ( 'NONE',  ( 9.000000000000000000, 12.00000000000000000, 31.75000000000000000 ) ) ;
#1678 = DIRECTION ( 'NONE',  ( 1.000000000000000000, 0.000000000000000000, 0.000000000000000000 ) ) ;
#1679 = EDGE_CURVE ( 'NONE', #3482, #3618, #3162, .T. ) ;
#1680 = EDGE_LOOP ( 'NONE', ( #568, #3160, #2811, #3390 ) ) ;
#1681 = FACE_OUTER_BOUND ( 'NONE', #621, .T. ) ;
#1682 = CARTESIAN_POINT ( 'NONE',  ( -19.93870941417869957, 12.34564304216478092, -31.75000000000000000 ) ) ;
#1683 = CARTESIAN_POINT ( 'NONE',  ( -8.500000000000000000, 0.7500000000000000000, -31.75000000000000000 ) ) ;
#1684 = DIRECTION ( 'NONE',  ( 1.000000000000000000, 0.000000000000000000, 0.000000000000000000 ) ) ;
#1685 = EDGE_CURVE ( 'NONE', #2459, #2822, #3877, .T. ) ;
#1686 = CARTESIAN_POINT ( 'NONE',  ( -14.49391369234709970, 6.654356957835229736, -31.75000000000000000 ) ) ;
#1687 = ORIENTED_EDGE ( 'NONE', *, *, #3400, .T. ) ;
#1688 = ORIENTED_EDGE ( 'NONE', *, *, #1097, .T. ) ;
#1689 = VERTEX_POINT ( 'NONE', #2615 ) ;
#1690 = CARTESIAN_POINT ( 'NONE',  ( -19.99561928549564982, -6.858676670145619880, -31.75000000000000000 ) ) ;
#1691 = CARTESIAN_POINT ( 'NONE',  ( -6.500000000000000000, -0.7500000000000000000, 31.75000000000000000 ) ) ;
#1692 = FACE_OUTER_BOUND ( 'NONE', #1170, .T. ) ;
#1693 = ORIENTED_EDGE ( 'NONE', *, *, #2710, .T. ) ;
#1694 = VERTEX_POINT ( 'NONE', #1649 ) ;
#1695 = AXIS2_PLACEMENT_3D ( 'NONE', #1358, #152, #1723 ) ;
#1696 = DIRECTION ( 'NONE',  ( -1.000000000000000000, 0.000000000000000000, 0.000000000000000000 ) ) ;
#1697 = CARTESIAN_POINT ( 'NONE',  ( 13.35727658936150064, 0.9436564444104260652, -31.75000000000000000 ) ) ;
#1698 = PRESENTATION_LAYER_ASSIGNMENT (  '', '', ( #3425 ) ) ;
#1699 = ORIENTED_EDGE ( 'NONE', *, *, #2519, .T. ) ;
#1700 = CARTESIAN_POINT ( 'NONE',  ( -10.61337697827829984, -5.250000000000000000, 31.75000000000000000 ) ) ;
#1701 = PRODUCT_RELATED_PRODUCT_CATEGORY ( 'part', '', ( #2747 ) ) ;
#1702 = AXIS2_PLACEMENT_3D ( 'NONE', #884, #1581, #956 ) ;
#1703 = CIRCLE ( 'NONE', #145, 0.5000000000000004441 ) ;
#1704 = ORIENTED_EDGE ( 'NONE', *, *, #2882, .F. ) ;
#1705 = EDGE_CURVE ( 'NONE', #2812, #259, #2480, .T. ) ;
#1706 = DIRECTION ( 'NONE',  ( 1.000000000000000000, 0.000000000000000000, 0.000000000000000000 ) ) ;
#1707 = CARTESIAN_POINT ( 'NONE',  ( -15.54966716650354996, -3.447177621980745066, 31.75000000000000000 ) ) ;
#1708 = DIRECTION ( 'NONE',  ( 0.000000000000000000, 0.000000000000000000, -1.000000000000000000 ) ) ;
#1709 = VECTOR ( 'NONE', #175, 1000.000000000000000 ) ;
#1710 = DIRECTION ( 'NONE',  ( 0.000000000000000000, 0.000000000000000000, -1.000000000000000000 ) ) ;
#1711 = VERTEX_POINT ( 'NONE', #3186 ) ;
#1712 = ORIENTED_EDGE ( 'NONE', *, *, #347, .T. ) ;
#1713 = AXIS2_PLACEMENT_3D ( 'NONE', #889, #1319, #3749 ) ;
#1714 = DIRECTION ( 'NONE',  ( -1.000000000000000000, 0.000000000000000000, 0.000000000000000000 ) ) ;
#1715 = ADVANCED_FACE ( 'NONE', ( #3566 ), #1936, .F. ) ;
#1716 = CYLINDRICAL_SURFACE ( 'NONE', #1096, 0.5000000000000004441 ) ;
#1717 = CARTESIAN_POINT ( 'NONE',  ( -20.29999999999999716, 12.00000000000000000, 31.75000000000000000 ) ) ;
#1718 = AXIS2_PLACEMENT_3D ( 'NONE', #516, #3310, #822 ) ;
#1719 = VECTOR ( 'NONE', #766, 1000.000000000000000 ) ;
#1720 = DIRECTION ( 'NONE',  ( 0.000000000000000000, 0.000000000000000000, -1.000000000000000000 ) ) ;
#1721 = ORIENTED_EDGE ( 'NONE', *, *, #1842, .T. ) ;
#1722 = CIRCLE ( 'NONE', #478, 0.5000000000000004441 ) ;
#1723 = DIRECTION ( 'NONE',  ( 1.000000000000000000, 0.000000000000000000, 0.000000000000000000 ) ) ;
#1724 = CARTESIAN_POINT ( 'NONE',  ( -11.54999999999999893, 3.013970138988530751E-15, 28.25000000000000000 ) ) ;
#1725 = VECTOR ( 'NONE', #3199, 1000.000000000000227 ) ;
#1726 = CARTESIAN_POINT ( 'NONE',  ( -20.60438071450434805, -6.065323329854379608, 31.75000000000000000 ) ) ;
#1727 = AXIS2_PLACEMENT_3D ( 'NONE', #3620, #2966, #137 ) ;
#1728 = EDGE_LOOP ( 'NONE', ( #3746, #2709, #2516, #2618 ) ) ;
#1729 = DIRECTION ( 'NONE',  ( 1.000000000000000000, 0.000000000000000000, 0.000000000000000000 ) ) ;
#1730 = DIRECTION ( 'NONE',  ( 0.7933533402912350541, 0.6087614290087208779, 0.000000000000000000 ) ) ;
#1731 = LINE ( 'NONE', #538, #1902 ) ;
#1732 = PLANE ( 'NONE',  #1247 ) ;
#1733 = EDGE_CURVE ( 'NONE', #1046, #708, #1318, .T. ) ;
#1734 = ORIENTED_EDGE ( 'NONE', *, *, #700, .T. ) ;
#1735 = ORIENTED_EDGE ( 'NONE', *, *, #3880, .T. ) ;
#1736 = CARTESIAN_POINT ( 'NONE',  ( -20.66129058582125211, 11.65435695783522085, -31.75000000000000000 ) ) ;
#1737 = CARTESIAN_POINT ( 'NONE',  ( -13.64304901951866000, -1.353941855023654162, 31.75000000000000000 ) ) ;
#1738 = DIRECTION ( 'NONE',  ( 0.000000000000000000, 0.000000000000000000, 1.000000000000000000 ) ) ;
#1739 = ADVANCED_FACE ( 'NONE', ( #3950 ), #1417, .T. ) ;
#1740 = VERTEX_POINT ( 'NONE', #1809 ) ;
#1741 = CARTESIAN_POINT ( 'NONE',  ( -15.62050326209419993, 11.77300475013021952, 31.75000000000000000 ) ) ;
#1742 = EDGE_CURVE ( 'NONE', #3482, #1043, #544, .T. ) ;
#1743 = DIRECTION ( 'NONE',  ( 0.000000000000000000, 0.000000000000000000, -1.000000000000000000 ) ) ;
#1744 = CARTESIAN_POINT ( 'NONE',  ( 15.17499999999999893, 12.00000000000000000, 31.75000000000000000 ) ) ;
#1745 = VERTEX_POINT ( 'NONE', #829 ) ;
#1746 = DIRECTION ( 'NONE',  ( 0.000000000000000000, 0.000000000000000000, -1.000000000000000000 ) ) ;
#1747 = LINE ( 'NONE', #2011, #2941 ) ;
#1748 = CARTESIAN_POINT ( 'NONE',  ( 11.54999999999999893, 2.873135757086585172E-15, 28.25000000000000000 ) ) ;
#1749 = ORIENTED_EDGE ( 'NONE', *, *, #1016, .T. ) ;
#1750 = ORIENTED_EDGE ( 'NONE', *, *, #608, .F. ) ;
#1751 = CYLINDRICAL_SURFACE ( 'NONE', #667, 0.5000000000000004441 ) ;
#1752 = VECTOR ( 'NONE', #1434, 1000.000000000000227 ) ;
#1753 = CARTESIAN_POINT ( 'NONE',  ( 14.72949673790581926, 12.22699524986975916, 31.75000000000000000 ) ) ;
#1754 = CARTESIAN_POINT ( 'NONE',  ( -19.99561928549564982, -6.858676670145619880, 31.75000000000000000 ) ) ;
#1755 = ORIENTED_EDGE ( 'NONE', *, *, #1535, .T. ) ;
#1756 = ORIENTED_EDGE ( 'NONE', *, *, #3991, .F. ) ;
#1757 = CARTESIAN_POINT ( 'NONE',  ( 14.24140333022853788, 4.330800431932630090, 31.75000000000000000 ) ) ;
#1758 = ADVANCED_FACE ( 'NONE', ( #1191 ), #2696, .F. ) ;
#1759 = LINE ( 'NONE', #3936, #2999 ) ;
#1760 = VECTOR ( 'NONE', #1327, 1000.000000000000000 ) ;
#1761 = ADVANCED_FACE ( 'NONE', ( #3263 ), #2074, .T. ) ;
#1762 = CIRCLE ( 'NONE', #3823, 0.5000000000000004441 ) ;
#1763 = ORIENTED_EDGE ( 'NONE', *, *, #3235, .F. ) ;
#1764 = AXIS2_PLACEMENT_3D ( 'NONE', #915, #3965, #1184 ) ;
#1765 = ORIENTED_EDGE ( 'NONE', *, *, #2101, .F. ) ;
#1766 = CARTESIAN_POINT ( 'NONE',  ( -20.29999999999999716, -6.461999999999999744, -31.75000000000000000 ) ) ;
#1767 = LINE ( 'NONE', #764, #1589 ) ;
#1768 = CARTESIAN_POINT ( 'NONE',  ( 14.49391369234709970, -6.654356957835229736, 31.75000000000000000 ) ) ;
#1769 = AXIS2_PLACEMENT_3D ( 'NONE', #1426, #476, #776 ) ;
#1770 = CYLINDRICAL_SURFACE ( 'NONE', #3195, 0.5000000000000004441 ) ;
#1771 = AXIS2_PLACEMENT_3D ( 'NONE', #1717, #3240, #1025 ) ;
#1772 = CARTESIAN_POINT ( 'NONE',  ( -20.29999999999999716, 6.461999999999999744, 31.75000000000000000 ) ) ;
#1773 = DIRECTION ( 'NONE',  ( 0.000000000000000000, 0.000000000000000000, -1.000000000000000000 ) ) ;
#1774 = AXIS2_PLACEMENT_3D ( 'NONE', #3418, #3717, #1627 ) ;
#1775 = ORIENTED_EDGE ( 'NONE', *, *, #2155, .F. ) ;
#1776 = AXIS2_PLACEMENT_3D ( 'NONE', #1541, #2771, #939 ) ;
#1777 = DIRECTION ( 'NONE',  ( 0.7933533402912341659, 0.6087614290087219882, 0.000000000000000000 ) ) ;
#1778 = CARTESIAN_POINT ( 'NONE',  ( -19.93870941417869957, 12.34564304216478092, 31.75000000000000000 ) ) ;
#1779 = VECTOR ( 'NONE', #3322, 1000.000000000000000 ) ;
#1780 = EDGE_CURVE ( 'NONE', #3618, #37, #2061, .T. ) ;
#1781 = VERTEX_POINT ( 'NONE', #1441 ) ;
#1782 = CARTESIAN_POINT ( 'NONE',  ( 20.80000000000000071, 12.00000000000000000, -31.75000000000000000 ) ) ;
#1783 = VECTOR ( 'NONE', #2564, 1000.000000000000000 ) ;
#1784 = EDGE_CURVE ( 'NONE', #708, #1322, #1465, .T. ) ;
#1785 = ORIENTED_EDGE ( 'NONE', *, *, #1733, .F. ) ;
#1786 = ORIENTED_EDGE ( 'NONE', *, *, #3700, .T. ) ;
#1787 = CARTESIAN_POINT ( 'NONE',  ( -20.80000000000000071, -6.461999999999999744, 31.75000000000000000 ) ) ;
#1788 = CARTESIAN_POINT ( 'NONE',  ( -8.500000000000000000, -0.7500000000000000000, 31.75000000000000000 ) ) ;
#1789 = LINE ( 'NONE', #2967, #1416 ) ;
#1790 = CARTESIAN_POINT ( 'NONE',  ( -14.27678941455290129, -4.980824188601770786, 31.75000000000000000 ) ) ;
#1791 = LINE ( 'NONE', #3014, #606 ) ;
#1792 = CARTESIAN_POINT ( 'NONE',  ( 15.17499999999999893, -12.00000000000000000, 31.75000000000000000 ) ) ;
#1793 = EDGE_LOOP ( 'NONE', ( #3437, #1765, #3606, #3898 ) ) ;
#1794 = APPLICATION_CONTEXT ( 'automotive_design' ) ;
#1795 = VERTEX_POINT ( 'NONE', #490 ) ;
#1796 = CARTESIAN_POINT ( 'NONE',  ( -6.500000000000000000, -0.7500000000000000000, 31.75000000000000000 ) ) ;
#1797 = CARTESIAN_POINT ( 'NONE',  ( -20.60438071450434805, -6.065323329854379608, 31.75000000000000000 ) ) ;
#1798 = FACE_OUTER_BOUND ( 'NONE', #2703, .T. ) ;
#1799 = DIRECTION ( 'NONE',  ( -1.000000000000000000, 0.000000000000000000, 0.000000000000000000 ) ) ;
#1800 = ADVANCED_FACE ( 'NONE', ( #2113, #3896 ), #1133, .F. ) ;
#1801 = ORIENTED_EDGE ( 'NONE', *, *, #1199, .T. ) ;
#1802 = ORIENTED_EDGE ( 'NONE', *, *, #512, .F. ) ;
#1803 = CARTESIAN_POINT ( 'NONE',  ( 12.69999999999999929, 2.873135757086585172E-15, 35.25000000000000000 ) ) ;
#1804 = DIRECTION ( 'NONE',  ( -2.569960705150824905E-16, 1.000000000000000000, 0.000000000000000000 ) ) ;
#1805 = DIRECTION ( 'NONE',  ( 0.000000000000000000, 0.000000000000000000, -1.000000000000000000 ) ) ;
#1806 = ADVANCED_FACE ( 'NONE', ( #846 ), #2388, .F. ) ;
#1807 = CARTESIAN_POINT ( 'NONE',  ( -9.500000000000000000, 5.250000000000000000, 31.75000000000000000 ) ) ;
#1808 = CARTESIAN_POINT ( 'NONE',  ( -19.99561928549564982, 6.858676670145619880, 31.75000000000000000 ) ) ;
#1809 = CARTESIAN_POINT ( 'NONE',  ( -19.93870941417869957, -12.34564304216478092, -31.75000000000000000 ) ) ;
#1810 = EDGE_CURVE ( 'NONE', #2627, #3347, #792, .T. ) ;
#1811 = CARTESIAN_POINT ( 'NONE',  ( -11.05888024037249906, -5.023004750130230178, 31.75000000000000000 ) ) ;
#1812 = ORIENTED_EDGE ( 'NONE', *, *, #1252, .F. ) ;
#1813 = VERTEX_POINT ( 'NONE', #504 ) ;
#1814 = DIRECTION ( 'NONE',  ( 0.000000000000000000, 0.000000000000000000, -1.000000000000000000 ) ) ;
#1815 = LINE ( 'NONE', #3358, #3116 ) ;
#1816 = DIRECTION ( 'NONE',  ( -1.000000000000000000, 0.000000000000000000, 0.000000000000000000 ) ) ;
#1817 = CARTESIAN_POINT ( 'NONE',  ( 10.00000000000000000, 4.750000000000000000, 31.75000000000000000 ) ) ;
#1818 = DIRECTION ( 'NONE',  ( 0.4539904997395408648, -0.8910065241883707854, 0.000000000000000000 ) ) ;
#1819 = CARTESIAN_POINT ( 'NONE',  ( 9.500000000000000000, 5.250000000000000000, -31.75000000000000000 ) ) ;
#1820 = VECTOR ( 'NONE', #2769, 1000.000000000000000 ) ;
#1821 = ORIENTED_EDGE ( 'NONE', *, *, #1424, .F. ) ;
#1822 = VECTOR ( 'NONE', #520, 1000.000000000000000 ) ;
#1823 = DIRECTION ( 'NONE',  ( -0.6087614290087208779, -0.7933533402912350541, 0.000000000000000000 ) ) ;
#1824 = DIRECTION ( 'NONE',  ( 0.000000000000000000, 0.000000000000000000, 1.000000000000000000 ) ) ;
#1825 = DIRECTION ( 'NONE',  ( 0.000000000000000000, 0.000000000000000000, -1.000000000000000000 ) ) ;
#1826 = AXIS2_PLACEMENT_3D ( 'NONE', #3715, #929, #27 ) ;
#1827 = ORIENTED_EDGE ( 'NONE', *, *, #1419, .T. ) ;
#1828 = ORIENTED_EDGE ( 'NONE', *, *, #2221, .F. ) ;
#1829 = ADVANCED_FACE ( 'NONE', ( #1484 ), #3610, .F. ) ;
#1830 = CARTESIAN_POINT ( 'NONE',  ( -15.24528645199919907, 3.843854292126359873, 31.75000000000000000 ) ) ;
#1831 = CARTESIAN_POINT ( 'NONE',  ( -14.13262310652581988, 6.500000000000000000, -31.75000000000000000 ) ) ;
#1832 = CARTESIAN_POINT ( 'NONE',  ( 14.63808000037415979, -4.635181146436989863, 31.75000000000000000 ) ) ;
#1833 = AXIS2_PLACEMENT_3D ( 'NONE', #2229, #97, #1329 ) ;
#1834 = ORIENTED_EDGE ( 'NONE', *, *, #2984, .T. ) ;
#1835 = VECTOR ( 'NONE', #159, 1000.000000000000000 ) ;
#1836 = ADVANCED_FACE ( 'NONE', ( #3354 ), #3998, .F. ) ;
#1837 = ORIENTED_EDGE ( 'NONE', *, *, #678, .F. ) ;
#1838 = CARTESIAN_POINT ( 'NONE',  ( -15.54966716650354996, -3.447177621980745066, 31.75000000000000000 ) ) ;
#1839 = DIRECTION ( 'NONE',  ( 1.000000000000000000, 0.000000000000000000, 0.000000000000000000 ) ) ;
#1840 = CIRCLE ( 'NONE', #76, 0.5000000000000004441 ) ;
#1841 = CARTESIAN_POINT ( 'NONE',  ( -9.500000000000000000, 5.250000000000000000, -31.75000000000000000 ) ) ;
#1842 = EDGE_CURVE ( 'NONE', #1609, #1745, #2033, .T. ) ;
#1843 = ORIENTED_EDGE ( 'NONE', *, *, #811, .T. ) ;
#1844 = AXIS2_PLACEMENT_3D ( 'NONE', #1139, #588, #2159 ) ;
#1845 = LINE ( 'NONE', #2533, #161 ) ;
#1846 = AXIS2_PLACEMENT_3D ( 'NONE', #369, #409, #3144 ) ;
#1847 = VERTEX_POINT ( 'NONE', #323 ) ;
#1848 = AXIS2_PLACEMENT_3D ( 'NONE', #3031, #2408, #3646 ) ;
#1849 = DIRECTION ( 'NONE',  ( 0.000000000000000000, 0.000000000000000000, -1.000000000000000000 ) ) ;
#1850 = LINE ( 'NONE', #3109, #836 ) ;
#1851 = CIRCLE ( 'NONE', #2748, 0.5000000000000004441 ) ;
#1852 = ORIENTED_EDGE ( 'NONE', *, *, #615, .F. ) ;
#1853 = CARTESIAN_POINT ( 'NONE',  ( -15.54966716650354996, 3.447177621980745066, 31.75000000000000000 ) ) ;
#1854 = DIRECTION ( 'NONE',  ( 0.000000000000000000, 0.000000000000000000, -1.000000000000000000 ) ) ;
#1855 = FACE_OUTER_BOUND ( 'NONE', #3902, .T. ) ;
#1856 = EDGE_CURVE ( 'NONE', #1234, #740, #3742, .T. ) ;
#1857 = DIRECTION ( 'NONE',  ( 1.000000000000000000, 0.000000000000000000, 0.000000000000000000 ) ) ;
#1858 = ORIENTED_EDGE ( 'NONE', *, *, #2375, .F. ) ;
#1859 = ORIENTED_EDGE ( 'NONE', *, *, #3105, .T. ) ;
#1860 = LINE ( 'NONE', #1917, #518 ) ;
#1861 = CARTESIAN_POINT ( 'NONE',  ( 10.61337697827829984, -5.250000000000000000, 31.75000000000000000 ) ) ;
#1862 = EDGE_CURVE ( 'NONE', #1953, #760, #366, .T. ) ;
#1863 = CYLINDRICAL_SURFACE ( 'NONE', #3643, 0.5000000000000004441 ) ;
#1864 = VERTEX_POINT ( 'NONE', #1543 ) ;
#1865 = DIRECTION ( 'NONE',  ( 1.000000000000000000, 0.000000000000000000, 0.000000000000000000 ) ) ;
#1866 = EDGE_CURVE ( 'NONE', #2407, #3065, #2773, .T. ) ;
#1867 = ORIENTED_EDGE ( 'NONE', *, *, #2662, .F. ) ;
#1868 = CARTESIAN_POINT ( 'NONE',  ( 13.84999999999999964, 3.013970138988530751E-15, 28.25000000000000000 ) ) ;
#1869 = CARTESIAN_POINT ( 'NONE',  ( -15.17499999999999893, 12.00000000000000000, 31.75000000000000000 ) ) ;
#1870 = ORIENTED_EDGE ( 'NONE', *, *, #3783, .T. ) ;
#1871 = EDGE_LOOP ( 'NONE', ( #927, #100, #3605, #1067 ) ) ;
#1872 = LINE ( 'NONE', #2473, #2417 ) ;
#1873 = DIRECTION ( 'NONE',  ( 0.000000000000000000, 0.000000000000000000, 1.000000000000000000 ) ) ;
#1874 = DIRECTION ( 'NONE',  ( -0.4539904997395408648, 0.8910065241883707854, 0.000000000000000000 ) ) ;
#1875 = ORIENTED_EDGE ( 'NONE', *, *, #2548, .F. ) ;
#1876 = DIRECTION ( 'NONE',  ( 0.6087614290087208779, 0.7933533402912350541, 0.000000000000000000 ) ) ;
#1877 = LINE ( 'NONE', #3099, #718 ) ;
#1878 = CARTESIAN_POINT ( 'NONE',  ( -13.30419572806806094, 7.226995249869780480, 31.75000000000000000 ) ) ;
#1879 = ORIENTED_EDGE ( 'NONE', *, *, #3501, .T. ) ;
#1880 = EDGE_CURVE ( 'NONE', #1813, #307, #20, .T. ) ;
#1881 = CARTESIAN_POINT ( 'NONE',  ( -11.54999999999999893, 3.013970138988530751E-15, 35.25000000000000000 ) ) ;
#1882 = AXIS2_PLACEMENT_3D ( 'NONE', #2728, #339, #3664 ) ;
#1883 = ORIENTED_EDGE ( 'NONE', *, *, #287, .F. ) ;
#1884 = EDGE_CURVE ( 'NONE', #772, #2459, #2131, .T. ) ;
#1885 = DIRECTION ( 'NONE',  ( 0.000000000000000000, 0.000000000000000000, -1.000000000000000000 ) ) ;
#1886 = FACE_OUTER_BOUND ( 'NONE', #1871, .T. ) ;
#1887 = ORIENTED_EDGE ( 'NONE', *, *, #1199, .F. ) ;
#1888 = DIRECTION ( 'NONE',  ( 0.000000000000000000, 0.000000000000000000, -1.000000000000000000 ) ) ;
#1889 = PLANE ( 'NONE',  #1702 ) ;
#1890 = CARTESIAN_POINT ( 'NONE',  ( 20.66129058582125211, 11.65435695783522085, -31.75000000000000000 ) ) ;
#1891 = ORIENTED_EDGE ( 'NONE', *, *, #253, .T. ) ;
#1892 = VERTEX_POINT ( 'NONE', #1890 ) ;
#1893 = ORIENTED_EDGE ( 'NONE', *, *, #3355, .T. ) ;
#1894 = CIRCLE ( 'NONE', #2595, 1.149999999999999911 ) ;
#1895 = CARTESIAN_POINT ( 'NONE',  ( 15.62050326209419993, 11.77300475013021952, -31.75000000000000000 ) ) ;
#1896 = FACE_OUTER_BOUND ( 'NONE', #1563, .T. ) ;
#1897 = FACE_OUTER_BOUND ( 'NONE', #3838, .T. ) ;
#1898 = ORIENTED_EDGE ( 'NONE', *, *, #3141, .T. ) ;
#1899 = ADVANCED_FACE ( 'NONE', ( #605 ), #3115, .F. ) ;
#1900 = LINE ( 'NONE', #3131, #32 ) ;
#1901 = CARTESIAN_POINT ( 'NONE',  ( -15.67499999999999716, 12.00000000000000000, 31.75000000000000000 ) ) ;
#1902 = VECTOR ( 'NONE', #2087, 1000.000000000000114 ) ;
#1903 = DIRECTION ( 'NONE',  ( -0.6912860843295498547, -0.7225811716425486475, 0.000000000000000000 ) ) ;
#1904 = VECTOR ( 'NONE', #864, 1000.000000000000000 ) ;
#1905 = ADVANCED_FACE ( 'NONE', ( #941 ), #1601, .T. ) ;
#1906 = CIRCLE ( 'NONE', #2800, 0.5000000000000004441 ) ;
#1907 = VECTOR ( 'NONE', #233, 1000.000000000000227 ) ;
#1908 = CARTESIAN_POINT ( 'NONE',  ( -14.24140333022853788, 4.330800431932630090, 31.75000000000000000 ) ) ;
#1909 = DIRECTION ( 'NONE',  ( 1.000000000000000000, 0.000000000000000000, 0.000000000000000000 ) ) ;
#1910 = DIRECTION ( 'NONE',  ( 0.000000000000000000, 0.000000000000000000, -1.000000000000000000 ) ) ;
#1911 =( GEOMETRIC_REPRESENTATION_CONTEXT ( 3 ) GLOBAL_UNCERTAINTY_ASSIGNED_CONTEXT ( ( #3976 ) ) GLOBAL_UNIT_ASSIGNED_CONTEXT ( ( #115, #980, #427 ) ) REPRESENTATION_CONTEXT ( 'NONE', 'WORKASPACE' ) );
#1912 = EDGE_CURVE ( 'NONE', #3277, #1892, #149, .T. ) ;
#1913 = ORIENTED_EDGE ( 'NONE', *, *, #220, .T. ) ;
#1914 = ORIENTED_EDGE ( 'NONE', *, *, #2913, .T. ) ;
#1915 = ORIENTED_EDGE ( 'NONE', *, *, #242, .F. ) ;
#1916 = VECTOR ( 'NONE', #2752, 1000.000000000000227 ) ;
#1917 = CARTESIAN_POINT ( 'NONE',  ( -13.74969899016226016, 6.500000000000000000, -31.75000000000000000 ) ) ;
#1918 = DIRECTION ( 'NONE',  ( -1.000000000000000000, 0.000000000000000000, 0.000000000000000000 ) ) ;
#1919 = DIRECTION ( 'NONE',  ( 1.000000000000000000, 0.000000000000000000, 0.000000000000000000 ) ) ;
#1920 = ORIENTED_EDGE ( 'NONE', *, *, #3837, .T. ) ;
#1921 = CARTESIAN_POINT ( 'NONE',  ( 14.24140333022853788, -4.330800431932630090, -31.75000000000000000 ) ) ;
#1922 = ORIENTED_EDGE ( 'NONE', *, *, #3235, .T. ) ;
#1923 = EDGE_CURVE ( 'NONE', #2008, #2381, #3413, .T. ) ;
#1924 = PLANE ( 'NONE',  #2405 ) ;
#1925 = CARTESIAN_POINT ( 'NONE',  ( 14.63808000037415979, 4.635181146436989863, 31.75000000000000000 ) ) ;
#1926 = VERTEX_POINT ( 'NONE', #54 ) ;
#1927 = EDGE_CURVE ( 'NONE', #814, #3848, #3766, .T. ) ;
#1928 = CARTESIAN_POINT ( 'NONE',  ( -10.00000000000000000, -4.750000000000000000, 31.75000000000000000 ) ) ;
#1929 = DIRECTION ( 'NONE',  ( 1.000000000000000000, 0.000000000000000000, 0.000000000000000000 ) ) ;
#1930 = DIRECTION ( 'NONE',  ( 0.000000000000000000, 0.000000000000000000, -1.000000000000000000 ) ) ;
#1931 = EDGE_LOOP ( 'NONE', ( #1913, #837, #2333, #2632 ) ) ;
#1932 = ORIENTED_EDGE ( 'NONE', *, *, #2041, .T. ) ;
#1933 = ORIENTED_EDGE ( 'NONE', *, *, #785, .F. ) ;
#1934 = LINE ( 'NONE', #2830, #3977 ) ;
#1935 = EDGE_CURVE ( 'NONE', #3547, #2876, #1230, .T. ) ;
#1936 = CYLINDRICAL_SURFACE ( 'NONE', #723, 0.5000000000000004441 ) ;
#1937 = DIRECTION ( 'NONE',  ( 0.000000000000000000, 0.000000000000000000, 1.000000000000000000 ) ) ;
#1938 = ORIENTED_EDGE ( 'NONE', *, *, #647, .F. ) ;
#1939 = EDGE_LOOP ( 'NONE', ( #1544, #863, #416, #1965 ) ) ;
#1940 = CARTESIAN_POINT ( 'NONE',  ( -14.27678941455290129, 4.980824188601770786, 31.75000000000000000 ) ) ;
#1941 = CARTESIAN_POINT ( 'NONE',  ( -8.500000000000000000, -0.7500000000000000000, -31.75000000000000000 ) ) ;
#1942 = ORIENTED_EDGE ( 'NONE', *, *, #557, .T. ) ;
#1943 = CIRCLE ( 'NONE', #199, 0.5000000000000004441 ) ;
#1944 = DIRECTION ( 'NONE',  ( -1.000000000000000000, 0.000000000000000000, 0.000000000000000000 ) ) ;
#1945 = ORIENTED_EDGE ( 'NONE', *, *, #1377, .T. ) ;
#1946 = LINE ( 'NONE', #1036, #1651 ) ;
#1947 = CARTESIAN_POINT ( 'NONE',  ( -20.80000000000000071, -6.461999999999999744, -31.75000000000000000 ) ) ;
#1948 = LINE ( 'NONE', #1346, #1725 ) ;
#1949 = DIRECTION ( 'NONE',  ( 1.000000000000000000, 0.000000000000000000, 0.000000000000000000 ) ) ;
#1950 = DIRECTION ( 'NONE',  ( -0.6087614290087208779, -0.7933533402912350541, 0.000000000000000000 ) ) ;
#1951 = EDGE_CURVE ( 'NONE', #1107, #254, #1840, .T. ) ;
#1952 = CIRCLE ( 'NONE', #1695, 0.5000000000000004441 ) ;
#1953 = VERTEX_POINT ( 'NONE', #1582 ) ;
#1954 = ORIENTED_EDGE ( 'NONE', *, *, #1880, .T. ) ;
#1955 = ORIENTED_EDGE ( 'NONE', *, *, #3037, .T. ) ;
#1956 = DIRECTION ( 'NONE',  ( -0.7933533402912350541, -0.6087614290087208779, 0.000000000000000000 ) ) ;
#1957 = DIRECTION ( 'NONE',  ( 0.000000000000000000, 0.000000000000000000, 1.000000000000000000 ) ) ;
#1958 = AXIS2_PLACEMENT_3D ( 'NONE', #1253, #3092, #2512 ) ;
#1959 = ADVANCED_FACE ( 'NONE', ( #1855 ), #3393, .F. ) ;
#1960 = AXIS2_PLACEMENT_3D ( 'NONE', #1190, #2772, #285 ) ;
#1961 = ORIENTED_EDGE ( 'NONE', *, *, #146, .F. ) ;
#1962 = DIRECTION ( 'NONE',  ( -1.000000000000000000, 0.000000000000000000, 0.000000000000000000 ) ) ;
#1963 = CIRCLE ( 'NONE', #3306, 0.5000000000000004441 ) ;
#1964 = ADVANCED_FACE ( 'NONE', ( #41 ), #3668, .F. ) ;
#1965 = ORIENTED_EDGE ( 'NONE', *, *, #2515, .T. ) ;
#1966 = VECTOR ( 'NONE', #958, 1000.000000000000227 ) ;
#1967 = DIRECTION ( 'NONE',  ( 0.7225811716425487585, -0.6912860843295498547, 0.000000000000000000 ) ) ;
#1968 = DIRECTION ( 'NONE',  ( 0.000000000000000000, 0.000000000000000000, 1.000000000000000000 ) ) ;
#1969 = VECTOR ( 'NONE', #614, 1000.000000000000000 ) ;
#1970 = VERTEX_POINT ( 'NONE', #1974 ) ;
#1971 = VECTOR ( 'NONE', #1720, 1000.000000000000000 ) ;
#1972 = DIRECTION ( 'NONE',  ( 1.000000000000000000, 0.000000000000000000, 0.000000000000000000 ) ) ;
#1973 = CARTESIAN_POINT ( 'NONE',  ( -14.63808000037415979, -4.635181146436989863, -31.75000000000000000 ) ) ;
#1974 = CARTESIAN_POINT ( 'NONE',  ( 8.500000000000000000, -12.00000000000000000, 31.75000000000000000 ) ) ;
#1975 = CARTESIAN_POINT ( 'NONE',  ( 20.29999999999999716, -12.00000000000000000, 31.75000000000000000 ) ) ;
#1976 = VECTOR ( 'NONE', #682, 1000.000000000000000 ) ;
#1977 = DIRECTION ( 'NONE',  ( -0.6912860843295498547, -0.7225811716425486475, 0.000000000000000000 ) ) ;
#1978 = ORIENTED_EDGE ( 'NONE', *, *, #2078, .F. ) ;
#1979 = ORIENTED_EDGE ( 'NONE', *, *, #778, .F. ) ;
#1980 = DIRECTION ( 'NONE',  ( -0.4539904997395408648, -0.8910065241883707854, 0.000000000000000000 ) ) ;
#1981 = VECTOR ( 'NONE', #1743, 1000.000000000000000 ) ;
#1982 = ADVANCED_FACE ( 'NONE', ( #3806 ), #3200, .T. ) ;
#1983 = VECTOR ( 'NONE', #3348, 1000.000000000000227 ) ;
#1984 = ORIENTED_EDGE ( 'NONE', *, *, #3631, .F. ) ;
#1985 = CARTESIAN_POINT ( 'NONE',  ( 20.29999999999999716, 6.461999999999999744, 31.75000000000000000 ) ) ;
#1986 = ADVANCED_FACE ( 'NONE', ( #428 ), #2230, .F. ) ;
#1987 = DIRECTION ( 'NONE',  ( 0.000000000000000000, 0.000000000000000000, -1.000000000000000000 ) ) ;
#1988 = EDGE_CURVE ( 'NONE', #278, #2008, #2845, .T. ) ;
#1989 = PLANE ( 'NONE',  #3246 ) ;
#1990 = ORIENTED_EDGE ( 'NONE', *, *, #2412, .F. ) ;
#1991 = FACE_OUTER_BOUND ( 'NONE', #1931, .T. ) ;
#1992 = CARTESIAN_POINT ( 'NONE',  ( -10.61337697827829984, -5.250000000000000000, -31.75000000000000000 ) ) ;
#1993 = CARTESIAN_POINT ( 'NONE',  ( -15.62050326209419993, -11.77300475013021952, -31.75000000000000000 ) ) ;
#1994 = CARTESIAN_POINT ( 'NONE',  ( 14.24140333022853788, 4.330800431932630090, -31.75000000000000000 ) ) ;
#1995 = ORIENTED_EDGE ( 'NONE', *, *, #1128, .F. ) ;
#1996 = VERTEX_POINT ( 'NONE', #444 ) ;
#1997 = DIRECTION ( 'NONE',  ( -1.000000000000000000, 0.000000000000000000, 0.000000000000000000 ) ) ;
#1998 = DIRECTION ( 'NONE',  ( 0.000000000000000000, 0.000000000000000000, -1.000000000000000000 ) ) ;
#1999 = CARTESIAN_POINT ( 'NONE',  ( -10.00000000000000000, 4.750000000000000000, 31.75000000000000000 ) ) ;
#2000 = EDGE_LOOP ( 'NONE', ( #1287, #719, #3397, #2907 ) ) ;
#2001 = EDGE_CURVE ( 'NONE', #3790, #3206, #1241, .T. ) ;
#2002 = ORIENTED_EDGE ( 'NONE', *, *, #1780, .F. ) ;
#2003 = CARTESIAN_POINT ( 'NONE',  ( 20.66129058582125211, -11.65435695783522085, 31.75000000000000000 ) ) ;
#2004 = EDGE_CURVE ( 'NONE', #1428, #3873, #854, .T. ) ;
#2005 = VERTEX_POINT ( 'NONE', #2263 ) ;
#2006 = DIRECTION ( 'NONE',  ( 2.569960705150824905E-16, -1.000000000000000000, 0.000000000000000000 ) ) ;
#2007 = EDGE_CURVE ( 'NONE', #2714, #1740, #2586, .T. ) ;
#2008 = VERTEX_POINT ( 'NONE', #2930 ) ;
#2009 = DIRECTION ( 'NONE',  ( -1.000000000000000000, 0.000000000000000000, 0.000000000000000000 ) ) ;
#2010 = CARTESIAN_POINT ( 'NONE',  ( -12.69999999999999929, 2.873135757086585172E-15, 35.25000000000000000 ) ) ;
#2011 = CARTESIAN_POINT ( 'NONE',  ( 14.84860978185358071, 3.539473577621999656, 31.75000000000000000 ) ) ;
#2012 = CARTESIAN_POINT ( 'NONE',  ( 13.64304901951866000, -1.353941855023654162, 31.75000000000000000 ) ) ;
#2013 = ORIENTED_EDGE ( 'NONE', *, *, #761, .F. ) ;
#2014 = ORIENTED_EDGE ( 'NONE', *, *, #2216, .F. ) ;
#2015 = LINE ( 'NONE', #1439, #2609 ) ;
#2016 = DIRECTION ( 'NONE',  ( 0.000000000000000000, 0.000000000000000000, -1.000000000000000000 ) ) ;
#2017 = LINE ( 'NONE', #80, #1175 ) ;
#2018 = ORIENTED_EDGE ( 'NONE', *, *, #902, .T. ) ;
#2019 = AXIS2_PLACEMENT_3D ( 'NONE', #1925, #3134, #1678 ) ;
#2020 = PLANE ( 'NONE',  #3104 ) ;
#2021 = DIRECTION ( 'NONE',  ( 0.000000000000000000, 0.000000000000000000, -1.000000000000000000 ) ) ;
#2022 = COLOUR_RGB ( '',0.7921568627450980005, 0.8196078431372548767, 0.9333333333333333481 ) ;
#2023 = EDGE_LOOP ( 'NONE', ( #1257, #3090, #2920, #838, #1721, #1035, #2523, #2447, #1293, #1735, #3169, #844, #2391, #2248, #437, #1356, #3036, #2076, #3329, #673, #2374, #3035, #3989, #1922, #2472, #1221, #3519, #1393, #3183, #601, #3703, #1066, #823, #243, #529, #2255, #1044, #2916, #3933, #2119, #1309, #2234, #2970, #2510, #2633, #1054, #2114, #3767, #1656, #1014, #471, #3402, #2940, #1785 ) ) ;
#2024 = CIRCLE ( 'NONE', #2534, 0.5000000000000004441 ) ;
#2025 = CARTESIAN_POINT ( 'NONE',  ( 9.500000000000000000, 5.250000000000000000, 31.75000000000000000 ) ) ;
#2026 = EDGE_CURVE ( 'NONE', #2790, #3078, #2287, .T. ) ;
#2027 = AXIS2_PLACEMENT_3D ( 'NONE', #1861, #3439, #1918 ) ;
#2028 = ORIENTED_EDGE ( 'NONE', *, *, #3456, .T. ) ;
#2029 = DIRECTION ( 'NONE',  ( 0.000000000000000000, 0.000000000000000000, -1.000000000000000000 ) ) ;
#2030 = DIRECTION ( 'NONE',  ( 0.000000000000000000, -1.000000000000000000, 0.000000000000000000 ) ) ;
#2031 = DIRECTION ( 'NONE',  ( -1.000000000000000000, 0.000000000000000000, 0.000000000000000000 ) ) ;
#2032 = ORIENTED_EDGE ( 'NONE', *, *, #2904, .T. ) ;
#2033 = CIRCLE ( 'NONE', #527, 0.5000000000000004441 ) ;
#2034 = EDGE_CURVE ( 'NONE', #534, #2346, #765, .T. ) ;
#2035 = CARTESIAN_POINT ( 'NONE',  ( -14.49391369234709970, -6.654356957835229736, 31.75000000000000000 ) ) ;
#2036 = EDGE_LOOP ( 'NONE', ( #2663, #1431, #3097, #1366 ) ) ;
#2037 = ORIENTED_EDGE ( 'NONE', *, *, #2821, .T. ) ;
#2038 = LINE ( 'NONE', #1668, #87 ) ;
#2039 = FACE_OUTER_BOUND ( 'NONE', #3734, .T. ) ;
#2040 = DIRECTION ( 'NONE',  ( 0.000000000000000000, 0.000000000000000000, -1.000000000000000000 ) ) ;
#2041 = EDGE_CURVE ( 'NONE', #2664, #1437, #795, .T. ) ;
#2042 = AXIS2_PLACEMENT_3D ( 'NONE', #3641, #1205, #970 ) ;
#2043 = VECTOR ( 'NONE', #732, 1000.000000000000000 ) ;
#2044 = ORIENTED_EDGE ( 'NONE', *, *, #3867, .F. ) ;
#2045 = AXIS2_PLACEMENT_3D ( 'NONE', #265, #867, #3916 ) ;
#2046 = CARTESIAN_POINT ( 'NONE',  ( 15.17499999999999893, -12.00000000000000000, -31.75000000000000000 ) ) ;
#2047 = LINE ( 'NONE', #1488, #600 ) ;
#2048 = AXIS2_PLACEMENT_3D ( 'NONE', #1095, #2319, #1425 ) ;
#2049 = ORIENTED_EDGE ( 'NONE', *, *, #439, .T. ) ;
#2050 = LINE ( 'NONE', #241, #1981 ) ;
#2051 = DIRECTION ( 'NONE',  ( 0.000000000000000000, 0.000000000000000000, -1.000000000000000000 ) ) ;
#2052 = ORIENTED_EDGE ( 'NONE', *, *, #1483, .F. ) ;
#2053 = DIRECTION ( 'NONE',  ( 0.000000000000000000, 0.000000000000000000, -1.000000000000000000 ) ) ;
#2054 = CARTESIAN_POINT ( 'NONE',  ( 20.29999999999999716, -6.461999999999999744, 31.75000000000000000 ) ) ;
#2055 = ORIENTED_EDGE ( 'NONE', *, *, #2782, .T. ) ;
#2056 = EDGE_LOOP ( 'NONE', ( #560, #1022, #993, #2111 ) ) ;
#2057 = ORIENTED_EDGE ( 'NONE', *, *, #3532, .F. ) ;
#2058 = EDGE_CURVE ( 'NONE', #77, #2507, #2309, .T. ) ;
#2059 = CARTESIAN_POINT ( 'NONE',  ( 20.66129058582125211, -11.65435695783522085, 31.75000000000000000 ) ) ;
#2060 =( NAMED_UNIT ( * ) PLANE_ANGLE_UNIT ( ) SI_UNIT ( $, .RADIAN. ) );
#2061 = LINE ( 'NONE', #1753, #3436 ) ;
#2062 = VERTEX_POINT ( 'NONE', #1994 ) ;
#2063 = EDGE_CURVE ( 'NONE', #3856, #1813, #3473, .T. ) ;
#2064 = ORIENTED_EDGE ( 'NONE', *, *, #3420, .F. ) ;
#2065 = PLANE ( 'NONE',  #2332 ) ;
#2066 = CARTESIAN_POINT ( 'NONE',  ( 14.24140333022853788, 4.330800431932624761, -31.75000000000000000 ) ) ;
#2067 = CARTESIAN_POINT ( 'NONE',  ( -13.64304901951866000, -1.353941855023654162, -31.75000000000000000 ) ) ;
#2068 = VERTEX_POINT ( 'NONE', #3762 ) ;
#2069 = CARTESIAN_POINT ( 'NONE',  ( -10.00000000000000000, 5.250000000000000000, -31.75000000000000000 ) ) ;
#2070 = DIRECTION ( 'NONE',  ( -1.000000000000000000, 0.000000000000000000, 0.000000000000000000 ) ) ;
#2071 = DIRECTION ( 'NONE',  ( -1.000000000000000000, 0.000000000000000000, 0.000000000000000000 ) ) ;
#2072 = DIRECTION ( 'NONE',  ( -1.000000000000000000, 0.000000000000000000, 0.000000000000000000 ) ) ;
#2073 = VERTEX_POINT ( 'NONE', #3538 ) ;
#2074 = CYLINDRICAL_SURFACE ( 'NONE', #277, 0.4999999999999987232 ) ;
#2075 = EDGE_CURVE ( 'NONE', #1578, #3117, #1571, .T. ) ;
#2076 = ORIENTED_EDGE ( 'NONE', *, *, #96, .T. ) ;
#2077 = CARTESIAN_POINT ( 'NONE',  ( -14.49391369234709970, 6.654356957835229736, 31.75000000000000000 ) ) ;
#2078 = EDGE_CURVE ( 'NONE', #244, #331, #3516, .T. ) ;
#2079 = CARTESIAN_POINT ( 'NONE',  ( 13.64304901951866000, 1.353941855023654162, 31.75000000000000000 ) ) ;
#2080 = ORIENTED_EDGE ( 'NONE', *, *, #2704, .T. ) ;
#2081 = CIRCLE ( 'NONE', #1299, 1.600000000000000755 ) ;
#2082 = EDGE_CURVE ( 'NONE', #48, #2664, #3217, .T. ) ;
#2083 = ORIENTED_EDGE ( 'NONE', *, *, #347, .F. ) ;
#2084 = VECTOR ( 'NONE', #1458, 1000.000000000000000 ) ;
#2085 = ORIENTED_EDGE ( 'NONE', *, *, #8, .F. ) ;
#2086 = DIRECTION ( 'NONE',  ( -0.7225811716425487585, 0.6912860843295498547, 0.000000000000000000 ) ) ;
#2087 = DIRECTION ( 'NONE',  ( 0.6087614290087208779, 0.7933533402912350541, 0.000000000000000000 ) ) ;
#2088 = DIRECTION ( 'NONE',  ( 0.000000000000000000, 0.000000000000000000, -1.000000000000000000 ) ) ;
#2089 = VECTOR ( 'NONE', #2581, 1000.000000000000000 ) ;
#2090 = ORIENTED_EDGE ( 'NONE', *, *, #3350, .T. ) ;
#2091 = FACE_OUTER_BOUND ( 'NONE', #120, .T. ) ;
#2092 = CARTESIAN_POINT ( 'NONE',  ( -14.49391369234709970, 6.654356957835229736, 31.75000000000000000 ) ) ;
#2093 = VECTOR ( 'NONE', #1065, 1000.000000000000000 ) ;
#2094 = EDGE_CURVE ( 'NONE', #440, #1005, #3786, .T. ) ;
#2095 = DIRECTION ( 'NONE',  ( -1.000000000000000000, 0.000000000000000000, 0.000000000000000000 ) ) ;
#2096 = AXIS2_PLACEMENT_3D ( 'NONE', #991, #2238, #2727 ) ;
#2097 = VECTOR ( 'NONE', #2499, 1000.000000000000000 ) ;
#2098 = CARTESIAN_POINT ( 'NONE',  ( 13.74969899016226016, -6.500000000000000000, 31.75000000000000000 ) ) ;
#2099 = PLANE ( 'NONE',  #1844 ) ;
#2100 = VECTOR ( 'NONE', #2910, 1000.000000000000000 ) ;
#2101 = EDGE_CURVE ( 'NONE', #182, #150, #461, .T. ) ;
#2102 = CYLINDRICAL_SURFACE ( 'NONE', #3625, 0.5000000000000004441 ) ;
#2103 = STYLED_ITEM ( 'NONE', ( #73 ), #3404 ) ;
#2104 = ORIENTED_EDGE ( 'NONE', *, *, #2267, .F. ) ;
#2105 = CIRCLE ( 'NONE', #22, 0.5000000000000004441 ) ;
#2106 = EDGE_CURVE ( 'NONE', #447, #576, #1618, .T. ) ;
#2107 = ORIENTED_EDGE ( 'NONE', *, *, #3187, .T. ) ;
#2108 = DIRECTION ( 'NONE',  ( 0.000000000000000000, 0.000000000000000000, -1.000000000000000000 ) ) ;
#2109 = DIRECTION ( 'NONE',  ( -1.000000000000000000, 0.000000000000000000, 0.000000000000000000 ) ) ;
#2110 = ORIENTED_EDGE ( 'NONE', *, *, #1275, .T. ) ;
#2111 = ORIENTED_EDGE ( 'NONE', *, *, #1862, .T. ) ;
#2112 = DIRECTION ( 'NONE',  ( -0.7933533402912350541, 0.6087614290087208779, 0.000000000000000000 ) ) ;
#2113 = FACE_BOUND ( 'NONE', #860, .T. ) ;
#2114 = ORIENTED_EDGE ( 'NONE', *, *, #1325, .F. ) ;
#2115 = EDGE_LOOP ( 'NONE', ( #3386, #3415, #2835, #453 ) ) ;
#2116 = LINE ( 'NONE', #256, #582 ) ;
#2117 = DIRECTION ( 'NONE',  ( 0.000000000000000000, 0.000000000000000000, -1.000000000000000000 ) ) ;
#2118 = DIRECTION ( 'NONE',  ( -1.000000000000000000, 0.000000000000000000, 0.000000000000000000 ) ) ;
#2119 = ORIENTED_EDGE ( 'NONE', *, *, #3141, .F. ) ;
#2120 = CARTESIAN_POINT ( 'NONE',  ( -20.29999999999999716, 12.00000000000000000, 31.75000000000000000 ) ) ;
#2121 = DIRECTION ( 'NONE',  ( 0.000000000000000000, 0.000000000000000000, -1.000000000000000000 ) ) ;
#2122 = ADVANCED_FACE ( 'NONE', ( #3177 ), #2099, .F. ) ;
#2123 = ORIENTED_EDGE ( 'NONE', *, *, #223, .F. ) ;
#2124 = CARTESIAN_POINT ( 'NONE',  ( 20.29999999999999716, 12.00000000000000000, 31.75000000000000000 ) ) ;
#2125 = DIRECTION ( 'NONE',  ( 0.000000000000000000, 0.000000000000000000, -1.000000000000000000 ) ) ;
#2126 = ADVANCED_FACE ( 'NONE', ( #1198 ), #3302, .F. ) ;
#2127 = DIRECTION ( 'NONE',  ( 1.000000000000000000, 0.000000000000000000, 0.000000000000000000 ) ) ;
#2128 = ORIENTED_EDGE ( 'NONE', *, *, #1810, .T. ) ;
#2129 = DIRECTION ( 'NONE',  ( -0.6087614290087208779, -0.7933533402912350541, 0.000000000000000000 ) ) ;
#2130 = DIRECTION ( 'NONE',  ( 0.000000000000000000, 0.000000000000000000, -1.000000000000000000 ) ) ;
#2131 = LINE ( 'NONE', #3726, #1372 ) ;
#2132 = EDGE_CURVE ( 'NONE', #968, #1316, #2220, .T. ) ;
#2133 = CLOSED_SHELL ( 'NONE', ( #3801, #1959, #1982, #1905 ) ) ;
#2134 = VERTEX_POINT ( 'NONE', #1841 ) ;
#2135 = CYLINDRICAL_SURFACE ( 'NONE', #1826, 0.5000000000000004441 ) ;
#2136 = LINE ( 'NONE', #2948, #2150 ) ;
#2137 = CARTESIAN_POINT ( 'NONE',  ( 20.60438071450434805, 6.065323329854379608, -31.75000000000000000 ) ) ;
#2138 = AXIS2_PLACEMENT_3D ( 'NONE', #3967, #1825, #1539 ) ;
#2139 = ORIENTED_EDGE ( 'NONE', *, *, #1951, .T. ) ;
#2140 = ORIENTED_EDGE ( 'NONE', *, *, #2803, .T. ) ;
#2141 = ADVANCED_FACE ( 'NONE', ( #293 ), #567, .T. ) ;
#2142 = CIRCLE ( 'NONE', #67, 0.5000000000000004441 ) ;
#2143 = CARTESIAN_POINT ( 'NONE',  ( 10.61337697827829984, 5.250000000000000000, -31.75000000000000000 ) ) ;
#2144 = LINE ( 'NONE', #2509, #2899 ) ;
#2145 = CIRCLE ( 'NONE', #2212, 0.5000000000000004441 ) ;
#2146 = ORIENTED_EDGE ( 'NONE', *, *, #3728, .F. ) ;
#2147 = EDGE_CURVE ( 'NONE', #2310, #892, #1531, .T. ) ;
#2148 = CARTESIAN_POINT ( 'NONE',  ( -8.500000000000000000, 0.7500000000000000000, 31.75000000000000000 ) ) ;
#2149 = DIRECTION ( 'NONE',  ( 0.7225811716425487585, 0.6912860843295498547, 0.000000000000000000 ) ) ;
#2150 = VECTOR ( 'NONE', #2660, 1000.000000000000000 ) ;
#2151 = CARTESIAN_POINT ( 'NONE',  ( -15.24528645199919907, -3.843854292126359873, 31.75000000000000000 ) ) ;
#2152 = ORIENTED_EDGE ( 'NONE', *, *, #1077, .T. ) ;
#2153 = VECTOR ( 'NONE', #1337, 1000.000000000000000 ) ;
#2154 = ORIENTED_EDGE ( 'NONE', *, *, #3447, .F. ) ;
#2155 = EDGE_CURVE ( 'NONE', #2459, #3482, #2542, .T. ) ;
#2156 = FACE_OUTER_BOUND ( 'NONE', #2000, .T. ) ;
#2157 = PRODUCT_CONTEXT ( 'NONE', #4014, 'mechanical' ) ;
#2158 = CIRCLE ( 'NONE', #1713, 1.149999999999999911 ) ;
#2159 = DIRECTION ( 'NONE',  ( 1.000000000000000000, 0.000000000000000000, 0.000000000000000000 ) ) ;
#2160 = CIRCLE ( 'NONE', #2351, 0.5000000000000004441 ) ;
#2161 = DIRECTION ( 'NONE',  ( 0.000000000000000000, 0.000000000000000000, 1.000000000000000000 ) ) ;
#2162 = VECTOR ( 'NONE', #3654, 1000.000000000000000 ) ;
#2163 = VECTOR ( 'NONE', #1950, 1000.000000000000114 ) ;
#2164 = ORIENTED_EDGE ( 'NONE', *, *, #2288, .F. ) ;
#2165 = DIRECTION ( 'NONE',  ( -1.000000000000000000, 0.000000000000000000, 0.000000000000000000 ) ) ;
#2166 = CARTESIAN_POINT ( 'NONE',  ( 9.500000000000000000, -5.250000000000000000, 31.75000000000000000 ) ) ;
#2167 = AXIS2_PLACEMENT_3D ( 'NONE', #1662, #443, #721 ) ;
#2168 = ADVANCED_FACE ( 'NONE', ( #2760 ), #1216, .F. ) ;
#2169 = ORIENTED_EDGE ( 'NONE', *, *, #531, .F. ) ;
#2170 = DIRECTION ( 'NONE',  ( 0.000000000000000000, 0.000000000000000000, -1.000000000000000000 ) ) ;
#2171 = DIRECTION ( 'NONE',  ( 2.569960705150824905E-16, 1.000000000000000000, 0.000000000000000000 ) ) ;
#2172 = DIRECTION ( 'NONE',  ( -1.000000000000000000, 0.000000000000000000, 0.000000000000000000 ) ) ;
#2173 = ADVANCED_FACE ( 'NONE', ( #1798 ), #2462, .F. ) ;
#2174 = ORIENTED_EDGE ( 'NONE', *, *, #3748, .T. ) ;
#2175 = EDGE_LOOP ( 'NONE', ( #263, #3704, #1859, #1444, #1146, #3219, #1858, #157 ) ) ;
#2176 = CARTESIAN_POINT ( 'NONE',  ( -20.60438071450434805, 6.065323329854379608, 31.75000000000000000 ) ) ;
#2177 = CARTESIAN_POINT ( 'NONE',  ( -14.13262310652581988, -6.500000000000000000, -31.75000000000000000 ) ) ;
#2178 =( NAMED_UNIT ( * ) SI_UNIT ( $, .STERADIAN. ) SOLID_ANGLE_UNIT ( ) );
#2179 = DIRECTION ( 'NONE',  ( 0.000000000000000000, 0.000000000000000000, -1.000000000000000000 ) ) ;
#2180 = EDGE_CURVE ( 'NONE', #2005, #3627, #81, .T. ) ;
#2181 = VERTEX_POINT ( 'NONE', #3615 ) ;
#2182 = CYLINDRICAL_SURFACE ( 'NONE', #739, 0.5000000000000004441 ) ;
#2183 = VERTEX_POINT ( 'NONE', #2441 ) ;
#2184 = CARTESIAN_POINT ( 'NONE',  ( -10.00000000000000000, -4.750000000000000000, -31.75000000000000000 ) ) ;
#2185 = LINE ( 'NONE', #1496, #1422 ) ;
#2186 = EDGE_LOOP ( 'NONE', ( #1612, #229, #972, #706 ) ) ;
#2187 = VERTEX_POINT ( 'NONE', #2420 ) ;
#2188 = DIRECTION ( 'NONE',  ( 0.000000000000000000, 0.000000000000000000, 1.000000000000000000 ) ) ;
#2189 = DIRECTION ( 'NONE',  ( 1.000000000000000000, 0.000000000000000000, 0.000000000000000000 ) ) ;
#2190 = DIRECTION ( 'NONE',  ( 0.000000000000000000, 0.000000000000000000, -1.000000000000000000 ) ) ;
#2191 = ORIENTED_EDGE ( 'NONE', *, *, #3578, .F. ) ;
#2192 = ORIENTED_EDGE ( 'NONE', *, *, #3599, .F. ) ;
#2193 = PLANE ( 'NONE',  #6 ) ;
#2194 = DIRECTION ( 'NONE',  ( 0.000000000000000000, 0.000000000000000000, -1.000000000000000000 ) ) ;
#2195 = EDGE_CURVE ( 'NONE', #877, #449, #3003, .T. ) ;
#2196 = CARTESIAN_POINT ( 'NONE',  ( -19.93870941417869957, 12.34564304216478092, 31.75000000000000000 ) ) ;
#2197 = EDGE_CURVE ( 'NONE', #1207, #1847, #3579, .T. ) ;
#2198 = ORIENTED_EDGE ( 'NONE', *, *, #3159, .T. ) ;
#2199 = EDGE_CURVE ( 'NONE', #2181, #3351, #3706, .T. ) ;
#2200 = FACE_OUTER_BOUND ( 'NONE', #1315, .T. ) ;
#2201 = LINE ( 'NONE', #300, #1820 ) ;
#2202 = ORIENTED_EDGE ( 'NONE', *, *, #3814, .T. ) ;
#2203 = VECTOR ( 'NONE', #2638, 1000.000000000000227 ) ;
#2204 = DIRECTION ( 'NONE',  ( 1.000000000000000000, 0.000000000000000000, 0.000000000000000000 ) ) ;
#2205 = DIRECTION ( 'NONE',  ( 0.000000000000000000, 0.000000000000000000, 1.000000000000000000 ) ) ;
#2206 = DIRECTION ( 'NONE',  ( 0.000000000000000000, 0.000000000000000000, 1.000000000000000000 ) ) ;
#2207 = DIRECTION ( 'NONE',  ( -1.000000000000000000, 0.000000000000000000, 0.000000000000000000 ) ) ;
#2208 = MECHANICAL_DESIGN_GEOMETRIC_PRESENTATION_REPRESENTATION (  '', ( #3489 ), #1029 ) ;
#2209 = CARTESIAN_POINT ( 'NONE',  ( 9.500000000000000000, 5.250000000000000000, -31.75000000000000000 ) ) ;
#2210 = ORIENTED_EDGE ( 'NONE', *, *, #3178, .T. ) ;
#2211 = ORIENTED_EDGE ( 'NONE', *, *, #3296, .T. ) ;
#2212 = AXIS2_PLACEMENT_3D ( 'NONE', #2285, #1288, #3514 ) ;
#2213 = LINE ( 'NONE', #3376, #843 ) ;
#2214 = CARTESIAN_POINT ( 'NONE',  ( -11.05888024037249906, 5.023004750130230178, 31.75000000000000000 ) ) ;
#2215 = AXIS2_PLACEMENT_3D ( 'NONE', #1677, #3170, #3469 ) ;
#2216 = EDGE_CURVE ( 'NONE', #779, #3070, #1156, .T. ) ;
#2217 = ORIENTED_EDGE ( 'NONE', *, *, #947, .T. ) ;
#2218 = AXIS2_PLACEMENT_3D ( 'NONE', #2757, #901, #2207 ) ;
#2219 = LINE ( 'NONE', #3445, #2416 ) ;
#2220 = CIRCLE ( 'NONE', #599, 0.5000000000000004441 ) ;
#2221 = EDGE_CURVE ( 'NONE', #772, #24, #2743, .T. ) ;
#2222 = ORIENTED_EDGE ( 'NONE', *, *, #2617, .T. ) ;
#2223 = LINE ( 'NONE', #2861, #2089 ) ;
#2224 = AXIS2_PLACEMENT_3D ( 'NONE', #1975, #1497, #3913 ) ;
#2225 = EDGE_CURVE ( 'NONE', #3795, #378, #2160, .T. ) ;
#2226 = ORIENTED_EDGE ( 'NONE', *, *, #2749, .T. ) ;
#2227 = EDGE_LOOP ( 'NONE', ( #3938, #177, #1339, #2724 ) ) ;
#2228 = VECTOR ( 'NONE', #2269, 1000.000000000000000 ) ;
#2229 = CARTESIAN_POINT ( 'NONE',  ( -14.63808000037415979, 4.635181146436989863, 31.75000000000000000 ) ) ;
#2230 = CYLINDRICAL_SURFACE ( 'NONE', #3901, 0.5000000000000004441 ) ;
#2231 = VECTOR ( 'NONE', #274, 1000.000000000000000 ) ;
#2232 = CARTESIAN_POINT ( 'NONE',  ( 15.54966716650354996, 3.447177621980745066, -31.75000000000000000 ) ) ;
#2233 = ORIENTED_EDGE ( 'NONE', *, *, #1619, .F. ) ;
#2234 = ORIENTED_EDGE ( 'NONE', *, *, #2197, .F. ) ;
#2235 = DIRECTION ( 'NONE',  ( 0.000000000000000000, 0.000000000000000000, 1.000000000000000000 ) ) ;
#2236 = DIRECTION ( 'NONE',  ( 1.000000000000000000, 0.000000000000000000, 0.000000000000000000 ) ) ;
#2237 = ORIENTED_EDGE ( 'NONE', *, *, #2445, .T. ) ;
#2238 = DIRECTION ( 'NONE',  ( -1.000000000000000000, -2.569960705150824905E-16, 0.000000000000000000 ) ) ;
#2239 = DIRECTION ( 'NONE',  ( 0.000000000000000000, 0.000000000000000000, -1.000000000000000000 ) ) ;
#2240 = VERTEX_POINT ( 'NONE', #1177 ) ;
#2241 = CARTESIAN_POINT ( 'NONE',  ( 20.60438071450434805, 6.065323329854379608, -31.75000000000000000 ) ) ;
#2242 = CARTESIAN_POINT ( 'NONE',  ( 20.29999999999999716, -6.461999999999999744, 31.75000000000000000 ) ) ;
#2243 = EDGE_CURVE ( 'NONE', #1466, #3979, #2158, .T. ) ;
#2244 = ORIENTED_EDGE ( 'NONE', *, *, #1134, .F. ) ;
#2245 = CARTESIAN_POINT ( 'NONE',  ( -20.29999999999999716, 12.00000000000000000, -31.75000000000000000 ) ) ;
#2246 = CARTESIAN_POINT ( 'NONE',  ( 10.61337697827829984, -4.750000000000000000, 31.75000000000000000 ) ) ;
#2247 = EDGE_CURVE ( 'NONE', #2068, #1528, #1243, .T. ) ;
#2248 = ORIENTED_EDGE ( 'NONE', *, *, #2860, .T. ) ;
#2249 = ORIENTED_EDGE ( 'NONE', *, *, #2199, .F. ) ;
#2250 = ORIENTED_EDGE ( 'NONE', *, *, #1105, .F. ) ;
#2251 = DIRECTION ( 'NONE',  ( 0.4539904997395408648, 0.8910065241883707854, 0.000000000000000000 ) ) ;
#2252 = DIRECTION ( 'NONE',  ( 1.000000000000000000, 0.000000000000000000, 0.000000000000000000 ) ) ;
#2253 = EDGE_CURVE ( 'NONE', #1400, #1781, #2736, .T. ) ;
#2254 = FACE_OUTER_BOUND ( 'NONE', #1414, .T. ) ;
#2255 = ORIENTED_EDGE ( 'NONE', *, *, #85, .F. ) ;
#2256 = CARTESIAN_POINT ( 'NONE',  ( -10.00000000000000000, -4.750000000000000000, 31.75000000000000000 ) ) ;
#2257 = VERTEX_POINT ( 'NONE', #373 ) ;
#2258 = CARTESIAN_POINT ( 'NONE',  ( -15.17499999999999893, -12.00000000000000000, 31.75000000000000000 ) ) ;
#2259 = ORIENTED_EDGE ( 'NONE', *, *, #1245, .F. ) ;
#2260 = ADVANCED_FACE ( 'NONE', ( #355 ), #1863, .T. ) ;
#2261 = LINE ( 'NONE', #1639, #2783 ) ;
#2262 = DIRECTION ( 'NONE',  ( 0.000000000000000000, 0.000000000000000000, -1.000000000000000000 ) ) ;
#2263 = CARTESIAN_POINT ( 'NONE',  ( -13.30419572806806094, 7.226995249869780480, -31.75000000000000000 ) ) ;
#2264 = CARTESIAN_POINT ( 'NONE',  ( 10.00000000000000000, -4.750000000000000000, -31.75000000000000000 ) ) ;
#2265 = AXIS2_PLACEMENT_3D ( 'NONE', #1010, #2944, #179 ) ;
#2266 = ORIENTED_EDGE ( 'NONE', *, *, #3931, .T. ) ;
#2267 = EDGE_CURVE ( 'NONE', #2507, #2780, #659, .T. ) ;
#2268 = ORIENTED_EDGE ( 'NONE', *, *, #3400, .F. ) ;
#2269 = DIRECTION ( 'NONE',  ( 0.000000000000000000, 0.000000000000000000, -1.000000000000000000 ) ) ;
#2270 = DIRECTION ( 'NONE',  ( 0.000000000000000000, 0.000000000000000000, -1.000000000000000000 ) ) ;
#2271 = VECTOR ( 'NONE', #644, 1000.000000000000000 ) ;
#2272 = VECTOR ( 'NONE', #2734, 1000.000000000000000 ) ;
#2273 = ADVANCED_FACE ( 'NONE', ( #3101 ), #3441, .F. ) ;
#2274 = EDGE_LOOP ( 'NONE', ( #583, #3828, #1113, #2641 ) ) ;
#2275 = DIRECTION ( 'NONE',  ( 1.000000000000000000, 0.000000000000000000, 0.000000000000000000 ) ) ;
#2276 = PLANE ( 'NONE',  #2604 ) ;
#2277 = AXIS2_PLACEMENT_3D ( 'NONE', #2768, #1885, #2165 ) ;
#2278 = AXIS2_PLACEMENT_3D ( 'NONE', #2411, #2713, #3647 ) ;
#2279 = LINE ( 'NONE', #741, #3264 ) ;
#2280 = DIRECTION ( 'NONE',  ( -1.000000000000000000, 0.000000000000000000, 0.000000000000000000 ) ) ;
#2281 = AXIS2_PLACEMENT_3D ( 'NONE', #2079, #219, #2702 ) ;
#2282 = ORIENTED_EDGE ( 'NONE', *, *, #2500, .T. ) ;
#2283 = AXIS2_PLACEMENT_3D ( 'NONE', #460, #1064, #228 ) ;
#2284 = AXIS2_PLACEMENT_3D ( 'NONE', #3705, #2204, #1580 ) ;
#2285 = CARTESIAN_POINT ( 'NONE',  ( -10.61337697827829984, 5.250000000000000000, -31.75000000000000000 ) ) ;
#2286 = DIRECTION ( 'NONE',  ( 1.000000000000000000, 0.000000000000000000, 0.000000000000000000 ) ) ;
#2287 = LINE ( 'NONE', #722, #2093 ) ;
#2288 = EDGE_CURVE ( 'NONE', #1603, #360, #2853, .T. ) ;
#2289 = CARTESIAN_POINT ( 'NONE',  ( -15.62050326209419993, 11.77300475013021952, 31.75000000000000000 ) ) ;
#2290 = VECTOR ( 'NONE', #271, 1000.000000000000000 ) ;
#2291 = DIRECTION ( 'NONE',  ( 0.000000000000000000, 0.000000000000000000, 1.000000000000000000 ) ) ;
#2292 = ORIENTED_EDGE ( 'NONE', *, *, #264, .T. ) ;
#2293 = ORIENTED_EDGE ( 'NONE', *, *, #1583, .T. ) ;
#2294 = ORIENTED_EDGE ( 'NONE', *, *, #3456, .F. ) ;
#2295 = LINE ( 'NONE', #3832, #2745 ) ;
#2296 = CARTESIAN_POINT ( 'NONE',  ( -13.64304901951866000, 1.353941855023654162, 31.75000000000000000 ) ) ;
#2297 = VECTOR ( 'NONE', #2844, 1000.000000000000000 ) ;
#2298 = EDGE_CURVE ( 'NONE', #2876, #479, #646, .T. ) ;
#2299 = ORIENTED_EDGE ( 'NONE', *, *, #2715, .F. ) ;
#2300 = CIRCLE ( 'NONE', #3324, 0.5000000000000004441 ) ;
#2301 = EDGE_LOOP ( 'NONE', ( #1085, #1545, #787, #1704 ) ) ;
#2302 = LINE ( 'NONE', #547, #3648 ) ;
#2303 = EDGE_CURVE ( 'NONE', #859, #1374, #390, .T. ) ;
#2304 = DIRECTION ( 'NONE',  ( 1.000000000000000000, 0.000000000000000000, 0.000000000000000000 ) ) ;
#2305 = CARTESIAN_POINT ( 'NONE',  ( 10.00000000000000000, -4.750000000000000000, 31.75000000000000000 ) ) ;
#2306 = ORIENTED_EDGE ( 'NONE', *, *, #201, .T. ) ;
#2307 = CARTESIAN_POINT ( 'NONE',  ( 15.62050326209419993, -11.77300475013021952, -31.75000000000000000 ) ) ;
#2308 = CARTESIAN_POINT ( 'NONE',  ( -15.67499999999999716, -12.00000000000000000, 31.75000000000000000 ) ) ;
#2309 = LINE ( 'NONE', #3492, #3504 ) ;
#2310 = VERTEX_POINT ( 'NONE', #2196 ) ;
#2311 = ORIENTED_EDGE ( 'NONE', *, *, #1610, .F. ) ;
#2312 = DIRECTION ( 'NONE',  ( 0.000000000000000000, 0.000000000000000000, -1.000000000000000000 ) ) ;
#2313 = DIRECTION ( 'NONE',  ( -1.000000000000000000, 0.000000000000000000, 0.000000000000000000 ) ) ;
#2314 = ORIENTED_EDGE ( 'NONE', *, *, #552, .T. ) ;
#2315 = EDGE_CURVE ( 'NONE', #933, #3414, #2923, .T. ) ;
#2316 = DIRECTION ( 'NONE',  ( 0.000000000000000000, 0.000000000000000000, 1.000000000000000000 ) ) ;
#2317 = ORIENTED_EDGE ( 'NONE', *, *, #43, .T. ) ;
#2318 = ADVANCED_FACE ( 'NONE', ( #1897 ), #966, .F. ) ;
#2319 = DIRECTION ( 'NONE',  ( 0.000000000000000000, 0.000000000000000000, -1.000000000000000000 ) ) ;
#2320 = CYLINDRICAL_SURFACE ( 'NONE', #3363, 0.5000000000000004441 ) ;
#2321 = EDGE_LOOP ( 'NONE', ( #3288, #1088, #3458, #3611 ) ) ;
#2322 = ADVANCED_FACE ( 'NONE', ( #2254 ), #1592, .F. ) ;
#2323 = LINE ( 'NONE', #1100, #2084 ) ;
#2324 = FACE_OUTER_BOUND ( 'NONE', #1645, .T. ) ;
#2325 = LINE ( 'NONE', #3332, #2896 ) ;
#2326 = VERTEX_POINT ( 'NONE', #2214 ) ;
#2327 = ORIENTED_EDGE ( 'NONE', *, *, #1784, .T. ) ;
#2328 = LINE ( 'NONE', #66, #928 ) ;
#2329 = CYLINDRICAL_SURFACE ( 'NONE', #1650, 0.5000000000000004441 ) ;
#2330 = DIRECTION ( 'NONE',  ( 0.000000000000000000, 0.000000000000000000, -1.000000000000000000 ) ) ;
#2331 = DIRECTION ( 'NONE',  ( 0.000000000000000000, 0.000000000000000000, -1.000000000000000000 ) ) ;
#2332 = AXIS2_PLACEMENT_3D ( 'NONE', #196, #3339, #1114 ) ;
#2333 = ORIENTED_EDGE ( 'NONE', *, *, #1598, .F. ) ;
#2334 = CIRCLE ( 'NONE', #648, 0.5000000000000004441 ) ;
#2335 = DIRECTION ( 'NONE',  ( 0.000000000000000000, 0.000000000000000000, 1.000000000000000000 ) ) ;
#2336 = CARTESIAN_POINT ( 'NONE',  ( -11.05888024037249906, 5.023004750130230178, -31.75000000000000000 ) ) ;
#2337 = EDGE_CURVE ( 'NONE', #3389, #760, #473, .T. ) ;
#2338 = AXIS2_PLACEMENT_3D ( 'NONE', #1661, #2086, #839 ) ;
#2339 = CARTESIAN_POINT ( 'NONE',  ( 15.24528645199919907, 3.843854292126359873, -31.75000000000000000 ) ) ;
#2340 = CARTESIAN_POINT ( 'NONE',  ( -10.61337697827829984, -4.750000000000000000, 31.75000000000000000 ) ) ;
#2341 = EDGE_CURVE ( 'NONE', #2407, #1357, #1298, .T. ) ;
#2342 = VECTOR ( 'NONE', #3269, 1000.000000000000000 ) ;
#2343 = ORIENTED_EDGE ( 'NONE', *, *, #902, .F. ) ;
#2344 = DIRECTION ( 'NONE',  ( 0.000000000000000000, 0.000000000000000000, -1.000000000000000000 ) ) ;
#2345 = CARTESIAN_POINT ( 'NONE',  ( -14.63808000037415979, 4.635181146436989863, 31.75000000000000000 ) ) ;
#2346 = VERTEX_POINT ( 'NONE', #2536 ) ;
#2347 = AXIS2_PLACEMENT_3D ( 'NONE', #3077, #2810, #305 ) ;
#2348 = ADVANCED_FACE ( 'NONE', ( #1569 ), #3771, .T. ) ;
#2349 = EDGE_LOOP ( 'NONE', ( #2268, #1147, #2699, #1112 ) ) ;
#2350 = VERTEX_POINT ( 'NONE', #1878 ) ;
#2351 = AXIS2_PLACEMENT_3D ( 'NONE', #3985, #3673, #3655 ) ;
#2352 = DIRECTION ( 'NONE',  ( 0.6087614290087208779, -0.7933533402912350541, 0.000000000000000000 ) ) ;
#2353 = FILL_AREA_STYLE ('',( #2695 ) ) ;
#2354 = DIRECTION ( 'NONE',  ( 0.000000000000000000, 0.000000000000000000, -1.000000000000000000 ) ) ;
#2355 = AXIS2_PLACEMENT_3D ( 'NONE', #257, #2701, #3301 ) ;
#2356 = AXIS2_PLACEMENT_3D ( 'NONE', #2892, #3568, #3815 ) ;
#2357 = ORIENTED_EDGE ( 'NONE', *, *, #2821, .F. ) ;
#2358 = VECTOR ( 'NONE', #2674, 1000.000000000000000 ) ;
#2359 = LINE ( 'NONE', #816, #208 ) ;
#2360 = DIRECTION ( 'NONE',  ( 1.000000000000000000, 0.000000000000000000, 0.000000000000000000 ) ) ;
#2361 = CIRCLE ( 'NONE', #1584, 0.5000000000000004441 ) ;
#2362 = CARTESIAN_POINT ( 'NONE',  ( 13.30419572806806094, -7.226995249869780480, 31.75000000000000000 ) ) ;
#2363 = EDGE_LOOP ( 'NONE', ( #3677, #1821, #1423, #1688 ) ) ;
#2364 = ORIENTED_EDGE ( 'NONE', *, *, #3988, .F. ) ;
#2365 = EDGE_CURVE ( 'NONE', #1322, #925, #2668, .T. ) ;
#2366 = DIRECTION ( 'NONE',  ( 1.000000000000000000, 0.000000000000000000, 0.000000000000000000 ) ) ;
#2367 = DIRECTION ( 'NONE',  ( -1.000000000000000000, 0.000000000000000000, 0.000000000000000000 ) ) ;
#2368 = CARTESIAN_POINT ( 'NONE',  ( 20.66129058582125211, 11.65435695783522085, 31.75000000000000000 ) ) ;
#2369 = DIRECTION ( 'NONE',  ( 1.000000000000000000, 0.000000000000000000, 0.000000000000000000 ) ) ;
#2370 = EDGE_LOOP ( 'NONE', ( #3227, #1961, #3256, #2140 ) ) ;
#2371 = FACE_OUTER_BOUND ( 'NONE', #2466, .T. ) ;
#2372 = EDGE_CURVE ( 'NONE', #2754, #24, #3842, .T. ) ;
#2373 = DIRECTION ( 'NONE',  ( 0.000000000000000000, 0.000000000000000000, -1.000000000000000000 ) ) ;
#2374 = ORIENTED_EDGE ( 'NONE', *, *, #942, .T. ) ;
#2375 = EDGE_CURVE ( 'NONE', #3078, #3861, #148, .T. ) ;
#2376 = CARTESIAN_POINT ( 'NONE',  ( -14.24140333022853788, 4.330800431932630090, -31.75000000000000000 ) ) ;
#2377 = DIRECTION ( 'NONE',  ( 0.000000000000000000, 0.000000000000000000, -1.000000000000000000 ) ) ;
#2378 = DIRECTION ( 'NONE',  ( -1.000000000000000000, 0.000000000000000000, 0.000000000000000000 ) ) ;
#2379 = LINE ( 'NONE', #835, #3849 ) ;
#2380 = EDGE_LOOP ( 'NONE', ( #1834, #3622, #2064, #3024 ) ) ;
#2381 = VERTEX_POINT ( 'NONE', #2576 ) ;
#2382 = LINE ( 'NONE', #3601, #3361 ) ;
#2383 = DIRECTION ( 'NONE',  ( 0.000000000000000000, 0.000000000000000000, -1.000000000000000000 ) ) ;
#2384 = ORIENTED_EDGE ( 'NONE', *, *, #2451, .T. ) ;
#2385 = EDGE_CURVE ( 'NONE', #1249, #1666, #2605, .T. ) ;
#2386 = ORIENTED_EDGE ( 'NONE', *, *, #2803, .F. ) ;
#2387 = CARTESIAN_POINT ( 'NONE',  ( 9.500000000000000000, 5.250000000000000000, 31.75000000000000000 ) ) ;
#2388 = PLANE ( 'NONE',  #2540 ) ;
#2389 = EDGE_CURVE ( 'NONE', #2990, #327, #1180, .T. ) ;
#2390 = ORIENTED_EDGE ( 'NONE', *, *, #509, .F. ) ;
#2391 = ORIENTED_EDGE ( 'NONE', *, *, #3153, .T. ) ;
#2392 = DIRECTION ( 'NONE',  ( 0.000000000000000000, 1.000000000000000000, 0.000000000000000000 ) ) ;
#2393 = CYLINDRICAL_SURFACE ( 'NONE', #415, 0.5000000000000004441 ) ;
#2394 = DIRECTION ( 'NONE',  ( 1.000000000000000000, 0.000000000000000000, 0.000000000000000000 ) ) ;
#2395 = EDGE_CURVE ( 'NONE', #3065, #3738, #3545, .T. ) ;
#2396 = AXIS2_PLACEMENT_3D ( 'NONE', #1985, #3881, #2275 ) ;
#2397 = FACE_OUTER_BOUND ( 'NONE', #1939, .T. ) ;
#2398 = VERTEX_POINT ( 'NONE', #1754 ) ;
#2399 = AXIS2_PLACEMENT_3D ( 'NONE', #3556, #2030, #3072 ) ;
#2400 = ORIENTED_EDGE ( 'NONE', *, *, #2001, .T. ) ;
#2401 = DIRECTION ( 'NONE',  ( 1.000000000000000000, -2.569960705150824905E-16, 0.000000000000000000 ) ) ;
#2402 = CARTESIAN_POINT ( 'NONE',  ( 14.27678941455290129, -4.980824188601770786, 31.75000000000000000 ) ) ;
#2403 = VERTEX_POINT ( 'NONE', #562 ) ;
#2404 = CARTESIAN_POINT ( 'NONE',  ( 12.69999999999999929, 2.873135757086585172E-15, 28.25000000000000000 ) ) ;
#2405 = AXIS2_PLACEMENT_3D ( 'NONE', #2881, #3799, #1013 ) ;
#2406 = DIRECTION ( 'NONE',  ( 1.000000000000000000, 0.000000000000000000, 0.000000000000000000 ) ) ;
#2407 = VERTEX_POINT ( 'NONE', #1811 ) ;
#2408 = DIRECTION ( 'NONE',  ( 0.000000000000000000, 0.000000000000000000, -1.000000000000000000 ) ) ;
#2409 = VECTOR ( 'NONE', #2040, 1000.000000000000000 ) ;
#2410 =( LENGTH_UNIT ( ) NAMED_UNIT ( * ) SI_UNIT ( .MILLI., .METRE. ) );
#2411 = CARTESIAN_POINT ( 'NONE',  ( -14.24140333022853788, 4.330800431932624761, 31.75000000000000000 ) ) ;
#2412 = EDGE_CURVE ( 'NONE', #3571, #681, #385, .T. ) ;
#2413 = VECTOR ( 'NONE', #2559, 1000.000000000000227 ) ;
#2414 = ORIENTED_EDGE ( 'NONE', *, *, #2315, .F. ) ;
#2415 = DIRECTION ( 'NONE',  ( -1.000000000000000000, 0.000000000000000000, 0.000000000000000000 ) ) ;
#2416 = VECTOR ( 'NONE', #1804, 1000.000000000000000 ) ;
#2417 = VECTOR ( 'NONE', #955, 1000.000000000000000 ) ;
#2418 = EDGE_CURVE ( 'NONE', #1795, #563, #284, .T. ) ;
#2419 = DIRECTION ( 'NONE',  ( 0.000000000000000000, 0.000000000000000000, -1.000000000000000000 ) ) ;
#2420 = CARTESIAN_POINT ( 'NONE',  ( 13.30419572806806094, 7.226995249869780480, -31.75000000000000000 ) ) ;
#2421 = CIRCLE ( 'NONE', #3914, 0.5000000000000004441 ) ;
#2422 = ORIENTED_EDGE ( 'NONE', *, *, #531, .T. ) ;
#2423 = EDGE_CURVE ( 'NONE', #378, #2754, #1274, .T. ) ;
#2424 = CYLINDRICAL_SURFACE ( 'NONE', #2654, 1.149999999999999911 ) ;
#2425 = AXIS2_PLACEMENT_3D ( 'NONE', #694, #3176, #1929 ) ;
#2426 = ORIENTED_EDGE ( 'NONE', *, *, #2253, .T. ) ;
#2427 = VECTOR ( 'NONE', #1410, 1000.000000000000000 ) ;
#2428 = ORIENTED_EDGE ( 'NONE', *, *, #3707, .F. ) ;
#2429 = CARTESIAN_POINT ( 'NONE',  ( 9.000000000000000000, -12.00000000000000000, 31.75000000000000000 ) ) ;
#2430 = CARTESIAN_POINT ( 'NONE',  ( 15.54966716650354996, -3.447177621980745066, -31.75000000000000000 ) ) ;
#2431 = CYLINDRICAL_SURFACE ( 'NONE', #2019, 0.5000000000000004441 ) ;
#2432 = ORIENTED_EDGE ( 'NONE', *, *, #1424, .T. ) ;
#2433 = ORIENTED_EDGE ( 'NONE', *, *, #220, .F. ) ;
#2434 = CARTESIAN_POINT ( 'NONE',  ( 8.500000000000000000, -0.7500000000000000000, -31.75000000000000000 ) ) ;
#2435 = DIRECTION ( 'NONE',  ( 1.000000000000000000, 0.000000000000000000, 0.000000000000000000 ) ) ;
#2436 = DIRECTION ( 'NONE',  ( 0.000000000000000000, 0.000000000000000000, -1.000000000000000000 ) ) ;
#2437 = UNCERTAINTY_MEASURE_WITH_UNIT (LENGTH_MEASURE( 1.000000000000000082E-05 ), #2741, 'distance_accuracy_value', 'NONE');
#2438 = ORIENTED_EDGE ( 'NONE', *, *, #2882, .T. ) ;
#2439 = CARTESIAN_POINT ( 'NONE',  ( 19.99561928549564982, -6.858676670145619880, -31.75000000000000000 ) ) ;
#2440 = CARTESIAN_POINT ( 'NONE',  ( 19.93870941417869957, 12.34564304216478092, -31.75000000000000000 ) ) ;
#2441 = CARTESIAN_POINT ( 'NONE',  ( -9.500000000000000000, 12.00000000000000000, -31.75000000000000000 ) ) ;
#2442 = EDGE_CURVE ( 'NONE', #760, #342, #2478, .T. ) ;
#2443 = DIRECTION ( 'NONE',  ( 1.000000000000000000, 0.000000000000000000, 0.000000000000000000 ) ) ;
#2444 = CYLINDRICAL_SURFACE ( 'NONE', #3587, 0.5000000000000004441 ) ;
#2445 = EDGE_CURVE ( 'NONE', #2326, #3809, #959, .T. ) ;
#2446 = ORIENTED_EDGE ( 'NONE', *, *, #362, .F. ) ;
#2447 = ORIENTED_EDGE ( 'NONE', *, *, #55, .T. ) ;
#2448 = CARTESIAN_POINT ( 'NONE',  ( 15.54966716650354996, 3.447177621980745066, 31.75000000000000000 ) ) ;
#2449 = CARTESIAN_POINT ( 'NONE',  ( 13.94742973402301978, 0.9572651848780380224, -31.75000000000000000 ) ) ;
#2450 = DIRECTION ( 'NONE',  ( 0.8910065241883708964, -0.4539904997395409203, 0.000000000000000000 ) ) ;
#2451 = EDGE_CURVE ( 'NONE', #325, #1672, #3764, .T. ) ;
#2452 = ORIENTED_EDGE ( 'NONE', *, *, #2221, .T. ) ;
#2453 = CARTESIAN_POINT ( 'NONE',  ( 10.61337697827829984, 5.250000000000000000, 31.75000000000000000 ) ) ;
#2454 = CARTESIAN_POINT ( 'NONE',  ( -14.72949673790581926, 12.22699524986975916, 31.75000000000000000 ) ) ;
#2455 = DIRECTION ( 'NONE',  ( 0.000000000000000000, 0.000000000000000000, -1.000000000000000000 ) ) ;
#2456 = CARTESIAN_POINT ( 'NONE',  ( -11.05888024037249906, 5.023004750130230178, 31.75000000000000000 ) ) ;
#2457 = ORIENTED_EDGE ( 'NONE', *, *, #2879, .T. ) ;
#2458 = VECTOR ( 'NONE', #2109, 1000.000000000000000 ) ;
#2459 = VERTEX_POINT ( 'NONE', #3457 ) ;
#2460 = CARTESIAN_POINT ( 'NONE',  ( -15.62050326209419993, 11.77300475013021952, 31.75000000000000000 ) ) ;
#2461 = CARTESIAN_POINT ( 'NONE',  ( 3.469446951953614978E-15, -0.7500000000000000000, 13.44999999999999929 ) ) ;
#2462 = PLANE ( 'NONE',  #2994 ) ;
#2463 = CARTESIAN_POINT ( 'NONE',  ( -9.000000000000000000, 12.00000000000000000, -31.75000000000000000 ) ) ;
#2464 = EDGE_CURVE ( 'NONE', #3954, #977, #3444, .T. ) ;
#2465 = AXIS2_PLACEMENT_3D ( 'NONE', #3466, #3503, #1696 ) ;
#2466 = EDGE_LOOP ( 'NONE', ( #2573, #1499, #2934, #2858 ) ) ;
#2467 = AXIS2_PLACEMENT_3D ( 'NONE', #627, #3730, #888 ) ;
#2468 = DIRECTION ( 'NONE',  ( 0.000000000000000000, 0.000000000000000000, 1.000000000000000000 ) ) ;
#2469 = DIRECTION ( 'NONE',  ( -0.6912860843295498547, 0.7225811716425486475, 0.000000000000000000 ) ) ;
#2470 = EDGE_CURVE ( 'NONE', #2790, #1970, #3710, .T. ) ;
#2471 = AXIS2_PLACEMENT_3D ( 'NONE', #2010, #3619, #2928 ) ;
#2472 = ORIENTED_EDGE ( 'NONE', *, *, #1224, .T. ) ;
#2473 = CARTESIAN_POINT ( 'NONE',  ( -20.80000000000000071, -6.461999999999999744, 31.75000000000000000 ) ) ;
#2474 = DIRECTION ( 'NONE',  ( -1.000000000000000000, 0.000000000000000000, 0.000000000000000000 ) ) ;
#2475 = DIRECTION ( 'NONE',  ( 0.000000000000000000, 0.000000000000000000, 1.000000000000000000 ) ) ;
#2476 = AXIS2_PLACEMENT_3D ( 'NONE', #908, #372, #291 ) ;
#2477 = EDGE_CURVE ( 'NONE', #449, #937, #625, .T. ) ;
#2478 = LINE ( 'NONE', #607, #2863 ) ;
#2479 = ORIENTED_EDGE ( 'NONE', *, *, #2898, .T. ) ;
#2480 = CIRCLE ( 'NONE', #1633, 0.5000000000000004441 ) ;
#2481 = ORIENTED_EDGE ( 'NONE', *, *, #2365, .T. ) ;
#2482 = LINE ( 'NONE', #290, #1561 ) ;
#2483 = CARTESIAN_POINT ( 'NONE',  ( -20.29999999999999716, -12.00000000000000000, 31.75000000000000000 ) ) ;
#2484 = VECTOR ( 'NONE', #2608, 1000.000000000000000 ) ;
#2485 = CARTESIAN_POINT ( 'NONE',  ( 14.24140333022853788, -4.330800431932624761, 31.75000000000000000 ) ) ;
#2486 = AXIS2_PLACEMENT_3D ( 'NONE', #4005, #2235, #3344 ) ;
#2487 = CARTESIAN_POINT ( 'NONE',  ( -10.61337697827829984, 5.250000000000000000, 31.75000000000000000 ) ) ;
#2488 = AXIS2_PLACEMENT_3D ( 'NONE', #3608, #827, #3948 ) ;
#2489 = ORIENTED_EDGE ( 'NONE', *, *, #2063, .T. ) ;
#2490 = PRESENTATION_LAYER_ASSIGNMENT (  '', '', ( #2103 ) ) ;
#2491 = LINE ( 'NONE', #3408, #3697 ) ;
#2492 = CARTESIAN_POINT ( 'NONE',  ( 20.60438071450434805, 6.065323329854379608, 31.75000000000000000 ) ) ;
#2493 = VECTOR ( 'NONE', #358, 1000.000000000000000 ) ;
#2494 = ORIENTED_EDGE ( 'NONE', *, *, #3032, .T. ) ;
#2495 = EDGE_CURVE ( 'NONE', #2403, #943, #1051, .T. ) ;
#2496 = CARTESIAN_POINT ( 'NONE',  ( 20.29999999999999716, -6.461999999999999744, 31.75000000000000000 ) ) ;
#2497 = DIRECTION ( 'NONE',  ( 0.000000000000000000, 0.000000000000000000, 1.000000000000000000 ) ) ;
#2498 = CARTESIAN_POINT ( 'NONE',  ( 6.500000000000000000, 2.873135757086585172E-15, 31.75000000000000000 ) ) ;
#2499 = DIRECTION ( 'NONE',  ( 0.000000000000000000, 0.000000000000000000, -1.000000000000000000 ) ) ;
#2500 = EDGE_CURVE ( 'NONE', #1004, #892, #429, .T. ) ;
#2501 = FACE_OUTER_BOUND ( 'NONE', #554, .T. ) ;
#2502 = CARTESIAN_POINT ( 'NONE',  ( 14.27678941455290129, 4.980824188601770786, -31.75000000000000000 ) ) ;
#2503 = CARTESIAN_POINT ( 'NONE',  ( 10.00000000000000000, 5.250000000000000000, -31.75000000000000000 ) ) ;
#2504 = ADVANCED_FACE ( 'NONE', ( #1041 ), #3871, .T. ) ;
#2505 = ORIENTED_EDGE ( 'NONE', *, *, #778, .T. ) ;
#2506 = LINE ( 'NONE', #702, #669 ) ;
#2507 = VERTEX_POINT ( 'NONE', #1664 ) ;
#2508 = CARTESIAN_POINT ( 'NONE',  ( -13.74969899016226016, -6.500000000000000000, 31.75000000000000000 ) ) ;
#2509 = CARTESIAN_POINT ( 'NONE',  ( -9.500000000000000000, 5.250000000000000000, 31.75000000000000000 ) ) ;
#2510 = ORIENTED_EDGE ( 'NONE', *, *, #3560, .F. ) ;
#2511 = LINE ( 'NONE', #3739, #3909 ) ;
#2512 = DIRECTION ( 'NONE',  ( 1.000000000000000000, 0.000000000000000000, 0.000000000000000000 ) ) ;
#2513 = LINE ( 'NONE', #1683, #2926 ) ;
#2514 = DIRECTION ( 'NONE',  ( 0.000000000000000000, -1.000000000000000000, 0.000000000000000000 ) ) ;
#2515 = EDGE_CURVE ( 'NONE', #1711, #178, #485, .T. ) ;
#2516 = ORIENTED_EDGE ( 'NONE', *, *, #316, .T. ) ;
#2517 = VERTEX_POINT ( 'NONE', #2264 ) ;
#2518 = FACE_OUTER_BOUND ( 'NONE', #1375, .T. ) ;
#2519 = EDGE_CURVE ( 'NONE', #406, #943, #405, .T. ) ;
#2520 = DIRECTION ( 'NONE',  ( 0.000000000000000000, 0.000000000000000000, -1.000000000000000000 ) ) ;
#2521 = CARTESIAN_POINT ( 'NONE',  ( 8.500000000000000000, 0.7500000000000000000, -31.75000000000000000 ) ) ;
#2522 = ADVANCED_FACE ( 'NONE', ( #140 ), #2631, .F. ) ;
#2523 = ORIENTED_EDGE ( 'NONE', *, *, #2389, .T. ) ;
#2524 = LINE ( 'NONE', #3754, #1783 ) ;
#2525 = CARTESIAN_POINT ( 'NONE',  ( -9.000000000000000000, -12.00000000000000000, 31.75000000000000000 ) ) ;
#2526 = CIRCLE ( 'NONE', #1557, 0.5000000000000004441 ) ;
#2527 = PLANE ( 'NONE',  #3570 ) ;
#2528 = CARTESIAN_POINT ( 'NONE',  ( -10.61337697827829984, -4.750000000000000000, 31.75000000000000000 ) ) ;
#2529 = DIRECTION ( 'NONE',  ( 1.000000000000000000, 0.000000000000000000, 0.000000000000000000 ) ) ;
#2530 = CIRCLE ( 'NONE', #3046, 0.5000000000000004441 ) ;
#2531 = ORIENTED_EDGE ( 'NONE', *, *, #2710, .F. ) ;
#2532 = ORIENTED_EDGE ( 'NONE', *, *, #585, .F. ) ;
#2533 = CARTESIAN_POINT ( 'NONE',  ( 14.72949673790581926, 12.22699524986975916, -31.75000000000000000 ) ) ;
#2534 = AXIS2_PLACEMENT_3D ( 'NONE', #900, #2497, #922 ) ;
#2535 = CARTESIAN_POINT ( 'NONE',  ( 19.93870941417869957, -12.34564304216478092, 31.75000000000000000 ) ) ;
#2536 = CARTESIAN_POINT ( 'NONE',  ( 14.13262310652581988, 6.500000000000000000, -31.75000000000000000 ) ) ;
#2537 = AXIS2_PLACEMENT_3D ( 'NONE', #2525, #1032, #2280 ) ;
#2538 = EDGE_LOOP ( 'NONE', ( #3007, #119, #2555, #1893 ) ) ;
#2539 = ADVANCED_FACE ( 'NONE', ( #3257 ), #1732, .F. ) ;
#2540 = AXIS2_PLACEMENT_3D ( 'NONE', #2092, #3318, #2676 ) ;
#2541 = CYLINDRICAL_SURFACE ( 'NONE', #545, 0.5000000000000004441 ) ;
#2542 = CIRCLE ( 'NONE', #2794, 0.5000000000000004441 ) ;
#2543 = EDGE_LOOP ( 'NONE', ( #1165, #2311, #1, #1226 ) ) ;
#2544 = EDGE_CURVE ( 'NONE', #740, #826, #3787, .T. ) ;
#2545 = CARTESIAN_POINT ( 'NONE',  ( 9.500000000000000000, -12.00000000000000000, 31.75000000000000000 ) ) ;
#2546 = VERTEX_POINT ( 'NONE', #2871 ) ;
#2547 = CIRCLE ( 'NONE', #1848, 0.5000000000000004441 ) ;
#2548 = EDGE_CURVE ( 'NONE', #1781, #3357, #1332, .T. ) ;
#2549 = CARTESIAN_POINT ( 'NONE',  ( 6.500000000000000000, -0.7500000000000000000, 31.75000000000000000 ) ) ;
#2550 = CARTESIAN_POINT ( 'NONE',  ( 14.63808000037415979, 4.635181146436989863, 31.75000000000000000 ) ) ;
#2551 = DIRECTION ( 'NONE',  ( 1.000000000000000000, 0.000000000000000000, 0.000000000000000000 ) ) ;
#2552 = CIRCLE ( 'NONE', #91, 0.5000000000000004441 ) ;
#2553 = DIRECTION ( 'NONE',  ( 1.000000000000000000, 0.000000000000000000, 0.000000000000000000 ) ) ;
#2554 = VERTEX_POINT ( 'NONE', #1020 ) ;
#2555 = ORIENTED_EDGE ( 'NONE', *, *, #1660, .F. ) ;
#2556 = EDGE_LOOP ( 'NONE', ( #1712, #2018, #1536, #2624 ) ) ;
#2557 = CYLINDRICAL_SURFACE ( 'NONE', #735, 0.4999999999999987232 ) ;
#2558 = CARTESIAN_POINT ( 'NONE',  ( -8.500000000000000000, 12.00000000000000000, 31.75000000000000000 ) ) ;
#2559 = DIRECTION ( 'NONE',  ( 0.6912860843295498547, 0.7225811716425486475, 0.000000000000000000 ) ) ;
#2560 = ORIENTED_EDGE ( 'NONE', *, *, #1232, .T. ) ;
#2561 = FACE_OUTER_BOUND ( 'NONE', #1728, .T. ) ;
#2562 = ADVANCED_FACE ( 'NONE', ( #3494 ), #724, .T. ) ;
#2563 = ORIENTED_EDGE ( 'NONE', *, *, #2389, .F. ) ;
#2564 = DIRECTION ( 'NONE',  ( 0.000000000000000000, 0.000000000000000000, -1.000000000000000000 ) ) ;
#2565 = FACE_OUTER_BOUND ( 'NONE', #491, .T. ) ;
#2566 = EDGE_CURVE ( 'NONE', #2651, #397, #730, .T. ) ;
#2567 = EDGE_LOOP ( 'NONE', ( #3784, #2873, #744, #210 ) ) ;
#2568 = FACE_OUTER_BOUND ( 'NONE', #1636, .T. ) ;
#2569 = CARTESIAN_POINT ( 'NONE',  ( 8.500000000000000000, 0.7500000000000000000, 31.75000000000000000 ) ) ;
#2570 = CARTESIAN_POINT ( 'NONE',  ( 11.05888024037249906, -5.023004750130230178, 31.75000000000000000 ) ) ;
#2571 = EDGE_CURVE ( 'NONE', #143, #1953, #3193, .T. ) ;
#2572 = CARTESIAN_POINT ( 'NONE',  ( 13.74969899016226016, -6.500000000000000000, 31.75000000000000000 ) ) ;
#2573 = ORIENTED_EDGE ( 'NONE', *, *, #3674, .F. ) ;
#2574 = EDGE_LOOP ( 'NONE', ( #1867, #2731, #2210, #3319 ) ) ;
#2575 = DIRECTION ( 'NONE',  ( 0.000000000000000000, 0.000000000000000000, -1.000000000000000000 ) ) ;
#2576 = CARTESIAN_POINT ( 'NONE',  ( -13.30419572806806094, -7.226995249869780480, -31.75000000000000000 ) ) ;
#2577 = EDGE_LOOP ( 'NONE', ( #3023, #3202 ) ) ;
#2578 = CARTESIAN_POINT ( 'NONE',  ( -13.64304901951866000, 1.353941855023654162, -31.75000000000000000 ) ) ;
#2579 = LINE ( 'NONE', #1324, #1248 ) ;
#2580 = EDGE_CURVE ( 'NONE', #26, #1284, #842, .T. ) ;
#2581 = DIRECTION ( 'NONE',  ( 0.000000000000000000, 0.000000000000000000, -1.000000000000000000 ) ) ;
#2582 = ORIENTED_EDGE ( 'NONE', *, *, #974, .F. ) ;
#2583 = EDGE_CURVE ( 'NONE', #848, #1212, #858, .T. ) ;
#2584 = DIRECTION ( 'NONE',  ( 0.000000000000000000, 0.000000000000000000, -1.000000000000000000 ) ) ;
#2585 = LINE ( 'NONE', #2569, #2738 ) ;
#2586 = LINE ( 'NONE', #3826, #1115 ) ;
#2587 = EDGE_LOOP ( 'NONE', ( #1012, #513, #3642, #392 ) ) ;
#2588 = ORIENTED_EDGE ( 'NONE', *, *, #3700, .F. ) ;
#2589 = ORIENTED_EDGE ( 'NONE', *, *, #932, .F. ) ;
#2590 = FACE_OUTER_BOUND ( 'NONE', #564, .T. ) ;
#2591 = EDGE_CURVE ( 'NONE', #360, #3971, #664, .T. ) ;
#2592 = CARTESIAN_POINT ( 'NONE',  ( 19.99561928549564982, 6.858676670145619880, -31.75000000000000000 ) ) ;
#2593 = CIRCLE ( 'NONE', #395, 0.5000000000000004441 ) ;
#2594 = ORIENTED_EDGE ( 'NONE', *, *, #647, .T. ) ;
#2595 = AXIS2_PLACEMENT_3D ( 'NONE', #1125, #2991, #821 ) ;
#2596 = ORIENTED_EDGE ( 'NONE', *, *, #3226, .T. ) ;
#2597 = CARTESIAN_POINT ( 'NONE',  ( -12.69999999999999929, 2.873135757086585172E-15, -31.75000000000000000 ) ) ;
#2598 = VECTOR ( 'NONE', #3671, 1000.000000000000114 ) ;
#2599 = EDGE_LOOP ( 'NONE', ( #2282, #2872, #106, #1942 ) ) ;
#2600 = AXIS2_PLACEMENT_3D ( 'NONE', #3544, #3813, #2252 ) ;
#2601 = LINE ( 'NONE', #2025, #3763 ) ;
#2602 = VECTOR ( 'NONE', #1019, 1000.000000000000114 ) ;
#2603 = ORIENTED_EDGE ( 'NONE', *, *, #1866, .T. ) ;
#2604 = AXIS2_PLACEMENT_3D ( 'NONE', #3245, #3505, #2918 ) ;
#2605 = CIRCLE ( 'NONE', #2356, 0.5000000000000004441 ) ;
#2606 = DIRECTION ( 'NONE',  ( 1.000000000000000000, 0.000000000000000000, 0.000000000000000000 ) ) ;
#2607 = PLANE ( 'NONE',  #2283 ) ;
#2608 = DIRECTION ( 'NONE',  ( 0.000000000000000000, 0.000000000000000000, -1.000000000000000000 ) ) ;
#2609 = VECTOR ( 'NONE', #3239, 1000.000000000000000 ) ;
#2610 = ADVANCED_FACE ( 'NONE', ( #1163 ), #3604, .F. ) ;
#2611 = ORIENTED_EDGE ( 'NONE', *, *, #2735, .T. ) ;
#2612 = ORIENTED_EDGE ( 'NONE', *, *, #4009, .F. ) ;
#2613 = DIRECTION ( 'NONE',  ( 1.000000000000000000, 0.000000000000000000, 0.000000000000000000 ) ) ;
#2614 = CARTESIAN_POINT ( 'NONE',  ( 3.469446951953614978E-15, 0.7500000000000000000, 15.05000000000000071 ) ) ;
#2615 = CARTESIAN_POINT ( 'NONE',  ( 20.80000000000000071, 6.461999999999999744, 31.75000000000000000 ) ) ;
#2616 = CIRCLE ( 'NONE', #3718, 0.5000000000000004441 ) ;
#2617 = EDGE_CURVE ( 'NONE', #1107, #1528, #2648, .T. ) ;
#2618 = ORIENTED_EDGE ( 'NONE', *, *, #996, .F. ) ;
#2619 = CIRCLE ( 'NONE', #359, 0.5000000000000004441 ) ;
#2620 = ORIENTED_EDGE ( 'NONE', *, *, #3013, .F. ) ;
#2621 = FACE_OUTER_BOUND ( 'NONE', #2115, .T. ) ;
#2622 = DIRECTION ( 'NONE',  ( -1.000000000000000000, 0.000000000000000000, 0.000000000000000000 ) ) ;
#2623 = EDGE_CURVE ( 'NONE', #3276, #1207, #2730, .T. ) ;
#2624 = ORIENTED_EDGE ( 'NONE', *, *, #3814, .F. ) ;
#2625 = DIRECTION ( 'NONE',  ( 0.000000000000000000, 0.000000000000000000, 1.000000000000000000 ) ) ;
#2626 = DIRECTION ( 'NONE',  ( -1.000000000000000000, 0.000000000000000000, 0.000000000000000000 ) ) ;
#2627 = VERTEX_POINT ( 'NONE', #3293 ) ;
#2628 = CARTESIAN_POINT ( 'NONE',  ( -10.61337697827829984, 4.750000000000000000, 31.75000000000000000 ) ) ;
#2629 = DIRECTION ( 'NONE',  ( 0.000000000000000000, 0.000000000000000000, -1.000000000000000000 ) ) ;
#2630 = ORIENTED_EDGE ( 'NONE', *, *, #1923, .F. ) ;
#2631 = CYLINDRICAL_SURFACE ( 'NONE', #602, 0.5000000000000004441 ) ;
#2632 = ORIENTED_EDGE ( 'NONE', *, *, #2216, .T. ) ;
#2633 = ORIENTED_EDGE ( 'NONE', *, *, #1988, .F. ) ;
#2634 = CARTESIAN_POINT ( 'NONE',  ( -20.60438071450434805, -6.065323329854379608, 31.75000000000000000 ) ) ;
#2635 = CARTESIAN_POINT ( 'NONE',  ( -10.61337697827829984, 4.750000000000000000, -31.75000000000000000 ) ) ;
#2636 = ADVANCED_FACE ( 'NONE', ( #921 ), #1270, .F. ) ;
#2637 = ORIENTED_EDGE ( 'NONE', *, *, #2372, .F. ) ;
#2638 = DIRECTION ( 'NONE',  ( 0.6912860843295498547, -0.7225811716425486475, 0.000000000000000000 ) ) ;
#2639 = ADVANCED_FACE ( 'NONE', ( #2807 ), #3724, .T. ) ;
#2640 = DIRECTION ( 'NONE',  ( 0.000000000000000000, 0.000000000000000000, -1.000000000000000000 ) ) ;
#2641 = ORIENTED_EDGE ( 'NONE', *, *, #1058, .F. ) ;
#2642 = EDGE_CURVE ( 'NONE', #1491, #814, #1644, .T. ) ;
#2643 = DIRECTION ( 'NONE',  ( 0.000000000000000000, 0.000000000000000000, -1.000000000000000000 ) ) ;
#2644 = VERTEX_POINT ( 'NONE', #2785 ) ;
#2645 = CARTESIAN_POINT ( 'NONE',  ( -8.500000000000000000, -0.7500000000000000000, 31.75000000000000000 ) ) ;
#2646 = CARTESIAN_POINT ( 'NONE',  ( -10.61337697827829984, -4.750000000000000000, 31.75000000000000000 ) ) ;
#2647 = DIRECTION ( 'NONE',  ( 0.000000000000000000, 1.000000000000000000, 0.000000000000000000 ) ) ;
#2648 = LINE ( 'NONE', #824, #1904 ) ;
#2649 = DIRECTION ( 'NONE',  ( -0.4539904997395408648, 0.8910065241883707854, 0.000000000000000000 ) ) ;
#2650 = ORIENTED_EDGE ( 'NONE', *, *, #2195, .F. ) ;
#2651 = VERTEX_POINT ( 'NONE', #639 ) ;
#2652 = DIRECTION ( 'NONE',  ( -0.6087614290087208779, 0.7933533402912350541, 0.000000000000000000 ) ) ;
#2653 = SURFACE_SIDE_STYLE ('',( #212 ) ) ;
#2654 = AXIS2_PLACEMENT_3D ( 'NONE', #3405, #3068, #634 ) ;
#2655 = DIRECTION ( 'NONE',  ( 0.000000000000000000, 0.000000000000000000, 1.000000000000000000 ) ) ;
#2656 = CARTESIAN_POINT ( 'NONE',  ( 8.500000000000000000, 0.7500000000000000000, 31.75000000000000000 ) ) ;
#2657 = CIRCLE ( 'NONE', #2471, 1.149999999999999911 ) ;
#2658 = ADVANCED_FACE ( 'NONE', ( #4011 ), #320, .F. ) ;
#2659 = CIRCLE ( 'NONE', #2537, 0.5000000000000004441 ) ;
#2660 = DIRECTION ( 'NONE',  ( 0.000000000000000000, 0.000000000000000000, -1.000000000000000000 ) ) ;
#2661 = AXIS2_PLACEMENT_3D ( 'NONE', #3523, #411, #1398 ) ;
#2662 = EDGE_CURVE ( 'NONE', #997, #934, #1872, .T. ) ;
#2663 = ORIENTED_EDGE ( 'NONE', *, *, #1325, .T. ) ;
#2664 = VERTEX_POINT ( 'NONE', #3391 ) ;
#2665 = DIRECTION ( 'NONE',  ( 0.000000000000000000, 0.000000000000000000, -1.000000000000000000 ) ) ;
#2666 = CARTESIAN_POINT ( 'NONE',  ( -13.74969899016224062, -7.000000000000000000, 31.75000000000000000 ) ) ;
#2667 = ORIENTED_EDGE ( 'NONE', *, *, #2495, .F. ) ;
#2668 = CIRCLE ( 'NONE', #3972, 0.5000000000000004441 ) ;
#2669 = DIRECTION ( 'NONE',  ( 0.000000000000000000, 0.000000000000000000, 1.000000000000000000 ) ) ;
#2670 = ADVANCED_FACE ( 'NONE', ( #622 ), #39, .F. ) ;
#2671 = VERTEX_POINT ( 'NONE', #343 ) ;
#2672 = CARTESIAN_POINT ( 'NONE',  ( 20.80000000000000071, 6.461999999999999744, 31.75000000000000000 ) ) ;
#2673 = VECTOR ( 'NONE', #324, 1000.000000000000227 ) ;
#2674 = DIRECTION ( 'NONE',  ( -1.000000000000000000, 0.000000000000000000, 0.000000000000000000 ) ) ;
#2675 = LINE ( 'NONE', #2937, #1822 ) ;
#2676 = DIRECTION ( 'NONE',  ( -0.6912860843295498547, 0.7225811716425487585, 0.000000000000000000 ) ) ;
#2677 = AXIS2_PLACEMENT_3D ( 'NONE', #3020, #2360, #1174 ) ;
#2678 = CIRCLE ( 'NONE', #3581, 0.5000000000000004441 ) ;
#2679 = ORIENTED_EDGE ( 'NONE', *, *, #1657, .F. ) ;
#2680 = VECTOR ( 'NONE', #3894, 1000.000000000000000 ) ;
#2681 = CARTESIAN_POINT ( 'NONE',  ( 14.84860978185358071, -3.539473577621999656, 31.75000000000000000 ) ) ;
#2682 = CARTESIAN_POINT ( 'NONE',  ( 10.00000000000000000, -5.250000000000000000, 31.75000000000000000 ) ) ;
#2683 = CARTESIAN_POINT ( 'NONE',  ( 10.61337697827829984, 5.250000000000000000, 31.75000000000000000 ) ) ;
#2684 = VECTOR ( 'NONE', #1977, 1000.000000000000227 ) ;
#2685 = DIRECTION ( 'NONE',  ( 0.000000000000000000, 0.000000000000000000, -1.000000000000000000 ) ) ;
#2686 = EDGE_CURVE ( 'NONE', #150, #458, #2511, .T. ) ;
#2687 = VERTEX_POINT ( 'NONE', #17 ) ;
#2688 = CARTESIAN_POINT ( 'NONE',  ( -6.500000000000000000, 0.7500000000000000000, 28.75000000000000000 ) ) ;
#2689 = CARTESIAN_POINT ( 'NONE',  ( -12.69999999999999929, 2.873135757086585172E-15, 31.75000000000000000 ) ) ;
#2690 = ORIENTED_EDGE ( 'NONE', *, *, #2834, .F. ) ;
#2691 = ADVANCED_FACE ( 'NONE', ( #3384 ), #873, .F. ) ;
#2692 = DIRECTION ( 'NONE',  ( 1.000000000000000000, 0.000000000000000000, 0.000000000000000000 ) ) ;
#2693 = DIRECTION ( 'NONE',  ( 0.000000000000000000, 0.000000000000000000, -1.000000000000000000 ) ) ;
#2694 = DIRECTION ( 'NONE',  ( 0.000000000000000000, 0.000000000000000000, -1.000000000000000000 ) ) ;
#2695 = FILL_AREA_STYLE_COLOUR ( '', #2022 ) ;
#2696 = PLANE ( 'NONE',  #1440 ) ;
#2697 = EDGE_CURVE ( 'NONE', #1213, #1107, #417, .T. ) ;
#2698 = EDGE_LOOP ( 'NONE', ( #819, #431, #3112, #2909 ) ) ;
#2699 = ORIENTED_EDGE ( 'NONE', *, *, #1461, .T. ) ;
#2700 = LINE ( 'NONE', #2681, #3555 ) ;
#2701 = DIRECTION ( 'NONE',  ( 0.000000000000000000, 0.000000000000000000, -1.000000000000000000 ) ) ;
#2702 = DIRECTION ( 'NONE',  ( -1.000000000000000000, 0.000000000000000000, 0.000000000000000000 ) ) ;
#2703 = EDGE_LOOP ( 'NONE', ( #1349, #1954, #3103, #631, #1667, #237, #260, #2770, #319, #2293, #430, #2139, #3164, #2426, #643, #2848, #456, #882, #297, #1945, #3182, #962, #2797, #3071, #3963, #3243, #3918, #1932, #3893, #2249, #3158, #1615, #3250, #2364, #94, #1500, #610, #1269, #3829, #2083, #1995, #2104, #1256, #3558, #2690, #3530, #985, #3502, #1775, #3774, #2588, #2716, #1602, #1462 ) ) ;
#2704 = EDGE_CURVE ( 'NONE', #1672, #2671, #2678, .T. ) ;
#2705 = DIRECTION ( 'NONE',  ( 0.000000000000000000, 0.000000000000000000, -1.000000000000000000 ) ) ;
#2706 = LINE ( 'NONE', #3943, #3841 ) ;
#2707 = LINE ( 'NONE', #3944, #2458 ) ;
#2708 = DIRECTION ( 'NONE',  ( 0.000000000000000000, 0.000000000000000000, -1.000000000000000000 ) ) ;
#2709 = ORIENTED_EDGE ( 'NONE', *, *, #60, .T. ) ;
#2710 = EDGE_CURVE ( 'NONE', #775, #3571, #1517, .T. ) ;
#2711 = LINE ( 'NONE', #899, #1907 ) ;
#2712 = SURFACE_STYLE_FILL_AREA ( #1110 ) ;
#2713 = DIRECTION ( 'NONE',  ( 0.7933533402912350541, -0.6087614290087208779, 0.000000000000000000 ) ) ;
#2714 = VERTEX_POINT ( 'NONE', #1648 ) ;
#2715 = EDGE_CURVE ( 'NONE', #1970, #315, #1516, .T. ) ;
#2716 = ORIENTED_EDGE ( 'NONE', *, *, #1399, .F. ) ;
#2717 = FACE_OUTER_BOUND ( 'NONE', #809, .T. ) ;
#2718 = CARTESIAN_POINT ( 'NONE',  ( -20.60438071450434805, -6.065323329854379608, -31.75000000000000000 ) ) ;
#2719 = DIRECTION ( 'NONE',  ( 0.000000000000000000, 0.000000000000000000, -1.000000000000000000 ) ) ;
#2720 = VECTOR ( 'NONE', #849, 1000.000000000000000 ) ;
#2721 = VERTEX_POINT ( 'NONE', #891 ) ;
#2722 = CARTESIAN_POINT ( 'NONE',  ( -8.500000000000000000, -0.7500000000000000000, 28.75000000000000000 ) ) ;
#2723 = AXIS2_PLACEMENT_3D ( 'NONE', #2176, #1876, #907 ) ;
#2724 = ORIENTED_EDGE ( 'NONE', *, *, #436, .T. ) ;
#2725 = VECTOR ( 'NONE', #1823, 1000.000000000000114 ) ;
#2726 = DIRECTION ( 'NONE',  ( -2.569960705150824905E-16, -1.000000000000000000, 0.000000000000000000 ) ) ;
#2727 = DIRECTION ( 'NONE',  ( -2.569960705150824905E-16, 1.000000000000000000, 0.000000000000000000 ) ) ;
#2728 = CARTESIAN_POINT ( 'NONE',  ( -15.24528645199919907, 3.843854292126359873, 31.75000000000000000 ) ) ;
#2729 = CIRCLE ( 'NONE', #2788, 0.5000000000000004441 ) ;
#2730 = LINE ( 'NONE', #3274, #3379 ) ;
#2731 = ORIENTED_EDGE ( 'NONE', *, *, #535, .T. ) ;
#2732 = DIRECTION ( 'NONE',  ( 0.000000000000000000, 0.000000000000000000, -1.000000000000000000 ) ) ;
#2733 = CIRCLE ( 'NONE', #976, 0.5000000000000004441 ) ;
#2734 = DIRECTION ( 'NONE',  ( 0.000000000000000000, 1.000000000000000000, 0.000000000000000000 ) ) ;
#2735 = EDGE_CURVE ( 'NONE', #1043, #37, #1845, .T. ) ;
#2736 = CIRCLE ( 'NONE', #3312, 0.5000000000000004441 ) ;
#2737 = CARTESIAN_POINT ( 'NONE',  ( 20.29999999999999716, -6.461999999999999744, -31.75000000000000000 ) ) ;
#2738 = VECTOR ( 'NONE', #3216, 1000.000000000000000 ) ;
#2739 = DIRECTION ( 'NONE',  ( 0.000000000000000000, 0.000000000000000000, -1.000000000000000000 ) ) ;
#2740 = AXIS2_PLACEMENT_3D ( 'NONE', #1145, #2693, #2969 ) ;
#2741 =( LENGTH_UNIT ( ) NAMED_UNIT ( * ) SI_UNIT ( .MILLI., .METRE. ) );
#2742 = ADVANCED_FACE ( 'NONE', ( #1218 ), #3461, .F. ) ;
#2743 = LINE ( 'NONE', #1817, #3122 ) ;
#2744 = VECTOR ( 'NONE', #2960, 1000.000000000000114 ) ;
#2745 = VECTOR ( 'NONE', #2955, 1000.000000000000000 ) ;
#2746 = DIRECTION ( 'NONE',  ( 0.000000000000000000, 0.000000000000000000, -1.000000000000000000 ) ) ;
#2747 = PRODUCT ( 'Same_Sky_HSE15-644225P', 'Same_Sky_HSE15-644225P', '', ( #2157 ) ) ;
#2748 = AXIS2_PLACEMENT_3D ( 'NONE', #2339, #158, #2304 ) ;
#2749 = EDGE_CURVE ( 'NONE', #2517, #1540, #3477, .T. ) ;
#2750 = ORIENTED_EDGE ( 'NONE', *, *, #3128, .T. ) ;
#2751 = ORIENTED_EDGE ( 'NONE', *, *, #55, .F. ) ;
#2752 = DIRECTION ( 'NONE',  ( 0.6912860843295498547, -0.7225811716425486475, 0.000000000000000000 ) ) ;
#2753 = DIRECTION ( 'NONE',  ( 0.000000000000000000, 0.000000000000000000, 1.000000000000000000 ) ) ;
#2754 = VERTEX_POINT ( 'NONE', #1819 ) ;
#2755 = ORIENTED_EDGE ( 'NONE', *, *, #3368, .F. ) ;
#2756 = LINE ( 'NONE', #2454, #3110 ) ;
#2757 = CARTESIAN_POINT ( 'NONE',  ( 12.69999999999999929, 2.873135757086585172E-15, 35.25000000000000000 ) ) ;
#2758 = ORIENTED_EDGE ( 'NONE', *, *, #8, .T. ) ;
#2759 = LINE ( 'NONE', #309, #134 ) ;
#2760 = FACE_OUTER_BOUND ( 'NONE', #1233, .T. ) ;
#2761 = VERTEX_POINT ( 'NONE', #2764 ) ;
#2762 = EDGE_CURVE ( 'NONE', #3383, #2183, #1722, .T. ) ;
#2763 = PLANE ( 'NONE',  #3320 ) ;
#2764 = CARTESIAN_POINT ( 'NONE',  ( -14.24140333022853788, -4.330800431932630090, 31.75000000000000000 ) ) ;
#2765 = FACE_OUTER_BOUND ( 'NONE', #224, .T. ) ;
#2766 = EDGE_LOOP ( 'NONE', ( #2494, #2650, #3639, #2314 ) ) ;
#2767 = EDGE_CURVE ( 'NONE', #259, #3172, #1317, .T. ) ;
#2768 = CARTESIAN_POINT ( 'NONE',  ( 10.61337697827829984, -5.250000000000000000, -31.75000000000000000 ) ) ;
#2769 = DIRECTION ( 'NONE',  ( 0.000000000000000000, 0.000000000000000000, -1.000000000000000000 ) ) ;
#2770 = ORIENTED_EDGE ( 'NONE', *, *, #2106, .T. ) ;
#2771 = DIRECTION ( 'NONE',  ( 0.000000000000000000, 0.000000000000000000, 1.000000000000000000 ) ) ;
#2772 = DIRECTION ( 'NONE',  ( 0.000000000000000000, -1.000000000000000000, 0.000000000000000000 ) ) ;
#2773 = LINE ( 'NONE', #2787, #1966 ) ;
#2774 = EDGE_LOOP ( 'NONE', ( #250, #130, #616, #2237 ) ) ;
#2775 = LINE ( 'NONE', #1895, #3955 ) ;
#2776 = DIRECTION ( 'NONE',  ( -0.7933533402912350541, -0.6087614290087208779, 0.000000000000000000 ) ) ;
#2777 = ORIENTED_EDGE ( 'NONE', *, *, #3159, .F. ) ;
#2778 = DIRECTION ( 'NONE',  ( -0.6912860843295498547, 0.7225811716425486475, 0.000000000000000000 ) ) ;
#2779 = ADVANCED_FACE ( 'NONE', ( #3987 ), #2557, .T. ) ;
#2780 = VERTEX_POINT ( 'NONE', #617 ) ;
#2781 = DIRECTION ( 'NONE',  ( -1.000000000000000000, 0.000000000000000000, 0.000000000000000000 ) ) ;
#2782 = EDGE_CURVE ( 'NONE', #26, #925, #1934, .T. ) ;
#2783 = VECTOR ( 'NONE', #114, 1000.000000000000227 ) ;
#2784 = ORIENTED_EDGE ( 'NONE', *, *, #3447, .T. ) ;
#2785 = CARTESIAN_POINT ( 'NONE',  ( -13.94742973402301978, -0.9572651848780380224, -31.75000000000000000 ) ) ;
#2786 = DIRECTION ( 'NONE',  ( 0.000000000000000000, 0.000000000000000000, 1.000000000000000000 ) ) ;
#2787 = CARTESIAN_POINT ( 'NONE',  ( -14.72949673790581926, -12.22699524986975916, 31.75000000000000000 ) ) ;
#2788 = AXIS2_PLACEMENT_3D ( 'NONE', #2820, #399, #1634 ) ;
#2789 = EDGE_CURVE ( 'NONE', #3237, #3669, #275, .T. ) ;
#2790 = VERTEX_POINT ( 'NONE', #3791 ) ;
#2791 = ORIENTED_EDGE ( 'NONE', *, *, #2957, .T. ) ;
#2792 = AXIS2_PLACEMENT_3D ( 'NONE', #624, #4015, #1874 ) ;
#2793 = ORIENTED_EDGE ( 'NONE', *, *, #3178, .F. ) ;
#2794 = AXIS2_PLACEMENT_3D ( 'NONE', #2683, #528, #2118 ) ;
#2795 = CARTESIAN_POINT ( 'NONE',  ( -9.000000000000000000, -12.00000000000000000, -31.75000000000000000 ) ) ;
#2796 = CIRCLE ( 'NONE', #672, 0.5000000000000004441 ) ;
#2797 = ORIENTED_EDGE ( 'NONE', *, *, #2591, .T. ) ;
#2798 = AXIS2_PLACEMENT_3D ( 'NONE', #3113, #1251, #2170 ) ;
#2799 = DIRECTION ( 'NONE',  ( 0.000000000000000000, 0.000000000000000000, -1.000000000000000000 ) ) ;
#2800 = AXIS2_PLACEMENT_3D ( 'NONE', #455, #3882, #474 ) ;
#2801 = AXIS2_PLACEMENT_3D ( 'NONE', #122, #2312, #3542 ) ;
#2802 = ORIENTED_EDGE ( 'NONE', *, *, #804, .F. ) ;
#2803 = EDGE_CURVE ( 'NONE', #1745, #2183, #59, .T. ) ;
#2804 = DIRECTION ( 'NONE',  ( 0.000000000000000000, 0.000000000000000000, 1.000000000000000000 ) ) ;
#2805 = CIRCLE ( 'NONE', #1574, 0.5000000000000004441 ) ;
#2806 = ORIENTED_EDGE ( 'NONE', *, *, #2101, .T. ) ;
#2807 = FACE_OUTER_BOUND ( 'NONE', #3429, .T. ) ;
#2808 = ADVANCED_FACE ( 'NONE', ( #3184 ), #2444, .T. ) ;
#2809 = CARTESIAN_POINT ( 'NONE',  ( -12.69999999999999929, 2.873135757086585172E-15, 35.25000000000000000 ) ) ;
#2810 = DIRECTION ( 'NONE',  ( 0.000000000000000000, 0.000000000000000000, 1.000000000000000000 ) ) ;
#2811 = ORIENTED_EDGE ( 'NONE', *, *, #3478, .T. ) ;
#2812 = VERTEX_POINT ( 'NONE', #1336 ) ;
#2813 = EDGE_LOOP ( 'NONE', ( #3476, #190, #3651, #2266 ) ) ;
#2814 = ADVANCED_FACE ( 'NONE', ( #3360 ), #295, .T. ) ;
#2815 = PLANE ( 'NONE',  #2467 ) ;
#2816 = CARTESIAN_POINT ( 'NONE',  ( 14.24140333022853788, 4.330800431932624761, 31.75000000000000000 ) ) ;
#2817 = ORIENTED_EDGE ( 'NONE', *, *, #2341, .T. ) ;
#2818 = DIRECTION ( 'NONE',  ( -1.000000000000000000, 0.000000000000000000, 0.000000000000000000 ) ) ;
#2819 = VERTEX_POINT ( 'NONE', #1691 ) ;
#2820 = CARTESIAN_POINT ( 'NONE',  ( 20.29999999999999716, 6.461999999999999744, 31.75000000000000000 ) ) ;
#2821 = EDGE_CURVE ( 'NONE', #3848, #679, #1086, .T. ) ;
#2822 = VERTEX_POINT ( 'NONE', #467 ) ;
#2823 = CARTESIAN_POINT ( 'NONE',  ( -14.72949673790581926, 12.22699524986975916, 31.75000000000000000 ) ) ;
#2824 = SURFACE_STYLE_FILL_AREA ( #3515 ) ;
#2825 = DIRECTION ( 'NONE',  ( -1.000000000000000000, 0.000000000000000000, 0.000000000000000000 ) ) ;
#2826 = DIRECTION ( 'NONE',  ( -1.000000000000000000, 0.000000000000000000, 0.000000000000000000 ) ) ;
#2827 = EDGE_CURVE ( 'NONE', #2546, #3802, #432, .T. ) ;
#2828 = VERTEX_POINT ( 'NONE', #3811 ) ;
#2829 = ORIENTED_EDGE ( 'NONE', *, *, #1653, .F. ) ;
#2830 = CARTESIAN_POINT ( 'NONE',  ( -9.500000000000000000, -12.00000000000000000, 31.75000000000000000 ) ) ;
#2831 = FACE_OUTER_BOUND ( 'NONE', #748, .T. ) ;
#2832 = PLANE ( 'NONE',  #2476 ) ;
#2833 = CARTESIAN_POINT ( 'NONE',  ( -11.05888024037249906, -5.023004750130230178, 31.75000000000000000 ) ) ;
#2834 = EDGE_CURVE ( 'NONE', #3873, #754, #2038, .T. ) ;
#2835 = ORIENTED_EDGE ( 'NONE', *, *, #1537, .T. ) ;
#2836 = CARTESIAN_POINT ( 'NONE',  ( 9.500000000000000000, 12.00000000000000000, 31.75000000000000000 ) ) ;
#2837 = ADVANCED_FACE ( 'NONE', ( #788 ), #2329, .F. ) ;
#2838 = EDGE_LOOP ( 'NONE', ( #2505, #904, #919, #3969 ) ) ;
#2839 = CARTESIAN_POINT ( 'NONE',  ( 10.61337697827829984, 4.750000000000000000, -31.75000000000000000 ) ) ;
#2840 = DIRECTION ( 'NONE',  ( 0.000000000000000000, 0.000000000000000000, -1.000000000000000000 ) ) ;
#2841 = ORIENTED_EDGE ( 'NONE', *, *, #2519, .F. ) ;
#2842 = PRESENTATION_LAYER_ASSIGNMENT (  '', '', ( #3489 ) ) ;
#2843 = LINE ( 'NONE', #746, #1031 ) ;
#2844 = DIRECTION ( 'NONE',  ( 0.000000000000000000, 0.000000000000000000, -1.000000000000000000 ) ) ;
#2845 = LINE ( 'NONE', #981, #1111 ) ;
#2846 = VECTOR ( 'NONE', #2053, 1000.000000000000000 ) ;
#2847 = ORIENTED_EDGE ( 'NONE', *, *, #2704, .F. ) ;
#2848 = ORIENTED_EDGE ( 'NONE', *, *, #3420, .T. ) ;
#2849 = DIRECTION ( 'NONE',  ( -1.000000000000000000, 0.000000000000000000, 0.000000000000000000 ) ) ;
#2850 = CIRCLE ( 'NONE', #1769, 0.5000000000000004441 ) ;
#2851 = DIRECTION ( 'NONE',  ( -1.000000000000000000, 0.000000000000000000, 0.000000000000000000 ) ) ;
#2852 = EDGE_CURVE ( 'NONE', #1603, #3750, #3564, .T. ) ;
#2853 = LINE ( 'NONE', #2485, #1514 ) ;
#2854 = CIRCLE ( 'NONE', #2027, 0.5000000000000004441 ) ;
#2855 = ORIENTED_EDGE ( 'NONE', *, *, #1001, .T. ) ;
#2856 = EDGE_CURVE ( 'NONE', #3546, #3422, #1250, .T. ) ;
#2857 = CARTESIAN_POINT ( 'NONE',  ( 15.62050326209419993, 11.77300475013021952, 31.75000000000000000 ) ) ;
#2858 = ORIENTED_EDGE ( 'NONE', *, *, #1742, .T. ) ;
#2859 = DIRECTION ( 'NONE',  ( 0.000000000000000000, 0.000000000000000000, -1.000000000000000000 ) ) ;
#2860 = EDGE_CURVE ( 'NONE', #2350, #1234, #1183, .T. ) ;
#2861 = CARTESIAN_POINT ( 'NONE',  ( 14.72949673790581926, -12.22699524986975916, 31.75000000000000000 ) ) ;
#2862 = CIRCLE ( 'NONE', #3845, 0.5000000000000004441 ) ;
#2863 = VECTOR ( 'NONE', #306, 1000.000000000000114 ) ;
#2864 = ORIENTED_EDGE ( 'NONE', *, *, #1951, .F. ) ;
#2865 = ORIENTED_EDGE ( 'NONE', *, *, #1535, .F. ) ;
#2866 = AXIS2_PLACEMENT_3D ( 'NONE', #3858, #3261, #1378 ) ;
#2867 = LINE ( 'NONE', #2901, #1566 ) ;
#2868 = DIRECTION ( 'NONE',  ( 0.000000000000000000, 0.000000000000000000, -1.000000000000000000 ) ) ;
#2869 = DIRECTION ( 'NONE',  ( -1.000000000000000000, 0.000000000000000000, 0.000000000000000000 ) ) ;
#2870 = COLOUR_RGB ( '',0.7921568627450980005, 0.8196078431372548767, 0.9333333333333333481 ) ;
#2871 = CARTESIAN_POINT ( 'NONE',  ( 14.24140333022853788, 4.330800431932630090, 31.75000000000000000 ) ) ;
#2872 = ORIENTED_EDGE ( 'NONE', *, *, #2147, .F. ) ;
#2873 = ORIENTED_EDGE ( 'NONE', *, *, #335, .F. ) ;
#2874 = CARTESIAN_POINT ( 'NONE',  ( -9.500000000000000000, 12.00000000000000000, 31.75000000000000000 ) ) ;
#2875 = EDGE_CURVE ( 'NONE', #740, #3906, #1579, .T. ) ;
#2876 = VERTEX_POINT ( 'NONE', #1736 ) ;
#2877 = FACE_OUTER_BOUND ( 'NONE', #3428, .T. ) ;
#2878 = CARTESIAN_POINT ( 'NONE',  ( -14.84860978185358071, 3.539473577621999656, 31.75000000000000000 ) ) ;
#2879 = EDGE_CURVE ( 'NONE', #2721, #178, #2972, .T. ) ;
#2880 = ORIENTED_EDGE ( 'NONE', *, *, #1148, .T. ) ;
#2881 = CARTESIAN_POINT ( 'NONE',  ( 10.61337697827829984, 4.750000000000000000, 31.75000000000000000 ) ) ;
#2882 = EDGE_CURVE ( 'NONE', #3058, #3289, #537, .T. ) ;
#2883 = ORIENTED_EDGE ( 'NONE', *, *, #2762, .T. ) ;
#2884 = CARTESIAN_POINT ( 'NONE',  ( 9.500000000000000000, 12.00000000000000000, 31.75000000000000000 ) ) ;
#2885 = CARTESIAN_POINT ( 'NONE',  ( 14.13262310652581988, -6.500000000000000000, 31.75000000000000000 ) ) ;
#2886 = DIRECTION ( 'NONE',  ( 0.000000000000000000, 0.000000000000000000, -1.000000000000000000 ) ) ;
#2887 = EDGE_LOOP ( 'NONE', ( #1898, #1157, #500, #3337 ) ) ;
#2888 = ORIENTED_EDGE ( 'NONE', *, *, #1220, .F. ) ;
#2889 = EDGE_LOOP ( 'NONE', ( #1003, #3084, #1135, #3729 ) ) ;
#2890 = DIRECTION ( 'NONE',  ( -1.000000000000000000, 0.000000000000000000, 0.000000000000000000 ) ) ;
#2891 = DIRECTION ( 'NONE',  ( 0.000000000000000000, 0.000000000000000000, -1.000000000000000000 ) ) ;
#2892 = CARTESIAN_POINT ( 'NONE',  ( 15.17499999999999893, 12.00000000000000000, -31.75000000000000000 ) ) ;
#2893 = ORIENTED_EDGE ( 'NONE', *, *, #1685, .T. ) ;
#2894 = CARTESIAN_POINT ( 'NONE',  ( -20.29999999999999716, 12.00000000000000000, -31.75000000000000000 ) ) ;
#2895 = DIRECTION ( 'NONE',  ( -0.000000000000000000, 1.000000000000000000, 0.000000000000000000 ) ) ;
#2896 = VECTOR ( 'NONE', #1805, 1000.000000000000000 ) ;
#2897 = CARTESIAN_POINT ( 'NONE',  ( -8.500000000000000000, -0.7500000000000000000, 31.75000000000000000 ) ) ;
#2898 = EDGE_CURVE ( 'NONE', #1021, #571, #2936, .T. ) ;
#2899 = VECTOR ( 'NONE', #2125, 1000.000000000000000 ) ;
#2900 = EDGE_LOOP ( 'NONE', ( #2596, #2988, #2847, #113 ) ) ;
#2901 = CARTESIAN_POINT ( 'NONE',  ( 10.61337697827829984, -4.750000000000000000, 31.75000000000000000 ) ) ;
#2902 = FACE_OUTER_BOUND ( 'NONE', #2186, .T. ) ;
#2903 = CARTESIAN_POINT ( 'NONE',  ( 12.69999999999999929, 2.873135757086585172E-15, -31.75000000000000000 ) ) ;
#2904 = EDGE_CURVE ( 'NONE', #254, #960, #1415, .T. ) ;
#2905 = DIRECTION ( 'NONE',  ( -0.6912860843295498547, 0.7225811716425486475, 0.000000000000000000 ) ) ;
#2906 = VECTOR ( 'NONE', #895, 1000.000000000000000 ) ;
#2907 = ORIENTED_EDGE ( 'NONE', *, *, #3714, .T. ) ;
#2908 = EDGE_LOOP ( 'NONE', ( #3218, #1384, #3096, #2002 ) ) ;
#2909 = ORIENTED_EDGE ( 'NONE', *, *, #1074, .T. ) ;
#2910 = DIRECTION ( 'NONE',  ( 0.000000000000000000, 0.000000000000000000, -1.000000000000000000 ) ) ;
#2911 = CARTESIAN_POINT ( 'NONE',  ( 15.62050326209419993, 11.77300475013021952, -31.75000000000000000 ) ) ;
#2912 = CIRCLE ( 'NONE', #1958, 0.5000000000000004441 ) ;
#2913 = EDGE_CURVE ( 'NONE', #575, #2812, #173, .T. ) ;
#2914 = ORIENTED_EDGE ( 'NONE', *, *, #1245, .T. ) ;
#2915 = CIRCLE ( 'NONE', #2919, 0.5000000000000004441 ) ;
#2916 = ORIENTED_EDGE ( 'NONE', *, *, #3406, .F. ) ;
#2917 = CARTESIAN_POINT ( 'NONE',  ( 14.84860978185358071, -3.539473577621999656, 31.75000000000000000 ) ) ;
#2918 = DIRECTION ( 'NONE',  ( 0.000000000000000000, 0.000000000000000000, 1.000000000000000000 ) ) ;
#2919 = AXIS2_PLACEMENT_3D ( 'NONE', #2429, #3678, #1538 ) ;
#2920 = ORIENTED_EDGE ( 'NONE', *, *, #505, .T. ) ;
#2921 = VECTOR ( 'NONE', #1773, 1000.000000000000000 ) ;
#2922 = LINE ( 'NONE', #1060, #1835 ) ;
#2923 = CIRCLE ( 'NONE', #3440, 0.5000000000000004441 ) ;
#2924 = ORIENTED_EDGE ( 'NONE', *, *, #391, .F. ) ;
#2925 = ADVANCED_FACE ( 'NONE', ( #2590 ), #3278, .T. ) ;
#2926 = VECTOR ( 'NONE', #3805, 1000.000000000000000 ) ;
#2927 = AXIS2_PLACEMENT_3D ( 'NONE', #2503, #1738, #414 ) ;
#2928 = DIRECTION ( 'NONE',  ( 1.000000000000000000, 0.000000000000000000, 0.000000000000000000 ) ) ;
#2929 = DIRECTION ( 'NONE',  ( -1.000000000000000000, 0.000000000000000000, 0.000000000000000000 ) ) ;
#2930 = CARTESIAN_POINT ( 'NONE',  ( -13.30419572806806094, -7.226995249869780480, 31.75000000000000000 ) ) ;
#2931 = DIRECTION ( 'NONE',  ( 1.000000000000000000, 0.000000000000000000, 0.000000000000000000 ) ) ;
#2932 = CIRCLE ( 'NONE', #2045, 0.5000000000000004441 ) ;
#2933 = ORIENTED_EDGE ( 'NONE', *, *, #1148, .F. ) ;
#2934 = ORIENTED_EDGE ( 'NONE', *, *, #2155, .T. ) ;
#2935 = EDGE_CURVE ( 'NONE', #3990, #3954, #2295, .T. ) ;
#2936 = LINE ( 'NONE', #3875, #3847 ) ;
#2937 = CARTESIAN_POINT ( 'NONE',  ( -13.84999999999999964, 2.873135757086585172E-15, 35.25000000000000000 ) ) ;
#2938 = DIRECTION ( 'NONE',  ( 1.000000000000000000, 0.000000000000000000, 0.000000000000000000 ) ) ;
#2939 = AXIS2_PLACEMENT_3D ( 'NONE', #1030, #2859, #1305 ) ;
#2940 = ORIENTED_EDGE ( 'NONE', *, *, #1301, .F. ) ;
#2941 = VECTOR ( 'NONE', #2383, 1000.000000000000000 ) ;
#2942 = ADVANCED_FACE ( 'NONE', ( #1047 ), #1751, .T. ) ;
#2943 = ORIENTED_EDGE ( 'NONE', *, *, #1988, .T. ) ;
#2944 = DIRECTION ( 'NONE',  ( 0.000000000000000000, 0.000000000000000000, -1.000000000000000000 ) ) ;
#2945 = CARTESIAN_POINT ( 'NONE',  ( 14.84860978185358071, 3.539473577621999656, 31.75000000000000000 ) ) ;
#2946 = ORIENTED_EDGE ( 'NONE', *, *, #2566, .F. ) ;
#2947 = LINE ( 'NONE', #1452, #3449 ) ;
#2948 = CARTESIAN_POINT ( 'NONE',  ( 13.35727658936150064, 0.9436564444104260652, 31.75000000000000000 ) ) ;
#2949 = ORIENTED_EDGE ( 'NONE', *, *, #1632, .F. ) ;
#2950 = PLANE ( 'NONE',  #1363 ) ;
#2951 = CARTESIAN_POINT ( 'NONE',  ( -15.17499999999999893, 12.00000000000000000, 31.75000000000000000 ) ) ;
#2952 = DIRECTION ( 'NONE',  ( 0.000000000000000000, 0.000000000000000000, -1.000000000000000000 ) ) ;
#2953 = DIRECTION ( 'NONE',  ( 0.000000000000000000, 0.000000000000000000, -1.000000000000000000 ) ) ;
#2954 = ORIENTED_EDGE ( 'NONE', *, *, #872, .F. ) ;
#2955 = DIRECTION ( 'NONE',  ( 0.000000000000000000, 1.000000000000000000, 0.000000000000000000 ) ) ;
#2956 = DIRECTION ( 'NONE',  ( -1.000000000000000000, 0.000000000000000000, 0.000000000000000000 ) ) ;
#2957 = EDGE_CURVE ( 'NONE', #3721, #1593, #2015, .T. ) ;
#2958 = VERTEX_POINT ( 'NONE', #1397 ) ;
#2959 = DIRECTION ( 'NONE',  ( -1.000000000000000000, 0.000000000000000000, 0.000000000000000000 ) ) ;
#2960 = DIRECTION ( 'NONE',  ( 0.6087614290087208779, -0.7933533402912350541, 0.000000000000000000 ) ) ;
#2961 = ADVANCED_FACE ( 'NONE', ( #191 ), #3053, .F. ) ;
#2962 = CARTESIAN_POINT ( 'NONE',  ( 14.49391369234709970, -6.654356957835229736, 31.75000000000000000 ) ) ;
#2963 = EDGE_CURVE ( 'NONE', #754, #2187, #251, .T. ) ;
#2964 = ORIENTED_EDGE ( 'NONE', *, *, #1176, .F. ) ;
#2965 = DIRECTION ( 'NONE',  ( 0.000000000000000000, -1.000000000000000000, 0.000000000000000000 ) ) ;
#2966 = DIRECTION ( 'NONE',  ( 0.000000000000000000, 0.000000000000000000, -1.000000000000000000 ) ) ;
#2967 = CARTESIAN_POINT ( 'NONE',  ( -15.67499999999999716, 12.00000000000000000, 31.75000000000000000 ) ) ;
#2968 = AXIS2_PLACEMENT_3D ( 'NONE', #3603, #3349, #1223 ) ;
#2969 = DIRECTION ( 'NONE',  ( 1.000000000000000000, 0.000000000000000000, 0.000000000000000000 ) ) ;
#2970 = ORIENTED_EDGE ( 'NONE', *, *, #2623, .F. ) ;
#2971 = EDGE_LOOP ( 'NONE', ( #283, #701, #3735, #3595 ) ) ;
#2972 = LINE ( 'NONE', #2635, #3779 ) ;
#2973 = FILL_AREA_STYLE_COLOUR ( '', #3567 ) ;
#2974 = CARTESIAN_POINT ( 'NONE',  ( -8.500000000000000000, 0.7500000000000000000, 31.75000000000000000 ) ) ;
#2975 = AXIS2_PLACEMENT_3D ( 'NONE', #3846, #50, #93 ) ;
#2976 = ORIENTED_EDGE ( 'NONE', *, *, #3005, .F. ) ;
#2977 = ORIENTED_EDGE ( 'NONE', *, *, #2423, .T. ) ;
#2978 = ADVANCED_FACE ( 'NONE', ( #2371 ), #1166, .F. ) ;
#2979 = CIRCLE ( 'NONE', #3755, 1.149999999999999911 ) ;
#2980 = CARTESIAN_POINT ( 'NONE',  ( 6.500000000000000000, -12.50000000000000000, 28.75000000000000000 ) ) ;
#2981 = LINE ( 'NONE', #3957, #1779 ) ;
#2982 = CARTESIAN_POINT ( 'NONE',  ( -20.29999999999999716, -6.461999999999999744, 31.75000000000000000 ) ) ;
#2983 = AXIS2_PLACEMENT_3D ( 'NONE', #12, #2401, #2726 ) ;
#2984 = EDGE_CURVE ( 'NONE', #799, #308, #861, .T. ) ;
#2985 = PLANE ( 'NONE',  #989 ) ;
#2986 = AXIS2_PLACEMENT_3D ( 'NONE', #3716, #310, #1547 ) ;
#2987 = VECTOR ( 'NONE', #885, 1000.000000000000000 ) ;
#2988 = ORIENTED_EDGE ( 'NONE', *, *, #3368, .T. ) ;
#2989 = ADVANCED_FACE ( 'NONE', ( #2091 ), #1770, .F. ) ;
#2990 = VERTEX_POINT ( 'NONE', #1807 ) ;
#2991 = DIRECTION ( 'NONE',  ( 0.000000000000000000, 0.000000000000000000, 1.000000000000000000 ) ) ;
#2992 = DIRECTION ( 'NONE',  ( 0.000000000000000000, 0.000000000000000000, 1.000000000000000000 ) ) ;
#2993 = LINE ( 'NONE', #3292, #125 ) ;
#2994 = AXIS2_PLACEMENT_3D ( 'NONE', #3922, #853, #909 ) ;
#2995 = VERTEX_POINT ( 'NONE', #1524 ) ;
#2996 = AXIS2_PLACEMENT_3D ( 'NONE', #3526, #1355, #1071 ) ;
#2997 = DIRECTION ( 'NONE',  ( 0.000000000000000000, 1.000000000000000000, 0.000000000000000000 ) ) ;
#2998 = CARTESIAN_POINT ( 'NONE',  ( -8.500000000000000000, -12.00000000000000000, 31.75000000000000000 ) ) ;
#2999 = VECTOR ( 'NONE', #3268, 1000.000000000000000 ) ;
#3000 = VECTOR ( 'NONE', #2352, 1000.000000000000114 ) ;
#3001 = ORIENTED_EDGE ( 'NONE', *, *, #1733, .T. ) ;
#3002 = LINE ( 'NONE', #1155, #2162 ) ;
#3003 = LINE ( 'NONE', #1489, #1969 ) ;
#3004 = VECTOR ( 'NONE', #3840, 1000.000000000000000 ) ;
#3005 = EDGE_CURVE ( 'NONE', #775, #676, #519, .T. ) ;
#3006 = EDGE_CURVE ( 'NONE', #254, #1400, #2711, .T. ) ;
#3007 = ORIENTED_EDGE ( 'NONE', *, *, #362, .T. ) ;
#3008 = ORIENTED_EDGE ( 'NONE', *, *, #834, .T. ) ;
#3009 = CARTESIAN_POINT ( 'NONE',  ( 20.60438071450434805, 6.065323329854379608, 31.75000000000000000 ) ) ;
#3010 = LINE ( 'NONE', #2430, #1983 ) ;
#3011 = LINE ( 'NONE', #1411, #3682 ) ;
#3012 = CARTESIAN_POINT ( 'NONE',  ( -10.00000000000000000, 4.750000000000000000, 31.75000000000000000 ) ) ;
#3013 = EDGE_CURVE ( 'NONE', #3078, #315, #3369, .T. ) ;
#3014 = CARTESIAN_POINT ( 'NONE',  ( 14.72949673790581926, -12.22699524986975916, -31.75000000000000000 ) ) ;
#3015 = SURFACE_SIDE_STYLE ('',( #2712 ) ) ;
#3016 = CARTESIAN_POINT ( 'NONE',  ( -15.17499999999999893, -12.00000000000000000, 31.75000000000000000 ) ) ;
#3017 = ORIENTED_EDGE ( 'NONE', *, *, #896, .F. ) ;
#3018 = EDGE_LOOP ( 'NONE', ( #3569, #3923, #938, #336 ) ) ;
#3019 = DIRECTION ( 'NONE',  ( 0.000000000000000000, 0.000000000000000000, 1.000000000000000000 ) ) ;
#3020 = CARTESIAN_POINT ( 'NONE',  ( 8.500000000000000000, -12.00000000000000000, 31.75000000000000000 ) ) ;
#3021 = DIRECTION ( 'NONE',  ( 0.000000000000000000, 0.000000000000000000, -1.000000000000000000 ) ) ;
#3022 = FACE_OUTER_BOUND ( 'NONE', #3018, .T. ) ;
#3023 = ORIENTED_EDGE ( 'NONE', *, *, #2243, .T. ) ;
#3024 = ORIENTED_EDGE ( 'NONE', *, *, #3374, .T. ) ;
#3025 = EDGE_CURVE ( 'NONE', #1593, #2062, #2421, .T. ) ;
#3026 = PLANE ( 'NONE',  #982 ) ;
#3027 = FACE_OUTER_BOUND ( 'NONE', #3831, .T. ) ;
#3028 = CARTESIAN_POINT ( 'NONE',  ( -13.35727658936150064, -0.9436564444104260652, 31.75000000000000000 ) ) ;
#3029 = ORIENTED_EDGE ( 'NONE', *, *, #1551, .F. ) ;
#3030 = VERTEX_POINT ( 'NONE', #2387 ) ;
#3031 = CARTESIAN_POINT ( 'NONE',  ( -14.63808000037415979, 4.635181146436989863, -31.75000000000000000 ) ) ;
#3032 = EDGE_CURVE ( 'NONE', #479, #449, #2547, .T. ) ;
#3033 = CARTESIAN_POINT ( 'NONE',  ( 3.665390439817191057E-15, -0.7500000000000000000, 11.84999999999999964 ) ) ;
#3034 = UNCERTAINTY_MEASURE_WITH_UNIT (LENGTH_MEASURE( 1.000000000000000082E-05 ), #2410, 'distance_accuracy_value', 'NONE');
#3035 = ORIENTED_EDGE ( 'NONE', *, *, #1134, .T. ) ;
#3036 = ORIENTED_EDGE ( 'NONE', *, *, #112, .T. ) ;
#3037 = EDGE_CURVE ( 'NONE', #934, #2240, #2932, .T. ) ;
#3038 = DIRECTION ( 'NONE',  ( 0.000000000000000000, 0.000000000000000000, -1.000000000000000000 ) ) ;
#3039 = FACE_OUTER_BOUND ( 'NONE', #452, .T. ) ;
#3040 = CARTESIAN_POINT ( 'NONE',  ( -15.54966716650354996, -3.447177621980745066, 31.75000000000000000 ) ) ;
#3041 = CIRCLE ( 'NONE', #2465, 0.5000000000000004441 ) ;
#3042 = ORIENTED_EDGE ( 'NONE', *, *, #2856, .T. ) ;
#3043 = CARTESIAN_POINT ( 'NONE',  ( -13.94742973402301978, -0.9572651848780380224, 31.75000000000000000 ) ) ;
#3044 = DIRECTION ( 'NONE',  ( 0.000000000000000000, 0.000000000000000000, -1.000000000000000000 ) ) ;
#3045 = DIRECTION ( 'NONE',  ( 1.000000000000000000, 0.000000000000000000, 0.000000000000000000 ) ) ;
#3046 = AXIS2_PLACEMENT_3D ( 'NONE', #3572, #794, #3899 ) ;
#3047 = EDGE_LOOP ( 'NONE', ( #2169, #1162, #2479, #1920 ) ) ;
#3048 = AXIS2_PLACEMENT_3D ( 'NONE', #304, #3430, #2435 ) ;
#3049 = LINE ( 'NONE', #2836, #3656 ) ;
#3050 = CARTESIAN_POINT ( 'NONE',  ( -20.80000000000000071, 6.461999999999999744, 31.75000000000000000 ) ) ;
#3051 = ORIENTED_EDGE ( 'NONE', *, *, #231, .F. ) ;
#3052 = ORIENTED_EDGE ( 'NONE', *, *, #2132, .F. ) ;
#3053 = PLANE ( 'NONE',  #3129 ) ;
#3054 = DIRECTION ( 'NONE',  ( -1.000000000000000000, 0.000000000000000000, 0.000000000000000000 ) ) ;
#3055 = CARTESIAN_POINT ( 'NONE',  ( 20.29999999999999716, -12.00000000000000000, 31.75000000000000000 ) ) ;
#3056 = AXIS2_PLACEMENT_3D ( 'NONE', #1468, #3937, #272 ) ;
#3057 = EDGE_CURVE ( 'NONE', #1443, #182, #286, .T. ) ;
#3058 = VERTEX_POINT ( 'NONE', #3075 ) ;
#3059 = DIRECTION ( 'NONE',  ( -0.8910065241883708964, -0.4539904997395409203, 0.000000000000000000 ) ) ;
#3060 = CARTESIAN_POINT ( 'NONE',  ( 20.60438071450434805, 6.065323329854379608, 31.75000000000000000 ) ) ;
#3061 = VECTOR ( 'NONE', #118, 1000.000000000000000 ) ;
#3062 = DIRECTION ( 'NONE',  ( 0.000000000000000000, 0.000000000000000000, 1.000000000000000000 ) ) ;
#3063 = EDGE_CURVE ( 'NONE', #2819, #1046, #303, .T. ) ;
#3064 = VECTOR ( 'NONE', #2732, 1000.000000000000000 ) ;
#3065 = VERTEX_POINT ( 'NONE', #1132 ) ;
#3066 = DIRECTION ( 'NONE',  ( 1.000000000000000000, 0.000000000000000000, 0.000000000000000000 ) ) ;
#3067 = DIRECTION ( 'NONE',  ( 0.000000000000000000, 0.000000000000000000, -1.000000000000000000 ) ) ;
#3068 = DIRECTION ( 'NONE',  ( 0.000000000000000000, 0.000000000000000000, -1.000000000000000000 ) ) ;
#3069 = CIRCLE ( 'NONE', #3720, 0.5000000000000004441 ) ;
#3070 = VERTEX_POINT ( 'NONE', #1189 ) ;
#3071 = ORIENTED_EDGE ( 'NONE', *, *, #364, .T. ) ;
#3072 = DIRECTION ( 'NONE',  ( 0.000000000000000000, 0.000000000000000000, -1.000000000000000000 ) ) ;
#3073 = DIRECTION ( 'NONE',  ( -0.7933533402912341659, -0.6087614290087219882, 0.000000000000000000 ) ) ;
#3074 = ORIENTED_EDGE ( 'NONE', *, *, #2063, .F. ) ;
#3075 = CARTESIAN_POINT ( 'NONE',  ( -20.80000000000000071, -12.00000000000000000, -31.75000000000000000 ) ) ;
#3076 = FACE_OUTER_BOUND ( 'NONE', #3659, .T. ) ;
#3077 = CARTESIAN_POINT ( 'NONE',  ( 12.69999999999999929, 2.873135757086585172E-15, 28.25000000000000000 ) ) ;
#3078 = VERTEX_POINT ( 'NONE', #2434 ) ;
#3079 = ORIENTED_EDGE ( 'NONE', *, *, #1653, .T. ) ;
#3080 = DIRECTION ( 'NONE',  ( 0.8910065241883708964, 0.4539904997395409203, 0.000000000000000000 ) ) ;
#3081 = CYLINDRICAL_SURFACE ( 'NONE', #2986, 0.5000000000000004441 ) ;
#3082 = EDGE_CURVE ( 'NONE', #3738, #933, #801, .T. ) ;
#3083 = DIRECTION ( 'NONE',  ( 1.000000000000000000, 0.000000000000000000, 0.000000000000000000 ) ) ;
#3084 = ORIENTED_EDGE ( 'NONE', *, *, #2544, .F. ) ;
#3085 = LINE ( 'NONE', #314, #1255 ) ;
#3086 = EDGE_CURVE ( 'NONE', #331, #2068, #1791, .T. ) ;
#3087 = VERTEX_POINT ( 'NONE', #3359 ) ;
#3088 = ADVANCED_FACE ( 'NONE', ( #2397 ), #2182, .F. ) ;
#3089 = DIRECTION ( 'NONE',  ( 0.000000000000000000, 0.000000000000000000, -1.000000000000000000 ) ) ;
#3090 = ORIENTED_EDGE ( 'NONE', *, *, #804, .T. ) ;
#3091 = CARTESIAN_POINT ( 'NONE',  ( -14.72949673790581926, -12.22699524986975916, 31.75000000000000000 ) ) ;
#3092 = DIRECTION ( 'NONE',  ( 0.000000000000000000, 0.000000000000000000, -1.000000000000000000 ) ) ;
#3093 = CARTESIAN_POINT ( 'NONE',  ( -20.60438071450434805, 6.065323329854379608, 31.75000000000000000 ) ) ;
#3094 = LINE ( 'NONE', #2672, #289 ) ;
#3095 = DIRECTION ( 'NONE',  ( 0.000000000000000000, 0.000000000000000000, -1.000000000000000000 ) ) ;
#3096 = ORIENTED_EDGE ( 'NONE', *, *, #3830, .F. ) ;
#3097 = ORIENTED_EDGE ( 'NONE', *, *, #3082, .F. ) ;
#3098 = DIRECTION ( 'NONE',  ( 0.000000000000000000, 0.000000000000000000, -1.000000000000000000 ) ) ;
#3099 = CARTESIAN_POINT ( 'NONE',  ( 14.72949673790581926, -12.22699524986975916, 31.75000000000000000 ) ) ;
#3100 = SHAPE_DEFINITION_REPRESENTATION ( #1258, #376 ) ;
#3101 = FACE_OUTER_BOUND ( 'NONE', #1680, .T. ) ;
#3102 = EDGE_CURVE ( 'NONE', #2627, #2644, #3403, .T. ) ;
#3103 = ORIENTED_EDGE ( 'NONE', *, *, #3607, .F. ) ;
#3104 = AXIS2_PLACEMENT_3D ( 'NONE', #1340, #3796, #3244 ) ;
#3105 = EDGE_CURVE ( 'NONE', #2554, #1073, #855, .T. ) ;
#3106 = ORIENTED_EDGE ( 'NONE', *, *, #2034, .F. ) ;
#3107 = AXIS2_PLACEMENT_3D ( 'NONE', #2460, #3080, #3690 ) ;
#3108 = CARTESIAN_POINT ( 'NONE',  ( -12.69999999999999929, 2.873135757086585172E-15, -31.75000000000000000 ) ) ;
#3109 = CARTESIAN_POINT ( 'NONE',  ( -14.27678941455290129, -4.980824188601770786, 31.75000000000000000 ) ) ;
#3110 = VECTOR ( 'NONE', #1854, 1000.000000000000000 ) ;
#3111 = EDGE_CURVE ( 'NONE', #679, #1629, #3658, .T. ) ;
#3112 = ORIENTED_EDGE ( 'NONE', *, *, #996, .T. ) ;
#3113 = CARTESIAN_POINT ( 'NONE',  ( 15.54966716650354996, 3.447177621980745066, 31.75000000000000000 ) ) ;
#3114 = CARTESIAN_POINT ( 'NONE',  ( -6.500000000000000000, 2.873135757086585172E-15, 31.75000000000000000 ) ) ;
#3115 = CYLINDRICAL_SURFACE ( 'NONE', #218, 0.5000000000000004441 ) ;
#3116 = VECTOR ( 'NONE', #511, 1000.000000000000000 ) ;
#3117 = VERTEX_POINT ( 'NONE', #632 ) ;
#3118 = AXIS2_PLACEMENT_3D ( 'NONE', #1737, #3280, #193 ) ;
#3119 = EDGE_LOOP ( 'NONE', ( #3874, #3181, #3465, #3435 ) ) ;
#3120 = DIRECTION ( 'NONE',  ( -0.4539904997395408648, 0.8910065241883707854, 0.000000000000000000 ) ) ;
#3121 = CARTESIAN_POINT ( 'NONE',  ( 10.61337697827829984, -4.750000000000000000, -31.75000000000000000 ) ) ;
#3122 = VECTOR ( 'NONE', #3958, 1000.000000000000000 ) ;
#3123 = CARTESIAN_POINT ( 'NONE',  ( 13.74969899016224062, -7.000000000000000000, 31.75000000000000000 ) ) ;
#3124 = CIRCLE ( 'NONE', #168, 1.149999999999999911 ) ;
#3125 = ORIENTED_EDGE ( 'NONE', *, *, #3592, .F. ) ;
#3126 = AXIS2_PLACEMENT_3D ( 'NONE', #3313, #540, #2127 ) ;
#3127 = DIRECTION ( 'NONE',  ( 0.000000000000000000, 0.000000000000000000, 1.000000000000000000 ) ) ;
#3128 = EDGE_CURVE ( 'NONE', #3196, #3788, #890, .T. ) ;
#3129 = AXIS2_PLACEMENT_3D ( 'NONE', #1853, #2129, #2112 ) ;
#3130 = ORIENTED_EDGE ( 'NONE', *, *, #2477, .F. ) ;
#3131 = CARTESIAN_POINT ( 'NONE',  ( -13.35727658936150064, 0.9436564444104260652, 31.75000000000000000 ) ) ;
#3132 = VECTOR ( 'NONE', #1515, 1000.000000000000000 ) ;
#3133 = DIRECTION ( 'NONE',  ( -0.7933533402912350541, 0.6087614290087208779, 0.000000000000000000 ) ) ;
#3134 = DIRECTION ( 'NONE',  ( 0.000000000000000000, 0.000000000000000000, -1.000000000000000000 ) ) ;
#3135 = ADVANCED_FACE ( 'NONE', ( #3022 ), #2763, .F. ) ;
#3136 = CIRCLE ( 'NONE', #1059, 0.5000000000000004441 ) ;
#3137 = EDGE_LOOP ( 'NONE', ( #1756, #2793, #95, #626 ) ) ;
#3138 = FACE_OUTER_BOUND ( 'NONE', #596, .T. ) ;
#3139 = CARTESIAN_POINT ( 'NONE',  ( -8.500000000000000000, 12.00000000000000000, -31.75000000000000000 ) ) ;
#3140 = DIRECTION ( 'NONE',  ( 1.000000000000000000, 0.000000000000000000, 0.000000000000000000 ) ) ;
#3141 = EDGE_CURVE ( 'NONE', #2714, #2257, #2616, .T. ) ;
#3142 = EDGE_LOOP ( 'NONE', ( #1506, #10, #2914, #3584 ) ) ;
#3143 = ORIENTED_EDGE ( 'NONE', *, *, #2583, .T. ) ;
#3144 = DIRECTION ( 'NONE',  ( 0.000000000000000000, 0.000000000000000000, 1.000000000000000000 ) ) ;
#3145 = DIRECTION ( 'NONE',  ( -1.000000000000000000, 0.000000000000000000, 0.000000000000000000 ) ) ;
#3146 = ADVANCED_FACE ( 'NONE', ( #551 ), #294, .T. ) ;
#3147 = CARTESIAN_POINT ( 'NONE',  ( 14.24140333022853788, -4.330800431932624761, 31.75000000000000000 ) ) ;
#3148 = PLANE ( 'NONE',  #2096 ) ;
#3149 = ORIENTED_EDGE ( 'NONE', *, *, #3327, .F. ) ;
#3150 = FACE_OUTER_BOUND ( 'NONE', #3453, .T. ) ;
#3151 = LINE ( 'NONE', #380, #267 ) ;
#3152 = ORIENTED_EDGE ( 'NONE', *, *, #3082, .T. ) ;
#3153 = EDGE_CURVE ( 'NONE', #406, #2350, #569, .T. ) ;
#3154 = CYLINDRICAL_SURFACE ( 'NONE', #398, 0.5000000000000004441 ) ;
#3155 = DIRECTION ( 'NONE',  ( -1.000000000000000000, 0.000000000000000000, 0.000000000000000000 ) ) ;
#3156 = DIRECTION ( 'NONE',  ( 0.000000000000000000, 0.000000000000000000, 1.000000000000000000 ) ) ;
#3157 = ORIENTED_EDGE ( 'NONE', *, *, #1343, .F. ) ;
#3158 = ORIENTED_EDGE ( 'NONE', *, *, #1537, .F. ) ;
#3159 = EDGE_CURVE ( 'NONE', #2398, #3172, #3085, .T. ) ;
#3160 = ORIENTED_EDGE ( 'NONE', *, *, #2963, .F. ) ;
#3161 = DIRECTION ( 'NONE',  ( 0.8910065241883708964, -0.4539904997395409203, 0.000000000000000000 ) ) ;
#3162 = LINE ( 'NONE', #451, #3188 ) ;
#3163 = CARTESIAN_POINT ( 'NONE',  ( -20.66129058582125211, 11.65435695783522085, -31.75000000000000000 ) ) ;
#3164 = ORIENTED_EDGE ( 'NONE', *, *, #3006, .T. ) ;
#3165 = EDGE_CURVE ( 'NONE', #3236, #2517, #2361, .T. ) ;
#3166 = ORIENTED_EDGE ( 'NONE', *, *, #2004, .T. ) ;
#3167 = CARTESIAN_POINT ( 'NONE',  ( -10.61337697827829984, 5.250000000000000000, 31.75000000000000000 ) ) ;
#3168 = FACE_OUTER_BOUND ( 'NONE', #2175, .T. ) ;
#3169 = ORIENTED_EDGE ( 'NONE', *, *, #2132, .T. ) ;
#3170 = DIRECTION ( 'NONE',  ( 0.000000000000000000, 0.000000000000000000, -1.000000000000000000 ) ) ;
#3171 = AXIS2_PLACEMENT_3D ( 'NONE', #2578, #3817, #687 ) ;
#3172 = VERTEX_POINT ( 'NONE', #1690 ) ;
#3173 = AXIS2_PLACEMENT_3D ( 'NONE', #1209, #3708, #322 ) ;
#3174 = CARTESIAN_POINT ( 'NONE',  ( -11.54999999999999893, 3.013970138988530751E-15, 35.25000000000000000 ) ) ;
#3175 = CARTESIAN_POINT ( 'NONE',  ( -15.62050326209419993, 11.77300475013021952, -31.75000000000000000 ) ) ;
#3176 = DIRECTION ( 'NONE',  ( 0.000000000000000000, 0.000000000000000000, -1.000000000000000000 ) ) ;
#3177 = FACE_OUTER_BOUND ( 'NONE', #333, .T. ) ;
#3178 = EDGE_CURVE ( 'NONE', #3308, #2240, #3238, .T. ) ;
#3179 = AXIS2_PLACEMENT_3D ( 'NONE', #2069, #227, #2366 ) ;
#3180 = CARTESIAN_POINT ( 'NONE',  ( 15.17499999999999893, -12.00000000000000000, 31.75000000000000000 ) ) ;
#3181 = ORIENTED_EDGE ( 'NONE', *, *, #3281, .F. ) ;
#3182 = ORIENTED_EDGE ( 'NONE', *, *, #707, .T. ) ;
#3183 = ORIENTED_EDGE ( 'NONE', *, *, #3506, .T. ) ;
#3184 = FACE_OUTER_BOUND ( 'NONE', #2900, .T. ) ;
#3185 = AXIS2_PLACEMENT_3D ( 'NONE', #2461, #683, #3378 ) ;
#3186 = CARTESIAN_POINT ( 'NONE',  ( -10.61337697827829984, 4.750000000000000000, 31.75000000000000000 ) ) ;
#3187 = EDGE_CURVE ( 'NONE', #3347, #3203, #2506, .T. ) ;
#3188 = VECTOR ( 'NONE', #1353, 1000.000000000000227 ) ;
#3189 = ORIENTED_EDGE ( 'NONE', *, *, #1842, .F. ) ;
#3190 = AXIS2_PLACEMENT_3D ( 'NONE', #3380, #548, #2394 ) ;
#3191 = DIRECTION ( 'NONE',  ( 1.000000000000000000, 0.000000000000000000, 0.000000000000000000 ) ) ;
#3192 = EDGE_CURVE ( 'NONE', #1357, #3738, #1946, .T. ) ;
#3193 = CIRCLE ( 'NONE', #348, 0.5000000000000004441 ) ;
#3194 = FACE_OUTER_BOUND ( 'NONE', #3759, .T. ) ;
#3195 = AXIS2_PLACEMENT_3D ( 'NONE', #3930, #1208, #3996 ) ;
#3196 = VERTEX_POINT ( 'NONE', #3174 ) ;
#3197 = VECTOR ( 'NONE', #1533, 1000.000000000000000 ) ;
#3198 = DIRECTION ( 'NONE',  ( 0.000000000000000000, 0.000000000000000000, -1.000000000000000000 ) ) ;
#3199 = DIRECTION ( 'NONE',  ( 0.6912860843295498547, 0.7225811716425486475, 0.000000000000000000 ) ) ;
#3200 = PLANE ( 'NONE',  #594 ) ;
#3201 = CARTESIAN_POINT ( 'NONE',  ( 13.74969899016224062, 7.000000000000000000, -31.75000000000000000 ) ) ;
#3202 = ORIENTED_EDGE ( 'NONE', *, *, #1169, .T. ) ;
#3203 = VERTEX_POINT ( 'NONE', #3513 ) ;
#3204 = DIRECTION ( 'NONE',  ( -1.000000000000000000, 0.000000000000000000, 0.000000000000000000 ) ) ;
#3205 = CARTESIAN_POINT ( 'NONE',  ( 15.17499999999999893, 12.00000000000000000, 31.75000000000000000 ) ) ;
#3206 = VERTEX_POINT ( 'NONE', #745 ) ;
#3207 = EDGE_LOOP ( 'NONE', ( #3947, #1130, #1485, #3356 ) ) ;
#3208 = ADVANCED_FACE ( 'NONE', ( #1991 ), #3214, .F. ) ;
#3209 = FACE_OUTER_BOUND ( 'NONE', #216, .T. ) ;
#3210 = ADVANCED_FACE ( 'NONE', ( #1681 ), #3535, .F. ) ;
#3211 = LINE ( 'NONE', #2897, #400 ) ;
#3212 = ORIENTED_EDGE ( 'NONE', *, *, #825, .T. ) ;
#3213 = ADVANCED_FACE ( 'NONE', ( #164 ), #780, .F. ) ;
#3214 = PLANE ( 'NONE',  #1123 ) ;
#3215 = CYLINDRICAL_SURFACE ( 'NONE', #3303, 0.5000000000000004441 ) ;
#3216 = DIRECTION ( 'NONE',  ( 0.000000000000000000, 0.000000000000000000, -1.000000000000000000 ) ) ;
#3217 = LINE ( 'NONE', #3853, #2602 ) ;
#3218 = ORIENTED_EDGE ( 'NONE', *, *, #1430, .T. ) ;
#3219 = ORIENTED_EDGE ( 'NONE', *, *, #1328, .T. ) ;
#3220 = EDGE_LOOP ( 'NONE', ( #3919, #1457, #46, #3230 ) ) ;
#3221 = DIRECTION ( 'NONE',  ( -1.000000000000000000, 0.000000000000000000, 0.000000000000000000 ) ) ;
#3222 = DIRECTION ( 'NONE',  ( 0.000000000000000000, 0.000000000000000000, -1.000000000000000000 ) ) ;
#3223 = ORIENTED_EDGE ( 'NONE', *, *, #1530, .T. ) ;
#3224 = ORIENTED_EDGE ( 'NONE', *, *, #3676, .T. ) ;
#3225 = DIRECTION ( 'NONE',  ( 1.000000000000000000, 0.000000000000000000, 0.000000000000000000 ) ) ;
#3226 = EDGE_CURVE ( 'NONE', #642, #1689, #1456, .T. ) ;
#3227 = ORIENTED_EDGE ( 'NONE', *, *, #3983, .T. ) ;
#3228 = CARTESIAN_POINT ( 'NONE',  ( -20.60438071450434805, 6.065323329854379608, 31.75000000000000000 ) ) ;
#3229 = EDGE_CURVE ( 'NONE', #1437, #3206, #714, .T. ) ;
#3230 = ORIENTED_EDGE ( 'NONE', *, *, #3281, .T. ) ;
#3231 = DIRECTION ( 'NONE',  ( 0.000000000000000000, 0.000000000000000000, 1.000000000000000000 ) ) ;
#3232 = FACE_OUTER_BOUND ( 'NONE', #2889, .T. ) ;
#3233 = DIRECTION ( 'NONE',  ( 0.000000000000000000, 0.000000000000000000, -1.000000000000000000 ) ) ;
#3234 = DIRECTION ( 'NONE',  ( -1.000000000000000000, 0.000000000000000000, 0.000000000000000000 ) ) ;
#3235 = EDGE_CURVE ( 'NONE', #182, #734, #2279, .T. ) ;
#3236 = VERTEX_POINT ( 'NONE', #3424 ) ;
#3237 = VERTEX_POINT ( 'NONE', #2241 ) ;
#3238 = LINE ( 'NONE', #2634, #356 ) ;
#3239 = DIRECTION ( 'NONE',  ( 0.000000000000000000, 0.000000000000000000, -1.000000000000000000 ) ) ;
#3240 = DIRECTION ( 'NONE',  ( 0.000000000000000000, 0.000000000000000000, 1.000000000000000000 ) ) ;
#3241 = ORIENTED_EDGE ( 'NONE', *, *, #2372, .T. ) ;
#3242 = VECTOR ( 'NONE', #136, 1000.000000000000000 ) ;
#3243 = ORIENTED_EDGE ( 'NONE', *, *, #3532, .T. ) ;
#3244 = DIRECTION ( 'NONE',  ( 0.000000000000000000, 0.000000000000000000, 1.000000000000000000 ) ) ;
#3245 = CARTESIAN_POINT ( 'NONE',  ( 9.500000000000000000, -5.250000000000000000, 31.75000000000000000 ) ) ;
#3246 = AXIS2_PLACEMENT_3D ( 'NONE', #49, #1967, #424 ) ;
#3247 = AXIS2_PLACEMENT_3D ( 'NONE', #3205, #3222, #2938 ) ;
#3248 = DIRECTION ( 'NONE',  ( -1.000000000000000000, 0.000000000000000000, 0.000000000000000000 ) ) ;
#3249 = AXIS2_PLACEMENT_3D ( 'NONE', #258, #1448, #1512 ) ;
#3250 = ORIENTED_EDGE ( 'NONE', *, *, #3226, .F. ) ;
#3251 = CARTESIAN_POINT ( 'NONE',  ( 14.13262310652581988, -7.000000000000000000, 31.75000000000000000 ) ) ;
#3252 = AXIS2_PLACEMENT_3D ( 'NONE', #1478, #2708, #2369 ) ;
#3253 = EDGE_CURVE ( 'NONE', #215, #2995, #1900, .T. ) ;
#3254 = FACE_OUTER_BOUND ( 'NONE', #3683, .T. ) ;
#3255 = CARTESIAN_POINT ( 'NONE',  ( 14.72949673790581926, 12.22699524986975916, 31.75000000000000000 ) ) ;
#3256 = ORIENTED_EDGE ( 'NONE', *, *, #1403, .F. ) ;
#3257 = FACE_OUTER_BOUND ( 'NONE', #2274, .T. ) ;
#3258 = AXIS2_PLACEMENT_3D ( 'NONE', #561, #3335, #883 ) ;
#3259 = ORIENTED_EDGE ( 'NONE', *, *, #2195, .T. ) ;
#3260 = ORIENTED_EDGE ( 'NONE', *, *, #3374, .F. ) ;
#3261 = DIRECTION ( 'NONE',  ( 0.000000000000000000, 0.000000000000000000, -1.000000000000000000 ) ) ;
#3262 = EDGE_CURVE ( 'NONE', #1428, #1249, #2524, .T. ) ;
#3263 = FACE_OUTER_BOUND ( 'NONE', #2036, .T. ) ;
#3264 = VECTOR ( 'NONE', #994, 1000.000000000000227 ) ;
#3265 = ORIENTED_EDGE ( 'NONE', *, *, #2571, .F. ) ;
#3266 = ADVANCED_FACE ( 'NONE', ( #1470 ), #3616, .F. ) ;
#3267 = DIRECTION ( 'NONE',  ( 0.000000000000000000, 0.000000000000000000, 1.000000000000000000 ) ) ;
#3268 = DIRECTION ( 'NONE',  ( 0.000000000000000000, 0.000000000000000000, -1.000000000000000000 ) ) ;
#3269 = DIRECTION ( 'NONE',  ( 0.000000000000000000, 0.000000000000000000, -1.000000000000000000 ) ) ;
#3270 = ORIENTED_EDGE ( 'NONE', *, *, #1912, .F. ) ;
#3271 = LINE ( 'NONE', #3868, #1628 ) ;
#3272 = CARTESIAN_POINT ( 'NONE',  ( 20.80000000000000071, -6.461999999999999744, -31.75000000000000000 ) ) ;
#3273 = CARTESIAN_POINT ( 'NONE',  ( -14.24140333022853788, -4.330800431932624761, 31.75000000000000000 ) ) ;
#3274 = CARTESIAN_POINT ( 'NONE',  ( -13.74969899016226016, -6.500000000000000000, 31.75000000000000000 ) ) ;
#3275 = EDGE_CURVE ( 'NONE', #397, #799, #1118, .T. ) ;
#3276 = VERTEX_POINT ( 'NONE', #200 ) ;
#3277 = VERTEX_POINT ( 'NONE', #1782 ) ;
#3278 = CYLINDRICAL_SURFACE ( 'NONE', #226, 1.149999999999999911 ) ;
#3279 = CARTESIAN_POINT ( 'NONE',  ( 14.63808000037415979, -4.635181146436989863, 31.75000000000000000 ) ) ;
#3280 = DIRECTION ( 'NONE',  ( 0.000000000000000000, 0.000000000000000000, -1.000000000000000000 ) ) ;
#3281 = EDGE_CURVE ( 'NONE', #3971, #2687, #2050, .T. ) ;
#3282 = ORIENTED_EDGE ( 'NONE', *, *, #3599, .T. ) ;
#3283 = CARTESIAN_POINT ( 'NONE',  ( 10.00000000000000000, -4.750000000000000000, 31.75000000000000000 ) ) ;
#3284 = DIRECTION ( 'NONE',  ( 0.7933533402912350541, 0.6087614290087208779, 0.000000000000000000 ) ) ;
#3285 = EDGE_CURVE ( 'NONE', #3422, #679, #1187, .T. ) ;
#3286 = CYLINDRICAL_SURFACE ( 'NONE', #2048, 1.149999999999999911 ) ;
#3287 = DIRECTION ( 'NONE',  ( 0.000000000000000000, 0.000000000000000000, -1.000000000000000000 ) ) ;
#3288 = ORIENTED_EDGE ( 'NONE', *, *, #2451, .F. ) ;
#3289 = VERTEX_POINT ( 'NONE', #3939 ) ;
#3290 = LINE ( 'NONE', #3536, #3633 ) ;
#3291 = DIRECTION ( 'NONE',  ( -0.6087614290087208779, 0.7933533402912350541, 0.000000000000000000 ) ) ;
#3292 = CARTESIAN_POINT ( 'NONE',  ( -20.80000000000000071, 12.00000000000000000, 31.75000000000000000 ) ) ;
#3293 = CARTESIAN_POINT ( 'NONE',  ( -13.94742973402301978, -0.9572651848780380224, 31.75000000000000000 ) ) ;
#3294 = VERTEX_POINT ( 'NONE', #3884 ) ;
#3295 = DIRECTION ( 'NONE',  ( 0.000000000000000000, 0.000000000000000000, -1.000000000000000000 ) ) ;
#3296 = EDGE_CURVE ( 'NONE', #689, #325, #1851, .T. ) ;
#3297 = EDGE_LOOP ( 'NONE', ( #3712, #3260, #1875, #3694 ) ) ;
#3298 = CIRCLE ( 'NONE', #1168, 0.5000000000000004441 ) ;
#3299 = DIRECTION ( 'NONE',  ( 0.000000000000000000, 0.000000000000000000, 1.000000000000000000 ) ) ;
#3300 = ADVANCED_FACE ( 'NONE', ( #3865 ), #2985, .F. ) ;
#3301 = DIRECTION ( 'NONE',  ( 1.000000000000000000, 0.000000000000000000, 0.000000000000000000 ) ) ;
#3302 = PLANE ( 'NONE',  #3056 ) ;
#3303 = AXIS2_PLACEMENT_3D ( 'NONE', #1616, #1345, #365 ) ;
#3304 = ORIENTED_EDGE ( 'NONE', *, *, #1097, .F. ) ;
#3305 = CARTESIAN_POINT ( 'NONE',  ( 20.29999999999999716, -12.00000000000000000, -31.75000000000000000 ) ) ;
#3306 = AXIS2_PLACEMENT_3D ( 'NONE', #2067, #3287, #3866 ) ;
#3307 = ADVANCED_FACE ( 'NONE', ( #1405 ), #3286, .F. ) ;
#3308 = VERTEX_POINT ( 'NONE', #1726 ) ;
#3309 = CARTESIAN_POINT ( 'NONE',  ( -14.49391369234709970, 6.654356957835229736, -31.75000000000000000 ) ) ;
#3310 = DIRECTION ( 'NONE',  ( 0.000000000000000000, 0.000000000000000000, 1.000000000000000000 ) ) ;
#3311 = DIRECTION ( 'NONE',  ( 0.000000000000000000, 0.000000000000000000, -1.000000000000000000 ) ) ;
#3312 = AXIS2_PLACEMENT_3D ( 'NONE', #3123, #2520, #61 ) ;
#3313 = CARTESIAN_POINT ( 'NONE',  ( -10.00000000000000000, -5.250000000000000000, -31.75000000000000000 ) ) ;
#3314 = VECTOR ( 'NONE', #2818, 1000.000000000000000 ) ;
#3315 = ORIENTED_EDGE ( 'NONE', *, *, #608, .T. ) ;
#3316 = VECTOR ( 'NONE', #3743, 1000.000000000000000 ) ;
#3317 = CARTESIAN_POINT ( 'NONE',  ( -8.500000000000000000, -0.7500000000000000000, 31.75000000000000000 ) ) ;
#3318 = DIRECTION ( 'NONE',  ( -0.7225811716425487585, -0.6912860843295498547, 0.000000000000000000 ) ) ;
#3319 = ORIENTED_EDGE ( 'NONE', *, *, #3037, .F. ) ;
#3320 = AXIS2_PLACEMENT_3D ( 'NONE', #1200, #7, #2443 ) ;
#3321 = LINE ( 'NONE', #2980, #3693 ) ;
#3322 = DIRECTION ( 'NONE',  ( 0.000000000000000000, 0.000000000000000000, -1.000000000000000000 ) ) ;
#3323 = DIRECTION ( 'NONE',  ( 0.000000000000000000, 0.000000000000000000, -1.000000000000000000 ) ) ;
#3324 = AXIS2_PLACEMENT_3D ( 'NONE', #3167, #1655, #1402 ) ;
#3325 = EDGE_CURVE ( 'NONE', #3276, #3294, #2947, .T. ) ;
#3326 = CARTESIAN_POINT ( 'NONE',  ( 20.66129058582125211, -11.65435695783522085, -31.75000000000000000 ) ) ;
#3327 = EDGE_CURVE ( 'NONE', #3809, #25, #2379, .T. ) ;
#3328 = VERTEX_POINT ( 'NONE', #1104 ) ;
#3329 = ORIENTED_EDGE ( 'NONE', *, *, #1604, .T. ) ;
#3330 = LINE ( 'NONE', #3992, #214 ) ;
#3331 = DIRECTION ( 'NONE',  ( 0.000000000000000000, 0.000000000000000000, -1.000000000000000000 ) ) ;
#3332 = CARTESIAN_POINT ( 'NONE',  ( 13.84999999999999964, 3.013970138988530751E-15, 35.25000000000000000 ) ) ;
#3333 = EDGE_CURVE ( 'NONE', #1847, #2714, #3872, .T. ) ;
#3334 = EDGE_LOOP ( 'NONE', ( #2294, #1827, #768, #2977, #3241, #225, #866, #2611, #3927, #1202, #58, #401, #1381, #506, #1151, #1124, #1390, #750, #1588, #1438, #2211, #2384, #2080, #886, #1244, #3589, #2400, #1490, #3634, #1802, #3460, #1471, #2582, #2192, #2013, #3961, #699, #3689, #2924, #57, #876, #2946, #2933, #3810, #1564, #1408, #1887, #62, #658, #1750, #1979, #2620, #184, #1523, #2481, #2174, #3143, #101, #3781, #68, #3152, #3719, #3878, #3598, #914, #51, #102, #501, #2438, #3223, #1687, #1914, #3617, #121, #1749, #1955, #1508, #3744, #2888, #2446, #990, #1519, #2949, #1188, #2044, #3130, #1292, #232, #725, #3396, #127, #2829, #3470, #831, #3029, #2667, #2123, #3149, #3017, #1532, #3886, #3375, #1396, #2433 ) ) ;
#3335 = DIRECTION ( 'NONE',  ( 0.000000000000000000, 0.000000000000000000, -1.000000000000000000 ) ) ;
#3336 = DIRECTION ( 'NONE',  ( -1.000000000000000000, 0.000000000000000000, 0.000000000000000000 ) ) ;
#3337 = ORIENTED_EDGE ( 'NONE', *, *, #2007, .F. ) ;
#3338 = ORIENTED_EDGE ( 'NONE', *, *, #3406, .T. ) ;
#3339 = DIRECTION ( 'NONE',  ( 0.8910065241883708964, 0.4539904997395409203, 0.000000000000000000 ) ) ;
#3340 = CARTESIAN_POINT ( 'NONE',  ( 20.29999999999999716, 6.461999999999999744, -31.75000000000000000 ) ) ;
#3341 = DIRECTION ( 'NONE',  ( -1.000000000000000000, 0.000000000000000000, 0.000000000000000000 ) ) ;
#3342 = ORIENTED_EDGE ( 'NONE', *, *, #1058, .T. ) ;
#3343 = DIRECTION ( 'NONE',  ( -1.000000000000000000, 0.000000000000000000, 0.000000000000000000 ) ) ;
#3344 = DIRECTION ( 'NONE',  ( -1.000000000000000000, 0.000000000000000000, 0.000000000000000000 ) ) ;
#3345 = DIRECTION ( 'NONE',  ( 0.000000000000000000, 0.000000000000000000, -1.000000000000000000 ) ) ;
#3346 = EDGE_CURVE ( 'NONE', #2187, #534, #3069, .T. ) ;
#3347 = VERTEX_POINT ( 'NONE', #3028 ) ;
#3348 = DIRECTION ( 'NONE',  ( 0.7933533402912341659, -0.6087614290087219882, 0.000000000000000000 ) ) ;
#3349 = DIRECTION ( 'NONE',  ( 0.000000000000000000, 0.000000000000000000, 1.000000000000000000 ) ) ;
#3350 = EDGE_CURVE ( 'NONE', #1587, #893, #2552, .T. ) ;
#3351 = VERTEX_POINT ( 'NONE', #466 ) ;
#3352 = CARTESIAN_POINT ( 'NONE',  ( 13.30419572806806094, 7.226995249869780480, 31.75000000000000000 ) ) ;
#3353 = CARTESIAN_POINT ( 'NONE',  ( -20.60438071450434805, 6.065323329854379608, -31.75000000000000000 ) ) ;
#3354 = FACE_OUTER_BOUND ( 'NONE', #1479, .T. ) ;
#3355 = EDGE_CURVE ( 'NONE', #3485, #342, #2328, .T. ) ;
#3356 = ORIENTED_EDGE ( 'NONE', *, *, #1780, .T. ) ;
#3357 = VERTEX_POINT ( 'NONE', #420 ) ;
#3358 = CARTESIAN_POINT ( 'NONE',  ( -8.500000000000000000, -12.00000000000000000, -31.75000000000000000 ) ) ;
#3359 = CARTESIAN_POINT ( 'NONE',  ( 20.80000000000000071, -6.461999999999999744, 31.75000000000000000 ) ) ;
#3360 = FACE_OUTER_BOUND ( 'NONE', #3588, .T. ) ;
#3361 = VECTOR ( 'NONE', #185, 1000.000000000000000 ) ;
#3362 = ORIENTED_EDGE ( 'NONE', *, *, #2303, .F. ) ;
#3363 = AXIS2_PLACEMENT_3D ( 'NONE', #800, #2051, #183 ) ;
#3364 = DIRECTION ( 'NONE',  ( 0.000000000000000000, 0.000000000000000000, -1.000000000000000000 ) ) ;
#3365 = CARTESIAN_POINT ( 'NONE',  ( -10.61337697827829984, 4.750000000000000000, -31.75000000000000000 ) ) ;
#3366 = VECTOR ( 'NONE', #213, 1000.000000000000000 ) ;
#3367 = VERTEX_POINT ( 'NONE', #1211 ) ;
#3368 = EDGE_CURVE ( 'NONE', #1689, #2671, #3094, .T. ) ;
#3369 = LINE ( 'NONE', #578, #1450 ) ;
#3370 = CIRCLE ( 'NONE', #2600, 0.5000000000000004441 ) ;
#3371 = DIRECTION ( 'NONE',  ( 0.000000000000000000, 0.000000000000000000, 1.000000000000000000 ) ) ;
#3372 = DIRECTION ( 'NONE',  ( 0.000000000000000000, 0.000000000000000000, 1.000000000000000000 ) ) ;
#3373 = DIRECTION ( 'NONE',  ( 0.000000000000000000, 0.000000000000000000, 1.000000000000000000 ) ) ;
#3374 = EDGE_CURVE ( 'NONE', #3357, #799, #1312, .T. ) ;
#3375 = ORIENTED_EDGE ( 'NONE', *, *, #3983, .F. ) ;
#3376 = CARTESIAN_POINT ( 'NONE',  ( -14.49391369234709970, 6.654356957835229736, 31.75000000000000000 ) ) ;
#3377 = AXIS2_PLACEMENT_3D ( 'NONE', #3340, #566, #1816 ) ;
#3378 = DIRECTION ( 'NONE',  ( 0.000000000000000000, 0.000000000000000000, 1.000000000000000000 ) ) ;
#3379 = VECTOR ( 'NONE', #2072, 1000.000000000000000 ) ;
#3380 = CARTESIAN_POINT ( 'NONE',  ( 14.13262310652581988, 7.000000000000000000, 31.75000000000000000 ) ) ;
#3381 = AXIS2_PLACEMENT_3D ( 'NONE', #489, #728, #2890 ) ;
#3382 = ADVANCED_FACE ( 'NONE', ( #957 ), #3431, .T. ) ;
#3383 = VERTEX_POINT ( 'NONE', #3139 ) ;
#3384 = FACE_OUTER_BOUND ( 'NONE', #3207, .T. ) ;
#3385 = VECTOR ( 'NONE', #3531, 1000.000000000000000 ) ;
#3386 = ORIENTED_EDGE ( 'NONE', *, *, #2789, .F. ) ;
#3387 = LINE ( 'NONE', #619, #1365 ) ;
#3388 = CARTESIAN_POINT ( 'NONE',  ( -15.54966716650354996, 3.447177621980745066, -31.75000000000000000 ) ) ;
#3389 = VERTEX_POINT ( 'NONE', #3491 ) ;
#3390 = ORIENTED_EDGE ( 'NONE', *, *, #3592, .T. ) ;
#3391 = CARTESIAN_POINT ( 'NONE',  ( 13.94742973402301978, -0.9572651848780380224, 31.75000000000000000 ) ) ;
#3392 = CARTESIAN_POINT ( 'NONE',  ( 9.500000000000000000, -5.250000000000000000, 31.75000000000000000 ) ) ;
#3393 = PLANE ( 'NONE',  #2347 ) ;
#3394 = EDGE_CURVE ( 'NONE', #3721, #2546, #611, .T. ) ;
#3395 = DIRECTION ( 'NONE',  ( 0.000000000000000000, -1.000000000000000000, 0.000000000000000000 ) ) ;
#3396 = ORIENTED_EDGE ( 'NONE', *, *, #3855, .F. ) ;
#3397 = ORIENTED_EDGE ( 'NONE', *, *, #3585, .T. ) ;
#3398 = DIRECTION ( 'NONE',  ( 0.000000000000000000, -1.000000000000000000, 0.000000000000000000 ) ) ;
#3399 = CARTESIAN_POINT ( 'NONE',  ( -15.62050326209419993, 11.77300475013021952, -31.75000000000000000 ) ) ;
#3400 = EDGE_CURVE ( 'NONE', #820, #575, #230, .T. ) ;
#3401 = DIRECTION ( 'NONE',  ( -1.000000000000000000, 0.000000000000000000, 0.000000000000000000 ) ) ;
#3402 = ORIENTED_EDGE ( 'NONE', *, *, #2580, .F. ) ;
#3403 = LINE ( 'NONE', #3043, #3197 ) ;
#3404 = MANIFOLD_SOLID_BREP ( 'NONE', #2133 ) ;
#3405 = CARTESIAN_POINT ( 'NONE',  ( -12.69999999999999929, 2.873135757086585172E-15, 31.75000000000000000 ) ) ;
#3406 = EDGE_CURVE ( 'NONE', #2828, #326, #1948, .T. ) ;
#3407 = ORIENTED_EDGE ( 'NONE', *, *, #2094, .T. ) ;
#3408 = CARTESIAN_POINT ( 'NONE',  ( 14.49391369234709970, 6.654356957835229736, 31.75000000000000000 ) ) ;
#3409 = CARTESIAN_POINT ( 'NONE',  ( -15.17499999999999893, 12.00000000000000000, -31.75000000000000000 ) ) ;
#3410 = ORIENTED_EDGE ( 'NONE', *, *, #1220, .T. ) ;
#3411 = DIRECTION ( 'NONE',  ( 1.000000000000000000, 0.000000000000000000, 0.000000000000000000 ) ) ;
#3412 = CARTESIAN_POINT ( 'NONE',  ( 10.00000000000000000, 4.750000000000000000, 31.75000000000000000 ) ) ;
#3413 = LINE ( 'NONE', #641, #470 ) ;
#3414 = VERTEX_POINT ( 'NONE', #1993 ) ;
#3415 = ORIENTED_EDGE ( 'NONE', *, *, #1001, .F. ) ;
#3416 = FACE_OUTER_BOUND ( 'NONE', #2301, .T. ) ;
#3417 = DIRECTION ( 'NONE',  ( 1.000000000000000000, 0.000000000000000000, 0.000000000000000000 ) ) ;
#3418 = CARTESIAN_POINT ( 'NONE',  ( 14.13262310652581988, 7.000000000000000000, 31.75000000000000000 ) ) ;
#3419 = EDGE_LOOP ( 'NONE', ( #2964, #350, #4007, #542 ) ) ;
#3420 = EDGE_CURVE ( 'NONE', #3357, #1413, #163, .T. ) ;
#3421 = VECTOR ( 'NONE', #3548, 1000.000000000000000 ) ;
#3422 = VERTEX_POINT ( 'NONE', #1640 ) ;
#3423 = EDGE_CURVE ( 'NONE', #3803, #3613, #1272, .T. ) ;
#3424 = CARTESIAN_POINT ( 'NONE',  ( 9.500000000000000000, -5.250000000000000000, -31.75000000000000000 ) ) ;
#3425 = STYLED_ITEM ( 'NONE', ( #3949 ), #685 ) ;
#3426 = CYLINDRICAL_SURFACE ( 'NONE', #2215, 0.5000000000000004441 ) ;
#3427 = LINE ( 'NONE', #655, #393 ) ;
#3428 = EDGE_LOOP ( 'NONE', ( #2755, #1206, #2855, #2612 ) ) ;
#3429 = EDGE_LOOP ( 'NONE', ( #2057, #2422, #3554, #1469 ) ) ;
#3430 = DIRECTION ( 'NONE',  ( 0.000000000000000000, 0.000000000000000000, 1.000000000000000000 ) ) ;
#3431 = CYLINDRICAL_SURFACE ( 'NONE', #2167, 0.5000000000000004441 ) ;
#3432 = DIRECTION ( 'NONE',  ( 0.000000000000000000, 0.000000000000000000, -1.000000000000000000 ) ) ;
#3433 = AXIS2_PLACEMENT_3D ( 'NONE', #2483, #3769, #353 ) ;
#3434 = ORIENTED_EDGE ( 'NONE', *, *, #2298, .T. ) ;
#3435 = ORIENTED_EDGE ( 'NONE', *, *, #457, .T. ) ;
#3436 = VECTOR ( 'NONE', #3295, 1000.000000000000000 ) ;
#3437 = ORIENTED_EDGE ( 'NONE', *, *, #3867, .T. ) ;
#3438 = DIRECTION ( 'NONE',  ( 0.000000000000000000, 0.000000000000000000, -1.000000000000000000 ) ) ;
#3439 = DIRECTION ( 'NONE',  ( 0.000000000000000000, 0.000000000000000000, -1.000000000000000000 ) ) ;
#3440 = AXIS2_PLACEMENT_3D ( 'NONE', #3794, #1279, #1919 ) ;
#3441 = CYLINDRICAL_SURFACE ( 'NONE', #153, 0.5000000000000004441 ) ;
#3442 = AXIS2_PLACEMENT_3D ( 'NONE', #1011, #2021, #1092 ) ;
#3443 = ORIENTED_EDGE ( 'NONE', *, *, #3506, .F. ) ;
#3444 = CIRCLE ( 'NONE', #413, 0.5000000000000004441 ) ;
#3445 = CARTESIAN_POINT ( 'NONE',  ( -9.500000000000000000, -5.250000000000000000, -31.75000000000000000 ) ) ;
#3446 = AXIS2_PLACEMENT_3D ( 'NONE', #3768, #986, #3067 ) ;
#3447 = EDGE_CURVE ( 'NONE', #3873, #1666, #53, .T. ) ;
#3448 = ORIENTED_EDGE ( 'NONE', *, *, #1632, .T. ) ;
#3449 = VECTOR ( 'NONE', #2685, 1000.000000000000000 ) ;
#3450 = PLANE ( 'NONE',  #910 ) ;
#3451 = EDGE_CURVE ( 'NONE', #3990, #3688, #2585, .T. ) ;
#3452 = AXIS2_PLACEMENT_3D ( 'NONE', #2345, #2108, #3993 ) ;
#3453 = EDGE_LOOP ( 'NONE', ( #3157, #1225, #1646, #464 ) ) ;
#3454 = CARTESIAN_POINT ( 'NONE',  ( -6.500000000000000000, -12.50000000000000000, 34.75000000000000000 ) ) ;
#3455 = DIRECTION ( 'NONE',  ( 0.000000000000000000, 0.000000000000000000, 1.000000000000000000 ) ) ;
#3456 = EDGE_CURVE ( 'NONE', #3688, #3070, #2513, .T. ) ;
#3457 = CARTESIAN_POINT ( 'NONE',  ( 10.61337697827829984, 4.750000000000000000, 31.75000000000000000 ) ) ;
#3458 = ORIENTED_EDGE ( 'NONE', *, *, #3988, .T. ) ;
#3459 = ORIENTED_EDGE ( 'NONE', *, *, #481, .F. ) ;
#3460 = ORIENTED_EDGE ( 'NONE', *, *, #3837, .F. ) ;
#3461 = PLANE ( 'NONE',  #3446 ) ;
#3462 = CARTESIAN_POINT ( 'NONE',  ( -15.17499999999999893, 12.00000000000000000, 31.75000000000000000 ) ) ;
#3463 = CARTESIAN_POINT ( 'NONE',  ( 19.93870941417869957, -12.34564304216478092, 31.75000000000000000 ) ) ;
#3464 = DIRECTION ( 'NONE',  ( 0.6087614290087208779, 0.7933533402912350541, 0.000000000000000000 ) ) ;
#3465 = ORIENTED_EDGE ( 'NONE', *, *, #2591, .F. ) ;
#3466 = CARTESIAN_POINT ( 'NONE',  ( 20.29999999999999716, 12.00000000000000000, 31.75000000000000000 ) ) ;
#3467 = CARTESIAN_POINT ( 'NONE',  ( -10.61337697827829984, -4.750000000000000000, -31.75000000000000000 ) ) ;
#3468 = ORIENTED_EDGE ( 'NONE', *, *, #2913, .F. ) ;
#3469 = DIRECTION ( 'NONE',  ( 1.000000000000000000, 0.000000000000000000, 0.000000000000000000 ) ) ;
#3470 = ORIENTED_EDGE ( 'NONE', *, *, #636, .F. ) ;
#3471 = ADVANCED_FACE ( 'NONE', ( #2902 ), #1018, .F. ) ;
#3472 = DIRECTION ( 'NONE',  ( 1.000000000000000000, 0.000000000000000000, 0.000000000000000000 ) ) ;
#3473 = LINE ( 'NONE', #1039, #3968 ) ;
#3474 = CARTESIAN_POINT ( 'NONE',  ( -6.500000000000000000, -12.50000000000000000, 28.75000000000000000 ) ) ;
#3475 = ORIENTED_EDGE ( 'NONE', *, *, #3187, .F. ) ;
#3476 = ORIENTED_EDGE ( 'NONE', *, *, #2423, .F. ) ;
#3477 = LINE ( 'NONE', #570, #1976 ) ;
#3478 = EDGE_CURVE ( 'NONE', #754, #77, #857, .T. ) ;
#3479 = FACE_OUTER_BOUND ( 'NONE', #3964, .T. ) ;
#3480 = DIRECTION ( 'NONE',  ( -0.6087614290087208779, 0.7933533402912350541, 0.000000000000000000 ) ) ;
#3481 = AXIS2_PLACEMENT_3D ( 'NONE', #187, #2647, #3891 ) ;
#3482 = VERTEX_POINT ( 'NONE', #1289 ) ;
#3483 = AXIS2_PLACEMENT_3D ( 'NONE', #598, #2450, #3701 ) ;
#3484 = LINE ( 'NONE', #1630, #3004 ) ;
#3485 = VERTEX_POINT ( 'NONE', #1459 ) ;
#3486 = DIRECTION ( 'NONE',  ( 0.000000000000000000, 0.000000000000000000, -1.000000000000000000 ) ) ;
#3487 = DIRECTION ( 'NONE',  ( 0.000000000000000000, 0.000000000000000000, -1.000000000000000000 ) ) ;
#3488 = ORIENTED_EDGE ( 'NONE', *, *, #2580, .T. ) ;
#3489 = STYLED_ITEM ( 'NONE', ( #3876 ), #697 ) ;
#3490 = DIRECTION ( 'NONE',  ( 1.000000000000000000, 0.000000000000000000, 0.000000000000000000 ) ) ;
#3491 = CARTESIAN_POINT ( 'NONE',  ( -20.80000000000000071, 6.461999999999999744, -31.75000000000000000 ) ) ;
#3492 = CARTESIAN_POINT ( 'NONE',  ( 13.74969899016226016, 6.500000000000000000, 31.75000000000000000 ) ) ;
#3493 = AXIS2_PLACEMENT_3D ( 'NONE', #1803, #2468, #317 ) ;
#3494 = FACE_OUTER_BOUND ( 'NONE', #16, .T. ) ;
#3495 = EDGE_CURVE ( 'NONE', #3117, #1740, #1767, .T. ) ;
#3496 = ORIENTED_EDGE ( 'NONE', *, *, #2180, .T. ) ;
#3497 = ORIENTED_EDGE ( 'NONE', *, *, #3013, .T. ) ;
#3498 = CARTESIAN_POINT ( 'NONE',  ( 20.29999999999999716, -12.00000000000000000, -31.75000000000000000 ) ) ;
#3499 = DIRECTION ( 'NONE',  ( 0.000000000000000000, 0.000000000000000000, 1.000000000000000000 ) ) ;
#3500 = AXIS2_PLACEMENT_3D ( 'NONE', #1792, #2354, #1167 ) ;
#3501 = EDGE_CURVE ( 'NONE', #3802, #689, #1747, .T. ) ;
#3502 = ORIENTED_EDGE ( 'NONE', *, *, #1679, .F. ) ;
#3503 = DIRECTION ( 'NONE',  ( 0.000000000000000000, 0.000000000000000000, -1.000000000000000000 ) ) ;
#3504 = VECTOR ( 'NONE', #2551, 1000.000000000000000 ) ;
#3505 = DIRECTION ( 'NONE',  ( -1.000000000000000000, 2.569960705150824905E-16, 0.000000000000000000 ) ) ;
#3506 = EDGE_CURVE ( 'NONE', #215, #3347, #3124, .T. ) ;
#3507 = VECTOR ( 'NONE', #1642, 1000.000000000000000 ) ;
#3508 = ORIENTED_EDGE ( 'NONE', *, *, #3578, .T. ) ;
#3509 = DIRECTION ( 'NONE',  ( 1.000000000000000000, 0.000000000000000000, 0.000000000000000000 ) ) ;
#3510 = AXIS2_PLACEMENT_3D ( 'NONE', #710, #2640, #1962 ) ;
#3511 = AXIS2_PLACEMENT_3D ( 'NONE', #1534, #2575, #1108 ) ;
#3512 = ORIENTED_EDGE ( 'NONE', *, *, #552, .F. ) ;
#3513 = CARTESIAN_POINT ( 'NONE',  ( -13.35727658936150064, -0.9436564444104260652, -31.75000000000000000 ) ) ;
#3514 = DIRECTION ( 'NONE',  ( 1.000000000000000000, 0.000000000000000000, 0.000000000000000000 ) ) ;
#3515 = FILL_AREA_STYLE ('',( #999 ) ) ;
#3516 = LINE ( 'NONE', #2570, #2484 ) ;
#3517 = VECTOR ( 'NONE', #1849, 1000.000000000000000 ) ;
#3518 = EDGE_LOOP ( 'NONE', ( #3497, #2299, #749, #793 ) ) ;
#3519 = ORIENTED_EDGE ( 'NONE', *, *, #1367, .T. ) ;
#3520 = ORIENTED_EDGE ( 'NONE', *, *, #418, .F. ) ;
#3521 = CARTESIAN_POINT ( 'NONE',  ( 14.24140333022853788, 4.330800431932624761, 31.75000000000000000 ) ) ;
#3522 = DIRECTION ( 'NONE',  ( 1.000000000000000000, 0.000000000000000000, 0.000000000000000000 ) ) ;
#3523 = CARTESIAN_POINT ( 'NONE',  ( -9.000000000000000000, -12.00000000000000000, 31.75000000000000000 ) ) ;
#3524 = ADVANCED_FACE ( 'NONE', ( #3602 ), #3869, .T. ) ;
#3525 = PRODUCT_DEFINITION_CONTEXT ( 'detailed design', #1794, 'design' ) ;
#3526 = CARTESIAN_POINT ( 'NONE',  ( -10.00000000000000000, 5.250000000000000000, 31.75000000000000000 ) ) ;
#3527 = ORIENTED_EDGE ( 'NONE', *, *, #2001, .F. ) ;
#3528 = ADVANCED_FACE ( 'NONE', ( #2324 ), #1126, .F. ) ;
#3529 = CARTESIAN_POINT ( 'NONE',  ( 3.469446951953614978E-15, -12.50000000000000000, 13.44999999999999929 ) ) ;
#3530 = ORIENTED_EDGE ( 'NONE', *, *, #2004, .F. ) ;
#3531 = DIRECTION ( 'NONE',  ( 1.000000000000000000, 0.000000000000000000, 0.000000000000000000 ) ) ;
#3532 = EDGE_CURVE ( 'NONE', #3087, #48, #2805, .T. ) ;
#3533 = CARTESIAN_POINT ( 'NONE',  ( 9.500000000000000000, -12.00000000000000000, -31.75000000000000000 ) ) ;
#3534 = ORIENTED_EDGE ( 'NONE', *, *, #2544, .T. ) ;
#3535 = PLANE ( 'NONE',  #480 ) ;
#3536 = CARTESIAN_POINT ( 'NONE',  ( -8.500000000000000000, 0.7500000000000000000, 28.75000000000000000 ) ) ;
#3537 = DIRECTION ( 'NONE',  ( 0.000000000000000000, 0.000000000000000000, 1.000000000000000000 ) ) ;
#3538 = CARTESIAN_POINT ( 'NONE',  ( -20.80000000000000071, 12.00000000000000000, 31.75000000000000000 ) ) ;
#3539 = DIRECTION ( 'NONE',  ( 0.000000000000000000, 0.000000000000000000, 1.000000000000000000 ) ) ;
#3540 = ORIENTED_EDGE ( 'NONE', *, *, #1419, .F. ) ;
#3541 = EDGE_LOOP ( 'NONE', ( #3079, #665, #126, #3534 ) ) ;
#3542 = DIRECTION ( 'NONE',  ( 1.000000000000000000, 0.000000000000000000, 0.000000000000000000 ) ) ;
#3543 = LINE ( 'NONE', #770, #3628 ) ;
#3544 = CARTESIAN_POINT ( 'NONE',  ( -20.29999999999999716, 6.461999999999999744, -31.75000000000000000 ) ) ;
#3545 = LINE ( 'NONE', #771, #1971 ) ;
#3546 = VERTEX_POINT ( 'NONE', #205 ) ;
#3547 = VERTEX_POINT ( 'NONE', #840 ) ;
#3548 = DIRECTION ( 'NONE',  ( 0.000000000000000000, 0.000000000000000000, -1.000000000000000000 ) ) ;
#3549 = DIRECTION ( 'NONE',  ( 0.000000000000000000, 0.000000000000000000, 1.000000000000000000 ) ) ;
#3550 = ADVANCED_FACE ( 'NONE', ( #1370 ), #2607, .F. ) ;
#3551 = DIRECTION ( 'NONE',  ( -1.000000000000000000, 0.000000000000000000, 0.000000000000000000 ) ) ;
#3552 = LINE ( 'NONE', #2305, #2342 ) ;
#3553 = EDGE_CURVE ( 'NONE', #1284, #3803, #1259, .T. ) ;
#3554 = ORIENTED_EDGE ( 'NONE', *, *, #512, .T. ) ;
#3555 = VECTOR ( 'NONE', #1814, 1000.000000000000000 ) ;
#3556 = CARTESIAN_POINT ( 'NONE',  ( -13.74969899016226016, 6.500000000000000000, 31.75000000000000000 ) ) ;
#3557 = CARTESIAN_POINT ( 'NONE',  ( 13.74969899016226016, 6.500000000000000000, 31.75000000000000000 ) ) ;
#3558 = ORIENTED_EDGE ( 'NONE', *, *, #3478, .F. ) ;
#3559 = CIRCLE ( 'NONE', #1291, 0.5000000000000004441 ) ;
#3560 = EDGE_CURVE ( 'NONE', #2008, #3276, #2796, .T. ) ;
#3561 = ORIENTED_EDGE ( 'NONE', *, *, #2106, .F. ) ;
#3562 = VERTEX_POINT ( 'NONE', #2308 ) ;
#3563 = DIRECTION ( 'NONE',  ( 0.000000000000000000, 0.000000000000000000, -1.000000000000000000 ) ) ;
#3564 = LINE ( 'NONE', #1023, #2228 ) ;
#3565 = DIRECTION ( 'NONE',  ( 1.000000000000000000, 0.000000000000000000, 0.000000000000000000 ) ) ;
#3566 = FACE_OUTER_BOUND ( 'NONE', #3541, .T. ) ;
#3567 = COLOUR_RGB ( '',0.7921568627450980005, 0.8196078431372548767, 0.9333333333333333481 ) ;
#3568 = DIRECTION ( 'NONE',  ( 0.000000000000000000, 0.000000000000000000, -1.000000000000000000 ) ) ;
#3569 = ORIENTED_EDGE ( 'NONE', *, *, #3660, .F. ) ;
#3570 = AXIS2_PLACEMENT_3D ( 'NONE', #442, #52, #1017 ) ;
#3571 = VERTEX_POINT ( 'NONE', #3583 ) ;
#3572 = CARTESIAN_POINT ( 'NONE',  ( 10.00000000000000000, -5.250000000000000000, 31.75000000000000000 ) ) ;
#3573 = CARTESIAN_POINT ( 'NONE',  ( 6.500000000000000000, 0.7500000000000000000, 28.75000000000000000 ) ) ;
#3574 = AXIS2_PLACEMENT_3D ( 'NONE', #3108, #935, #2781 ) ;
#3575 = VERTEX_POINT ( 'NONE', #3272 ) ;
#3576 = VECTOR ( 'NONE', #3432, 1000.000000000000000 ) ;
#3577 = CARTESIAN_POINT ( 'NONE',  ( -11.05888024037249906, -5.023004750130230178, -31.75000000000000000 ) ) ;
#3578 = EDGE_CURVE ( 'NONE', #3954, #3795, #483, .T. ) ;
#3579 = CIRCLE ( 'NONE', #1045, 0.5000000000000004441 ) ;
#3580 = ORIENTED_EDGE ( 'NONE', *, *, #2935, .T. ) ;
#3581 = AXIS2_PLACEMENT_3D ( 'NONE', #3675, #1622, #2849 ) ;
#3582 = DIRECTION ( 'NONE',  ( -1.000000000000000000, 0.000000000000000000, 0.000000000000000000 ) ) ;
#3583 = CARTESIAN_POINT ( 'NONE',  ( 3.469446951953614978E-15, -0.7500000000000000000, 15.05000000000000071 ) ) ;
#3584 = ORIENTED_EDGE ( 'NONE', *, *, #2247, .T. ) ;
#3585 = EDGE_CURVE ( 'NONE', #3802, #1153, #3644, .T. ) ;
#3586 = CARTESIAN_POINT ( 'NONE',  ( -20.29999999999999716, 6.461999999999999744, 31.75000000000000000 ) ) ;
#3587 = AXIS2_PLACEMENT_3D ( 'NONE', #103, #2121, #592 ) ;
#3588 = EDGE_LOOP ( 'NONE', ( #3051, #434, #1565, #3448 ) ) ;
#3589 = ORIENTED_EDGE ( 'NONE', *, *, #1176, .T. ) ;
#3590 = DIRECTION ( 'NONE',  ( 0.000000000000000000, 0.000000000000000000, -1.000000000000000000 ) ) ;
#3591 = FACE_OUTER_BOUND ( 'NONE', #1061, .T. ) ;
#3592 = EDGE_CURVE ( 'NONE', #77, #534, #1143, .T. ) ;
#3593 = ORIENTED_EDGE ( 'NONE', *, *, #3005, .T. ) ;
#3594 = DIRECTION ( 'NONE',  ( -1.000000000000000000, 0.000000000000000000, 0.000000000000000000 ) ) ;
#3595 = ORIENTED_EDGE ( 'NONE', *, *, #3631, .T. ) ;
#3596 = CARTESIAN_POINT ( 'NONE',  ( 13.74969899016226016, -6.500000000000000000, -31.75000000000000000 ) ) ;
#3597 = DIRECTION ( 'NONE',  ( -2.569960705150824905E-16, -1.000000000000000000, 0.000000000000000000 ) ) ;
#3598 = ORIENTED_EDGE ( 'NONE', *, *, #774, .T. ) ;
#3599 = EDGE_CURVE ( 'NONE', #3750, #3328, #1731, .T. ) ;
#3600 = EDGE_LOOP ( 'NONE', ( #1852, #2154, #349, #1676 ) ) ;
#3601 = CARTESIAN_POINT ( 'NONE',  ( 19.99561928549564982, 6.858676670145619880, 31.75000000000000000 ) ) ;
#3602 = FACE_OUTER_BOUND ( 'NONE', #3915, .T. ) ;
#3603 = CARTESIAN_POINT ( 'NONE',  ( -20.29999999999999716, 12.00000000000000000, 31.75000000000000000 ) ) ;
#3604 = CYLINDRICAL_SURFACE ( 'NONE', #3711, 0.5000000000000004441 ) ;
#3605 = ORIENTED_EDGE ( 'NONE', *, *, #2418, .T. ) ;
#3606 = ORIENTED_EDGE ( 'NONE', *, *, #3057, .F. ) ;
#3607 = EDGE_CURVE ( 'NONE', #2790, #307, #498, .T. ) ;
#3608 = CARTESIAN_POINT ( 'NONE',  ( -15.17499999999999893, -12.00000000000000000, -31.75000000000000000 ) ) ;
#3609 = SURFACE_STYLE_USAGE ( .BOTH. , #2653 ) ;
#3610 = PLANE ( 'NONE',  #2278 ) ;
#3611 = ORIENTED_EDGE ( 'NONE', *, *, #1070, .T. ) ;
#3612 = ADVANCED_FACE ( 'NONE', ( #782 ), #166, .T. ) ;
#3613 = VERTEX_POINT ( 'NONE', #2646 ) ;
#3614 = FACE_OUTER_BOUND ( 'NONE', #3518, .T. ) ;
#3615 = CARTESIAN_POINT ( 'NONE',  ( 13.94742973402301978, 0.9572651848780380224, 31.75000000000000000 ) ) ;
#3616 = CYLINDRICAL_SURFACE ( 'NONE', #1057, 0.5000000000000004441 ) ;
#3617 = ORIENTED_EDGE ( 'NONE', *, *, #1705, .T. ) ;
#3618 = VERTEX_POINT ( 'NONE', #3255 ) ;
#3619 = DIRECTION ( 'NONE',  ( 0.000000000000000000, 0.000000000000000000, 1.000000000000000000 ) ) ;
#3620 = CARTESIAN_POINT ( 'NONE',  ( -9.000000000000000000, 12.00000000000000000, 31.75000000000000000 ) ) ;
#3621 = EDGE_LOOP ( 'NONE', ( #3342, #2489, #1652, #408, #2028, #2014, #3836, #3407 ) ) ;
#3622 = ORIENTED_EDGE ( 'NONE', *, *, #38, .F. ) ;
#3623 = CARTESIAN_POINT ( 'NONE',  ( 13.74969899016226016, 6.500000000000000000, 31.75000000000000000 ) ) ;
#3624 = ADVANCED_FACE ( 'NONE', ( #3890 ), #1101, .F. ) ;
#3625 = AXIS2_PLACEMENT_3D ( 'NONE', #874, #3345, #3045 ) ;
#3626 = ORIENTED_EDGE ( 'NONE', *, *, #38, .T. ) ;
#3627 = VERTEX_POINT ( 'NONE', #3966 ) ;
#3628 = VECTOR ( 'NONE', #2016, 1000.000000000000000 ) ;
#3629 = FACE_OUTER_BOUND ( 'NONE', #2587, .T. ) ;
#3630 = FACE_OUTER_BOUND ( 'NONE', #3119, .T. ) ;
#3631 = EDGE_CURVE ( 'NONE', #1926, #1629, #64, .T. ) ;
#3632 = CARTESIAN_POINT ( 'NONE',  ( -8.500000000000000000, 0.7500000000000000000, 31.75000000000000000 ) ) ;
#3633 = VECTOR ( 'NONE', #763, 1000.000000000000000 ) ;
#3634 = ORIENTED_EDGE ( 'NONE', *, *, #1275, .F. ) ;
#3635 = AXIS2_PLACEMENT_3D ( 'NONE', #70, #363, #1944 ) ;
#3636 = ADVANCED_FACE ( 'NONE', ( #597 ), #3026, .F. ) ;
#3637 = AXIS2_PLACEMENT_3D ( 'NONE', #2296, #1087, #124 ) ;
#3638 = ORIENTED_EDGE ( 'NONE', *, *, #2860, .F. ) ;
#3639 = ORIENTED_EDGE ( 'NONE', *, *, #942, .F. ) ;
#3640 = DIRECTION ( 'NONE',  ( 0.6912860843295498547, 0.7225811716425486475, 0.000000000000000000 ) ) ;
#3641 = CARTESIAN_POINT ( 'NONE',  ( -20.29999999999999716, -12.00000000000000000, 31.75000000000000000 ) ) ;
#3642 = ORIENTED_EDGE ( 'NONE', *, *, #3333, .T. ) ;
#3643 = AXIS2_PLACEMENT_3D ( 'NONE', #948, #5, #2236 ) ;
#3644 = CIRCLE ( 'NONE', #3854, 0.5000000000000004441 ) ;
#3645 = EDGE_LOOP ( 'NONE', ( #3410, #3475, #3443, #171 ) ) ;
#3646 = DIRECTION ( 'NONE',  ( -1.000000000000000000, 0.000000000000000000, 0.000000000000000000 ) ) ;
#3647 = DIRECTION ( 'NONE',  ( 0.000000000000000000, 0.000000000000000000, -1.000000000000000000 ) ) ;
#3648 = VECTOR ( 'NONE', #2377, 1000.000000000000000 ) ;
#3649 = AXIS2_PLACEMENT_3D ( 'NONE', #2453, #1149, #845 ) ;
#3650 = ORIENTED_EDGE ( 'NONE', *, *, #3451, .F. ) ;
#3651 = ORIENTED_EDGE ( 'NONE', *, *, #1399, .T. ) ;
#3652 = AXIS2_PLACEMENT_3D ( 'NONE', #1973, #2206, #3155 ) ;
#3653 = EDGE_CURVE ( 'NONE', #2687, #571, #3010, .T. ) ;
#3654 = DIRECTION ( 'NONE',  ( 0.000000000000000000, 0.000000000000000000, -1.000000000000000000 ) ) ;
#3655 = DIRECTION ( 'NONE',  ( 1.000000000000000000, 0.000000000000000000, 0.000000000000000000 ) ) ;
#3656 = VECTOR ( 'NONE', #3331, 1000.000000000000000 ) ;
#3657 = EDGE_CURVE ( 'NONE', #977, #378, #3049, .T. ) ;
#3658 = LINE ( 'NONE', #3326, #1453 ) ;
#3659 = EDGE_LOOP ( 'NONE', ( #487, #767 ) ) ;
#3660 = EDGE_CURVE ( 'NONE', #1212, #4000, #1282, .T. ) ;
#3661 = ORIENTED_EDGE ( 'NONE', *, *, #1555, .T. ) ;
#3662 = CARTESIAN_POINT ( 'NONE',  ( -20.29999999999999716, 6.461999999999999744, 31.75000000000000000 ) ) ;
#3663 = CARTESIAN_POINT ( 'NONE',  ( 10.00000000000000000, 5.250000000000000000, 31.75000000000000000 ) ) ;
#3664 = DIRECTION ( 'NONE',  ( -1.000000000000000000, 0.000000000000000000, 0.000000000000000000 ) ) ;
#3665 = EDGE_LOOP ( 'NONE', ( #1079, #1281, #2603, #3713 ) ) ;
#3666 = DIRECTION ( 'NONE',  ( 1.000000000000000000, 0.000000000000000000, 0.000000000000000000 ) ) ;
#3667 = CARTESIAN_POINT ( 'NONE',  ( -20.80000000000000071, -12.00000000000000000, 31.75000000000000000 ) ) ;
#3668 = PLANE ( 'NONE',  #2792 ) ;
#3669 = VERTEX_POINT ( 'NONE', #2449 ) ;
#3670 = PLANE ( 'NONE',  #2723 ) ;
#3671 = DIRECTION ( 'NONE',  ( 0.7933533402912350541, -0.6087614290087208779, 0.000000000000000000 ) ) ;
#3672 = APPLICATION_PROTOCOL_DEFINITION ( 'draft international standard', 'automotive_design', 1998, #1794 ) ;
#3673 = DIRECTION ( 'NONE',  ( 0.000000000000000000, 0.000000000000000000, -1.000000000000000000 ) ) ;
#3674 = EDGE_CURVE ( 'NONE', #2822, #1043, #2619, .T. ) ;
#3675 = CARTESIAN_POINT ( 'NONE',  ( 20.29999999999999716, 6.461999999999999744, -31.75000000000000000 ) ) ;
#3676 = EDGE_CURVE ( 'NONE', #1351, #1404, #261, .T. ) ;
#3677 = ORIENTED_EDGE ( 'NONE', *, *, #3165, .T. ) ;
#3678 = DIRECTION ( 'NONE',  ( 0.000000000000000000, 0.000000000000000000, 1.000000000000000000 ) ) ;
#3679 = FACE_OUTER_BOUND ( 'NONE', #2556, .T. ) ;
#3680 = CARTESIAN_POINT ( 'NONE',  ( 14.49391369234709970, 6.654356957835229736, 31.75000000000000000 ) ) ;
#3681 = EDGE_CURVE ( 'NONE', #2257, #2828, #2105, .T. ) ;
#3682 = VECTOR ( 'NONE', #2088, 1000.000000000000000 ) ;
#3683 = EDGE_LOOP ( 'NONE', ( #2457, #4010, #2751, #1172 ) ) ;
#3684 = CARTESIAN_POINT ( 'NONE',  ( 3.665390439817191057E-15, -12.50000000000000000, 11.84999999999999964 ) ) ;
#3685 = DIRECTION ( 'NONE',  ( 0.000000000000000000, 0.000000000000000000, -1.000000000000000000 ) ) ;
#3686 = CARTESIAN_POINT ( 'NONE',  ( -20.66129058582125211, 11.65435695783522085, 31.75000000000000000 ) ) ;
#3687 = ADVANCED_FACE ( 'NONE', ( #3679 ), #2541, .T. ) ;
#3688 = VERTEX_POINT ( 'NONE', #2521 ) ;
#3689 = ORIENTED_EDGE ( 'NONE', *, *, #2856, .F. ) ;
#3690 = DIRECTION ( 'NONE',  ( 0.000000000000000000, 0.000000000000000000, -1.000000000000000000 ) ) ;
#3691 = VECTOR ( 'NONE', #472, 1000.000000000000227 ) ;
#3692 = CARTESIAN_POINT ( 'NONE',  ( -15.17499999999999893, 12.00000000000000000, 31.75000000000000000 ) ) ;
#3693 = VECTOR ( 'NONE', #2392, 1000.000000000000000 ) ;
#3694 = ORIENTED_EDGE ( 'NONE', *, *, #3924, .T. ) ;
#3695 = DIRECTION ( 'NONE',  ( 0.000000000000000000, 0.000000000000000000, -1.000000000000000000 ) ) ;
#3696 = CARTESIAN_POINT ( 'NONE',  ( -15.54966716650354996, -3.447177621980745066, -31.75000000000000000 ) ) ;
#3697 = VECTOR ( 'NONE', #3640, 1000.000000000000227 ) ;
#3698 = EDGE_LOOP ( 'NONE', ( #2085, #3052, #3008, #1141 ) ) ;
#3699 = VECTOR ( 'NONE', #628, 1000.000000000000000 ) ;
#3700 = EDGE_CURVE ( 'NONE', #3030, #772, #3136, .T. ) ;
#3701 = DIRECTION ( 'NONE',  ( 0.000000000000000000, 0.000000000000000000, -1.000000000000000000 ) ) ;
#3702 = AXIS2_PLACEMENT_3D ( 'NONE', #1254, #2149, #1910 ) ;
#3703 = ORIENTED_EDGE ( 'NONE', *, *, #3934, .F. ) ;
#3704 = ORIENTED_EDGE ( 'NONE', *, *, #881, .T. ) ;
#3705 = CARTESIAN_POINT ( 'NONE',  ( 8.500000000000000000, 12.00000000000000000, 31.75000000000000000 ) ) ;
#3706 = CIRCLE ( 'NONE', #2281, 0.5000000000000004441 ) ;
#3707 = EDGE_CURVE ( 'NONE', #3562, #933, #2706, .T. ) ;
#3708 = DIRECTION ( 'NONE',  ( 0.000000000000000000, 0.000000000000000000, 1.000000000000000000 ) ) ;
#3709 = CARTESIAN_POINT ( 'NONE',  ( 20.29999999999999716, 12.00000000000000000, -31.75000000000000000 ) ) ;
#3710 = LINE ( 'NONE', #924, #917 ) ;
#3711 = AXIS2_PLACEMENT_3D ( 'NONE', #188, #1412, #207 ) ;
#3712 = ORIENTED_EDGE ( 'NONE', *, *, #3275, .T. ) ;
#3713 = ORIENTED_EDGE ( 'NONE', *, *, #2395, .T. ) ;
#3714 = EDGE_CURVE ( 'NONE', #1153, #325, #1161, .T. ) ;
#3715 = CARTESIAN_POINT ( 'NONE',  ( 15.24528645199919907, 3.843854292126359873, 31.75000000000000000 ) ) ;
#3716 = CARTESIAN_POINT ( 'NONE',  ( -14.13262310652581988, -7.000000000000000000, 31.75000000000000000 ) ) ;
#3717 = DIRECTION ( 'NONE',  ( 0.000000000000000000, 0.000000000000000000, 1.000000000000000000 ) ) ;
#3718 = AXIS2_PLACEMENT_3D ( 'NONE', #591, #2799, #3066 ) ;
#3719 = ORIENTED_EDGE ( 'NONE', *, *, #2315, .T. ) ;
#3720 = AXIS2_PLACEMENT_3D ( 'NONE', #3201, #2291, #446 ) ;
#3721 = VERTEX_POINT ( 'NONE', #3752 ) ;
#3722 = CARTESIAN_POINT ( 'NONE',  ( -14.13262310652581988, -6.500000000000000000, 31.75000000000000000 ) ) ;
#3723 = CYLINDRICAL_SURFACE ( 'NONE', #2138, 0.5000000000000004441 ) ;
#3724 = CYLINDRICAL_SURFACE ( 'NONE', #156, 0.5000000000000004441 ) ;
#3725 = LINE ( 'NONE', #3114, #2272 ) ;
#3726 = CARTESIAN_POINT ( 'NONE',  ( 10.61337697827829984, 4.750000000000000000, 31.75000000000000000 ) ) ;
#3727 = CARTESIAN_POINT ( 'NONE',  ( 9.000000000000000000, 12.00000000000000000, 31.75000000000000000 ) ) ;
#3728 = EDGE_CURVE ( 'NONE', #3547, #375, #3776, .T. ) ;
#3729 = ORIENTED_EDGE ( 'NONE', *, *, #14, .T. ) ;
#3730 = DIRECTION ( 'NONE',  ( -0.8910065241883708964, 0.4539904997395409203, 0.000000000000000000 ) ) ;
#3731 = LINE ( 'NONE', #2535, #276 ) ;
#3732 = DIRECTION ( 'NONE',  ( 1.000000000000000000, 0.000000000000000000, 0.000000000000000000 ) ) ;
#3733 = ADVANCED_FACE ( 'NONE', ( #879 ), #688, .T. ) ;
#3734 = EDGE_LOOP ( 'NONE', ( #357, #635, #618, #2777 ) ) ;
#3735 = ORIENTED_EDGE ( 'NONE', *, *, #707, .F. ) ;
#3736 = FACE_OUTER_BOUND ( 'NONE', #2567, .T. ) ;
#3737 = DIRECTION ( 'NONE',  ( 1.000000000000000000, 0.000000000000000000, 0.000000000000000000 ) ) ;
#3738 = VERTEX_POINT ( 'NONE', #1611 ) ;
#3739 = CARTESIAN_POINT ( 'NONE',  ( -15.54966716650354996, 3.447177621980745066, -31.75000000000000000 ) ) ;
#3740 = PLANE ( 'NONE',  #3048 ) ;
#3741 = CARTESIAN_POINT ( 'NONE',  ( 13.74969899016224062, -7.000000000000000000, 31.75000000000000000 ) ) ;
#3742 = LINE ( 'NONE', #662, #2987 ) ;
#3743 = DIRECTION ( 'NONE',  ( 2.569960705150824905E-16, -1.000000000000000000, 0.000000000000000000 ) ) ;
#3744 = ORIENTED_EDGE ( 'NONE', *, *, #1454, .T. ) ;
#3745 = ORIENTED_EDGE ( 'NONE', *, *, #2904, .F. ) ;
#3746 = ORIENTED_EDGE ( 'NONE', *, *, #1169, .F. ) ;
#3747 = CARTESIAN_POINT ( 'NONE',  ( 15.62050326209419993, -11.77300475013021952, 31.75000000000000000 ) ) ;
#3748 = EDGE_CURVE ( 'NONE', #925, #848, #2219, .T. ) ;
#3749 = DIRECTION ( 'NONE',  ( 1.000000000000000000, 0.000000000000000000, 0.000000000000000000 ) ) ;
#3750 = VERTEX_POINT ( 'NONE', #1921 ) ;
#3751 = ADVANCED_FACE ( 'NONE', ( #1495 ), #3148, .F. ) ;
#3752 = CARTESIAN_POINT ( 'NONE',  ( 14.27678941455290129, 4.980824188601770786, 31.75000000000000000 ) ) ;
#3753 = ORIENTED_EDGE ( 'NONE', *, *, #3855, .T. ) ;
#3754 = CARTESIAN_POINT ( 'NONE',  ( 15.67499999999999716, 12.00000000000000000, 31.75000000000000000 ) ) ;
#3755 = AXIS2_PLACEMENT_3D ( 'NONE', #3812, #3499, #3522 ) ;
#3756 = LINE ( 'NONE', #1285, #973 ) ;
#3757 = CARTESIAN_POINT ( 'NONE',  ( 20.29999999999999716, -6.461999999999999744, 31.75000000000000000 ) ) ;
#3758 = AXIS2_PLACEMENT_3D ( 'NONE', #1766, #2344, #1706 ) ;
#3759 = EDGE_LOOP ( 'NONE', ( #1122, #2250, #3338, #691 ) ) ;
#3760 = DIRECTION ( 'NONE',  ( 0.000000000000000000, 0.000000000000000000, 1.000000000000000000 ) ) ;
#3761 = DIRECTION ( 'NONE',  ( 1.000000000000000000, 0.000000000000000000, 0.000000000000000000 ) ) ;
#3762 = CARTESIAN_POINT ( 'NONE',  ( 14.72949673790581926, -12.22699524986975916, -31.75000000000000000 ) ) ;
#3763 = VECTOR ( 'NONE', #2006, 1000.000000000000000 ) ;
#3764 = LINE ( 'NONE', #2232, #2673 ) ;
#3765 = EDGE_LOOP ( 'NONE', ( #3661, #1693 ) ) ;
#3766 = CIRCLE ( 'NONE', #1308, 0.5000000000000004441 ) ;
#3767 = ORIENTED_EDGE ( 'NONE', *, *, #1866, .F. ) ;
#3768 = CARTESIAN_POINT ( 'NONE',  ( 15.54966716650354996, -3.447177621980745066, 31.75000000000000000 ) ) ;
#3769 = DIRECTION ( 'NONE',  ( 0.000000000000000000, 0.000000000000000000, -1.000000000000000000 ) ) ;
#3770 = VECTOR ( 'NONE', #3021, 1000.000000000000000 ) ;
#3771 = CYLINDRICAL_SURFACE ( 'NONE', #913, 0.4999999999999987232 ) ;
#3772 = ADVANCED_FACE ( 'NONE', ( #154 ), #1359, .T. ) ;
#3773 = AXIS2_PLACEMENT_3D ( 'NONE', #2597, #1987, #1387 ) ;
#3774 = ORIENTED_EDGE ( 'NONE', *, *, #1884, .F. ) ;
#3775 = VECTOR ( 'NONE', #2905, 1000.000000000000227 ) ;
#3776 = LINE ( 'NONE', #555, #1916 ) ;
#3777 = FACE_BOUND ( 'NONE', #3765, .T. ) ;
#3778 = VECTOR ( 'NONE', #3984, 1000.000000000000114 ) ;
#3779 = VECTOR ( 'NONE', #3221, 1000.000000000000000 ) ;
#3780 = ADVANCED_FACE ( 'NONE', ( #3209 ), #86, .F. ) ;
#3781 = ORIENTED_EDGE ( 'NONE', *, *, #872, .T. ) ;
#3782 = FACE_OUTER_BOUND ( 'NONE', #3047, .T. ) ;
#3783 = EDGE_CURVE ( 'NONE', #3788, #3929, #742, .T. ) ;
#3784 = ORIENTED_EDGE ( 'NONE', *, *, #2583, .F. ) ;
#3785 = DIRECTION ( 'NONE',  ( 0.000000000000000000, 0.000000000000000000, 1.000000000000000000 ) ) ;
#3786 = LINE ( 'NONE', #1331, #344 ) ;
#3787 = LINE ( 'NONE', #1002, #3507 ) ;
#3788 = VERTEX_POINT ( 'NONE', #1724 ) ;
#3789 = ORIENTED_EDGE ( 'NONE', *, *, #3657, .T. ) ;
#3790 = VERTEX_POINT ( 'NONE', #1697 ) ;
#3791 = CARTESIAN_POINT ( 'NONE',  ( 8.500000000000000000, -0.7500000000000000000, 31.75000000000000000 ) ) ;
#3792 = FACE_OUTER_BOUND ( 'NONE', #1300, .T. ) ;
#3793 = CARTESIAN_POINT ( 'NONE',  ( 14.27678941455290129, -4.980824188601770786, -31.75000000000000000 ) ) ;
#3794 = CARTESIAN_POINT ( 'NONE',  ( -15.17499999999999893, -12.00000000000000000, -31.75000000000000000 ) ) ;
#3795 = VERTEX_POINT ( 'NONE', #3797 ) ;
#3796 = DIRECTION ( 'NONE',  ( -0.6087614290087208779, 0.7933533402912350541, 0.000000000000000000 ) ) ;
#3797 = CARTESIAN_POINT ( 'NONE',  ( 8.500000000000000000, 12.00000000000000000, -31.75000000000000000 ) ) ;
#3798 = ORIENTED_EDGE ( 'NONE', *, *, #2078, .T. ) ;
#3799 = DIRECTION ( 'NONE',  ( 0.000000000000000000, -1.000000000000000000, 0.000000000000000000 ) ) ;
#3800 = LINE ( 'NONE', #717, #1760 ) ;
#3801 = ADVANCED_FACE ( 'NONE', ( #2561 ), #773, .T. ) ;
#3802 = VERTEX_POINT ( 'NONE', #2945 ) ;
#3803 = VERTEX_POINT ( 'NONE', #2256 ) ;
#3804 = DIRECTION ( 'NONE',  ( 0.000000000000000000, 0.000000000000000000, -1.000000000000000000 ) ) ;
#3805 = DIRECTION ( 'NONE',  ( -1.000000000000000000, 0.000000000000000000, 0.000000000000000000 ) ) ;
#3806 = FACE_OUTER_BOUND ( 'NONE', #2577, .T. ) ;
#3807 = ADVANCED_FACE ( 'NONE', ( #180 ), #2276, .F. ) ;
#3808 = DIRECTION ( 'NONE',  ( 1.000000000000000000, 0.000000000000000000, 0.000000000000000000 ) ) ;
#3809 = VERTEX_POINT ( 'NONE', #2336 ) ;
#3810 = ORIENTED_EDGE ( 'NONE', *, *, #439, .F. ) ;
#3811 = CARTESIAN_POINT ( 'NONE',  ( -20.66129058582125211, -11.65435695783522085, 31.75000000000000000 ) ) ;
#3812 = CARTESIAN_POINT ( 'NONE',  ( -12.69999999999999929, 2.873135757086585172E-15, 35.25000000000000000 ) ) ;
#3813 = DIRECTION ( 'NONE',  ( 0.000000000000000000, 0.000000000000000000, 1.000000000000000000 ) ) ;
#3814 = EDGE_CURVE ( 'NONE', #1996, #1374, #3484, .T. ) ;
#3815 = DIRECTION ( 'NONE',  ( -1.000000000000000000, 0.000000000000000000, 0.000000000000000000 ) ) ;
#3816 = ORIENTED_EDGE ( 'NONE', *, *, #2267, .T. ) ;
#3817 = DIRECTION ( 'NONE',  ( 0.000000000000000000, 0.000000000000000000, 1.000000000000000000 ) ) ;
#3818 = DIRECTION ( 'NONE',  ( 0.000000000000000000, 1.000000000000000000, 0.000000000000000000 ) ) ;
#3819 = LINE ( 'NONE', #1307, #468 ) ;
#3820 = CARTESIAN_POINT ( 'NONE',  ( 15.62050326209419993, -11.77300475013021952, 31.75000000000000000 ) ) ;
#3821 = ORIENTED_EDGE ( 'NONE', *, *, #462, .T. ) ;
#3822 = EDGE_CURVE ( 'NONE', #1711, #2326, #2300, .T. ) ;
#3823 = AXIS2_PLACEMENT_3D ( 'NONE', #945, #612, #1195 ) ;
#3824 = CARTESIAN_POINT ( 'NONE',  ( 20.66129058582125211, 11.65435695783522085, 31.75000000000000000 ) ) ;
#3825 = CARTESIAN_POINT ( 'NONE',  ( 13.74969899016224062, 7.000000000000000000, 31.75000000000000000 ) ) ;
#3826 = CARTESIAN_POINT ( 'NONE',  ( -19.93870941417869957, -12.34564304216478092, 31.75000000000000000 ) ) ;
#3827 = AXIS2_PLACEMENT_3D ( 'NONE', #2245, #3760, #2606 ) ;
#3828 = ORIENTED_EDGE ( 'NONE', *, *, #3105, .F. ) ;
#3829 = ORIENTED_EDGE ( 'NONE', *, *, #3350, .F. ) ;
#3830 = EDGE_CURVE ( 'NONE', #37, #1249, #1053, .T. ) ;
#3831 = EDGE_LOOP ( 'NONE', ( #2531, #3593, #1334, #1990 ) ) ;
#3832 = CARTESIAN_POINT ( 'NONE',  ( 8.500000000000000000, 12.00000000000000000, 31.75000000000000000 ) ) ;
#3833 = VECTOR ( 'NONE', #946, 1000.000000000000227 ) ;
#3834 = LINE ( 'NONE', #1999, #2153 ) ;
#3835 = CIRCLE ( 'NONE', #1771, 0.5000000000000004441 ) ;
#3836 = ORIENTED_EDGE ( 'NONE', *, *, #505, .F. ) ;
#3837 = EDGE_CURVE ( 'NONE', #571, #3575, #1906, .T. ) ;
#3838 = EDGE_LOOP ( 'NONE', ( #3282, #3953, #2164, #1084 ) ) ;
#3839 = AXIS2_PLACEMENT_3D ( 'NONE', #99, #3455, #3234 ) ;
#3840 = DIRECTION ( 'NONE',  ( 0.000000000000000000, 0.000000000000000000, -1.000000000000000000 ) ) ;
#3841 = VECTOR ( 'NONE', #3364, 1000.000000000000000 ) ;
#3842 = CIRCLE ( 'NONE', #2927, 0.5000000000000004441 ) ;
#3843 = ORIENTED_EDGE ( 'NONE', *, *, #3229, .F. ) ;
#3844 = DIRECTION ( 'NONE',  ( -0.6912860843295498547, 0.7225811716425486475, 0.000000000000000000 ) ) ;
#3845 = AXIS2_PLACEMENT_3D ( 'NONE', #2894, #737, #3191 ) ;
#3846 = CARTESIAN_POINT ( 'NONE',  ( -15.17499999999999893, -12.00000000000000000, 31.75000000000000000 ) ) ;
#3847 = VECTOR ( 'NONE', #1352, 1000.000000000000000 ) ;
#3848 = VERTEX_POINT ( 'NONE', #2003 ) ;
#3849 = VECTOR ( 'NONE', #2649, 1000.000000000000227 ) ;
#3850 = DIRECTION ( 'NONE',  ( 0.000000000000000000, 0.000000000000000000, 1.000000000000000000 ) ) ;
#3851 = PLANE ( 'NONE',  #71 ) ;
#3852 = DIRECTION ( 'NONE',  ( -0.6912860843295498547, -0.7225811716425486475, 0.000000000000000000 ) ) ;
#3853 = CARTESIAN_POINT ( 'NONE',  ( 20.60438071450434805, -6.065323329854379608, 31.75000000000000000 ) ) ;
#3854 = AXIS2_PLACEMENT_3D ( 'NONE', #3926, #3537, #1081 ) ;
#3855 = EDGE_CURVE ( 'NONE', #892, #2958, #2862, .T. ) ;
#3856 = VERTEX_POINT ( 'NONE', #3573 ) ;
#3857 = ORIENTED_EDGE ( 'NONE', *, *, #1923, .T. ) ;
#3858 = CARTESIAN_POINT ( 'NONE',  ( -13.74969899016224062, 7.000000000000000000, 31.75000000000000000 ) ) ;
#3859 = CARTESIAN_POINT ( 'NONE',  ( -15.24528645199919907, -3.843854292126359873, -31.75000000000000000 ) ) ;
#3860 = EDGE_CURVE ( 'NONE', #3613, #2407, #733, .T. ) ;
#3861 = VERTEX_POINT ( 'NONE', #1941 ) ;
#3862 = ORIENTED_EDGE ( 'NONE', *, *, #335, .T. ) ;
#3863 = DIRECTION ( 'NONE',  ( 1.000000000000000000, 0.000000000000000000, 0.000000000000000000 ) ) ;
#3864 = EDGE_CURVE ( 'NONE', #1443, #937, #108, .T. ) ;
#3865 = FACE_OUTER_BOUND ( 'NONE', #590, .T. ) ;
#3866 = DIRECTION ( 'NONE',  ( 1.000000000000000000, 0.000000000000000000, 0.000000000000000000 ) ) ;
#3867 = EDGE_CURVE ( 'NONE', #937, #150, #1383, .T. ) ;
#3868 = CARTESIAN_POINT ( 'NONE',  ( 20.80000000000000071, -12.00000000000000000, 31.75000000000000000 ) ) ;
#3869 = CYLINDRICAL_SURFACE ( 'NONE', #1727, 0.5000000000000004441 ) ;
#3870 = EDGE_LOOP ( 'NONE', ( #2428, #1891, #559, #2414 ) ) ;
#3871 = CYLINDRICAL_SURFACE ( 'NONE', #23, 0.4999999999999987232 ) ;
#3872 = LINE ( 'NONE', #2035, #2684 ) ;
#3873 = VERTEX_POINT ( 'NONE', #2857 ) ;
#3874 = ORIENTED_EDGE ( 'NONE', *, *, #974, .T. ) ;
#3875 = CARTESIAN_POINT ( 'NONE',  ( 19.99561928549564982, -6.858676670145619880, 31.75000000000000000 ) ) ;
#3876 = PRESENTATION_STYLE_ASSIGNMENT (( #252 ) ) ;
#3877 = LINE ( 'NONE', #753, #340 ) ;
#3878 = ORIENTED_EDGE ( 'NONE', *, *, #585, .T. ) ;
#3879 = EDGE_LOOP ( 'NONE', ( #2532, #897, #2943, #3857 ) ) ;
#3880 = EDGE_CURVE ( 'NONE', #2326, #968, #1341, .T. ) ;
#3881 = DIRECTION ( 'NONE',  ( 0.000000000000000000, 0.000000000000000000, -1.000000000000000000 ) ) ;
#3882 = DIRECTION ( 'NONE',  ( 0.000000000000000000, 0.000000000000000000, 1.000000000000000000 ) ) ;
#3883 = EDGE_CURVE ( 'NONE', #3990, #1813, #2579, .T. ) ;
#3884 = CARTESIAN_POINT ( 'NONE',  ( -13.74969899016226016, -6.500000000000000000, -31.75000000000000000 ) ) ;
#3885 = CARTESIAN_POINT ( 'NONE',  ( -9.500000000000000000, 5.250000000000000000, 31.75000000000000000 ) ) ;
#3886 = ORIENTED_EDGE ( 'NONE', *, *, #1093, .F. ) ;
#3887 = EDGE_CURVE ( 'NONE', #1609, #3383, #2302, .T. ) ;
#3888 = CIRCLE ( 'NONE', #63, 0.5000000000000004441 ) ;
#3889 = FACE_OUTER_BOUND ( 'NONE', #151, .T. ) ;
#3890 = FACE_OUTER_BOUND ( 'NONE', #2766, .T. ) ;
#3891 = DIRECTION ( 'NONE',  ( 0.000000000000000000, 0.000000000000000000, 1.000000000000000000 ) ) ;
#3892 = VECTOR ( 'NONE', #1509, 1000.000000000000000 ) ;
#3893 = ORIENTED_EDGE ( 'NONE', *, *, #755, .F. ) ;
#3894 = DIRECTION ( 'NONE',  ( 0.000000000000000000, 0.000000000000000000, -1.000000000000000000 ) ) ;
#3895 = DIRECTION ( 'NONE',  ( 0.000000000000000000, 0.000000000000000000, -1.000000000000000000 ) ) ;
#3896 = FACE_OUTER_BOUND ( 'NONE', #3621, .T. ) ;
#3897 = CIRCLE ( 'NONE', #593, 0.5000000000000004441 ) ;
#3898 = ORIENTED_EDGE ( 'NONE', *, *, #3864, .T. ) ;
#3899 = DIRECTION ( 'NONE',  ( -1.000000000000000000, 0.000000000000000000, 0.000000000000000000 ) ) ;
#3900 = CARTESIAN_POINT ( 'NONE',  ( -9.500000000000000000, 5.250000000000000000, -31.75000000000000000 ) ) ;
#3901 = AXIS2_PLACEMENT_3D ( 'NONE', #74, #2886, #116 ) ;
#3902 = EDGE_LOOP ( 'NONE', ( #1556, #288 ) ) ;
#3903 = VECTOR ( 'NONE', #668, 1000.000000000000227 ) ;
#3904 = VECTOR ( 'NONE', #2719, 1000.000000000000000 ) ;
#3905 = EDGE_CURVE ( 'NONE', #2062, #689, #796, .T. ) ;
#3906 = VERTEX_POINT ( 'NONE', #2077 ) ;
#3907 = ORIENTED_EDGE ( 'NONE', *, *, #43, .F. ) ;
#3908 = PRODUCT_DEFINITION_FORMATION_WITH_SPECIFIED_SOURCE ( 'ANY', '', #2747, .NOT_KNOWN. ) ;
#3909 = VECTOR ( 'NONE', #1228, 1000.000000000000227 ) ;
#3910 = CARTESIAN_POINT ( 'NONE',  ( 8.500000000000000000, 12.00000000000000000, 31.75000000000000000 ) ) ;
#3911 = ORIENTED_EDGE ( 'NONE', *, *, #3931, .F. ) ;
#3912 = ADVANCED_FACE ( 'NONE', ( #851 ), #2393, .F. ) ;
#3913 = DIRECTION ( 'NONE',  ( 1.000000000000000000, 0.000000000000000000, 0.000000000000000000 ) ) ;
#3914 = AXIS2_PLACEMENT_3D ( 'NONE', #603, #1463, #3666 ) ;
#3915 = EDGE_LOOP ( 'NONE', ( #2883, #2386, #3189, #522 ) ) ;
#3916 = DIRECTION ( 'NONE',  ( 1.000000000000000000, 0.000000000000000000, 0.000000000000000000 ) ) ;
#3917 = MECHANICAL_DESIGN_GEOMETRIC_PRESENTATION_REPRESENTATION (  '', ( #2103 ), #1911 ) ;
#3918 = ORIENTED_EDGE ( 'NONE', *, *, #2082, .T. ) ;
#3919 = ORIENTED_EDGE ( 'NONE', *, *, #3653, .T. ) ;
#3920 = CYLINDRICAL_SURFACE ( 'NONE', #964, 1.149999999999999911 ) ;
#3921 = CARTESIAN_POINT ( 'NONE',  ( 15.54966716650354996, -3.447177621980745066, 31.75000000000000000 ) ) ;
#3922 = CARTESIAN_POINT ( 'NONE',  ( -12.69999999999999929, 2.873135757086585172E-15, 31.75000000000000000 ) ) ;
#3923 = ORIENTED_EDGE ( 'NONE', *, *, #856, .F. ) ;
#3924 = EDGE_CURVE ( 'NONE', #1781, #397, #1467, .T. ) ;
#3925 = CARTESIAN_POINT ( 'NONE',  ( 11.05888024037249906, 5.023004750130230178, -31.75000000000000000 ) ) ;
#3926 = CARTESIAN_POINT ( 'NONE',  ( 15.24528645199919907, 3.843854292126359873, 31.75000000000000000 ) ) ;
#3927 = ORIENTED_EDGE ( 'NONE', *, *, #3830, .T. ) ;
#3928 = CARTESIAN_POINT ( 'NONE',  ( 15.54966716650354996, 3.447177621980745066, -31.75000000000000000 ) ) ;
#3929 = VERTEX_POINT ( 'NONE', #198 ) ;
#3930 = CARTESIAN_POINT ( 'NONE',  ( 10.61337697827829984, -5.250000000000000000, 31.75000000000000000 ) ) ;
#3931 = EDGE_CURVE ( 'NONE', #3030, #2754, #2981, .T. ) ;
#3932 = CARTESIAN_POINT ( 'NONE',  ( -8.500000000000000000, -12.00000000000000000, 31.75000000000000000 ) ) ;
#3933 = ORIENTED_EDGE ( 'NONE', *, *, #3681, .F. ) ;
#3934 = EDGE_CURVE ( 'NONE', #3308, #2627, #239, .T. ) ;
#3935 = CARTESIAN_POINT ( 'NONE',  ( -14.27678941455290129, 4.980824188601770786, -31.75000000000000000 ) ) ;
#3936 = CARTESIAN_POINT ( 'NONE',  ( -15.62050326209419993, -11.77300475013021952, 31.75000000000000000 ) ) ;
#3937 = DIRECTION ( 'NONE',  ( -0.000000000000000000, 1.000000000000000000, 0.000000000000000000 ) ) ;
#3938 = ORIENTED_EDGE ( 'NONE', *, *, #3025, .F. ) ;
#3939 = CARTESIAN_POINT ( 'NONE',  ( -20.66129058582125211, -11.65435695783522085, -31.75000000000000000 ) ) ;
#3940 = ORIENTED_EDGE ( 'NONE', *, *, #1555, .F. ) ;
#3941 = ORIENTED_EDGE ( 'NONE', *, *, #932, .T. ) ;
#3942 = CYLINDRICAL_SURFACE ( 'NONE', #589, 0.5000000000000004441 ) ;
#3943 = CARTESIAN_POINT ( 'NONE',  ( -15.67499999999999716, -12.00000000000000000, 31.75000000000000000 ) ) ;
#3944 = CARTESIAN_POINT ( 'NONE',  ( -10.61337697827829984, 4.750000000000000000, 31.75000000000000000 ) ) ;
#3945 = CARTESIAN_POINT ( 'NONE',  ( -9.500000000000000000, -5.250000000000000000, 31.75000000000000000 ) ) ;
#3946 = ADVANCED_FACE ( 'NONE', ( #3630 ), #1197, .F. ) ;
#3947 = ORIENTED_EDGE ( 'NONE', *, *, #2735, .F. ) ;
#3948 = DIRECTION ( 'NONE',  ( 1.000000000000000000, 0.000000000000000000, 0.000000000000000000 ) ) ;
#3949 = PRESENTATION_STYLE_ASSIGNMENT (( #3609 ) ) ;
#3950 = FACE_OUTER_BOUND ( 'NONE', #3142, .T. ) ;
#3951 = CIRCLE ( 'NONE', #2265, 0.5000000000000004441 ) ;
#3952 = EDGE_CURVE ( 'NONE', #278, #3414, #1759, .T. ) ;
#3953 = ORIENTED_EDGE ( 'NONE', *, *, #457, .F. ) ;
#3954 = VERTEX_POINT ( 'NONE', #1116 ) ;
#3955 = VECTOR ( 'NONE', #44, 1000.000000000000227 ) ;
#3956 = CARTESIAN_POINT ( 'NONE',  ( 13.64304901951866000, -1.353941855023654162, -31.75000000000000000 ) ) ;
#3957 = CARTESIAN_POINT ( 'NONE',  ( 9.500000000000000000, 5.250000000000000000, 31.75000000000000000 ) ) ;
#3958 = DIRECTION ( 'NONE',  ( 0.000000000000000000, 0.000000000000000000, -1.000000000000000000 ) ) ;
#3959 = AXIS2_PLACEMENT_3D ( 'NONE', #1992, #3785, #1972 ) ;
#3960 = ADVANCED_FACE ( 'NONE', ( #3614 ), #1421, .F. ) ;
#3961 = ORIENTED_EDGE ( 'NONE', *, *, #3111, .F. ) ;
#3962 = VECTOR ( 'NONE', #2514, 1000.000000000000000 ) ;
#3963 = ORIENTED_EDGE ( 'NONE', *, *, #268, .T. ) ;
#3964 = EDGE_LOOP ( 'NONE', ( #1572, #203, #1480, #2055 ) ) ;
#3965 = DIRECTION ( 'NONE',  ( 0.000000000000000000, 0.000000000000000000, -1.000000000000000000 ) ) ;
#3966 = CARTESIAN_POINT ( 'NONE',  ( -13.74969899016226016, 6.500000000000000000, -31.75000000000000000 ) ) ;
#3967 = CARTESIAN_POINT ( 'NONE',  ( -15.24528645199919907, -3.843854292126359873, 31.75000000000000000 ) ) ;
#3968 = VECTOR ( 'NONE', #167, 1000.000000000000000 ) ;
#3969 = ORIENTED_EDGE ( 'NONE', *, *, #2715, .T. ) ;
#3970 = VECTOR ( 'NONE', #661, 1000.000000000000000 ) ;
#3971 = VERTEX_POINT ( 'NONE', #3921 ) ;
#3972 = AXIS2_PLACEMENT_3D ( 'NONE', #2795, #31, #1264 ) ;
#3973 = DIRECTION ( 'NONE',  ( -1.000000000000000000, 0.000000000000000000, 0.000000000000000000 ) ) ;
#3974 = CARTESIAN_POINT ( 'NONE',  ( -14.27678941455290129, -4.980824188601770786, -31.75000000000000000 ) ) ;
#3975 = PRODUCT_DEFINITION ( 'UNKNOWN', '', #3908, #3525 ) ;
#3976 = UNCERTAINTY_MEASURE_WITH_UNIT (LENGTH_MEASURE( 1.000000000000000082E-05 ), #115, 'distance_accuracy_value', 'NONE');
#3977 = VECTOR ( 'NONE', #1606, 1000.000000000000000 ) ;
#3978 = ORIENTED_EDGE ( 'NONE', *, *, #774, .F. ) ;
#3979 = VERTEX_POINT ( 'NONE', #217 ) ;
#3980 = AXIS2_PLACEMENT_3D ( 'NONE', #2120, #4004, #3343 ) ;
#3981 = DIRECTION ( 'NONE',  ( -1.000000000000000000, 0.000000000000000000, 0.000000000000000000 ) ) ;
#3982 = CARTESIAN_POINT ( 'NONE',  ( 20.66129058582125211, -11.65435695783522085, 31.75000000000000000 ) ) ;
#3983 = EDGE_CURVE ( 'NONE', #2183, #2134, #526, .T. ) ;
#3984 = DIRECTION ( 'NONE',  ( 0.7933533402912350541, 0.6087614290087208779, 0.000000000000000000 ) ) ;
#3985 = CARTESIAN_POINT ( 'NONE',  ( 9.000000000000000000, 12.00000000000000000, -31.75000000000000000 ) ) ;
#3986 = DIRECTION ( 'NONE',  ( 0.000000000000000000, 0.000000000000000000, -1.000000000000000000 ) ) ;
#3987 = FACE_OUTER_BOUND ( 'NONE', #2908, .T. ) ;
#3988 = EDGE_CURVE ( 'NONE', #1153, #642, #2047, .T. ) ;
#3989 = ORIENTED_EDGE ( 'NONE', *, *, #3057, .T. ) ;
#3990 = VERTEX_POINT ( 'NONE', #2656 ) ;
#3991 = EDGE_CURVE ( 'NONE', #2240, #2644, #832, .T. ) ;
#3992 = CARTESIAN_POINT ( 'NONE',  ( 15.62050326209419993, -11.77300475013021952, -31.75000000000000000 ) ) ;
#3993 = DIRECTION ( 'NONE',  ( -1.000000000000000000, 0.000000000000000000, 0.000000000000000000 ) ) ;
#3994 = CARTESIAN_POINT ( 'NONE',  ( -13.35727658936150064, 0.9436564444104260652, 31.75000000000000000 ) ) ;
#3995 = ORIENTED_EDGE ( 'NONE', *, *, #3086, .T. ) ;
#3996 = DIRECTION ( 'NONE',  ( 1.000000000000000000, 0.000000000000000000, 0.000000000000000000 ) ) ;
#3997 = CARTESIAN_POINT ( 'NONE',  ( -14.13262310652581988, 6.500000000000000000, 31.75000000000000000 ) ) ;
#3998 = PLANE ( 'NONE',  #3702 ) ;
#3999 = ORIENTED_EDGE ( 'NONE', *, *, #1232, .F. ) ;
#4000 = VERTEX_POINT ( 'NONE', #508 ) ;
#4001 = CARTESIAN_POINT ( 'NONE',  ( -14.24140333022853788, -4.330800431932630090, -31.75000000000000000 ) ) ;
#4002 = DIRECTION ( 'NONE',  ( -0.7933533402912350541, -0.6087614290087208779, 0.000000000000000000 ) ) ;
#4003 = EDGE_CURVE ( 'NONE', #48, #1694, #3002, .T. ) ;
#4004 = DIRECTION ( 'NONE',  ( 0.000000000000000000, 0.000000000000000000, -1.000000000000000000 ) ) ;
#4005 = CARTESIAN_POINT ( 'NONE',  ( 15.17499999999999893, -12.00000000000000000, 31.75000000000000000 ) ) ;
#4006 = EDGE_CURVE ( 'NONE', #563, #259, #870, .T. ) ;
#4007 = ORIENTED_EDGE ( 'NONE', *, *, #2199, .T. ) ;
#4008 = CLOSED_SHELL ( 'NONE', ( #2925, #850, #830, #412 ) ) ;
#4009 = EDGE_CURVE ( 'NONE', #2671, #3237, #918, .T. ) ;
#4010 = ORIENTED_EDGE ( 'NONE', *, *, #2515, .F. ) ;
#4011 = FACE_OUTER_BOUND ( 'NONE', #2321, .T. ) ;
#4012 = VECTOR ( 'NONE', #2469, 1000.000000000000227 ) ;
#4013 = CARTESIAN_POINT ( 'NONE',  ( -13.74969899016224062, -7.000000000000000000, -31.75000000000000000 ) ) ;
#4014 = APPLICATION_CONTEXT ( 'automotive_design' ) ;
#4015 = DIRECTION ( 'NONE',  ( -0.8910065241883708964, -0.4539904997395409203, 0.000000000000000000 ) ) ;
ENDSEC;
END-ISO-10303-21;
