ISO-10303-21;
HEADER;
FILE_DESCRIPTION(('STEP AP242'),'1');
FILE_NAME('0039289088.stp','2025-02-06T06:48:26',('TraceParts'),('TraceParts S.A.'),'Spatial InterOp 3D',' ',' ');
FILE_SCHEMA(('AP242_MANAGED_MODEL_BASED_3D_ENGINEERING_MIM_LF  {1 0 10303 442 1 1 4}'));
ENDSEC;
DATA;
#1=PRODUCT_DEFINITION_CONTEXT('',#10,'design');
#2=APPLICATION_PROTOCOL_DEFINITION('INTERNATIONAL STANDARD','ap242_managed_model_based_3d_engineering',2014,#10);
#3=PRODUCT_CATEGORY_RELATIONSHIP('NONE','NONE',#11,#12);
#4=SHAPE_DEFINITION_REPRESENTATION(#13,#14);
#5=SHAPE_DEFINITION_REPRESENTATION(#13,#15);
#6= (GEOMETRIC_REPRESENTATION_CONTEXT(3)GLOBAL_UNCERTAINTY_ASSIGNED_CONTEXT((#18))GLOBAL_UNIT_ASSIGNED_CONTEXT((#20,#21,#22))REPRESENTATION_CONTEXT('NONE','WORKSPACE'));
#10=APPLICATION_CONTEXT('managed model based 3d engineering');
#11=PRODUCT_CATEGORY('part','NONE');
#12=PRODUCT_RELATED_PRODUCT_CATEGORY('detail',' ',(#24));
#13=PRODUCT_DEFINITION_SHAPE('NONE','NONE',#25);
#14=ADVANCED_BREP_SHAPE_REPRESENTATION('0039289088_1',(#26,#27),#6);
#15=GEOMETRICALLY_BOUNDED_SURFACE_SHAPE_REPRESENTATION('1',(#28,#29),#6);
#18=UNCERTAINTY_MEASURE_WITH_UNIT(LENGTH_MEASURE(1.0E-06),#20,'','');
#20= (CONVERSION_BASED_UNIT('MILLIMETRE',#32)LENGTH_UNIT()NAMED_UNIT(#35));
#21= (NAMED_UNIT(#37)PLANE_ANGLE_UNIT()SI_UNIT($,.RADIAN.));
#22= (NAMED_UNIT(#37)SOLID_ANGLE_UNIT()SI_UNIT($,.STERADIAN.));
#24=PRODUCT('0039289088_1','0039289088_1','PART-0039289088_1-DESC',(#43));
#25=PRODUCT_DEFINITION('','NONE',#44,#1);
#26=MANIFOLD_SOLID_BREP('0039289088_1',#45);
#27=AXIS2_PLACEMENT_3D('',#46,#47,#48);
#28=GEOMETRIC_SET('1',(#49,#50,#51,#52,#53,#54,#55,#56,#57,#58,#59,#60,#61,#62,#63,#64,#65,#66,#67,#68,#69,#70));
#29=AXIS2_PLACEMENT_3D('',#71,#72,#73);
#32=LENGTH_MEASURE_WITH_UNIT(LENGTH_MEASURE(1.0),#74);
#35=DIMENSIONAL_EXPONENTS(1.0,0.0,0.0,0.0,0.0,0.0,0.0);
#37=DIMENSIONAL_EXPONENTS(0.0,0.0,0.0,0.0,0.0,0.0,0.0);
#43=PRODUCT_CONTEXT('',#10,'mechanical');
#44=PRODUCT_DEFINITION_FORMATION_WITH_SPECIFIED_SOURCE(' ','NONE',#24,.NOT_KNOWN.);
#45=CLOSED_SHELL('',(#75,#76,#77,#78,#79,#80,#81,#82,#83,#84,#85,#86,#87,#88,#89,#90,#91,#92,#93,#94,#95,#96,#97,#98,#99,#100,#101,#102,#103,#104,#105,#106,#107,#108,#109,#110,#111,#112,#113,#114,#115,#116,#117,#118,#119,#120,#121,#122,#123,#124,#125,#126,#127,#128,#129,#130,#131,#132,#133,#134,#135,#136,#137,#138,#139,#140,#141,#142,#143,#144,#145,#146,#147,#148,#149,#150,#151,#152,#153,#154,#155,#156,#157,#158,#159,#160,#161,#162,#163,#164,#165,#166,#167,#168,#169,#170,#171,#172,#173,#174,#175,#176,#177,#178,#179,#180,#181,#182,#183,#184,#185,#186,#187,#188,#189,#190,#191,#192,#193,#194,#195,#196,#197,#198,#199,#200,#201,#202,#203,#204,#205,#206,#207,#208,#209,#210,#211,#212,#213,#214,#215,#216,#217,#218,#219,#220,#221,#222,#223,#224,#225,#226,#227,#228,#229,#230,#231,#232,#233,#234,#235,#236,#237,#238,#239,#240,#241,#242,#243,#244,#245,#246,#247,#248,#249,#250,#251,#252,#253,#254,#255,#256,#257,#258,#259,#260,#261,#262,#263,#264,#265,#266,#267,#268,#269,#270,#271,#272,#273,#274,#275,#276,#277,#278,#279,#280,#281,#282,#283,#284,#285,#286,#287,#288,#289,#290,#291,#292,#293,#294,#295,#296,#297,#298,#299,#300,#301,#302,#303,#304,#305,#306,#307,#308,#309,#310,#311,#312,#313,#314,#315,#316,#317,#318,#319,#320,#321,#322,#323,#324,#325,#326,#327,#328,#329,#330,#331,#332,#333,#334,#335,#336,#337,#338,#339,#340,#341,#342,#343,#344,#345,#346,#347,#348,#349,#350,#351,#352,#353,#354,#355,#356,#357,#358,#359));
#46=CARTESIAN_POINT('',(0.0,0.0,0.0));
#47=DIRECTION('',(0.0,0.0,1.0));
#48=DIRECTION('',(1.0,0.0,0.0));
#49=COMPOSITE_CURVE('0039289088_2',(#360),.U.);
#50=COMPOSITE_CURVE('0039289088_3',(#361),.U.);
#51=COMPOSITE_CURVE('0039289088_4',(#362),.U.);
#52=COMPOSITE_CURVE('0039289088_5',(#363),.U.);
#53=COMPOSITE_CURVE('0039289088_6',(#364),.U.);
#54=COMPOSITE_CURVE('0039289088_7',(#365),.U.);
#55=COMPOSITE_CURVE('0039289088_8',(#366),.U.);
#56=COMPOSITE_CURVE('0039289088_9',(#367),.U.);
#57=COMPOSITE_CURVE('0039289088_10',(#368),.U.);
#58=COMPOSITE_CURVE('0039289088_11',(#369),.U.);
#59=COMPOSITE_CURVE('0039289088_12',(#370),.U.);
#60=COMPOSITE_CURVE('0039289088_13',(#371),.U.);
#61=COMPOSITE_CURVE('0039289088_14',(#372),.U.);
#62=COMPOSITE_CURVE('0039289088_15',(#373),.U.);
#63=COMPOSITE_CURVE('0039289088_16',(#374),.U.);
#64=COMPOSITE_CURVE('0039289088_17',(#375),.U.);
#65=COMPOSITE_CURVE('0039289088_18',(#376),.U.);
#66=COMPOSITE_CURVE('0039289088_19',(#377),.U.);
#67=COMPOSITE_CURVE('0039289088_20',(#378),.U.);
#68=COMPOSITE_CURVE('0039289088_21',(#379),.U.);
#69=COMPOSITE_CURVE('0039289088_22',(#380),.U.);
#70=COMPOSITE_CURVE('0039289088_23',(#381),.U.);
#71=CARTESIAN_POINT('',(0.0,0.0,0.0));
#72=DIRECTION('',(0.0,0.0,1.0));
#73=DIRECTION('',(1.0,0.0,0.0));
#74= (NAMED_UNIT(#35)LENGTH_UNIT()SI_UNIT(.MILLI.,.METRE.));
#75=ADVANCED_FACE('',(#383),#384,.T.);
#76=ADVANCED_FACE('',(#385),#386,.F.);
#77=ADVANCED_FACE('',(#387),#388,.T.);
#78=ADVANCED_FACE('',(#389),#390,.T.);
#79=ADVANCED_FACE('',(#391,#392),#393,.T.);
#80=ADVANCED_FACE('',(#394),#395,.T.);
#81=ADVANCED_FACE('',(#396),#397,.T.);
#82=ADVANCED_FACE('',(#398,#399,#400,#401,#402,#403,#404,#405,#406),#407,.T.);
#83=ADVANCED_FACE('',(#408),#409,.T.);
#84=ADVANCED_FACE('',(#410),#411,.F.);
#85=ADVANCED_FACE('',(#412),#413,.T.);
#86=ADVANCED_FACE('',(#414),#415,.T.);
#87=ADVANCED_FACE('',(#416),#417,.T.);
#88=ADVANCED_FACE('',(#418),#419,.T.);
#89=ADVANCED_FACE('',(#420),#421,.T.);
#90=ADVANCED_FACE('',(#422),#423,.T.);
#91=ADVANCED_FACE('',(#424),#425,.T.);
#92=ADVANCED_FACE('',(#426),#427,.T.);
#93=ADVANCED_FACE('',(#428),#429,.T.);
#94=ADVANCED_FACE('',(#430),#431,.T.);
#95=ADVANCED_FACE('',(#432),#433,.T.);
#96=ADVANCED_FACE('',(#434),#435,.T.);
#97=ADVANCED_FACE('',(#436),#437,.F.);
#98=ADVANCED_FACE('',(#438,#439),#440,.T.);
#99=ADVANCED_FACE('',(#441,#442),#443,.T.);
#100=ADVANCED_FACE('',(#444),#445,.F.);
#101=ADVANCED_FACE('',(#446),#447,.T.);
#102=ADVANCED_FACE('',(#448),#449,.T.);
#103=ADVANCED_FACE('',(#450),#451,.T.);
#104=ADVANCED_FACE('',(#452),#453,.T.);
#105=ADVANCED_FACE('',(#454),#455,.T.);
#106=ADVANCED_FACE('',(#456),#457,.F.);
#107=ADVANCED_FACE('',(#458),#459,.T.);
#108=ADVANCED_FACE('',(#460),#461,.F.);
#109=ADVANCED_FACE('',(#462,#463),#464,.T.);
#110=ADVANCED_FACE('',(#465,#466),#467,.T.);
#111=ADVANCED_FACE('',(#468),#469,.F.);
#112=ADVANCED_FACE('',(#470),#471,.F.);
#113=ADVANCED_FACE('',(#472),#473,.F.);
#114=ADVANCED_FACE('',(#474,#475),#476,.T.);
#115=ADVANCED_FACE('',(#477,#478),#479,.T.);
#116=ADVANCED_FACE('',(#480),#481,.F.);
#117=ADVANCED_FACE('',(#482),#483,.F.);
#118=ADVANCED_FACE('',(#484),#485,.F.);
#119=ADVANCED_FACE('',(#486,#487),#488,.T.);
#120=ADVANCED_FACE('',(#489,#490),#491,.T.);
#121=ADVANCED_FACE('',(#492,#493),#494,.T.);
#122=ADVANCED_FACE('',(#495,#496),#497,.T.);
#123=ADVANCED_FACE('',(#498),#499,.F.);
#124=ADVANCED_FACE('',(#500),#501,.F.);
#125=ADVANCED_FACE('',(#502),#503,.F.);
#126=ADVANCED_FACE('',(#504),#505,.F.);
#127=ADVANCED_FACE('',(#506),#507,.F.);
#128=ADVANCED_FACE('',(#508),#509,.F.);
#129=ADVANCED_FACE('',(#510,#511),#512,.T.);
#130=ADVANCED_FACE('',(#513,#514),#515,.T.);
#131=ADVANCED_FACE('',(#516),#517,.F.);
#132=ADVANCED_FACE('',(#518),#519,.F.);
#133=ADVANCED_FACE('',(#520),#521,.F.);
#134=ADVANCED_FACE('',(#522),#523,.F.);
#135=ADVANCED_FACE('',(#524),#525,.F.);
#136=ADVANCED_FACE('',(#526),#527,.F.);
#137=ADVANCED_FACE('',(#528),#529,.F.);
#138=ADVANCED_FACE('',(#530),#531,.F.);
#139=ADVANCED_FACE('',(#532),#533,.F.);
#140=ADVANCED_FACE('',(#534,#535),#536,.T.);
#141=ADVANCED_FACE('',(#537,#538),#539,.T.);
#142=ADVANCED_FACE('',(#540),#541,.F.);
#143=ADVANCED_FACE('',(#542),#543,.F.);
#144=ADVANCED_FACE('',(#544),#545,.F.);
#145=ADVANCED_FACE('',(#546),#547,.F.);
#146=ADVANCED_FACE('',(#548),#549,.F.);
#147=ADVANCED_FACE('',(#550),#551,.F.);
#148=ADVANCED_FACE('',(#552),#553,.F.);
#149=ADVANCED_FACE('',(#554),#555,.F.);
#150=ADVANCED_FACE('',(#556),#557,.F.);
#151=ADVANCED_FACE('',(#558),#559,.F.);
#152=ADVANCED_FACE('',(#560),#561,.T.);
#153=ADVANCED_FACE('',(#562),#563,.F.);
#154=ADVANCED_FACE('',(#564),#565,.F.);
#155=ADVANCED_FACE('',(#566),#567,.F.);
#156=ADVANCED_FACE('',(#568),#569,.F.);
#157=ADVANCED_FACE('',(#570),#571,.F.);
#158=ADVANCED_FACE('',(#572),#573,.F.);
#159=ADVANCED_FACE('',(#574),#575,.F.);
#160=ADVANCED_FACE('',(#576),#577,.F.);
#161=ADVANCED_FACE('',(#578),#579,.F.);
#162=ADVANCED_FACE('',(#580),#581,.F.);
#163=ADVANCED_FACE('',(#582),#583,.F.);
#164=ADVANCED_FACE('',(#584),#585,.F.);
#165=ADVANCED_FACE('',(#586),#587,.F.);
#166=ADVANCED_FACE('',(#588),#589,.F.);
#167=ADVANCED_FACE('',(#590),#591,.F.);
#168=ADVANCED_FACE('',(#592),#593,.F.);
#169=ADVANCED_FACE('',(#594),#595,.F.);
#170=ADVANCED_FACE('',(#596),#597,.F.);
#171=ADVANCED_FACE('',(#598),#599,.F.);
#172=ADVANCED_FACE('',(#600),#601,.F.);
#173=ADVANCED_FACE('',(#602),#603,.F.);
#174=ADVANCED_FACE('',(#604),#605,.F.);
#175=ADVANCED_FACE('',(#606),#607,.F.);
#176=ADVANCED_FACE('',(#608),#609,.F.);
#177=ADVANCED_FACE('',(#610),#611,.F.);
#178=ADVANCED_FACE('',(#612),#613,.F.);
#179=ADVANCED_FACE('',(#614),#615,.F.);
#180=ADVANCED_FACE('',(#616),#617,.F.);
#181=ADVANCED_FACE('',(#618),#619,.F.);
#182=ADVANCED_FACE('',(#620),#621,.F.);
#183=ADVANCED_FACE('',(#622),#623,.F.);
#184=ADVANCED_FACE('',(#624),#625,.F.);
#185=ADVANCED_FACE('',(#626,#627),#628,.T.);
#186=ADVANCED_FACE('',(#629,#630),#631,.T.);
#187=ADVANCED_FACE('',(#632),#633,.F.);
#188=ADVANCED_FACE('',(#634),#635,.F.);
#189=ADVANCED_FACE('',(#636),#637,.F.);
#190=ADVANCED_FACE('',(#638),#639,.F.);
#191=ADVANCED_FACE('',(#640),#641,.F.);
#192=ADVANCED_FACE('',(#642),#643,.F.);
#193=ADVANCED_FACE('',(#644),#645,.F.);
#194=ADVANCED_FACE('',(#646),#647,.F.);
#195=ADVANCED_FACE('',(#648),#649,.F.);
#196=ADVANCED_FACE('',(#650),#651,.F.);
#197=ADVANCED_FACE('',(#652),#653,.F.);
#198=ADVANCED_FACE('',(#654),#655,.F.);
#199=ADVANCED_FACE('',(#656),#657,.F.);
#200=ADVANCED_FACE('',(#658),#659,.F.);
#201=ADVANCED_FACE('',(#660),#661,.F.);
#202=ADVANCED_FACE('',(#662),#663,.F.);
#203=ADVANCED_FACE('',(#664),#665,.T.);
#204=ADVANCED_FACE('',(#666),#667,.T.);
#205=ADVANCED_FACE('',(#668),#669,.T.);
#206=ADVANCED_FACE('',(#670),#671,.T.);
#207=ADVANCED_FACE('',(#672),#673,.T.);
#208=ADVANCED_FACE('',(#674),#675,.T.);
#209=ADVANCED_FACE('',(#676),#677,.T.);
#210=ADVANCED_FACE('',(#678),#679,.T.);
#211=ADVANCED_FACE('',(#680),#681,.T.);
#212=ADVANCED_FACE('',(#682),#683,.T.);
#213=ADVANCED_FACE('',(#684),#685,.T.);
#214=ADVANCED_FACE('',(#686),#687,.T.);
#215=ADVANCED_FACE('',(#688),#689,.T.);
#216=ADVANCED_FACE('',(#690),#691,.T.);
#217=ADVANCED_FACE('',(#692),#693,.T.);
#218=ADVANCED_FACE('',(#694),#695,.T.);
#219=ADVANCED_FACE('',(#696),#697,.T.);
#220=ADVANCED_FACE('',(#698),#699,.T.);
#221=ADVANCED_FACE('',(#700),#701,.T.);
#222=ADVANCED_FACE('',(#702),#703,.T.);
#223=ADVANCED_FACE('',(#704),#705,.F.);
#224=ADVANCED_FACE('',(#706),#707,.F.);
#225=ADVANCED_FACE('',(#708),#709,.F.);
#226=ADVANCED_FACE('',(#710),#711,.F.);
#227=ADVANCED_FACE('',(#712),#713,.F.);
#228=ADVANCED_FACE('',(#714),#715,.F.);
#229=ADVANCED_FACE('',(#716),#717,.F.);
#230=ADVANCED_FACE('',(#718),#719,.F.);
#231=ADVANCED_FACE('',(#720),#721,.F.);
#232=ADVANCED_FACE('',(#722),#723,.F.);
#233=ADVANCED_FACE('',(#724),#725,.F.);
#234=ADVANCED_FACE('',(#726),#727,.T.);
#235=ADVANCED_FACE('',(#728),#729,.T.);
#236=ADVANCED_FACE('',(#730),#731,.T.);
#237=ADVANCED_FACE('',(#732),#733,.T.);
#238=ADVANCED_FACE('',(#734),#735,.T.);
#239=ADVANCED_FACE('',(#736),#737,.T.);
#240=ADVANCED_FACE('',(#738),#739,.T.);
#241=ADVANCED_FACE('',(#740),#741,.T.);
#242=ADVANCED_FACE('',(#742),#743,.T.);
#243=ADVANCED_FACE('',(#744),#745,.T.);
#244=ADVANCED_FACE('',(#746),#747,.T.);
#245=ADVANCED_FACE('',(#748),#749,.T.);
#246=ADVANCED_FACE('',(#750),#751,.T.);
#247=ADVANCED_FACE('',(#752),#753,.T.);
#248=ADVANCED_FACE('',(#754),#755,.T.);
#249=ADVANCED_FACE('',(#756),#757,.T.);
#250=ADVANCED_FACE('',(#758),#759,.T.);
#251=ADVANCED_FACE('',(#760),#761,.T.);
#252=ADVANCED_FACE('',(#762),#763,.T.);
#253=ADVANCED_FACE('',(#764),#765,.T.);
#254=ADVANCED_FACE('',(#766),#767,.F.);
#255=ADVANCED_FACE('',(#768),#769,.F.);
#256=ADVANCED_FACE('',(#770),#771,.F.);
#257=ADVANCED_FACE('',(#772),#773,.F.);
#258=ADVANCED_FACE('',(#774),#775,.F.);
#259=ADVANCED_FACE('',(#776),#777,.T.);
#260=ADVANCED_FACE('',(#778),#779,.T.);
#261=ADVANCED_FACE('',(#780),#781,.T.);
#262=ADVANCED_FACE('',(#782),#783,.T.);
#263=ADVANCED_FACE('',(#784),#785,.T.);
#264=ADVANCED_FACE('',(#786),#787,.T.);
#265=ADVANCED_FACE('',(#788),#789,.T.);
#266=ADVANCED_FACE('',(#790),#791,.T.);
#267=ADVANCED_FACE('',(#792),#793,.T.);
#268=ADVANCED_FACE('',(#794),#795,.T.);
#269=ADVANCED_FACE('',(#796),#797,.T.);
#270=ADVANCED_FACE('',(#798),#799,.T.);
#271=ADVANCED_FACE('',(#800),#801,.T.);
#272=ADVANCED_FACE('',(#802),#803,.T.);
#273=ADVANCED_FACE('',(#804),#805,.T.);
#274=ADVANCED_FACE('',(#806),#807,.T.);
#275=ADVANCED_FACE('',(#808),#809,.T.);
#276=ADVANCED_FACE('',(#810),#811,.T.);
#277=ADVANCED_FACE('',(#812),#813,.T.);
#278=ADVANCED_FACE('',(#814),#815,.T.);
#279=ADVANCED_FACE('',(#816),#817,.F.);
#280=ADVANCED_FACE('',(#818),#819,.F.);
#281=ADVANCED_FACE('',(#820),#821,.F.);
#282=ADVANCED_FACE('',(#822),#823,.F.);
#283=ADVANCED_FACE('',(#824),#825,.F.);
#284=ADVANCED_FACE('',(#826),#827,.F.);
#285=ADVANCED_FACE('',(#828),#829,.F.);
#286=ADVANCED_FACE('',(#830),#831,.F.);
#287=ADVANCED_FACE('',(#832),#833,.T.);
#288=ADVANCED_FACE('',(#834),#835,.T.);
#289=ADVANCED_FACE('',(#836),#837,.T.);
#290=ADVANCED_FACE('',(#838),#839,.T.);
#291=ADVANCED_FACE('',(#840),#841,.T.);
#292=ADVANCED_FACE('',(#842),#843,.T.);
#293=ADVANCED_FACE('',(#844),#845,.T.);
#294=ADVANCED_FACE('',(#846),#847,.T.);
#295=ADVANCED_FACE('',(#848),#849,.T.);
#296=ADVANCED_FACE('',(#850),#851,.T.);
#297=ADVANCED_FACE('',(#852),#853,.T.);
#298=ADVANCED_FACE('',(#854),#855,.T.);
#299=ADVANCED_FACE('',(#856),#857,.T.);
#300=ADVANCED_FACE('',(#858),#859,.T.);
#301=ADVANCED_FACE('',(#860),#861,.T.);
#302=ADVANCED_FACE('',(#862),#863,.T.);
#303=ADVANCED_FACE('',(#864),#865,.T.);
#304=ADVANCED_FACE('',(#866),#867,.T.);
#305=ADVANCED_FACE('',(#868),#869,.T.);
#306=ADVANCED_FACE('',(#870),#871,.T.);
#307=ADVANCED_FACE('',(#872),#873,.F.);
#308=ADVANCED_FACE('',(#874),#875,.T.);
#309=ADVANCED_FACE('',(#876),#877,.T.);
#310=ADVANCED_FACE('',(#878),#879,.T.);
#311=ADVANCED_FACE('',(#880),#881,.T.);
#312=ADVANCED_FACE('',(#882),#883,.F.);
#313=ADVANCED_FACE('',(#884),#885,.F.);
#314=ADVANCED_FACE('',(#886),#887,.F.);
#315=ADVANCED_FACE('',(#888),#889,.F.);
#316=ADVANCED_FACE('',(#890),#891,.T.);
#317=ADVANCED_FACE('',(#892),#893,.T.);
#318=ADVANCED_FACE('',(#894),#895,.T.);
#319=ADVANCED_FACE('',(#896),#897,.T.);
#320=ADVANCED_FACE('',(#898),#899,.F.);
#321=ADVANCED_FACE('',(#900),#901,.F.);
#322=ADVANCED_FACE('',(#902),#903,.F.);
#323=ADVANCED_FACE('',(#904),#905,.F.);
#324=ADVANCED_FACE('',(#906),#907,.F.);
#325=ADVANCED_FACE('',(#908),#909,.F.);
#326=ADVANCED_FACE('',(#910),#911,.F.);
#327=ADVANCED_FACE('',(#912),#913,.T.);
#328=ADVANCED_FACE('',(#914),#915,.T.);
#329=ADVANCED_FACE('',(#916),#917,.F.);
#330=ADVANCED_FACE('',(#918),#919,.F.);
#331=ADVANCED_FACE('',(#920),#921,.T.);
#332=ADVANCED_FACE('',(#922),#923,.T.);
#333=ADVANCED_FACE('',(#924),#925,.F.);
#334=ADVANCED_FACE('',(#926),#927,.T.);
#335=ADVANCED_FACE('',(#928),#929,.T.);
#336=ADVANCED_FACE('',(#930),#931,.F.);
#337=ADVANCED_FACE('',(#932),#933,.F.);
#338=ADVANCED_FACE('',(#934),#935,.T.);
#339=ADVANCED_FACE('',(#936),#937,.T.);
#340=ADVANCED_FACE('',(#938),#939,.F.);
#341=ADVANCED_FACE('',(#940),#941,.F.);
#342=ADVANCED_FACE('',(#942),#943,.F.);
#343=ADVANCED_FACE('',(#944),#945,.F.);
#344=ADVANCED_FACE('',(#946),#947,.F.);
#345=ADVANCED_FACE('',(#948),#949,.F.);
#346=ADVANCED_FACE('',(#950),#951,.F.);
#347=ADVANCED_FACE('',(#952),#953,.F.);
#348=ADVANCED_FACE('',(#954),#955,.F.);
#349=ADVANCED_FACE('',(#956),#957,.T.);
#350=ADVANCED_FACE('',(#958),#959,.T.);
#351=ADVANCED_FACE('',(#960),#961,.F.);
#352=ADVANCED_FACE('',(#962),#963,.F.);
#353=ADVANCED_FACE('',(#964),#965,.T.);
#354=ADVANCED_FACE('',(#966),#967,.T.);
#355=ADVANCED_FACE('',(#968),#969,.F.);
#356=ADVANCED_FACE('',(#970),#971,.T.);
#357=ADVANCED_FACE('',(#972),#973,.T.);
#358=ADVANCED_FACE('',(#974),#975,.T.);
#359=ADVANCED_FACE('',(#976),#977,.T.);
#360=COMPOSITE_CURVE_SEGMENT(.CONTINUOUS.,.T.,#978);
#361=COMPOSITE_CURVE_SEGMENT(.CONTINUOUS.,.T.,#979);
#362=COMPOSITE_CURVE_SEGMENT(.CONTINUOUS.,.T.,#980);
#363=COMPOSITE_CURVE_SEGMENT(.CONTINUOUS.,.T.,#981);
#364=COMPOSITE_CURVE_SEGMENT(.CONTINUOUS.,.T.,#982);
#365=COMPOSITE_CURVE_SEGMENT(.CONTINUOUS.,.T.,#983);
#366=COMPOSITE_CURVE_SEGMENT(.CONTINUOUS.,.T.,#984);
#367=COMPOSITE_CURVE_SEGMENT(.CONTINUOUS.,.T.,#985);
#368=COMPOSITE_CURVE_SEGMENT(.CONTINUOUS.,.T.,#986);
#369=COMPOSITE_CURVE_SEGMENT(.CONTINUOUS.,.T.,#987);
#370=COMPOSITE_CURVE_SEGMENT(.CONTINUOUS.,.T.,#988);
#371=COMPOSITE_CURVE_SEGMENT(.CONTINUOUS.,.T.,#989);
#372=COMPOSITE_CURVE_SEGMENT(.CONTINUOUS.,.T.,#990);
#373=COMPOSITE_CURVE_SEGMENT(.CONTINUOUS.,.T.,#991);
#374=COMPOSITE_CURVE_SEGMENT(.CONTINUOUS.,.T.,#992);
#375=COMPOSITE_CURVE_SEGMENT(.CONTINUOUS.,.T.,#993);
#376=COMPOSITE_CURVE_SEGMENT(.CONTINUOUS.,.T.,#994);
#377=COMPOSITE_CURVE_SEGMENT(.CONTINUOUS.,.T.,#995);
#378=COMPOSITE_CURVE_SEGMENT(.CONTINUOUS.,.T.,#996);
#379=COMPOSITE_CURVE_SEGMENT(.CONTINUOUS.,.T.,#997);
#380=COMPOSITE_CURVE_SEGMENT(.CONTINUOUS.,.T.,#998);
#381=COMPOSITE_CURVE_SEGMENT(.CONTINUOUS.,.T.,#999);
#383=FACE_OUTER_BOUND('',#1000,.T.);
#384=CYLINDRICAL_SURFACE('',#1001,0.4);
#385=FACE_OUTER_BOUND('',#1002,.T.);
#386=PLANE('',#1003);
#387=FACE_OUTER_BOUND('',#1004,.T.);
#388=PLANE('',#1005);
#389=FACE_OUTER_BOUND('',#1006,.T.);
#390=PLANE('',#1007);
#391=FACE_OUTER_BOUND('',#1008,.T.);
#392=FACE_BOUND('',#1009,.T.);
#393=PLANE('',#1010);
#394=FACE_OUTER_BOUND('',#1011,.T.);
#395=PLANE('',#1012);
#396=FACE_OUTER_BOUND('',#1013,.T.);
#397=CYLINDRICAL_SURFACE('',#1014,0.4);
#398=FACE_OUTER_BOUND('',#1015,.T.);
#399=FACE_BOUND('',#1016,.T.);
#400=FACE_BOUND('',#1017,.T.);
#401=FACE_BOUND('',#1018,.T.);
#402=FACE_BOUND('',#1019,.T.);
#403=FACE_BOUND('',#1020,.T.);
#404=FACE_BOUND('',#1021,.T.);
#405=FACE_BOUND('',#1022,.T.);
#406=FACE_BOUND('',#1023,.T.);
#407=PLANE('',#1024);
#408=FACE_OUTER_BOUND('',#1025,.T.);
#409=PLANE('',#1026);
#410=FACE_OUTER_BOUND('',#1027,.T.);
#411=PLANE('',#1028);
#412=FACE_OUTER_BOUND('',#1029,.T.);
#413=PLANE('',#1030);
#414=FACE_OUTER_BOUND('',#1031,.T.);
#415=PLANE('',#1032);
#416=FACE_OUTER_BOUND('',#1033,.T.);
#417=PLANE('',#1034);
#418=FACE_OUTER_BOUND('',#1035,.T.);
#419=PLANE('',#1036);
#420=FACE_OUTER_BOUND('',#1037,.T.);
#421=PLANE('',#1038);
#422=FACE_OUTER_BOUND('',#1039,.T.);
#423=PLANE('',#1040);
#424=FACE_OUTER_BOUND('',#1041,.T.);
#425=PLANE('',#1042);
#426=FACE_OUTER_BOUND('',#1043,.T.);
#427=PLANE('',#1044);
#428=FACE_OUTER_BOUND('',#1045,.T.);
#429=PLANE('',#1046);
#430=FACE_OUTER_BOUND('',#1047,.T.);
#431=PLANE('',#1048);
#432=FACE_OUTER_BOUND('',#1049,.T.);
#433=PLANE('',#1050);
#434=FACE_OUTER_BOUND('',#1051,.T.);
#435=PLANE('',#1052);
#436=FACE_OUTER_BOUND('',#1053,.T.);
#437=PLANE('',#1054);
#438=FACE_OUTER_BOUND('',#1055,.T.);
#439=FACE_BOUND('',#1056,.T.);
#440=PLANE('',#1057);
#441=FACE_OUTER_BOUND('',#1058,.T.);
#442=FACE_BOUND('',#1059,.T.);
#443=PLANE('',#1060);
#444=FACE_OUTER_BOUND('',#1061,.T.);
#445=PLANE('',#1062);
#446=FACE_OUTER_BOUND('',#1063,.T.);
#447=PLANE('',#1064);
#448=FACE_OUTER_BOUND('',#1065,.T.);
#449=PLANE('',#1066);
#450=FACE_OUTER_BOUND('',#1067,.T.);
#451=PLANE('',#1068);
#452=FACE_OUTER_BOUND('',#1069,.T.);
#453=PLANE('',#1070);
#454=FACE_OUTER_BOUND('',#1071,.T.);
#455=PLANE('',#1072);
#456=FACE_OUTER_BOUND('',#1073,.T.);
#457=PLANE('',#1074);
#458=FACE_OUTER_BOUND('',#1075,.T.);
#459=PLANE('',#1076);
#460=FACE_OUTER_BOUND('',#1077,.T.);
#461=PLANE('',#1078);
#462=FACE_OUTER_BOUND('',#1079,.T.);
#463=FACE_BOUND('',#1080,.T.);
#464=PLANE('',#1081);
#465=FACE_OUTER_BOUND('',#1082,.T.);
#466=FACE_BOUND('',#1083,.T.);
#467=PLANE('',#1084);
#468=FACE_OUTER_BOUND('',#1085,.T.);
#469=PLANE('',#1086);
#470=FACE_OUTER_BOUND('',#1087,.T.);
#471=PLANE('',#1088);
#472=FACE_OUTER_BOUND('',#1089,.T.);
#473=PLANE('',#1090);
#474=FACE_OUTER_BOUND('',#1091,.T.);
#475=FACE_BOUND('',#1092,.T.);
#476=PLANE('',#1093);
#477=FACE_OUTER_BOUND('',#1094,.T.);
#478=FACE_BOUND('',#1095,.T.);
#479=PLANE('',#1096);
#480=FACE_OUTER_BOUND('',#1097,.T.);
#481=PLANE('',#1098);
#482=FACE_OUTER_BOUND('',#1099,.T.);
#483=PLANE('',#1100);
#484=FACE_OUTER_BOUND('',#1101,.T.);
#485=PLANE('',#1102);
#486=FACE_OUTER_BOUND('',#1103,.T.);
#487=FACE_BOUND('',#1104,.T.);
#488=PLANE('',#1105);
#489=FACE_OUTER_BOUND('',#1106,.T.);
#490=FACE_BOUND('',#1107,.T.);
#491=PLANE('',#1108);
#492=FACE_OUTER_BOUND('',#1109,.T.);
#493=FACE_BOUND('',#1110,.T.);
#494=PLANE('',#1111);
#495=FACE_OUTER_BOUND('',#1112,.T.);
#496=FACE_BOUND('',#1113,.T.);
#497=PLANE('',#1114);
#498=FACE_OUTER_BOUND('',#1115,.T.);
#499=PLANE('',#1116);
#500=FACE_OUTER_BOUND('',#1117,.T.);
#501=PLANE('',#1118);
#502=FACE_OUTER_BOUND('',#1119,.T.);
#503=PLANE('',#1120);
#504=FACE_OUTER_BOUND('',#1121,.T.);
#505=PLANE('',#1122);
#506=FACE_OUTER_BOUND('',#1123,.T.);
#507=PLANE('',#1124);
#508=FACE_OUTER_BOUND('',#1125,.T.);
#509=PLANE('',#1126);
#510=FACE_OUTER_BOUND('',#1127,.T.);
#511=FACE_BOUND('',#1128,.T.);
#512=PLANE('',#1129);
#513=FACE_OUTER_BOUND('',#1130,.T.);
#514=FACE_BOUND('',#1131,.T.);
#515=PLANE('',#1132);
#516=FACE_OUTER_BOUND('',#1133,.T.);
#517=PLANE('',#1134);
#518=FACE_OUTER_BOUND('',#1135,.T.);
#519=PLANE('',#1136);
#520=FACE_OUTER_BOUND('',#1137,.T.);
#521=PLANE('',#1138);
#522=FACE_OUTER_BOUND('',#1139,.T.);
#523=PLANE('',#1140);
#524=FACE_OUTER_BOUND('',#1141,.T.);
#525=PLANE('',#1142);
#526=FACE_OUTER_BOUND('',#1143,.T.);
#527=PLANE('',#1144);
#528=FACE_OUTER_BOUND('',#1145,.T.);
#529=PLANE('',#1146);
#530=FACE_OUTER_BOUND('',#1147,.T.);
#531=PLANE('',#1148);
#532=FACE_OUTER_BOUND('',#1149,.T.);
#533=PLANE('',#1150);
#534=FACE_OUTER_BOUND('',#1151,.T.);
#535=FACE_BOUND('',#1152,.T.);
#536=PLANE('',#1153);
#537=FACE_OUTER_BOUND('',#1154,.T.);
#538=FACE_BOUND('',#1155,.T.);
#539=PLANE('',#1156);
#540=FACE_OUTER_BOUND('',#1157,.T.);
#541=PLANE('',#1158);
#542=FACE_OUTER_BOUND('',#1159,.T.);
#543=PLANE('',#1160);
#544=FACE_OUTER_BOUND('',#1161,.T.);
#545=PLANE('',#1162);
#546=FACE_OUTER_BOUND('',#1163,.T.);
#547=PLANE('',#1164);
#548=FACE_OUTER_BOUND('',#1165,.T.);
#549=PLANE('',#1166);
#550=FACE_OUTER_BOUND('',#1167,.T.);
#551=PLANE('',#1168);
#552=FACE_OUTER_BOUND('',#1169,.T.);
#553=PLANE('',#1170);
#554=FACE_OUTER_BOUND('',#1171,.T.);
#555=PLANE('',#1172);
#556=FACE_OUTER_BOUND('',#1173,.T.);
#557=PLANE('',#1174);
#558=FACE_OUTER_BOUND('',#1175,.T.);
#559=PLANE('',#1176);
#560=FACE_OUTER_BOUND('',#1177,.T.);
#561=PLANE('',#1178);
#562=FACE_OUTER_BOUND('',#1179,.T.);
#563=PLANE('',#1180);
#564=FACE_OUTER_BOUND('',#1181,.T.);
#565=PLANE('',#1182);
#566=FACE_OUTER_BOUND('',#1183,.T.);
#567=PLANE('',#1184);
#568=FACE_OUTER_BOUND('',#1185,.T.);
#569=PLANE('',#1186);
#570=FACE_OUTER_BOUND('',#1187,.T.);
#571=PLANE('',#1188);
#572=FACE_OUTER_BOUND('',#1189,.T.);
#573=PLANE('',#1190);
#574=FACE_OUTER_BOUND('',#1191,.T.);
#575=PLANE('',#1192);
#576=FACE_OUTER_BOUND('',#1193,.T.);
#577=PLANE('',#1194);
#578=FACE_OUTER_BOUND('',#1195,.T.);
#579=PLANE('',#1196);
#580=FACE_OUTER_BOUND('',#1197,.T.);
#581=PLANE('',#1198);
#582=FACE_OUTER_BOUND('',#1199,.T.);
#583=PLANE('',#1200);
#584=FACE_OUTER_BOUND('',#1201,.T.);
#585=PLANE('',#1202);
#586=FACE_OUTER_BOUND('',#1203,.T.);
#587=PLANE('',#1204);
#588=FACE_OUTER_BOUND('',#1205,.T.);
#589=PLANE('',#1206);
#590=FACE_OUTER_BOUND('',#1207,.T.);
#591=PLANE('',#1208);
#592=FACE_OUTER_BOUND('',#1209,.T.);
#593=PLANE('',#1210);
#594=FACE_OUTER_BOUND('',#1211,.T.);
#595=PLANE('',#1212);
#596=FACE_OUTER_BOUND('',#1213,.T.);
#597=PLANE('',#1214);
#598=FACE_OUTER_BOUND('',#1215,.T.);
#599=PLANE('',#1216);
#600=FACE_OUTER_BOUND('',#1217,.T.);
#601=PLANE('',#1218);
#602=FACE_OUTER_BOUND('',#1219,.T.);
#603=PLANE('',#1220);
#604=FACE_OUTER_BOUND('',#1221,.T.);
#605=PLANE('',#1222);
#606=FACE_OUTER_BOUND('',#1223,.T.);
#607=PLANE('',#1224);
#608=FACE_OUTER_BOUND('',#1225,.T.);
#609=PLANE('',#1226);
#610=FACE_OUTER_BOUND('',#1227,.T.);
#611=PLANE('',#1228);
#612=FACE_OUTER_BOUND('',#1229,.T.);
#613=PLANE('',#1230);
#614=FACE_OUTER_BOUND('',#1231,.T.);
#615=PLANE('',#1232);
#616=FACE_OUTER_BOUND('',#1233,.T.);
#617=PLANE('',#1234);
#618=FACE_OUTER_BOUND('',#1235,.T.);
#619=PLANE('',#1236);
#620=FACE_OUTER_BOUND('',#1237,.T.);
#621=PLANE('',#1238);
#622=FACE_OUTER_BOUND('',#1239,.T.);
#623=PLANE('',#1240);
#624=FACE_OUTER_BOUND('',#1241,.T.);
#625=PLANE('',#1242);
#626=FACE_OUTER_BOUND('',#1243,.T.);
#627=FACE_BOUND('',#1244,.T.);
#628=PLANE('',#1245);
#629=FACE_OUTER_BOUND('',#1246,.T.);
#630=FACE_BOUND('',#1247,.T.);
#631=PLANE('',#1248);
#632=FACE_OUTER_BOUND('',#1249,.T.);
#633=PLANE('',#1250);
#634=FACE_OUTER_BOUND('',#1251,.T.);
#635=PLANE('',#1252);
#636=FACE_OUTER_BOUND('',#1253,.T.);
#637=PLANE('',#1254);
#638=FACE_OUTER_BOUND('',#1255,.T.);
#639=PLANE('',#1256);
#640=FACE_OUTER_BOUND('',#1257,.T.);
#641=PLANE('',#1258);
#642=FACE_OUTER_BOUND('',#1259,.T.);
#643=PLANE('',#1260);
#644=FACE_OUTER_BOUND('',#1261,.T.);
#645=PLANE('',#1262);
#646=FACE_OUTER_BOUND('',#1263,.T.);
#647=PLANE('',#1264);
#648=FACE_OUTER_BOUND('',#1265,.T.);
#649=PLANE('',#1266);
#650=FACE_OUTER_BOUND('',#1267,.T.);
#651=PLANE('',#1268);
#652=FACE_OUTER_BOUND('',#1269,.T.);
#653=PLANE('',#1270);
#654=FACE_OUTER_BOUND('',#1271,.T.);
#655=PLANE('',#1272);
#656=FACE_OUTER_BOUND('',#1273,.T.);
#657=PLANE('',#1274);
#658=FACE_OUTER_BOUND('',#1275,.T.);
#659=PLANE('',#1276);
#660=FACE_OUTER_BOUND('',#1277,.T.);
#661=PLANE('',#1278);
#662=FACE_OUTER_BOUND('',#1279,.T.);
#663=PLANE('',#1280);
#664=FACE_OUTER_BOUND('',#1281,.T.);
#665=PLANE('',#1282);
#666=FACE_OUTER_BOUND('',#1283,.T.);
#667=PLANE('',#1284);
#668=FACE_OUTER_BOUND('',#1285,.T.);
#669=PLANE('',#1286);
#670=FACE_OUTER_BOUND('',#1287,.T.);
#671=PLANE('',#1288);
#672=FACE_OUTER_BOUND('',#1289,.T.);
#673=PLANE('',#1290);
#674=FACE_OUTER_BOUND('',#1291,.T.);
#675=PLANE('',#1292);
#676=FACE_OUTER_BOUND('',#1293,.T.);
#677=PLANE('',#1294);
#678=FACE_OUTER_BOUND('',#1295,.T.);
#679=PLANE('',#1296);
#680=FACE_OUTER_BOUND('',#1297,.T.);
#681=PLANE('',#1298);
#682=FACE_OUTER_BOUND('',#1299,.T.);
#683=PLANE('',#1300);
#684=FACE_OUTER_BOUND('',#1301,.T.);
#685=PLANE('',#1302);
#686=FACE_OUTER_BOUND('',#1303,.T.);
#687=PLANE('',#1304);
#688=FACE_OUTER_BOUND('',#1305,.T.);
#689=PLANE('',#1306);
#690=FACE_OUTER_BOUND('',#1307,.T.);
#691=PLANE('',#1308);
#692=FACE_OUTER_BOUND('',#1309,.T.);
#693=PLANE('',#1310);
#694=FACE_OUTER_BOUND('',#1311,.T.);
#695=PLANE('',#1312);
#696=FACE_OUTER_BOUND('',#1313,.T.);
#697=PLANE('',#1314);
#698=FACE_OUTER_BOUND('',#1315,.T.);
#699=PLANE('',#1316);
#700=FACE_OUTER_BOUND('',#1317,.T.);
#701=PLANE('',#1318);
#702=FACE_OUTER_BOUND('',#1319,.T.);
#703=PLANE('',#1320);
#704=FACE_OUTER_BOUND('',#1321,.T.);
#705=PLANE('',#1322);
#706=FACE_OUTER_BOUND('',#1323,.T.);
#707=PLANE('',#1324);
#708=FACE_OUTER_BOUND('',#1325,.T.);
#709=PLANE('',#1326);
#710=FACE_OUTER_BOUND('',#1327,.T.);
#711=PLANE('',#1328);
#712=FACE_OUTER_BOUND('',#1329,.T.);
#713=PLANE('',#1330);
#714=FACE_OUTER_BOUND('',#1331,.T.);
#715=PLANE('',#1332);
#716=FACE_OUTER_BOUND('',#1333,.T.);
#717=PLANE('',#1334);
#718=FACE_OUTER_BOUND('',#1335,.T.);
#719=PLANE('',#1336);
#720=FACE_OUTER_BOUND('',#1337,.T.);
#721=PLANE('',#1338);
#722=FACE_OUTER_BOUND('',#1339,.T.);
#723=PLANE('',#1340);
#724=FACE_OUTER_BOUND('',#1341,.T.);
#725=PLANE('',#1342);
#726=FACE_OUTER_BOUND('',#1343,.T.);
#727=PLANE('',#1344);
#728=FACE_OUTER_BOUND('',#1345,.T.);
#729=PLANE('',#1346);
#730=FACE_OUTER_BOUND('',#1347,.T.);
#731=PLANE('',#1348);
#732=FACE_OUTER_BOUND('',#1349,.T.);
#733=PLANE('',#1350);
#734=FACE_OUTER_BOUND('',#1351,.T.);
#735=PLANE('',#1352);
#736=FACE_OUTER_BOUND('',#1353,.T.);
#737=PLANE('',#1354);
#738=FACE_OUTER_BOUND('',#1355,.T.);
#739=PLANE('',#1356);
#740=FACE_OUTER_BOUND('',#1357,.T.);
#741=PLANE('',#1358);
#742=FACE_OUTER_BOUND('',#1359,.T.);
#743=PLANE('',#1360);
#744=FACE_OUTER_BOUND('',#1361,.T.);
#745=PLANE('',#1362);
#746=FACE_OUTER_BOUND('',#1363,.T.);
#747=PLANE('',#1364);
#748=FACE_OUTER_BOUND('',#1365,.T.);
#749=PLANE('',#1366);
#750=FACE_OUTER_BOUND('',#1367,.T.);
#751=PLANE('',#1368);
#752=FACE_OUTER_BOUND('',#1369,.T.);
#753=PLANE('',#1370);
#754=FACE_OUTER_BOUND('',#1371,.T.);
#755=PLANE('',#1372);
#756=FACE_OUTER_BOUND('',#1373,.T.);
#757=PLANE('',#1374);
#758=FACE_OUTER_BOUND('',#1375,.T.);
#759=PLANE('',#1376);
#760=FACE_OUTER_BOUND('',#1377,.T.);
#761=PLANE('',#1378);
#762=FACE_OUTER_BOUND('',#1379,.T.);
#763=PLANE('',#1380);
#764=FACE_OUTER_BOUND('',#1381,.T.);
#765=PLANE('',#1382);
#766=FACE_OUTER_BOUND('',#1383,.T.);
#767=PLANE('',#1384);
#768=FACE_OUTER_BOUND('',#1385,.T.);
#769=PLANE('',#1386);
#770=FACE_OUTER_BOUND('',#1387,.T.);
#771=PLANE('',#1388);
#772=FACE_OUTER_BOUND('',#1389,.T.);
#773=PLANE('',#1390);
#774=FACE_OUTER_BOUND('',#1391,.T.);
#775=PLANE('',#1392);
#776=FACE_OUTER_BOUND('',#1393,.T.);
#777=PLANE('',#1394);
#778=FACE_OUTER_BOUND('',#1395,.T.);
#779=PLANE('',#1396);
#780=FACE_OUTER_BOUND('',#1397,.T.);
#781=PLANE('',#1398);
#782=FACE_OUTER_BOUND('',#1399,.T.);
#783=PLANE('',#1400);
#784=FACE_OUTER_BOUND('',#1401,.T.);
#785=PLANE('',#1402);
#786=FACE_OUTER_BOUND('',#1403,.T.);
#787=PLANE('',#1404);
#788=FACE_OUTER_BOUND('',#1405,.T.);
#789=PLANE('',#1406);
#790=FACE_OUTER_BOUND('',#1407,.T.);
#791=PLANE('',#1408);
#792=FACE_OUTER_BOUND('',#1409,.T.);
#793=PLANE('',#1410);
#794=FACE_OUTER_BOUND('',#1411,.T.);
#795=PLANE('',#1412);
#796=FACE_OUTER_BOUND('',#1413,.T.);
#797=PLANE('',#1414);
#798=FACE_OUTER_BOUND('',#1415,.T.);
#799=PLANE('',#1416);
#800=FACE_OUTER_BOUND('',#1417,.T.);
#801=PLANE('',#1418);
#802=FACE_OUTER_BOUND('',#1419,.T.);
#803=PLANE('',#1420);
#804=FACE_OUTER_BOUND('',#1421,.T.);
#805=PLANE('',#1422);
#806=FACE_OUTER_BOUND('',#1423,.T.);
#807=PLANE('',#1424);
#808=FACE_OUTER_BOUND('',#1425,.T.);
#809=PLANE('',#1426);
#810=FACE_OUTER_BOUND('',#1427,.T.);
#811=PLANE('',#1428);
#812=FACE_OUTER_BOUND('',#1429,.T.);
#813=PLANE('',#1430);
#814=FACE_OUTER_BOUND('',#1431,.T.);
#815=PLANE('',#1432);
#816=FACE_OUTER_BOUND('',#1433,.T.);
#817=PLANE('',#1434);
#818=FACE_OUTER_BOUND('',#1435,.T.);
#819=PLANE('',#1436);
#820=FACE_OUTER_BOUND('',#1437,.T.);
#821=PLANE('',#1438);
#822=FACE_OUTER_BOUND('',#1439,.T.);
#823=PLANE('',#1440);
#824=FACE_OUTER_BOUND('',#1441,.T.);
#825=PLANE('',#1442);
#826=FACE_OUTER_BOUND('',#1443,.T.);
#827=PLANE('',#1444);
#828=FACE_OUTER_BOUND('',#1445,.T.);
#829=PLANE('',#1446);
#830=FACE_OUTER_BOUND('',#1447,.T.);
#831=PLANE('',#1448);
#832=FACE_OUTER_BOUND('',#1449,.T.);
#833=PLANE('',#1450);
#834=FACE_OUTER_BOUND('',#1451,.T.);
#835=PLANE('',#1452);
#836=FACE_OUTER_BOUND('',#1453,.T.);
#837=PLANE('',#1454);
#838=FACE_OUTER_BOUND('',#1455,.T.);
#839=PLANE('',#1456);
#840=FACE_OUTER_BOUND('',#1457,.T.);
#841=PLANE('',#1458);
#842=FACE_OUTER_BOUND('',#1459,.T.);
#843=PLANE('',#1460);
#844=FACE_OUTER_BOUND('',#1461,.T.);
#845=PLANE('',#1462);
#846=FACE_OUTER_BOUND('',#1463,.T.);
#847=PLANE('',#1464);
#848=FACE_OUTER_BOUND('',#1465,.T.);
#849=PLANE('',#1466);
#850=FACE_OUTER_BOUND('',#1467,.T.);
#851=PLANE('',#1468);
#852=FACE_OUTER_BOUND('',#1469,.T.);
#853=PLANE('',#1470);
#854=FACE_OUTER_BOUND('',#1471,.T.);
#855=PLANE('',#1472);
#856=FACE_OUTER_BOUND('',#1473,.T.);
#857=PLANE('',#1474);
#858=FACE_OUTER_BOUND('',#1475,.T.);
#859=PLANE('',#1476);
#860=FACE_OUTER_BOUND('',#1477,.T.);
#861=PLANE('',#1478);
#862=FACE_OUTER_BOUND('',#1479,.T.);
#863=PLANE('',#1480);
#864=FACE_OUTER_BOUND('',#1481,.T.);
#865=PLANE('',#1482);
#866=FACE_OUTER_BOUND('',#1483,.T.);
#867=PLANE('',#1484);
#868=FACE_OUTER_BOUND('',#1485,.T.);
#869=PLANE('',#1486);
#870=FACE_OUTER_BOUND('',#1487,.T.);
#871=PLANE('',#1488);
#872=FACE_OUTER_BOUND('',#1489,.T.);
#873=PLANE('',#1490);
#874=FACE_OUTER_BOUND('',#1491,.T.);
#875=PLANE('',#1492);
#876=FACE_OUTER_BOUND('',#1493,.T.);
#877=PLANE('',#1494);
#878=FACE_OUTER_BOUND('',#1495,.T.);
#879=PLANE('',#1496);
#880=FACE_OUTER_BOUND('',#1497,.T.);
#881=PLANE('',#1498);
#882=FACE_OUTER_BOUND('',#1499,.T.);
#883=PLANE('',#1500);
#884=FACE_OUTER_BOUND('',#1501,.T.);
#885=PLANE('',#1502);
#886=FACE_OUTER_BOUND('',#1503,.T.);
#887=PLANE('',#1504);
#888=FACE_OUTER_BOUND('',#1505,.T.);
#889=PLANE('',#1506);
#890=FACE_OUTER_BOUND('',#1507,.T.);
#891=PLANE('',#1508);
#892=FACE_OUTER_BOUND('',#1509,.T.);
#893=PLANE('',#1510);
#894=FACE_OUTER_BOUND('',#1511,.T.);
#895=PLANE('',#1512);
#896=FACE_OUTER_BOUND('',#1513,.T.);
#897=PLANE('',#1514);
#898=FACE_OUTER_BOUND('',#1515,.T.);
#899=PLANE('',#1516);
#900=FACE_OUTER_BOUND('',#1517,.T.);
#901=PLANE('',#1518);
#902=FACE_OUTER_BOUND('',#1519,.T.);
#903=PLANE('',#1520);
#904=FACE_OUTER_BOUND('',#1521,.T.);
#905=CYLINDRICAL_SURFACE('',#1522,0.6);
#906=FACE_OUTER_BOUND('',#1523,.T.);
#907=PLANE('',#1524);
#908=FACE_OUTER_BOUND('',#1525,.T.);
#909=PLANE('',#1526);
#910=FACE_OUTER_BOUND('',#1527,.T.);
#911=PLANE('',#1528);
#912=FACE_OUTER_BOUND('',#1529,.T.);
#913=CONICAL_SURFACE('',#1530,1.738936325,0.294234565111162);
#914=FACE_OUTER_BOUND('',#1531,.T.);
#915=CYLINDRICAL_SURFACE('',#1532,1.888936325);
#916=FACE_OUTER_BOUND('',#1533,.T.);
#917=PLANE('',#1534);
#918=FACE_OUTER_BOUND('',#1535,.T.);
#919=PLANE('',#1536);
#920=FACE_OUTER_BOUND('',#1537,.T.);
#921=CYLINDRICAL_SURFACE('',#1538,1.588936325);
#922=FACE_OUTER_BOUND('',#1539,.T.);
#923=CYLINDRICAL_SURFACE('',#1540,1.588936325);
#924=FACE_OUTER_BOUND('',#1541,.T.);
#925=CYLINDRICAL_SURFACE('',#1542,0.3850051722757);
#926=FACE_OUTER_BOUND('',#1543,.T.);
#927=PLANE('',#1544);
#928=FACE_OUTER_BOUND('',#1545,.T.);
#929=PLANE('',#1546);
#930=FACE_OUTER_BOUND('',#1547,.T.);
#931=CYLINDRICAL_SURFACE('',#1548,0.3850051722757);
#932=FACE_OUTER_BOUND('',#1549,.T.);
#933=CYLINDRICAL_SURFACE('',#1550,0.3850051722757);
#934=FACE_OUTER_BOUND('',#1551,.T.);
#935=CYLINDRICAL_SURFACE('',#1552,1.588936325);
#936=FACE_OUTER_BOUND('',#1553,.T.);
#937=CYLINDRICAL_SURFACE('',#1554,1.588936325);
#938=FACE_OUTER_BOUND('',#1555,.T.);
#939=CYLINDRICAL_SURFACE('',#1556,0.3850051722757);
#940=FACE_OUTER_BOUND('',#1557,.T.);
#941=PLANE('',#1558);
#942=FACE_OUTER_BOUND('',#1559,.T.);
#943=CYLINDRICAL_SURFACE('',#1560,0.6);
#944=FACE_OUTER_BOUND('',#1561,.T.);
#945=PLANE('',#1562);
#946=FACE_OUTER_BOUND('',#1563,.T.);
#947=PLANE('',#1564);
#948=FACE_OUTER_BOUND('',#1565,.T.);
#949=PLANE('',#1566);
#950=FACE_OUTER_BOUND('',#1567,.T.);
#951=PLANE('',#1568);
#952=FACE_OUTER_BOUND('',#1569,.T.);
#953=PLANE('',#1570);
#954=FACE_OUTER_BOUND('',#1571,.T.);
#955=PLANE('',#1572);
#956=FACE_OUTER_BOUND('',#1573,.T.);
#957=CONICAL_SURFACE('',#1574,1.738936325,0.294234565111162);
#958=FACE_OUTER_BOUND('',#1575,.T.);
#959=CYLINDRICAL_SURFACE('',#1576,1.888936325);
#960=FACE_OUTER_BOUND('',#1577,.T.);
#961=PLANE('',#1578);
#962=FACE_OUTER_BOUND('',#1579,.T.);
#963=PLANE('',#1580);
#964=FACE_OUTER_BOUND('',#1581,.T.);
#965=CYLINDRICAL_SURFACE('',#1582,1.888936325);
#966=FACE_OUTER_BOUND('',#1583,.T.);
#967=CONICAL_SURFACE('',#1584,1.738936325,0.294234565111162);
#968=FACE_OUTER_BOUND('',#1585,.T.);
#969=PLANE('',#1586);
#970=FACE_OUTER_BOUND('',#1587,.T.);
#971=CYLINDRICAL_SURFACE('',#1588,1.888936325);
#972=FACE_OUTER_BOUND('',#1589,.T.);
#973=CONICAL_SURFACE('',#1590,1.738936325,0.294234565111162);
#974=FACE_OUTER_BOUND('',#1591,.T.);
#975=PLANE('',#1592);
#976=FACE_OUTER_BOUND('',#1593,.T.);
#977=PLANE('',#1594);
#978=TRIMMED_CURVE('',#1595,(PARAMETER_VALUE(0.0)),(PARAMETER_VALUE(3.1415926535892)),.T.,.UNSPECIFIED.);
#979=TRIMMED_CURVE('',#1596,(PARAMETER_VALUE(0.0)),(PARAMETER_VALUE(3.1415926535892)),.T.,.UNSPECIFIED.);
#980=TRIMMED_CURVE('',#1597,(PARAMETER_VALUE(0.0)),(PARAMETER_VALUE(3.1415926535892)),.T.,.UNSPECIFIED.);
#981=TRIMMED_CURVE('',#1598,(PARAMETER_VALUE(0.0)),(PARAMETER_VALUE(3.1415926535892)),.T.,.UNSPECIFIED.);
#982=TRIMMED_CURVE('',#1599,(PARAMETER_VALUE(0.0)),(PARAMETER_VALUE(3.1415926535892)),.T.,.UNSPECIFIED.);
#983=TRIMMED_CURVE('',#1600,(PARAMETER_VALUE(0.0)),(PARAMETER_VALUE(3.1415926535892)),.T.,.UNSPECIFIED.);
#984=TRIMMED_CURVE('',#1601,(PARAMETER_VALUE(0.0)),(PARAMETER_VALUE(3.1415926535892)),.T.,.UNSPECIFIED.);
#985=TRIMMED_CURVE('',#1602,(PARAMETER_VALUE(0.0)),(PARAMETER_VALUE(3.1415926535892)),.T.,.UNSPECIFIED.);
#986=TRIMMED_CURVE('',#1603,(PARAMETER_VALUE(0.0)),(PARAMETER_VALUE(3.1415926535892)),.T.,.UNSPECIFIED.);
#987=TRIMMED_CURVE('',#1604,(PARAMETER_VALUE(0.0)),(PARAMETER_VALUE(3.1415926535892)),.T.,.UNSPECIFIED.);
#988=TRIMMED_CURVE('',#1605,(PARAMETER_VALUE(0.0)),(PARAMETER_VALUE(3.1415926535892)),.T.,.UNSPECIFIED.);
#989=TRIMMED_CURVE('',#1606,(PARAMETER_VALUE(0.0)),(PARAMETER_VALUE(3.1415926535892)),.T.,.UNSPECIFIED.);
#990=TRIMMED_CURVE('',#1607,(PARAMETER_VALUE(0.0)),(PARAMETER_VALUE(3.1415926535892)),.T.,.UNSPECIFIED.);
#991=TRIMMED_CURVE('',#1608,(PARAMETER_VALUE(0.0)),(PARAMETER_VALUE(3.1415926535892)),.T.,.UNSPECIFIED.);
#992=TRIMMED_CURVE('',#1609,(PARAMETER_VALUE(0.0)),(PARAMETER_VALUE(3.1415926535892)),.T.,.UNSPECIFIED.);
#993=TRIMMED_CURVE('',#1610,(PARAMETER_VALUE(0.0)),(PARAMETER_VALUE(3.1415926535892)),.T.,.UNSPECIFIED.);
#994=TRIMMED_CURVE('',#1611,(PARAMETER_VALUE(0.0)),(PARAMETER_VALUE(3.1415926535892)),.T.,.UNSPECIFIED.);
#995=TRIMMED_CURVE('',#1612,(PARAMETER_VALUE(0.0)),(PARAMETER_VALUE(3.1415926535892)),.T.,.UNSPECIFIED.);
#996=TRIMMED_CURVE('',#1613,(PARAMETER_VALUE(0.0)),(PARAMETER_VALUE(3.1415926535892)),.T.,.UNSPECIFIED.);
#997=TRIMMED_CURVE('',#1614,(PARAMETER_VALUE(0.0)),(PARAMETER_VALUE(3.1415926535892)),.T.,.UNSPECIFIED.);
#998=TRIMMED_CURVE('A_4',#1615,(PARAMETER_VALUE(0.0)),(PARAMETER_VALUE(1.0)),.T.,.UNSPECIFIED.);
#999=TRIMMED_CURVE('A_5',#1616,(PARAMETER_VALUE(0.0)),(PARAMETER_VALUE(1.0)),.T.,.UNSPECIFIED.);
#1000=EDGE_LOOP('',(#1617,#1618,#1619,#1620));
#1001=AXIS2_PLACEMENT_3D('',#1621,#1622,#1623);
#1002=EDGE_LOOP('',(#1624,#1625,#1626,#1627,#1628,#1629,#1630,#1631,#1632,#1633,#1634,#1635,#1636,#1637,#1638,#1639));
#1003=AXIS2_PLACEMENT_3D('',#1640,#1641,#1642);
#1004=EDGE_LOOP('',(#1643,#1644,#1645,#1646,#1647,#1648,#1649,#1650,#1651,#1652,#1653));
#1005=AXIS2_PLACEMENT_3D('',#1654,#1655,#1656);
#1006=EDGE_LOOP('',(#1657,#1658,#1659,#1660,#1661,#1662,#1663,#1664));
#1007=AXIS2_PLACEMENT_3D('',#1665,#1666,#1667);
#1008=EDGE_LOOP('',(#1668,#1669,#1670,#1671,#1672,#1673));
#1009=EDGE_LOOP('',(#1674,#1675,#1676,#1677));
#1010=AXIS2_PLACEMENT_3D('',#1678,#1679,#1680);
#1011=EDGE_LOOP('',(#1681,#1682,#1683,#1684,#1685,#1686));
#1012=AXIS2_PLACEMENT_3D('',#1687,#1688,#1689);
#1013=EDGE_LOOP('',(#1690,#1691,#1692,#1693));
#1014=AXIS2_PLACEMENT_3D('',#1694,#1695,#1696);
#1015=EDGE_LOOP('',(#1697,#1698,#1699,#1700,#1701,#1702,#1703,#1704,#1705,#1706,#1707,#1708,#1709));
#1016=EDGE_LOOP('',(#1710,#1711,#1712,#1713));
#1017=EDGE_LOOP('',(#1714,#1715,#1716,#1717,#1718,#1719));
#1018=EDGE_LOOP('',(#1720,#1721,#1722,#1723));
#1019=EDGE_LOOP('',(#1724,#1725,#1726,#1727,#1728,#1729));
#1020=EDGE_LOOP('',(#1730,#1731,#1732,#1733));
#1021=EDGE_LOOP('',(#1734,#1735,#1736,#1737,#1738,#1739));
#1022=EDGE_LOOP('',(#1740,#1741,#1742,#1743,#1744,#1745));
#1023=EDGE_LOOP('',(#1746,#1747,#1748,#1749));
#1024=AXIS2_PLACEMENT_3D('',#1750,#1751,#1752);
#1025=EDGE_LOOP('',(#1753,#1754,#1755,#1756));
#1026=AXIS2_PLACEMENT_3D('',#1757,#1758,#1759);
#1027=EDGE_LOOP('',(#1760,#1761,#1762,#1763));
#1028=AXIS2_PLACEMENT_3D('',#1764,#1765,#1766);
#1029=EDGE_LOOP('',(#1767,#1768,#1769,#1770,#1771,#1772,#1773,#1774,#1775,#1776,#1777,#1778,#1779,#1780,#1781,#1782,#1783,#1784,#1785,#1786,#1787,#1788,#1789,#1790));
#1030=AXIS2_PLACEMENT_3D('',#1791,#1792,#1793);
#1031=EDGE_LOOP('',(#1794,#1795,#1796,#1797));
#1032=AXIS2_PLACEMENT_3D('',#1798,#1799,#1800);
#1033=EDGE_LOOP('',(#1801,#1802,#1803,#1804));
#1034=AXIS2_PLACEMENT_3D('',#1805,#1806,#1807);
#1035=EDGE_LOOP('',(#1808,#1809,#1810,#1811));
#1036=AXIS2_PLACEMENT_3D('',#1812,#1813,#1814);
#1037=EDGE_LOOP('',(#1815,#1816,#1817,#1818));
#1038=AXIS2_PLACEMENT_3D('',#1819,#1820,#1821);
#1039=EDGE_LOOP('',(#1822,#1823,#1824,#1825));
#1040=AXIS2_PLACEMENT_3D('',#1826,#1827,#1828);
#1041=EDGE_LOOP('',(#1829,#1830,#1831,#1832));
#1042=AXIS2_PLACEMENT_3D('',#1833,#1834,#1835);
#1043=EDGE_LOOP('',(#1836,#1837,#1838,#1839));
#1044=AXIS2_PLACEMENT_3D('',#1840,#1841,#1842);
#1045=EDGE_LOOP('',(#1843,#1844,#1845,#1846));
#1046=AXIS2_PLACEMENT_3D('',#1847,#1848,#1849);
#1047=EDGE_LOOP('',(#1850,#1851,#1852,#1853));
#1048=AXIS2_PLACEMENT_3D('',#1854,#1855,#1856);
#1049=EDGE_LOOP('',(#1857,#1858,#1859,#1860));
#1050=AXIS2_PLACEMENT_3D('',#1861,#1862,#1863);
#1051=EDGE_LOOP('',(#1864,#1865,#1866,#1867));
#1052=AXIS2_PLACEMENT_3D('',#1868,#1869,#1870);
#1053=EDGE_LOOP('',(#1871,#1872,#1873,#1874,#1875,#1876,#1877,#1878,#1879,#1880,#1881,#1882,#1883,#1884,#1885,#1886,#1887,#1888,#1889,#1890,#1891,#1892,#1893,#1894,#1895,#1896,#1897,#1898,#1899,#1900,#1901,#1902));
#1054=AXIS2_PLACEMENT_3D('',#1903,#1904,#1905);
#1055=EDGE_LOOP('',(#1906,#1907,#1908,#1909,#1910,#1911,#1912,#1913));
#1056=EDGE_LOOP('',(#1914,#1915,#1916,#1917));
#1057=AXIS2_PLACEMENT_3D('',#1918,#1919,#1920);
#1058=EDGE_LOOP('',(#1921,#1922,#1923,#1924,#1925,#1926,#1927,#1928));
#1059=EDGE_LOOP('',(#1929,#1930,#1931,#1932));
#1060=AXIS2_PLACEMENT_3D('',#1933,#1934,#1935);
#1061=EDGE_LOOP('',(#1936,#1937,#1938,#1939));
#1062=AXIS2_PLACEMENT_3D('',#1940,#1941,#1942);
#1063=EDGE_LOOP('',(#1943,#1944,#1945,#1946,#1947,#1948));
#1064=AXIS2_PLACEMENT_3D('',#1949,#1950,#1951);
#1065=EDGE_LOOP('',(#1952,#1953,#1954,#1955,#1956,#1957));
#1066=AXIS2_PLACEMENT_3D('',#1958,#1959,#1960);
#1067=EDGE_LOOP('',(#1961,#1962,#1963,#1964,#1965,#1966,#1967,#1968,#1969,#1970,#1971,#1972));
#1068=AXIS2_PLACEMENT_3D('',#1973,#1974,#1975);
#1069=EDGE_LOOP('',(#1976,#1977,#1978,#1979,#1980,#1981,#1982,#1983,#1984,#1985,#1986,#1987));
#1070=AXIS2_PLACEMENT_3D('',#1988,#1989,#1990);
#1071=EDGE_LOOP('',(#1991,#1992,#1993,#1994,#1995,#1996,#1997,#1998,#1999,#2000,#2001,#2002));
#1072=AXIS2_PLACEMENT_3D('',#2003,#2004,#2005);
#1073=EDGE_LOOP('',(#2006,#2007,#2008,#2009));
#1074=AXIS2_PLACEMENT_3D('',#2010,#2011,#2012);
#1075=EDGE_LOOP('',(#2013,#2014,#2015,#2016,#2017,#2018,#2019,#2020,#2021,#2022,#2023,#2024,#2025,#2026,#2027,#2028,#2029,#2030,#2031,#2032));
#1076=AXIS2_PLACEMENT_3D('',#2033,#2034,#2035);
#1077=EDGE_LOOP('',(#2036,#2037,#2038,#2039));
#1078=AXIS2_PLACEMENT_3D('',#2040,#2041,#2042);
#1079=EDGE_LOOP('',(#2043,#2044,#2045,#2046,#2047,#2048,#2049,#2050));
#1080=EDGE_LOOP('',(#2051,#2052,#2053,#2054));
#1081=AXIS2_PLACEMENT_3D('',#2055,#2056,#2057);
#1082=EDGE_LOOP('',(#2058,#2059,#2060,#2061,#2062,#2063,#2064,#2065));
#1083=EDGE_LOOP('',(#2066,#2067,#2068,#2069));
#1084=AXIS2_PLACEMENT_3D('',#2070,#2071,#2072);
#1085=EDGE_LOOP('',(#2073,#2074,#2075,#2076));
#1086=AXIS2_PLACEMENT_3D('',#2077,#2078,#2079);
#1087=EDGE_LOOP('',(#2080,#2081,#2082,#2083));
#1088=AXIS2_PLACEMENT_3D('',#2084,#2085,#2086);
#1089=EDGE_LOOP('',(#2087,#2088,#2089,#2090));
#1090=AXIS2_PLACEMENT_3D('',#2091,#2092,#2093);
#1091=EDGE_LOOP('',(#2094,#2095,#2096,#2097,#2098,#2099,#2100,#2101));
#1092=EDGE_LOOP('',(#2102,#2103,#2104,#2105));
#1093=AXIS2_PLACEMENT_3D('',#2106,#2107,#2108);
#1094=EDGE_LOOP('',(#2109,#2110,#2111,#2112,#2113,#2114,#2115,#2116));
#1095=EDGE_LOOP('',(#2117,#2118,#2119,#2120));
#1096=AXIS2_PLACEMENT_3D('',#2121,#2122,#2123);
#1097=EDGE_LOOP('',(#2124,#2125,#2126,#2127,#2128,#2129,#2130,#2131));
#1098=AXIS2_PLACEMENT_3D('',#2132,#2133,#2134);
#1099=EDGE_LOOP('',(#2135,#2136,#2137,#2138));
#1100=AXIS2_PLACEMENT_3D('',#2139,#2140,#2141);
#1101=EDGE_LOOP('',(#2142,#2143,#2144,#2145,#2146,#2147,#2148,#2149));
#1102=AXIS2_PLACEMENT_3D('',#2150,#2151,#2152);
#1103=EDGE_LOOP('',(#2153,#2154,#2155,#2156,#2157,#2158,#2159,#2160,#2161,#2162));
#1104=EDGE_LOOP('',(#2163,#2164,#2165,#2166));
#1105=AXIS2_PLACEMENT_3D('',#2167,#2168,#2169);
#1106=EDGE_LOOP('',(#2170,#2171,#2172,#2173,#2174,#2175,#2176,#2177,#2178,#2179));
#1107=EDGE_LOOP('',(#2180,#2181,#2182,#2183));
#1108=AXIS2_PLACEMENT_3D('',#2184,#2185,#2186);
#1109=EDGE_LOOP('',(#2187,#2188,#2189,#2190,#2191,#2192,#2193,#2194,#2195,#2196,#2197,#2198));
#1110=EDGE_LOOP('',(#2199,#2200,#2201,#2202));
#1111=AXIS2_PLACEMENT_3D('',#2203,#2204,#2205);
#1112=EDGE_LOOP('',(#2206,#2207,#2208,#2209,#2210,#2211,#2212,#2213,#2214,#2215,#2216,#2217));
#1113=EDGE_LOOP('',(#2218,#2219,#2220,#2221));
#1114=AXIS2_PLACEMENT_3D('',#2222,#2223,#2224);
#1115=EDGE_LOOP('',(#2225,#2226,#2227,#2228,#2229,#2230,#2231,#2232));
#1116=AXIS2_PLACEMENT_3D('',#2233,#2234,#2235);
#1117=EDGE_LOOP('',(#2236,#2237,#2238,#2239));
#1118=AXIS2_PLACEMENT_3D('',#2240,#2241,#2242);
#1119=EDGE_LOOP('',(#2243,#2244,#2245,#2246,#2247,#2248,#2249,#2250));
#1120=AXIS2_PLACEMENT_3D('',#2251,#2252,#2253);
#1121=EDGE_LOOP('',(#2254,#2255,#2256,#2257,#2258));
#1122=AXIS2_PLACEMENT_3D('',#2259,#2260,#2261);
#1123=EDGE_LOOP('',(#2262,#2263,#2264,#2265));
#1124=AXIS2_PLACEMENT_3D('',#2266,#2267,#2268);
#1125=EDGE_LOOP('',(#2269,#2270,#2271,#2272,#2273));
#1126=AXIS2_PLACEMENT_3D('',#2274,#2275,#2276);
#1127=EDGE_LOOP('',(#2277,#2278,#2279,#2280,#2281,#2282,#2283,#2284));
#1128=EDGE_LOOP('',(#2285,#2286,#2287,#2288));
#1129=AXIS2_PLACEMENT_3D('',#2289,#2290,#2291);
#1130=EDGE_LOOP('',(#2292,#2293,#2294,#2295,#2296,#2297,#2298,#2299));
#1131=EDGE_LOOP('',(#2300,#2301,#2302,#2303));
#1132=AXIS2_PLACEMENT_3D('',#2304,#2305,#2306);
#1133=EDGE_LOOP('',(#2307,#2308,#2309,#2310));
#1134=AXIS2_PLACEMENT_3D('',#2311,#2312,#2313);
#1135=EDGE_LOOP('',(#2314,#2315,#2316,#2317));
#1136=AXIS2_PLACEMENT_3D('',#2318,#2319,#2320);
#1137=EDGE_LOOP('',(#2321,#2322,#2323,#2324,#2325));
#1138=AXIS2_PLACEMENT_3D('',#2326,#2327,#2328);
#1139=EDGE_LOOP('',(#2329,#2330,#2331,#2332));
#1140=AXIS2_PLACEMENT_3D('',#2333,#2334,#2335);
#1141=EDGE_LOOP('',(#2336,#2337,#2338,#2339,#2340));
#1142=AXIS2_PLACEMENT_3D('',#2341,#2342,#2343);
#1143=EDGE_LOOP('',(#2344,#2345,#2346,#2347));
#1144=AXIS2_PLACEMENT_3D('',#2348,#2349,#2350);
#1145=EDGE_LOOP('',(#2351,#2352,#2353,#2354,#2355,#2356,#2357,#2358));
#1146=AXIS2_PLACEMENT_3D('',#2359,#2360,#2361);
#1147=EDGE_LOOP('',(#2362,#2363,#2364,#2365));
#1148=AXIS2_PLACEMENT_3D('',#2366,#2367,#2368);
#1149=EDGE_LOOP('',(#2369,#2370,#2371,#2372,#2373,#2374,#2375,#2376));
#1150=AXIS2_PLACEMENT_3D('',#2377,#2378,#2379);
#1151=EDGE_LOOP('',(#2380,#2381,#2382,#2383,#2384,#2385,#2386,#2387));
#1152=EDGE_LOOP('',(#2388,#2389,#2390,#2391));
#1153=AXIS2_PLACEMENT_3D('',#2392,#2393,#2394);
#1154=EDGE_LOOP('',(#2395,#2396,#2397,#2398,#2399,#2400,#2401,#2402));
#1155=EDGE_LOOP('',(#2403,#2404,#2405,#2406));
#1156=AXIS2_PLACEMENT_3D('',#2407,#2408,#2409);
#1157=EDGE_LOOP('',(#2410,#2411,#2412,#2413));
#1158=AXIS2_PLACEMENT_3D('',#2414,#2415,#2416);
#1159=EDGE_LOOP('',(#2417,#2418,#2419,#2420));
#1160=AXIS2_PLACEMENT_3D('',#2421,#2422,#2423);
#1161=EDGE_LOOP('',(#2424,#2425,#2426,#2427));
#1162=AXIS2_PLACEMENT_3D('',#2428,#2429,#2430);
#1163=EDGE_LOOP('',(#2431,#2432,#2433,#2434));
#1164=AXIS2_PLACEMENT_3D('',#2435,#2436,#2437);
#1165=EDGE_LOOP('',(#2438,#2439,#2440,#2441,#2442,#2443));
#1166=AXIS2_PLACEMENT_3D('',#2444,#2445,#2446);
#1167=EDGE_LOOP('',(#2447,#2448,#2449,#2450,#2451,#2452));
#1168=AXIS2_PLACEMENT_3D('',#2453,#2454,#2455);
#1169=EDGE_LOOP('',(#2456,#2457,#2458,#2459,#2460,#2461,#2462,#2463,#2464,#2465,#2466,#2467));
#1170=AXIS2_PLACEMENT_3D('',#2468,#2469,#2470);
#1171=EDGE_LOOP('',(#2471,#2472,#2473,#2474,#2475,#2476,#2477,#2478,#2479,#2480,#2481,#2482));
#1172=AXIS2_PLACEMENT_3D('',#2483,#2484,#2485);
#1173=EDGE_LOOP('',(#2486,#2487,#2488,#2489,#2490,#2491,#2492,#2493,#2494,#2495,#2496,#2497));
#1174=AXIS2_PLACEMENT_3D('',#2498,#2499,#2500);
#1175=EDGE_LOOP('',(#2501,#2502,#2503,#2504));
#1176=AXIS2_PLACEMENT_3D('',#2505,#2506,#2507);
#1177=EDGE_LOOP('',(#2508,#2509,#2510,#2511,#2512,#2513,#2514,#2515,#2516,#2517,#2518,#2519,#2520,#2521,#2522,#2523,#2524,#2525,#2526,#2527,#2528,#2529,#2530,#2531,#2532,#2533,#2534,#2535,#2536,#2537,#2538,#2539));
#1178=AXIS2_PLACEMENT_3D('',#2540,#2541,#2542);
#1179=EDGE_LOOP('',(#2543,#2544,#2545,#2546));
#1180=AXIS2_PLACEMENT_3D('',#2547,#2548,#2549);
#1181=EDGE_LOOP('',(#2550,#2551,#2552,#2553,#2554,#2555,#2556,#2557));
#1182=AXIS2_PLACEMENT_3D('',#2558,#2559,#2560);
#1183=EDGE_LOOP('',(#2561,#2562,#2563,#2564));
#1184=AXIS2_PLACEMENT_3D('',#2565,#2566,#2567);
#1185=EDGE_LOOP('',(#2568,#2569,#2570,#2571,#2572,#2573,#2574,#2575));
#1186=AXIS2_PLACEMENT_3D('',#2576,#2577,#2578);
#1187=EDGE_LOOP('',(#2579,#2580,#2581,#2582,#2583));
#1188=AXIS2_PLACEMENT_3D('',#2584,#2585,#2586);
#1189=EDGE_LOOP('',(#2587,#2588,#2589,#2590));
#1190=AXIS2_PLACEMENT_3D('',#2591,#2592,#2593);
#1191=EDGE_LOOP('',(#2594,#2595,#2596,#2597,#2598));
#1192=AXIS2_PLACEMENT_3D('',#2599,#2600,#2601);
#1193=EDGE_LOOP('',(#2602,#2603,#2604,#2605));
#1194=AXIS2_PLACEMENT_3D('',#2606,#2607,#2608);
#1195=EDGE_LOOP('',(#2609,#2610,#2611,#2612));
#1196=AXIS2_PLACEMENT_3D('',#2613,#2614,#2615);
#1197=EDGE_LOOP('',(#2616,#2617,#2618,#2619));
#1198=AXIS2_PLACEMENT_3D('',#2620,#2621,#2622);
#1199=EDGE_LOOP('',(#2623,#2624,#2625,#2626));
#1200=AXIS2_PLACEMENT_3D('',#2627,#2628,#2629);
#1201=EDGE_LOOP('',(#2630,#2631,#2632,#2633));
#1202=AXIS2_PLACEMENT_3D('',#2634,#2635,#2636);
#1203=EDGE_LOOP('',(#2637,#2638,#2639,#2640,#2641,#2642,#2643,#2644));
#1204=AXIS2_PLACEMENT_3D('',#2645,#2646,#2647);
#1205=EDGE_LOOP('',(#2648,#2649,#2650,#2651));
#1206=AXIS2_PLACEMENT_3D('',#2652,#2653,#2654);
#1207=EDGE_LOOP('',(#2655,#2656,#2657,#2658,#2659,#2660,#2661,#2662));
#1208=AXIS2_PLACEMENT_3D('',#2663,#2664,#2665);
#1209=EDGE_LOOP('',(#2666,#2667,#2668,#2669));
#1210=AXIS2_PLACEMENT_3D('',#2670,#2671,#2672);
#1211=EDGE_LOOP('',(#2673,#2674,#2675,#2676,#2677,#2678,#2679,#2680));
#1212=AXIS2_PLACEMENT_3D('',#2681,#2682,#2683);
#1213=EDGE_LOOP('',(#2684,#2685,#2686,#2687));
#1214=AXIS2_PLACEMENT_3D('',#2688,#2689,#2690);
#1215=EDGE_LOOP('',(#2691,#2692,#2693,#2694));
#1216=AXIS2_PLACEMENT_3D('',#2695,#2696,#2697);
#1217=EDGE_LOOP('',(#2698,#2699,#2700,#2701,#2702,#2703,#2704,#2705));
#1218=AXIS2_PLACEMENT_3D('',#2706,#2707,#2708);
#1219=EDGE_LOOP('',(#2709,#2710,#2711,#2712));
#1220=AXIS2_PLACEMENT_3D('',#2713,#2714,#2715);
#1221=EDGE_LOOP('',(#2716,#2717,#2718,#2719,#2720));
#1222=AXIS2_PLACEMENT_3D('',#2721,#2722,#2723);
#1223=EDGE_LOOP('',(#2724,#2725,#2726,#2727,#2728));
#1224=AXIS2_PLACEMENT_3D('',#2729,#2730,#2731);
#1225=EDGE_LOOP('',(#2732,#2733,#2734,#2735));
#1226=AXIS2_PLACEMENT_3D('',#2736,#2737,#2738);
#1227=EDGE_LOOP('',(#2739,#2740,#2741,#2742));
#1228=AXIS2_PLACEMENT_3D('',#2743,#2744,#2745);
#1229=EDGE_LOOP('',(#2746,#2747,#2748,#2749));
#1230=AXIS2_PLACEMENT_3D('',#2750,#2751,#2752);
#1231=EDGE_LOOP('',(#2753,#2754,#2755,#2756));
#1232=AXIS2_PLACEMENT_3D('',#2757,#2758,#2759);
#1233=EDGE_LOOP('',(#2760,#2761,#2762,#2763));
#1234=AXIS2_PLACEMENT_3D('',#2764,#2765,#2766);
#1235=EDGE_LOOP('',(#2767,#2768,#2769,#2770));
#1236=AXIS2_PLACEMENT_3D('',#2771,#2772,#2773);
#1237=EDGE_LOOP('',(#2774,#2775,#2776,#2777));
#1238=AXIS2_PLACEMENT_3D('',#2778,#2779,#2780);
#1239=EDGE_LOOP('',(#2781,#2782,#2783,#2784));
#1240=AXIS2_PLACEMENT_3D('',#2785,#2786,#2787);
#1241=EDGE_LOOP('',(#2788,#2789,#2790,#2791));
#1242=AXIS2_PLACEMENT_3D('',#2792,#2793,#2794);
#1243=EDGE_LOOP('',(#2795,#2796,#2797,#2798,#2799,#2800,#2801,#2802));
#1244=EDGE_LOOP('',(#2803,#2804,#2805,#2806));
#1245=AXIS2_PLACEMENT_3D('',#2807,#2808,#2809);
#1246=EDGE_LOOP('',(#2810,#2811,#2812,#2813,#2814,#2815,#2816,#2817));
#1247=EDGE_LOOP('',(#2818,#2819,#2820,#2821));
#1248=AXIS2_PLACEMENT_3D('',#2822,#2823,#2824);
#1249=EDGE_LOOP('',(#2825,#2826,#2827,#2828));
#1250=AXIS2_PLACEMENT_3D('',#2829,#2830,#2831);
#1251=EDGE_LOOP('',(#2832,#2833,#2834,#2835));
#1252=AXIS2_PLACEMENT_3D('',#2836,#2837,#2838);
#1253=EDGE_LOOP('',(#2839,#2840,#2841,#2842,#2843));
#1254=AXIS2_PLACEMENT_3D('',#2844,#2845,#2846);
#1255=EDGE_LOOP('',(#2847,#2848,#2849,#2850));
#1256=AXIS2_PLACEMENT_3D('',#2851,#2852,#2853);
#1257=EDGE_LOOP('',(#2854,#2855,#2856,#2857,#2858));
#1258=AXIS2_PLACEMENT_3D('',#2859,#2860,#2861);
#1259=EDGE_LOOP('',(#2862,#2863,#2864,#2865));
#1260=AXIS2_PLACEMENT_3D('',#2866,#2867,#2868);
#1261=EDGE_LOOP('',(#2869,#2870,#2871,#2872,#2873));
#1262=AXIS2_PLACEMENT_3D('',#2874,#2875,#2876);
#1263=EDGE_LOOP('',(#2877,#2878,#2879,#2880));
#1264=AXIS2_PLACEMENT_3D('',#2881,#2882,#2883);
#1265=EDGE_LOOP('',(#2884,#2885,#2886,#2887,#2888));
#1266=AXIS2_PLACEMENT_3D('',#2889,#2890,#2891);
#1267=EDGE_LOOP('',(#2892,#2893,#2894,#2895));
#1268=AXIS2_PLACEMENT_3D('',#2896,#2897,#2898);
#1269=EDGE_LOOP('',(#2899,#2900,#2901,#2902));
#1270=AXIS2_PLACEMENT_3D('',#2903,#2904,#2905);
#1271=EDGE_LOOP('',(#2906,#2907,#2908,#2909));
#1272=AXIS2_PLACEMENT_3D('',#2910,#2911,#2912);
#1273=EDGE_LOOP('',(#2913,#2914,#2915,#2916,#2917));
#1274=AXIS2_PLACEMENT_3D('',#2918,#2919,#2920);
#1275=EDGE_LOOP('',(#2921,#2922,#2923,#2924,#2925));
#1276=AXIS2_PLACEMENT_3D('',#2926,#2927,#2928);
#1277=EDGE_LOOP('',(#2929,#2930,#2931,#2932,#2933));
#1278=AXIS2_PLACEMENT_3D('',#2934,#2935,#2936);
#1279=EDGE_LOOP('',(#2937,#2938,#2939,#2940,#2941));
#1280=AXIS2_PLACEMENT_3D('',#2942,#2943,#2944);
#1281=EDGE_LOOP('',(#2945,#2946,#2947,#2948));
#1282=AXIS2_PLACEMENT_3D('',#2949,#2950,#2951);
#1283=EDGE_LOOP('',(#2952,#2953,#2954,#2955,#2956));
#1284=AXIS2_PLACEMENT_3D('',#2957,#2958,#2959);
#1285=EDGE_LOOP('',(#2960,#2961,#2962,#2963,#2964));
#1286=AXIS2_PLACEMENT_3D('',#2965,#2966,#2967);
#1287=EDGE_LOOP('',(#2968,#2969,#2970,#2971,#2972));
#1288=AXIS2_PLACEMENT_3D('',#2973,#2974,#2975);
#1289=EDGE_LOOP('',(#2976,#2977,#2978,#2979,#2980));
#1290=AXIS2_PLACEMENT_3D('',#2981,#2982,#2983);
#1291=EDGE_LOOP('',(#2984,#2985,#2986,#2987));
#1292=AXIS2_PLACEMENT_3D('',#2988,#2989,#2990);
#1293=EDGE_LOOP('',(#2991,#2992,#2993,#2994));
#1294=AXIS2_PLACEMENT_3D('',#2995,#2996,#2997);
#1295=EDGE_LOOP('',(#2998,#2999,#3000,#3001));
#1296=AXIS2_PLACEMENT_3D('',#3002,#3003,#3004);
#1297=EDGE_LOOP('',(#3005,#3006,#3007,#3008));
#1298=AXIS2_PLACEMENT_3D('',#3009,#3010,#3011);
#1299=EDGE_LOOP('',(#3012,#3013,#3014,#3015));
#1300=AXIS2_PLACEMENT_3D('',#3016,#3017,#3018);
#1301=EDGE_LOOP('',(#3019,#3020,#3021,#3022));
#1302=AXIS2_PLACEMENT_3D('',#3023,#3024,#3025);
#1303=EDGE_LOOP('',(#3026,#3027,#3028,#3029));
#1304=AXIS2_PLACEMENT_3D('',#3030,#3031,#3032);
#1305=EDGE_LOOP('',(#3033,#3034,#3035,#3036));
#1306=AXIS2_PLACEMENT_3D('',#3037,#3038,#3039);
#1307=EDGE_LOOP('',(#3040,#3041,#3042,#3043));
#1308=AXIS2_PLACEMENT_3D('',#3044,#3045,#3046);
#1309=EDGE_LOOP('',(#3047,#3048,#3049,#3050));
#1310=AXIS2_PLACEMENT_3D('',#3051,#3052,#3053);
#1311=EDGE_LOOP('',(#3054,#3055,#3056,#3057));
#1312=AXIS2_PLACEMENT_3D('',#3058,#3059,#3060);
#1313=EDGE_LOOP('',(#3061,#3062,#3063,#3064));
#1314=AXIS2_PLACEMENT_3D('',#3065,#3066,#3067);
#1315=EDGE_LOOP('',(#3068,#3069,#3070,#3071));
#1316=AXIS2_PLACEMENT_3D('',#3072,#3073,#3074);
#1317=EDGE_LOOP('',(#3075,#3076,#3077,#3078));
#1318=AXIS2_PLACEMENT_3D('',#3079,#3080,#3081);
#1319=EDGE_LOOP('',(#3082,#3083,#3084,#3085));
#1320=AXIS2_PLACEMENT_3D('',#3086,#3087,#3088);
#1321=EDGE_LOOP('',(#3089,#3090,#3091,#3092));
#1322=AXIS2_PLACEMENT_3D('',#3093,#3094,#3095);
#1323=EDGE_LOOP('',(#3096,#3097,#3098,#3099));
#1324=AXIS2_PLACEMENT_3D('',#3100,#3101,#3102);
#1325=EDGE_LOOP('',(#3103,#3104,#3105,#3106));
#1326=AXIS2_PLACEMENT_3D('',#3107,#3108,#3109);
#1327=EDGE_LOOP('',(#3110,#3111,#3112,#3113));
#1328=AXIS2_PLACEMENT_3D('',#3114,#3115,#3116);
#1329=EDGE_LOOP('',(#3117,#3118,#3119,#3120));
#1330=AXIS2_PLACEMENT_3D('',#3121,#3122,#3123);
#1331=EDGE_LOOP('',(#3124,#3125,#3126,#3127));
#1332=AXIS2_PLACEMENT_3D('',#3128,#3129,#3130);
#1333=EDGE_LOOP('',(#3131,#3132,#3133,#3134));
#1334=AXIS2_PLACEMENT_3D('',#3135,#3136,#3137);
#1335=EDGE_LOOP('',(#3138,#3139,#3140,#3141,#3142));
#1336=AXIS2_PLACEMENT_3D('',#3143,#3144,#3145);
#1337=EDGE_LOOP('',(#3146,#3147,#3148,#3149,#3150));
#1338=AXIS2_PLACEMENT_3D('',#3151,#3152,#3153);
#1339=EDGE_LOOP('',(#3154,#3155,#3156,#3157,#3158));
#1340=AXIS2_PLACEMENT_3D('',#3159,#3160,#3161);
#1341=EDGE_LOOP('',(#3162,#3163,#3164,#3165,#3166));
#1342=AXIS2_PLACEMENT_3D('',#3167,#3168,#3169);
#1343=EDGE_LOOP('',(#3170,#3171,#3172,#3173));
#1344=AXIS2_PLACEMENT_3D('',#3174,#3175,#3176);
#1345=EDGE_LOOP('',(#3177,#3178,#3179,#3180,#3181));
#1346=AXIS2_PLACEMENT_3D('',#3182,#3183,#3184);
#1347=EDGE_LOOP('',(#3185,#3186,#3187,#3188,#3189));
#1348=AXIS2_PLACEMENT_3D('',#3190,#3191,#3192);
#1349=EDGE_LOOP('',(#3193,#3194,#3195,#3196,#3197));
#1350=AXIS2_PLACEMENT_3D('',#3198,#3199,#3200);
#1351=EDGE_LOOP('',(#3201,#3202,#3203,#3204,#3205));
#1352=AXIS2_PLACEMENT_3D('',#3206,#3207,#3208);
#1353=EDGE_LOOP('',(#3209,#3210,#3211,#3212));
#1354=AXIS2_PLACEMENT_3D('',#3213,#3214,#3215);
#1355=EDGE_LOOP('',(#3216,#3217,#3218,#3219));
#1356=AXIS2_PLACEMENT_3D('',#3220,#3221,#3222);
#1357=EDGE_LOOP('',(#3223,#3224,#3225,#3226));
#1358=AXIS2_PLACEMENT_3D('',#3227,#3228,#3229);
#1359=EDGE_LOOP('',(#3230,#3231,#3232,#3233));
#1360=AXIS2_PLACEMENT_3D('',#3234,#3235,#3236);
#1361=EDGE_LOOP('',(#3237,#3238,#3239,#3240));
#1362=AXIS2_PLACEMENT_3D('',#3241,#3242,#3243);
#1363=EDGE_LOOP('',(#3244,#3245,#3246,#3247));
#1364=AXIS2_PLACEMENT_3D('',#3248,#3249,#3250);
#1365=EDGE_LOOP('',(#3251,#3252,#3253,#3254));
#1366=AXIS2_PLACEMENT_3D('',#3255,#3256,#3257);
#1367=EDGE_LOOP('',(#3258,#3259,#3260,#3261));
#1368=AXIS2_PLACEMENT_3D('',#3262,#3263,#3264);
#1369=EDGE_LOOP('',(#3265,#3266,#3267,#3268));
#1370=AXIS2_PLACEMENT_3D('',#3269,#3270,#3271);
#1371=EDGE_LOOP('',(#3272,#3273,#3274,#3275));
#1372=AXIS2_PLACEMENT_3D('',#3276,#3277,#3278);
#1373=EDGE_LOOP('',(#3279,#3280,#3281,#3282));
#1374=AXIS2_PLACEMENT_3D('',#3283,#3284,#3285);
#1375=EDGE_LOOP('',(#3286,#3287,#3288,#3289));
#1376=AXIS2_PLACEMENT_3D('',#3290,#3291,#3292);
#1377=EDGE_LOOP('',(#3293,#3294,#3295,#3296));
#1378=AXIS2_PLACEMENT_3D('',#3297,#3298,#3299);
#1379=EDGE_LOOP('',(#3300,#3301,#3302,#3303));
#1380=AXIS2_PLACEMENT_3D('',#3304,#3305,#3306);
#1381=EDGE_LOOP('',(#3307,#3308,#3309,#3310));
#1382=AXIS2_PLACEMENT_3D('',#3311,#3312,#3313);
#1383=EDGE_LOOP('',(#3314,#3315,#3316,#3317));
#1384=AXIS2_PLACEMENT_3D('',#3318,#3319,#3320);
#1385=EDGE_LOOP('',(#3321,#3322,#3323,#3324,#3325));
#1386=AXIS2_PLACEMENT_3D('',#3326,#3327,#3328);
#1387=EDGE_LOOP('',(#3329,#3330,#3331,#3332,#3333));
#1388=AXIS2_PLACEMENT_3D('',#3334,#3335,#3336);
#1389=EDGE_LOOP('',(#3337,#3338,#3339,#3340,#3341));
#1390=AXIS2_PLACEMENT_3D('',#3342,#3343,#3344);
#1391=EDGE_LOOP('',(#3345,#3346,#3347,#3348,#3349));
#1392=AXIS2_PLACEMENT_3D('',#3350,#3351,#3352);
#1393=EDGE_LOOP('',(#3353,#3354,#3355,#3356));
#1394=AXIS2_PLACEMENT_3D('',#3357,#3358,#3359);
#1395=EDGE_LOOP('',(#3360,#3361,#3362,#3363,#3364));
#1396=AXIS2_PLACEMENT_3D('',#3365,#3366,#3367);
#1397=EDGE_LOOP('',(#3368,#3369,#3370,#3371,#3372));
#1398=AXIS2_PLACEMENT_3D('',#3373,#3374,#3375);
#1399=EDGE_LOOP('',(#3376,#3377,#3378,#3379,#3380));
#1400=AXIS2_PLACEMENT_3D('',#3381,#3382,#3383);
#1401=EDGE_LOOP('',(#3384,#3385,#3386,#3387,#3388));
#1402=AXIS2_PLACEMENT_3D('',#3389,#3390,#3391);
#1403=EDGE_LOOP('',(#3392,#3393,#3394,#3395));
#1404=AXIS2_PLACEMENT_3D('',#3396,#3397,#3398);
#1405=EDGE_LOOP('',(#3399,#3400,#3401,#3402));
#1406=AXIS2_PLACEMENT_3D('',#3403,#3404,#3405);
#1407=EDGE_LOOP('',(#3406,#3407,#3408,#3409));
#1408=AXIS2_PLACEMENT_3D('',#3410,#3411,#3412);
#1409=EDGE_LOOP('',(#3413,#3414,#3415,#3416));
#1410=AXIS2_PLACEMENT_3D('',#3417,#3418,#3419);
#1411=EDGE_LOOP('',(#3420,#3421,#3422,#3423));
#1412=AXIS2_PLACEMENT_3D('',#3424,#3425,#3426);
#1413=EDGE_LOOP('',(#3427,#3428,#3429,#3430));
#1414=AXIS2_PLACEMENT_3D('',#3431,#3432,#3433);
#1415=EDGE_LOOP('',(#3434,#3435,#3436,#3437));
#1416=AXIS2_PLACEMENT_3D('',#3438,#3439,#3440);
#1417=EDGE_LOOP('',(#3441,#3442,#3443,#3444));
#1418=AXIS2_PLACEMENT_3D('',#3445,#3446,#3447);
#1419=EDGE_LOOP('',(#3448,#3449,#3450,#3451));
#1420=AXIS2_PLACEMENT_3D('',#3452,#3453,#3454);
#1421=EDGE_LOOP('',(#3455,#3456,#3457,#3458));
#1422=AXIS2_PLACEMENT_3D('',#3459,#3460,#3461);
#1423=EDGE_LOOP('',(#3462,#3463,#3464,#3465));
#1424=AXIS2_PLACEMENT_3D('',#3466,#3467,#3468);
#1425=EDGE_LOOP('',(#3469,#3470,#3471,#3472));
#1426=AXIS2_PLACEMENT_3D('',#3473,#3474,#3475);
#1427=EDGE_LOOP('',(#3476,#3477,#3478,#3479));
#1428=AXIS2_PLACEMENT_3D('',#3480,#3481,#3482);
#1429=EDGE_LOOP('',(#3483,#3484,#3485,#3486));
#1430=AXIS2_PLACEMENT_3D('',#3487,#3488,#3489);
#1431=EDGE_LOOP('',(#3490,#3491,#3492,#3493));
#1432=AXIS2_PLACEMENT_3D('',#3494,#3495,#3496);
#1433=EDGE_LOOP('',(#3497,#3498,#3499,#3500));
#1434=AXIS2_PLACEMENT_3D('',#3501,#3502,#3503);
#1435=EDGE_LOOP('',(#3504,#3505,#3506,#3507));
#1436=AXIS2_PLACEMENT_3D('',#3508,#3509,#3510);
#1437=EDGE_LOOP('',(#3511,#3512,#3513,#3514));
#1438=AXIS2_PLACEMENT_3D('',#3515,#3516,#3517);
#1439=EDGE_LOOP('',(#3518,#3519,#3520,#3521));
#1440=AXIS2_PLACEMENT_3D('',#3522,#3523,#3524);
#1441=EDGE_LOOP('',(#3525,#3526,#3527,#3528,#3529));
#1442=AXIS2_PLACEMENT_3D('',#3530,#3531,#3532);
#1443=EDGE_LOOP('',(#3533,#3534,#3535,#3536,#3537));
#1444=AXIS2_PLACEMENT_3D('',#3538,#3539,#3540);
#1445=EDGE_LOOP('',(#3541,#3542,#3543,#3544,#3545));
#1446=AXIS2_PLACEMENT_3D('',#3546,#3547,#3548);
#1447=EDGE_LOOP('',(#3549,#3550,#3551,#3552,#3553));
#1448=AXIS2_PLACEMENT_3D('',#3554,#3555,#3556);
#1449=EDGE_LOOP('',(#3557,#3558,#3559,#3560));
#1450=AXIS2_PLACEMENT_3D('',#3561,#3562,#3563);
#1451=EDGE_LOOP('',(#3564,#3565,#3566,#3567,#3568));
#1452=AXIS2_PLACEMENT_3D('',#3569,#3570,#3571);
#1453=EDGE_LOOP('',(#3572,#3573,#3574,#3575,#3576));
#1454=AXIS2_PLACEMENT_3D('',#3577,#3578,#3579);
#1455=EDGE_LOOP('',(#3580,#3581,#3582,#3583,#3584));
#1456=AXIS2_PLACEMENT_3D('',#3585,#3586,#3587);
#1457=EDGE_LOOP('',(#3588,#3589,#3590,#3591,#3592));
#1458=AXIS2_PLACEMENT_3D('',#3593,#3594,#3595);
#1459=EDGE_LOOP('',(#3596,#3597,#3598,#3599));
#1460=AXIS2_PLACEMENT_3D('',#3600,#3601,#3602);
#1461=EDGE_LOOP('',(#3603,#3604,#3605,#3606));
#1462=AXIS2_PLACEMENT_3D('',#3607,#3608,#3609);
#1463=EDGE_LOOP('',(#3610,#3611,#3612,#3613));
#1464=AXIS2_PLACEMENT_3D('',#3614,#3615,#3616);
#1465=EDGE_LOOP('',(#3617,#3618,#3619,#3620));
#1466=AXIS2_PLACEMENT_3D('',#3621,#3622,#3623);
#1467=EDGE_LOOP('',(#3624,#3625,#3626,#3627));
#1468=AXIS2_PLACEMENT_3D('',#3628,#3629,#3630);
#1469=EDGE_LOOP('',(#3631,#3632,#3633,#3634));
#1470=AXIS2_PLACEMENT_3D('',#3635,#3636,#3637);
#1471=EDGE_LOOP('',(#3638,#3639,#3640,#3641));
#1472=AXIS2_PLACEMENT_3D('',#3642,#3643,#3644);
#1473=EDGE_LOOP('',(#3645,#3646,#3647,#3648));
#1474=AXIS2_PLACEMENT_3D('',#3649,#3650,#3651);
#1475=EDGE_LOOP('',(#3652,#3653,#3654,#3655));
#1476=AXIS2_PLACEMENT_3D('',#3656,#3657,#3658);
#1477=EDGE_LOOP('',(#3659,#3660,#3661,#3662));
#1478=AXIS2_PLACEMENT_3D('',#3663,#3664,#3665);
#1479=EDGE_LOOP('',(#3666,#3667,#3668,#3669));
#1480=AXIS2_PLACEMENT_3D('',#3670,#3671,#3672);
#1481=EDGE_LOOP('',(#3673,#3674,#3675,#3676));
#1482=AXIS2_PLACEMENT_3D('',#3677,#3678,#3679);
#1483=EDGE_LOOP('',(#3680,#3681,#3682,#3683));
#1484=AXIS2_PLACEMENT_3D('',#3684,#3685,#3686);
#1485=EDGE_LOOP('',(#3687,#3688,#3689,#3690));
#1486=AXIS2_PLACEMENT_3D('',#3691,#3692,#3693);
#1487=EDGE_LOOP('',(#3694,#3695,#3696,#3697));
#1488=AXIS2_PLACEMENT_3D('',#3698,#3699,#3700);
#1489=EDGE_LOOP('',(#3701,#3702,#3703,#3704));
#1490=AXIS2_PLACEMENT_3D('',#3705,#3706,#3707);
#1491=EDGE_LOOP('',(#3708,#3709,#3710,#3711));
#1492=AXIS2_PLACEMENT_3D('',#3712,#3713,#3714);
#1493=EDGE_LOOP('',(#3715,#3716,#3717,#3718));
#1494=AXIS2_PLACEMENT_3D('',#3719,#3720,#3721);
#1495=EDGE_LOOP('',(#3722,#3723,#3724,#3725));
#1496=AXIS2_PLACEMENT_3D('',#3726,#3727,#3728);
#1497=EDGE_LOOP('',(#3729,#3730,#3731,#3732));
#1498=AXIS2_PLACEMENT_3D('',#3733,#3734,#3735);
#1499=EDGE_LOOP('',(#3736,#3737,#3738,#3739,#3740,#3741));
#1500=AXIS2_PLACEMENT_3D('',#3742,#3743,#3744);
#1501=EDGE_LOOP('',(#3745,#3746,#3747,#3748,#3749,#3750,#3751,#3752,#3753,#3754));
#1502=AXIS2_PLACEMENT_3D('',#3755,#3756,#3757);
#1503=EDGE_LOOP('',(#3758,#3759,#3760,#3761,#3762,#3763,#3764,#3765));
#1504=AXIS2_PLACEMENT_3D('',#3766,#3767,#3768);
#1505=EDGE_LOOP('',(#3769,#3770,#3771,#3772,#3773,#3774));
#1506=AXIS2_PLACEMENT_3D('',#3775,#3776,#3777);
#1507=EDGE_LOOP('',(#3778,#3779,#3780,#3781));
#1508=AXIS2_PLACEMENT_3D('',#3782,#3783,#3784);
#1509=EDGE_LOOP('',(#3785,#3786,#3787,#3788));
#1510=AXIS2_PLACEMENT_3D('',#3789,#3790,#3791);
#1511=EDGE_LOOP('',(#3792,#3793,#3794,#3795));
#1512=AXIS2_PLACEMENT_3D('',#3796,#3797,#3798);
#1513=EDGE_LOOP('',(#3799,#3800,#3801,#3802));
#1514=AXIS2_PLACEMENT_3D('',#3803,#3804,#3805);
#1515=EDGE_LOOP('',(#3806,#3807,#3808,#3809,#3810,#3811));
#1516=AXIS2_PLACEMENT_3D('',#3812,#3813,#3814);
#1517=EDGE_LOOP('',(#3815,#3816,#3817,#3818,#3819,#3820));
#1518=AXIS2_PLACEMENT_3D('',#3821,#3822,#3823);
#1519=EDGE_LOOP('',(#3824,#3825,#3826,#3827,#3828,#3829,#3830,#3831));
#1520=AXIS2_PLACEMENT_3D('',#3832,#3833,#3834);
#1521=EDGE_LOOP('',(#3835,#3836,#3837,#3838));
#1522=AXIS2_PLACEMENT_3D('',#3839,#3840,#3841);
#1523=EDGE_LOOP('',(#3842,#3843,#3844,#3845,#3846,#3847));
#1524=AXIS2_PLACEMENT_3D('',#3848,#3849,#3850);
#1525=EDGE_LOOP('',(#3851,#3852,#3853,#3854,#3855,#3856));
#1526=AXIS2_PLACEMENT_3D('',#3857,#3858,#3859);
#1527=EDGE_LOOP('',(#3860,#3861,#3862,#3863,#3864,#3865));
#1528=AXIS2_PLACEMENT_3D('',#3866,#3867,#3868);
#1529=EDGE_LOOP('',(#3869,#3870,#3871,#3872));
#1530=AXIS2_PLACEMENT_3D('',#3873,#3874,#3875);
#1531=EDGE_LOOP('',(#3876,#3877,#3878,#3879));
#1532=AXIS2_PLACEMENT_3D('',#3880,#3881,#3882);
#1533=EDGE_LOOP('',(#3883,#3884,#3885,#3886));
#1534=AXIS2_PLACEMENT_3D('',#3887,#3888,#3889);
#1535=EDGE_LOOP('',(#3890,#3891,#3892,#3893));
#1536=AXIS2_PLACEMENT_3D('',#3894,#3895,#3896);
#1537=EDGE_LOOP('',(#3897,#3898,#3899,#3900,#3901));
#1538=AXIS2_PLACEMENT_3D('',#3902,#3903,#3904);
#1539=EDGE_LOOP('',(#3905,#3906,#3907,#3908,#3909));
#1540=AXIS2_PLACEMENT_3D('',#3910,#3911,#3912);
#1541=EDGE_LOOP('',(#3913,#3914,#3915,#3916));
#1542=AXIS2_PLACEMENT_3D('',#3917,#3918,#3919);
#1543=EDGE_LOOP('',(#3920,#3921,#3922,#3923));
#1544=AXIS2_PLACEMENT_3D('',#3924,#3925,#3926);
#1545=EDGE_LOOP('',(#3927,#3928,#3929,#3930));
#1546=AXIS2_PLACEMENT_3D('',#3931,#3932,#3933);
#1547=EDGE_LOOP('',(#3934,#3935,#3936,#3937));
#1548=AXIS2_PLACEMENT_3D('',#3938,#3939,#3940);
#1549=EDGE_LOOP('',(#3941,#3942,#3943,#3944));
#1550=AXIS2_PLACEMENT_3D('',#3945,#3946,#3947);
#1551=EDGE_LOOP('',(#3948,#3949,#3950,#3951,#3952));
#1552=AXIS2_PLACEMENT_3D('',#3953,#3954,#3955);
#1553=EDGE_LOOP('',(#3956,#3957,#3958,#3959,#3960));
#1554=AXIS2_PLACEMENT_3D('',#3961,#3962,#3963);
#1555=EDGE_LOOP('',(#3964,#3965,#3966,#3967));
#1556=AXIS2_PLACEMENT_3D('',#3968,#3969,#3970);
#1557=EDGE_LOOP('',(#3971,#3972,#3973,#3974,#3975,#3976,#3977,#3978));
#1558=AXIS2_PLACEMENT_3D('',#3979,#3980,#3981);
#1559=EDGE_LOOP('',(#3982,#3983,#3984,#3985));
#1560=AXIS2_PLACEMENT_3D('',#3986,#3987,#3988);
#1561=EDGE_LOOP('',(#3989,#3990,#3991,#3992,#3993,#3994));
#1562=AXIS2_PLACEMENT_3D('',#3995,#3996,#3997);
#1563=EDGE_LOOP('',(#3998,#3999,#4000,#4001,#4002,#4003));
#1564=AXIS2_PLACEMENT_3D('',#4004,#4005,#4006);
#1565=EDGE_LOOP('',(#4007,#4008,#4009,#4010,#4011,#4012));
#1566=AXIS2_PLACEMENT_3D('',#4013,#4014,#4015);
#1567=EDGE_LOOP('',(#4016,#4017,#4018,#4019,#4020,#4021));
#1568=AXIS2_PLACEMENT_3D('',#4022,#4023,#4024);
#1569=EDGE_LOOP('',(#4025,#4026,#4027,#4028,#4029,#4030));
#1570=AXIS2_PLACEMENT_3D('',#4031,#4032,#4033);
#1571=EDGE_LOOP('',(#4034,#4035,#4036,#4037,#4038,#4039));
#1572=AXIS2_PLACEMENT_3D('',#4040,#4041,#4042);
#1573=EDGE_LOOP('',(#4043,#4044,#4045,#4046));
#1574=AXIS2_PLACEMENT_3D('',#4047,#4048,#4049);
#1575=EDGE_LOOP('',(#4050,#4051,#4052,#4053));
#1576=AXIS2_PLACEMENT_3D('',#4054,#4055,#4056);
#1577=EDGE_LOOP('',(#4057,#4058,#4059,#4060));
#1578=AXIS2_PLACEMENT_3D('',#4061,#4062,#4063);
#1579=EDGE_LOOP('',(#4064,#4065,#4066,#4067));
#1580=AXIS2_PLACEMENT_3D('',#4068,#4069,#4070);
#1581=EDGE_LOOP('',(#4071,#4072,#4073,#4074));
#1582=AXIS2_PLACEMENT_3D('',#4075,#4076,#4077);
#1583=EDGE_LOOP('',(#4078,#4079,#4080,#4081));
#1584=AXIS2_PLACEMENT_3D('',#4082,#4083,#4084);
#1585=EDGE_LOOP('',(#4085,#4086,#4087,#4088,#4089,#4090,#4091,#4092));
#1586=AXIS2_PLACEMENT_3D('',#4093,#4094,#4095);
#1587=EDGE_LOOP('',(#4096,#4097,#4098,#4099));
#1588=AXIS2_PLACEMENT_3D('',#4100,#4101,#4102);
#1589=EDGE_LOOP('',(#4103,#4104,#4105,#4106));
#1590=AXIS2_PLACEMENT_3D('',#4107,#4108,#4109);
#1591=EDGE_LOOP('',(#4110,#4111,#4112,#4113));
#1592=AXIS2_PLACEMENT_3D('',#4114,#4115,#4116);
#1593=EDGE_LOOP('',(#4117,#4118,#4119,#4120));
#1594=AXIS2_PLACEMENT_3D('',#4121,#4122,#4123);
#1595=CIRCLE('',#4124,0.7);
#1596=CIRCLE('',#4125,0.7);
#1597=CIRCLE('',#4126,0.7);
#1598=CIRCLE('',#4127,0.7);
#1599=CIRCLE('',#4128,0.7);
#1600=CIRCLE('',#4129,0.7);
#1601=CIRCLE('',#4130,0.7);
#1602=CIRCLE('',#4131,0.7);
#1603=CIRCLE('',#4132,0.7);
#1604=CIRCLE('',#4133,0.7);
#1605=CIRCLE('',#4134,0.7);
#1606=CIRCLE('',#4135,0.7);
#1607=CIRCLE('',#4136,0.7);
#1608=CIRCLE('',#4137,0.7);
#1609=CIRCLE('',#4138,0.7);
#1610=CIRCLE('',#4139,0.7);
#1611=CIRCLE('',#4140,1.5);
#1612=CIRCLE('',#4141,1.5);
#1613=CIRCLE('',#4142,1.5);
#1614=CIRCLE('',#4143,1.5);
#1615=LINE('',#4144,#4145);
#1616=LINE('',#4146,#4147);
#1617=ORIENTED_EDGE('',*,*,#4148,.F.);
#1618=ORIENTED_EDGE('',*,*,#4149,.T.);
#1619=ORIENTED_EDGE('',*,*,#4150,.T.);
#1620=ORIENTED_EDGE('',*,*,#4151,.F.);
#1621=CARTESIAN_POINT('',(9.0,12.8,2.6));
#1622=DIRECTION('',(0.0,1.0,-0.0));
#1623=DIRECTION('',(1.0,0.0,0.0));
#1624=ORIENTED_EDGE('',*,*,#4152,.F.);
#1625=ORIENTED_EDGE('',*,*,#4153,.F.);
#1626=ORIENTED_EDGE('',*,*,#4154,.F.);
#1627=ORIENTED_EDGE('',*,*,#4155,.F.);
#1628=ORIENTED_EDGE('',*,*,#4156,.F.);
#1629=ORIENTED_EDGE('',*,*,#4157,.T.);
#1630=ORIENTED_EDGE('',*,*,#4158,.T.);
#1631=ORIENTED_EDGE('',*,*,#4159,.F.);
#1632=ORIENTED_EDGE('',*,*,#4160,.F.);
#1633=ORIENTED_EDGE('',*,*,#4161,.T.);
#1634=ORIENTED_EDGE('',*,*,#4162,.T.);
#1635=ORIENTED_EDGE('',*,*,#4163,.F.);
#1636=ORIENTED_EDGE('',*,*,#4164,.F.);
#1637=ORIENTED_EDGE('',*,*,#4165,.F.);
#1638=ORIENTED_EDGE('',*,*,#4166,.T.);
#1639=ORIENTED_EDGE('',*,*,#4167,.F.);
#1640=CARTESIAN_POINT('',(-9.0,0.0,0.0));
#1641=DIRECTION('',(1.0,0.0,0.0));
#1642=DIRECTION('',(0.0,1.0,0.0));
#1643=ORIENTED_EDGE('',*,*,#4168,.T.);
#1644=ORIENTED_EDGE('',*,*,#4151,.T.);
#1645=ORIENTED_EDGE('',*,*,#4169,.T.);
#1646=ORIENTED_EDGE('',*,*,#4170,.T.);
#1647=ORIENTED_EDGE('',*,*,#4171,.F.);
#1648=ORIENTED_EDGE('',*,*,#4172,.T.);
#1649=ORIENTED_EDGE('',*,*,#4173,.T.);
#1650=ORIENTED_EDGE('',*,*,#4174,.T.);
#1651=ORIENTED_EDGE('',*,*,#4175,.F.);
#1652=ORIENTED_EDGE('',*,*,#4176,.T.);
#1653=ORIENTED_EDGE('',*,*,#4177,.T.);
#1654=CARTESIAN_POINT('',(-9.0,0.2,0.0));
#1655=DIRECTION('',(0.0,-1.0,0.0));
#1656=DIRECTION('',(0.0,0.0,-1.0));
#1657=ORIENTED_EDGE('',*,*,#4178,.T.);
#1658=ORIENTED_EDGE('',*,*,#4179,.T.);
#1659=ORIENTED_EDGE('',*,*,#4180,.T.);
#1660=ORIENTED_EDGE('',*,*,#4181,.T.);
#1661=ORIENTED_EDGE('',*,*,#4182,.T.);
#1662=ORIENTED_EDGE('',*,*,#4183,.T.);
#1663=ORIENTED_EDGE('',*,*,#4184,.T.);
#1664=ORIENTED_EDGE('',*,*,#4167,.T.);
#1665=CARTESIAN_POINT('',(-9.0,0.2,0.0));
#1666=DIRECTION('',(0.0,-1.0,0.0));
#1667=DIRECTION('',(0.0,0.0,-1.0));
#1668=ORIENTED_EDGE('',*,*,#4185,.F.);
#1669=ORIENTED_EDGE('',*,*,#4186,.T.);
#1670=ORIENTED_EDGE('',*,*,#4187,.T.);
#1671=ORIENTED_EDGE('',*,*,#4188,.T.);
#1672=ORIENTED_EDGE('',*,*,#4189,.T.);
#1673=ORIENTED_EDGE('',*,*,#4177,.F.);
#1674=ORIENTED_EDGE('',*,*,#4190,.F.);
#1675=ORIENTED_EDGE('',*,*,#4191,.T.);
#1676=ORIENTED_EDGE('',*,*,#4192,.F.);
#1677=ORIENTED_EDGE('',*,*,#4193,.F.);
#1678=CARTESIAN_POINT('',(9.0,0.0,0.0));
#1679=DIRECTION('',(1.0,0.0,0.0));
#1680=DIRECTION('',(0.0,1.0,0.0));
#1681=ORIENTED_EDGE('',*,*,#4194,.T.);
#1682=ORIENTED_EDGE('',*,*,#4195,.T.);
#1683=ORIENTED_EDGE('',*,*,#4196,.T.);
#1684=ORIENTED_EDGE('',*,*,#4197,.T.);
#1685=ORIENTED_EDGE('',*,*,#4169,.F.);
#1686=ORIENTED_EDGE('',*,*,#4150,.F.);
#1687=CARTESIAN_POINT('',(9.0,0.0,0.0));
#1688=DIRECTION('',(1.0,0.0,0.0));
#1689=DIRECTION('',(0.0,1.0,0.0));
#1690=ORIENTED_EDGE('',*,*,#4148,.T.);
#1691=ORIENTED_EDGE('',*,*,#4168,.F.);
#1692=ORIENTED_EDGE('',*,*,#4189,.F.);
#1693=ORIENTED_EDGE('',*,*,#4198,.T.);
#1694=CARTESIAN_POINT('',(9.0,12.8,2.6));
#1695=DIRECTION('',(0.0,1.0,-0.0));
#1696=DIRECTION('',(1.0,0.0,0.0));
#1697=ORIENTED_EDGE('',*,*,#4199,.F.);
#1698=ORIENTED_EDGE('',*,*,#4163,.T.);
#1699=ORIENTED_EDGE('',*,*,#4200,.F.);
#1700=ORIENTED_EDGE('',*,*,#4201,.F.);
#1701=ORIENTED_EDGE('',*,*,#4202,.F.);
#1702=ORIENTED_EDGE('',*,*,#4155,.T.);
#1703=ORIENTED_EDGE('',*,*,#4203,.T.);
#1704=ORIENTED_EDGE('',*,*,#4194,.F.);
#1705=ORIENTED_EDGE('',*,*,#4149,.F.);
#1706=ORIENTED_EDGE('',*,*,#4198,.F.);
#1707=ORIENTED_EDGE('',*,*,#4188,.F.);
#1708=ORIENTED_EDGE('',*,*,#4204,.F.);
#1709=ORIENTED_EDGE('',*,*,#4205,.F.);
#1710=ORIENTED_EDGE('',*,*,#4206,.F.);
#1711=ORIENTED_EDGE('',*,*,#4207,.F.);
#1712=ORIENTED_EDGE('',*,*,#4208,.F.);
#1713=ORIENTED_EDGE('',*,*,#4209,.F.);
#1714=ORIENTED_EDGE('',*,*,#4210,.F.);
#1715=ORIENTED_EDGE('',*,*,#4211,.F.);
#1716=ORIENTED_EDGE('',*,*,#4212,.F.);
#1717=ORIENTED_EDGE('',*,*,#4213,.F.);
#1718=ORIENTED_EDGE('',*,*,#4214,.F.);
#1719=ORIENTED_EDGE('',*,*,#4215,.F.);
#1720=ORIENTED_EDGE('',*,*,#4216,.F.);
#1721=ORIENTED_EDGE('',*,*,#4217,.F.);
#1722=ORIENTED_EDGE('',*,*,#4218,.F.);
#1723=ORIENTED_EDGE('',*,*,#4219,.F.);
#1724=ORIENTED_EDGE('',*,*,#4220,.F.);
#1725=ORIENTED_EDGE('',*,*,#4221,.F.);
#1726=ORIENTED_EDGE('',*,*,#4222,.F.);
#1727=ORIENTED_EDGE('',*,*,#4223,.F.);
#1728=ORIENTED_EDGE('',*,*,#4224,.F.);
#1729=ORIENTED_EDGE('',*,*,#4225,.F.);
#1730=ORIENTED_EDGE('',*,*,#4226,.F.);
#1731=ORIENTED_EDGE('',*,*,#4227,.F.);
#1732=ORIENTED_EDGE('',*,*,#4228,.F.);
#1733=ORIENTED_EDGE('',*,*,#4229,.F.);
#1734=ORIENTED_EDGE('',*,*,#4230,.F.);
#1735=ORIENTED_EDGE('',*,*,#4231,.F.);
#1736=ORIENTED_EDGE('',*,*,#4232,.F.);
#1737=ORIENTED_EDGE('',*,*,#4233,.F.);
#1738=ORIENTED_EDGE('',*,*,#4234,.F.);
#1739=ORIENTED_EDGE('',*,*,#4235,.F.);
#1740=ORIENTED_EDGE('',*,*,#4236,.F.);
#1741=ORIENTED_EDGE('',*,*,#4237,.F.);
#1742=ORIENTED_EDGE('',*,*,#4238,.F.);
#1743=ORIENTED_EDGE('',*,*,#4239,.F.);
#1744=ORIENTED_EDGE('',*,*,#4240,.F.);
#1745=ORIENTED_EDGE('',*,*,#4241,.F.);
#1746=ORIENTED_EDGE('',*,*,#4242,.F.);
#1747=ORIENTED_EDGE('',*,*,#4243,.F.);
#1748=ORIENTED_EDGE('',*,*,#4244,.F.);
#1749=ORIENTED_EDGE('',*,*,#4245,.F.);
#1750=CARTESIAN_POINT('',(-9.0,12.8,-4.8));
#1751=DIRECTION('',(-0.0,1.0,0.0));
#1752=DIRECTION('',(1.0,0.0,0.0));
#1753=ORIENTED_EDGE('',*,*,#4246,.F.);
#1754=ORIENTED_EDGE('',*,*,#4247,.F.);
#1755=ORIENTED_EDGE('',*,*,#4248,.T.);
#1756=ORIENTED_EDGE('',*,*,#4205,.T.);
#1757=CARTESIAN_POINT('',(-1.7,10.45,-6.2));
#1758=DIRECTION('',(0.0,0.511805175094575,-0.859101543908758));
#1759=DIRECTION('',(-1.0,0.0,0.0));
#1760=ORIENTED_EDGE('',*,*,#4248,.F.);
#1761=ORIENTED_EDGE('',*,*,#4249,.F.);
#1762=ORIENTED_EDGE('',*,*,#4250,.F.);
#1763=ORIENTED_EDGE('',*,*,#4251,.F.);
#1764=CARTESIAN_POINT('',(-1.7,0.0,0.0));
#1765=DIRECTION('',(1.0,0.0,0.0));
#1766=DIRECTION('',(0.0,1.0,0.0));
#1767=ORIENTED_EDGE('',*,*,#4164,.T.);
#1768=ORIENTED_EDGE('',*,*,#4199,.T.);
#1769=ORIENTED_EDGE('',*,*,#4251,.T.);
#1770=ORIENTED_EDGE('',*,*,#4252,.T.);
#1771=ORIENTED_EDGE('',*,*,#4253,.F.);
#1772=ORIENTED_EDGE('',*,*,#4204,.T.);
#1773=ORIENTED_EDGE('',*,*,#4187,.F.);
#1774=ORIENTED_EDGE('',*,*,#4254,.F.);
#1775=ORIENTED_EDGE('',*,*,#4255,.T.);
#1776=ORIENTED_EDGE('',*,*,#4256,.F.);
#1777=ORIENTED_EDGE('',*,*,#4257,.F.);
#1778=ORIENTED_EDGE('',*,*,#4258,.F.);
#1779=ORIENTED_EDGE('',*,*,#4259,.T.);
#1780=ORIENTED_EDGE('',*,*,#4260,.F.);
#1781=ORIENTED_EDGE('',*,*,#4261,.F.);
#1782=ORIENTED_EDGE('',*,*,#4262,.F.);
#1783=ORIENTED_EDGE('',*,*,#4263,.T.);
#1784=ORIENTED_EDGE('',*,*,#4264,.F.);
#1785=ORIENTED_EDGE('',*,*,#4265,.F.);
#1786=ORIENTED_EDGE('',*,*,#4266,.F.);
#1787=ORIENTED_EDGE('',*,*,#4267,.T.);
#1788=ORIENTED_EDGE('',*,*,#4268,.F.);
#1789=ORIENTED_EDGE('',*,*,#4269,.F.);
#1790=ORIENTED_EDGE('',*,*,#4270,.F.);
#1791=CARTESIAN_POINT('',(-9.0,0.0,-4.8));
#1792=DIRECTION('',(0.0,0.0,-1.0));
#1793=DIRECTION('',(0.0,-1.0,0.0));
#1794=ORIENTED_EDGE('',*,*,#4271,.F.);
#1795=ORIENTED_EDGE('',*,*,#4272,.F.);
#1796=ORIENTED_EDGE('',*,*,#4273,.F.);
#1797=ORIENTED_EDGE('',*,*,#4274,.F.);
#1798=CARTESIAN_POINT('',(-9.0,0.0,4.8));
#1799=DIRECTION('',(0.0,-1.0,0.0));
#1800=DIRECTION('',(0.0,0.0,-1.0));
#1801=ORIENTED_EDGE('',*,*,#4275,.T.);
#1802=ORIENTED_EDGE('',*,*,#4276,.T.);
#1803=ORIENTED_EDGE('',*,*,#4196,.F.);
#1804=ORIENTED_EDGE('',*,*,#4277,.F.);
#1805=CARTESIAN_POINT('',(-9.0,0.0,4.8));
#1806=DIRECTION('',(0.0,-1.0,0.0));
#1807=DIRECTION('',(0.0,0.0,-1.0));
#1808=ORIENTED_EDGE('',*,*,#4186,.F.);
#1809=ORIENTED_EDGE('',*,*,#4278,.F.);
#1810=ORIENTED_EDGE('',*,*,#4279,.F.);
#1811=ORIENTED_EDGE('',*,*,#4254,.T.);
#1812=CARTESIAN_POINT('',(-9.0,0.0,4.8));
#1813=DIRECTION('',(0.0,-1.0,0.0));
#1814=DIRECTION('',(0.0,0.0,-1.0));
#1815=ORIENTED_EDGE('',*,*,#4280,.T.);
#1816=ORIENTED_EDGE('',*,*,#4281,.T.);
#1817=ORIENTED_EDGE('',*,*,#4282,.F.);
#1818=ORIENTED_EDGE('',*,*,#4283,.F.);
#1819=CARTESIAN_POINT('',(-9.0,0.0,4.8));
#1820=DIRECTION('',(0.0,-1.0,0.0));
#1821=DIRECTION('',(0.0,0.0,-1.0));
#1822=ORIENTED_EDGE('',*,*,#4284,.T.);
#1823=ORIENTED_EDGE('',*,*,#4285,.F.);
#1824=ORIENTED_EDGE('',*,*,#4286,.F.);
#1825=ORIENTED_EDGE('',*,*,#4258,.T.);
#1826=CARTESIAN_POINT('',(-9.0,0.0,4.8));
#1827=DIRECTION('',(0.0,-1.0,0.0));
#1828=DIRECTION('',(0.0,0.0,-1.0));
#1829=ORIENTED_EDGE('',*,*,#4287,.T.);
#1830=ORIENTED_EDGE('',*,*,#4288,.T.);
#1831=ORIENTED_EDGE('',*,*,#4289,.F.);
#1832=ORIENTED_EDGE('',*,*,#4290,.F.);
#1833=CARTESIAN_POINT('',(-9.0,0.0,4.8));
#1834=DIRECTION('',(0.0,-1.0,0.0));
#1835=DIRECTION('',(0.0,0.0,-1.0));
#1836=ORIENTED_EDGE('',*,*,#4291,.T.);
#1837=ORIENTED_EDGE('',*,*,#4292,.F.);
#1838=ORIENTED_EDGE('',*,*,#4293,.F.);
#1839=ORIENTED_EDGE('',*,*,#4262,.T.);
#1840=CARTESIAN_POINT('',(-9.0,0.0,4.8));
#1841=DIRECTION('',(0.0,-1.0,0.0));
#1842=DIRECTION('',(0.0,0.0,-1.0));
#1843=ORIENTED_EDGE('',*,*,#4153,.T.);
#1844=ORIENTED_EDGE('',*,*,#4294,.T.);
#1845=ORIENTED_EDGE('',*,*,#4295,.F.);
#1846=ORIENTED_EDGE('',*,*,#4296,.F.);
#1847=CARTESIAN_POINT('',(-9.0,0.0,4.8));
#1848=DIRECTION('',(0.0,-1.0,0.0));
#1849=DIRECTION('',(0.0,0.0,-1.0));
#1850=ORIENTED_EDGE('',*,*,#4297,.T.);
#1851=ORIENTED_EDGE('',*,*,#4298,.T.);
#1852=ORIENTED_EDGE('',*,*,#4299,.F.);
#1853=ORIENTED_EDGE('',*,*,#4300,.F.);
#1854=CARTESIAN_POINT('',(-9.0,0.0,4.8));
#1855=DIRECTION('',(0.0,-1.0,0.0));
#1856=DIRECTION('',(0.0,0.0,-1.0));
#1857=ORIENTED_EDGE('',*,*,#4301,.T.);
#1858=ORIENTED_EDGE('',*,*,#4302,.F.);
#1859=ORIENTED_EDGE('',*,*,#4165,.T.);
#1860=ORIENTED_EDGE('',*,*,#4270,.T.);
#1861=CARTESIAN_POINT('',(-9.0,0.0,4.8));
#1862=DIRECTION('',(0.0,-1.0,0.0));
#1863=DIRECTION('',(0.0,0.0,-1.0));
#1864=ORIENTED_EDGE('',*,*,#4303,.T.);
#1865=ORIENTED_EDGE('',*,*,#4304,.F.);
#1866=ORIENTED_EDGE('',*,*,#4305,.F.);
#1867=ORIENTED_EDGE('',*,*,#4266,.T.);
#1868=CARTESIAN_POINT('',(-9.0,0.0,4.8));
#1869=DIRECTION('',(0.0,-1.0,0.0));
#1870=DIRECTION('',(0.0,0.0,-1.0));
#1871=ORIENTED_EDGE('',*,*,#4306,.F.);
#1872=ORIENTED_EDGE('',*,*,#4182,.F.);
#1873=ORIENTED_EDGE('',*,*,#4307,.F.);
#1874=ORIENTED_EDGE('',*,*,#4274,.T.);
#1875=ORIENTED_EDGE('',*,*,#4308,.T.);
#1876=ORIENTED_EDGE('',*,*,#4172,.F.);
#1877=ORIENTED_EDGE('',*,*,#4309,.T.);
#1878=ORIENTED_EDGE('',*,*,#4310,.F.);
#1879=ORIENTED_EDGE('',*,*,#4311,.F.);
#1880=ORIENTED_EDGE('',*,*,#4312,.F.);
#1881=ORIENTED_EDGE('',*,*,#4313,.F.);
#1882=ORIENTED_EDGE('',*,*,#4314,.T.);
#1883=ORIENTED_EDGE('',*,*,#4315,.F.);
#1884=ORIENTED_EDGE('',*,*,#4316,.T.);
#1885=ORIENTED_EDGE('',*,*,#4317,.F.);
#1886=ORIENTED_EDGE('',*,*,#4318,.F.);
#1887=ORIENTED_EDGE('',*,*,#4319,.F.);
#1888=ORIENTED_EDGE('',*,*,#4320,.F.);
#1889=ORIENTED_EDGE('',*,*,#4321,.F.);
#1890=ORIENTED_EDGE('',*,*,#4322,.F.);
#1891=ORIENTED_EDGE('',*,*,#4323,.F.);
#1892=ORIENTED_EDGE('',*,*,#4324,.F.);
#1893=ORIENTED_EDGE('',*,*,#4325,.F.);
#1894=ORIENTED_EDGE('',*,*,#4326,.F.);
#1895=ORIENTED_EDGE('',*,*,#4327,.F.);
#1896=ORIENTED_EDGE('',*,*,#4328,.F.);
#1897=ORIENTED_EDGE('',*,*,#4329,.F.);
#1898=ORIENTED_EDGE('',*,*,#4330,.F.);
#1899=ORIENTED_EDGE('',*,*,#4331,.F.);
#1900=ORIENTED_EDGE('',*,*,#4332,.T.);
#1901=ORIENTED_EDGE('',*,*,#4333,.F.);
#1902=ORIENTED_EDGE('',*,*,#4334,.F.);
#1903=CARTESIAN_POINT('',(5.3,0.0,0.5));
#1904=DIRECTION('',(0.0,0.0,-1.0));
#1905=DIRECTION('',(0.0,-1.0,0.0));
#1906=ORIENTED_EDGE('',*,*,#4335,.F.);
#1907=ORIENTED_EDGE('',*,*,#4336,.T.);
#1908=ORIENTED_EDGE('',*,*,#4337,.T.);
#1909=ORIENTED_EDGE('',*,*,#4338,.F.);
#1910=ORIENTED_EDGE('',*,*,#4339,.T.);
#1911=ORIENTED_EDGE('',*,*,#4340,.T.);
#1912=ORIENTED_EDGE('',*,*,#4341,.T.);
#1913=ORIENTED_EDGE('',*,*,#4334,.T.);
#1914=ORIENTED_EDGE('',*,*,#4342,.T.);
#1915=ORIENTED_EDGE('',*,*,#4343,.T.);
#1916=ORIENTED_EDGE('',*,*,#4344,.F.);
#1917=ORIENTED_EDGE('',*,*,#4345,.F.);
#1918=CARTESIAN_POINT('',(-9.0,0.8,4.8));
#1919=DIRECTION('',(0.0,-1.0,0.0));
#1920=DIRECTION('',(0.0,0.0,-1.0));
#1921=ORIENTED_EDGE('',*,*,#4346,.F.);
#1922=ORIENTED_EDGE('',*,*,#4347,.T.);
#1923=ORIENTED_EDGE('',*,*,#4348,.T.);
#1924=ORIENTED_EDGE('',*,*,#4349,.T.);
#1925=ORIENTED_EDGE('',*,*,#4350,.T.);
#1926=ORIENTED_EDGE('',*,*,#4268,.T.);
#1927=ORIENTED_EDGE('',*,*,#4351,.T.);
#1928=ORIENTED_EDGE('',*,*,#4352,.T.);
#1929=ORIENTED_EDGE('',*,*,#4353,.T.);
#1930=ORIENTED_EDGE('',*,*,#4354,.T.);
#1931=ORIENTED_EDGE('',*,*,#4355,.F.);
#1932=ORIENTED_EDGE('',*,*,#4356,.F.);
#1933=CARTESIAN_POINT('',(-9.0,0.8,4.8));
#1934=DIRECTION('',(0.0,-1.0,0.0));
#1935=DIRECTION('',(0.0,0.0,-1.0));
#1936=ORIENTED_EDGE('',*,*,#4306,.T.);
#1937=ORIENTED_EDGE('',*,*,#4341,.F.);
#1938=ORIENTED_EDGE('',*,*,#4357,.F.);
#1939=ORIENTED_EDGE('',*,*,#4183,.F.);
#1940=CARTESIAN_POINT('',(-7.6,0.0,3.8));
#1941=DIRECTION('',(-1.0,0.0,0.0));
#1942=DIRECTION('',(0.0,0.0,1.0));
#1943=ORIENTED_EDGE('',*,*,#4294,.F.);
#1944=ORIENTED_EDGE('',*,*,#4152,.T.);
#1945=ORIENTED_EDGE('',*,*,#4184,.F.);
#1946=ORIENTED_EDGE('',*,*,#4357,.T.);
#1947=ORIENTED_EDGE('',*,*,#4340,.F.);
#1948=ORIENTED_EDGE('',*,*,#4358,.F.);
#1949=CARTESIAN_POINT('',(5.3,0.0,3.8));
#1950=DIRECTION('',(0.0,0.0,-1.0));
#1951=DIRECTION('',(0.0,-1.0,0.0));
#1952=ORIENTED_EDGE('',*,*,#4197,.F.);
#1953=ORIENTED_EDGE('',*,*,#4276,.F.);
#1954=ORIENTED_EDGE('',*,*,#4359,.F.);
#1955=ORIENTED_EDGE('',*,*,#4360,.F.);
#1956=ORIENTED_EDGE('',*,*,#4361,.F.);
#1957=ORIENTED_EDGE('',*,*,#4170,.F.);
#1958=CARTESIAN_POINT('',(5.3,0.0,3.8));
#1959=DIRECTION('',(0.0,0.0,-1.0));
#1960=DIRECTION('',(0.0,-1.0,0.0));
#1961=ORIENTED_EDGE('',*,*,#4362,.F.);
#1962=ORIENTED_EDGE('',*,*,#4363,.F.);
#1963=ORIENTED_EDGE('',*,*,#4364,.F.);
#1964=ORIENTED_EDGE('',*,*,#4365,.F.);
#1965=ORIENTED_EDGE('',*,*,#4366,.F.);
#1966=ORIENTED_EDGE('',*,*,#4367,.F.);
#1967=ORIENTED_EDGE('',*,*,#4368,.F.);
#1968=ORIENTED_EDGE('',*,*,#4369,.F.);
#1969=ORIENTED_EDGE('',*,*,#4281,.F.);
#1970=ORIENTED_EDGE('',*,*,#4370,.F.);
#1971=ORIENTED_EDGE('',*,*,#4371,.F.);
#1972=ORIENTED_EDGE('',*,*,#4372,.F.);
#1973=CARTESIAN_POINT('',(5.3,0.0,3.8));
#1974=DIRECTION('',(0.0,0.0,-1.0));
#1975=DIRECTION('',(0.0,-1.0,0.0));
#1976=ORIENTED_EDGE('',*,*,#4373,.F.);
#1977=ORIENTED_EDGE('',*,*,#4288,.F.);
#1978=ORIENTED_EDGE('',*,*,#4374,.F.);
#1979=ORIENTED_EDGE('',*,*,#4375,.F.);
#1980=ORIENTED_EDGE('',*,*,#4376,.T.);
#1981=ORIENTED_EDGE('',*,*,#4377,.T.);
#1982=ORIENTED_EDGE('',*,*,#4378,.T.);
#1983=ORIENTED_EDGE('',*,*,#4379,.T.);
#1984=ORIENTED_EDGE('',*,*,#4380,.T.);
#1985=ORIENTED_EDGE('',*,*,#4381,.T.);
#1986=ORIENTED_EDGE('',*,*,#4382,.T.);
#1987=ORIENTED_EDGE('',*,*,#4383,.F.);
#1988=CARTESIAN_POINT('',(5.3,0.0,3.8));
#1989=DIRECTION('',(0.0,0.0,-1.0));
#1990=DIRECTION('',(0.0,-1.0,0.0));
#1991=ORIENTED_EDGE('',*,*,#4384,.F.);
#1992=ORIENTED_EDGE('',*,*,#4298,.F.);
#1993=ORIENTED_EDGE('',*,*,#4385,.F.);
#1994=ORIENTED_EDGE('',*,*,#4336,.F.);
#1995=ORIENTED_EDGE('',*,*,#4386,.T.);
#1996=ORIENTED_EDGE('',*,*,#4387,.F.);
#1997=ORIENTED_EDGE('',*,*,#4388,.T.);
#1998=ORIENTED_EDGE('',*,*,#4389,.T.);
#1999=ORIENTED_EDGE('',*,*,#4390,.T.);
#2000=ORIENTED_EDGE('',*,*,#4391,.T.);
#2001=ORIENTED_EDGE('',*,*,#4392,.T.);
#2002=ORIENTED_EDGE('',*,*,#4393,.F.);
#2003=CARTESIAN_POINT('',(5.3,0.0,3.8));
#2004=DIRECTION('',(0.0,0.0,-1.0));
#2005=DIRECTION('',(0.0,-1.0,0.0));
#2006=ORIENTED_EDGE('',*,*,#4358,.T.);
#2007=ORIENTED_EDGE('',*,*,#4339,.F.);
#2008=ORIENTED_EDGE('',*,*,#4394,.F.);
#2009=ORIENTED_EDGE('',*,*,#4295,.T.);
#2010=CARTESIAN_POINT('',(-7.3,0.0,4.8));
#2011=DIRECTION('',(-1.0,0.0,0.0));
#2012=DIRECTION('',(0.0,0.0,1.0));
#2013=ORIENTED_EDGE('',*,*,#4394,.T.);
#2014=ORIENTED_EDGE('',*,*,#4338,.T.);
#2015=ORIENTED_EDGE('',*,*,#4395,.F.);
#2016=ORIENTED_EDGE('',*,*,#4300,.T.);
#2017=ORIENTED_EDGE('',*,*,#4396,.T.);
#2018=ORIENTED_EDGE('',*,*,#4397,.T.);
#2019=ORIENTED_EDGE('',*,*,#4398,.F.);
#2020=ORIENTED_EDGE('',*,*,#4290,.T.);
#2021=ORIENTED_EDGE('',*,*,#4399,.T.);
#2022=ORIENTED_EDGE('',*,*,#4400,.T.);
#2023=ORIENTED_EDGE('',*,*,#4401,.F.);
#2024=ORIENTED_EDGE('',*,*,#4283,.T.);
#2025=ORIENTED_EDGE('',*,*,#4402,.T.);
#2026=ORIENTED_EDGE('',*,*,#4403,.T.);
#2027=ORIENTED_EDGE('',*,*,#4404,.F.);
#2028=ORIENTED_EDGE('',*,*,#4277,.T.);
#2029=ORIENTED_EDGE('',*,*,#4195,.F.);
#2030=ORIENTED_EDGE('',*,*,#4203,.F.);
#2031=ORIENTED_EDGE('',*,*,#4154,.T.);
#2032=ORIENTED_EDGE('',*,*,#4296,.T.);
#2033=CARTESIAN_POINT('',(-9.0,12.8,4.8));
#2034=DIRECTION('',(0.0,0.0,1.0));
#2035=DIRECTION('',(1.0,0.0,0.0));
#2036=ORIENTED_EDGE('',*,*,#4404,.T.);
#2037=ORIENTED_EDGE('',*,*,#4405,.F.);
#2038=ORIENTED_EDGE('',*,*,#4359,.T.);
#2039=ORIENTED_EDGE('',*,*,#4275,.F.);
#2040=CARTESIAN_POINT('',(7.3,0.0,3.8));
#2041=DIRECTION('',(1.0,0.0,0.0));
#2042=DIRECTION('',(0.0,1.0,0.0));
#2043=ORIENTED_EDGE('',*,*,#4406,.T.);
#2044=ORIENTED_EDGE('',*,*,#4310,.T.);
#2045=ORIENTED_EDGE('',*,*,#4407,.T.);
#2046=ORIENTED_EDGE('',*,*,#4360,.T.);
#2047=ORIENTED_EDGE('',*,*,#4405,.T.);
#2048=ORIENTED_EDGE('',*,*,#4403,.F.);
#2049=ORIENTED_EDGE('',*,*,#4408,.T.);
#2050=ORIENTED_EDGE('',*,*,#4368,.T.);
#2051=ORIENTED_EDGE('',*,*,#4409,.T.);
#2052=ORIENTED_EDGE('',*,*,#4410,.T.);
#2053=ORIENTED_EDGE('',*,*,#4411,.F.);
#2054=ORIENTED_EDGE('',*,*,#4412,.F.);
#2055=CARTESIAN_POINT('',(-9.0,0.8,4.8));
#2056=DIRECTION('',(0.0,-1.0,0.0));
#2057=DIRECTION('',(0.0,0.0,-1.0));
#2058=ORIENTED_EDGE('',*,*,#4413,.T.);
#2059=ORIENTED_EDGE('',*,*,#4414,.T.);
#2060=ORIENTED_EDGE('',*,*,#4415,.T.);
#2061=ORIENTED_EDGE('',*,*,#4256,.T.);
#2062=ORIENTED_EDGE('',*,*,#4416,.T.);
#2063=ORIENTED_EDGE('',*,*,#4417,.T.);
#2064=ORIENTED_EDGE('',*,*,#4418,.T.);
#2065=ORIENTED_EDGE('',*,*,#4419,.T.);
#2066=ORIENTED_EDGE('',*,*,#4420,.T.);
#2067=ORIENTED_EDGE('',*,*,#4421,.T.);
#2068=ORIENTED_EDGE('',*,*,#4422,.F.);
#2069=ORIENTED_EDGE('',*,*,#4423,.F.);
#2070=CARTESIAN_POINT('',(-9.0,0.8,4.8));
#2071=DIRECTION('',(0.0,-1.0,0.0));
#2072=DIRECTION('',(0.0,0.0,-1.0));
#2073=ORIENTED_EDGE('',*,*,#4369,.T.);
#2074=ORIENTED_EDGE('',*,*,#4408,.F.);
#2075=ORIENTED_EDGE('',*,*,#4402,.F.);
#2076=ORIENTED_EDGE('',*,*,#4282,.T.);
#2077=CARTESIAN_POINT('',(5.3,0.0,4.8));
#2078=DIRECTION('',(-1.0,0.0,0.0));
#2079=DIRECTION('',(0.0,0.0,1.0));
#2080=ORIENTED_EDGE('',*,*,#4361,.T.);
#2081=ORIENTED_EDGE('',*,*,#4407,.F.);
#2082=ORIENTED_EDGE('',*,*,#4309,.F.);
#2083=ORIENTED_EDGE('',*,*,#4171,.T.);
#2084=CARTESIAN_POINT('',(7.6,0.0,0.5));
#2085=DIRECTION('',(1.0,0.0,0.0));
#2086=DIRECTION('',(0.0,1.0,0.0));
#2087=ORIENTED_EDGE('',*,*,#4311,.T.);
#2088=ORIENTED_EDGE('',*,*,#4406,.F.);
#2089=ORIENTED_EDGE('',*,*,#4367,.T.);
#2090=ORIENTED_EDGE('',*,*,#4424,.T.);
#2091=CARTESIAN_POINT('',(5.0,3.7,3.8));
#2092=DIRECTION('',(1.0,0.0,0.0));
#2093=DIRECTION('',(0.0,1.0,0.0));
#2094=ORIENTED_EDGE('',*,*,#4312,.T.);
#2095=ORIENTED_EDGE('',*,*,#4424,.F.);
#2096=ORIENTED_EDGE('',*,*,#4366,.T.);
#2097=ORIENTED_EDGE('',*,*,#4425,.T.);
#2098=ORIENTED_EDGE('',*,*,#4426,.T.);
#2099=ORIENTED_EDGE('',*,*,#4427,.T.);
#2100=ORIENTED_EDGE('',*,*,#4428,.T.);
#2101=ORIENTED_EDGE('',*,*,#4429,.T.);
#2102=ORIENTED_EDGE('',*,*,#4430,.T.);
#2103=ORIENTED_EDGE('',*,*,#4431,.F.);
#2104=ORIENTED_EDGE('',*,*,#4432,.F.);
#2105=ORIENTED_EDGE('',*,*,#4433,.T.);
#2106=CARTESIAN_POINT('',(-9.0,3.7,-4.8));
#2107=DIRECTION('',(-0.0,1.0,0.0));
#2108=DIRECTION('',(1.0,0.0,0.0));
#2109=ORIENTED_EDGE('',*,*,#4434,.T.);
#2110=ORIENTED_EDGE('',*,*,#4435,.T.);
#2111=ORIENTED_EDGE('',*,*,#4436,.T.);
#2112=ORIENTED_EDGE('',*,*,#4437,.T.);
#2113=ORIENTED_EDGE('',*,*,#4438,.T.);
#2114=ORIENTED_EDGE('',*,*,#4439,.T.);
#2115=ORIENTED_EDGE('',*,*,#4440,.T.);
#2116=ORIENTED_EDGE('',*,*,#4441,.F.);
#2117=ORIENTED_EDGE('',*,*,#4442,.T.);
#2118=ORIENTED_EDGE('',*,*,#4443,.F.);
#2119=ORIENTED_EDGE('',*,*,#4444,.F.);
#2120=ORIENTED_EDGE('',*,*,#4445,.T.);
#2121=CARTESIAN_POINT('',(-9.0,3.7,-4.8));
#2122=DIRECTION('',(-0.0,1.0,0.0));
#2123=DIRECTION('',(1.0,0.0,0.0));
#2124=ORIENTED_EDGE('',*,*,#4446,.F.);
#2125=ORIENTED_EDGE('',*,*,#4207,.T.);
#2126=ORIENTED_EDGE('',*,*,#4447,.T.);
#2127=ORIENTED_EDGE('',*,*,#4425,.F.);
#2128=ORIENTED_EDGE('',*,*,#4365,.T.);
#2129=ORIENTED_EDGE('',*,*,#4448,.T.);
#2130=ORIENTED_EDGE('',*,*,#4313,.T.);
#2131=ORIENTED_EDGE('',*,*,#4429,.F.);
#2132=CARTESIAN_POINT('',(4.5,12.8,0.3));
#2133=DIRECTION('',(-1.0,0.0,0.0));
#2134=DIRECTION('',(0.0,0.0,1.0));
#2135=ORIENTED_EDGE('',*,*,#4449,.F.);
#2136=ORIENTED_EDGE('',*,*,#4314,.F.);
#2137=ORIENTED_EDGE('',*,*,#4448,.F.);
#2138=ORIENTED_EDGE('',*,*,#4364,.T.);
#2139=CARTESIAN_POINT('',(3.9,2.7,3.8));
#2140=DIRECTION('',(-0.0,1.0,0.0));
#2141=DIRECTION('',(1.0,0.0,0.0));
#2142=ORIENTED_EDGE('',*,*,#4449,.T.);
#2143=ORIENTED_EDGE('',*,*,#4363,.T.);
#2144=ORIENTED_EDGE('',*,*,#4450,.F.);
#2145=ORIENTED_EDGE('',*,*,#4451,.F.);
#2146=ORIENTED_EDGE('',*,*,#4241,.T.);
#2147=ORIENTED_EDGE('',*,*,#4452,.T.);
#2148=ORIENTED_EDGE('',*,*,#4453,.F.);
#2149=ORIENTED_EDGE('',*,*,#4315,.T.);
#2150=CARTESIAN_POINT('',(3.9,3.7,3.8));
#2151=DIRECTION('',(1.0,0.0,0.0));
#2152=DIRECTION('',(0.0,1.0,0.0));
#2153=ORIENTED_EDGE('',*,*,#4454,.F.);
#2154=ORIENTED_EDGE('',*,*,#4455,.T.);
#2155=ORIENTED_EDGE('',*,*,#4456,.T.);
#2156=ORIENTED_EDGE('',*,*,#4457,.T.);
#2157=ORIENTED_EDGE('',*,*,#4458,.T.);
#2158=ORIENTED_EDGE('',*,*,#4316,.F.);
#2159=ORIENTED_EDGE('',*,*,#4453,.T.);
#2160=ORIENTED_EDGE('',*,*,#4459,.T.);
#2161=ORIENTED_EDGE('',*,*,#4460,.T.);
#2162=ORIENTED_EDGE('',*,*,#4320,.T.);
#2163=ORIENTED_EDGE('',*,*,#4461,.T.);
#2164=ORIENTED_EDGE('',*,*,#4462,.F.);
#2165=ORIENTED_EDGE('',*,*,#4463,.F.);
#2166=ORIENTED_EDGE('',*,*,#4464,.F.);
#2167=CARTESIAN_POINT('',(-9.0,3.7,-4.8));
#2168=DIRECTION('',(-0.0,1.0,0.0));
#2169=DIRECTION('',(1.0,0.0,0.0));
#2170=ORIENTED_EDGE('',*,*,#4465,.F.);
#2171=ORIENTED_EDGE('',*,*,#4466,.T.);
#2172=ORIENTED_EDGE('',*,*,#4467,.T.);
#2173=ORIENTED_EDGE('',*,*,#4468,.T.);
#2174=ORIENTED_EDGE('',*,*,#4469,.T.);
#2175=ORIENTED_EDGE('',*,*,#4324,.T.);
#2176=ORIENTED_EDGE('',*,*,#4470,.T.);
#2177=ORIENTED_EDGE('',*,*,#4471,.T.);
#2178=ORIENTED_EDGE('',*,*,#4472,.T.);
#2179=ORIENTED_EDGE('',*,*,#4328,.T.);
#2180=ORIENTED_EDGE('',*,*,#4473,.T.);
#2181=ORIENTED_EDGE('',*,*,#4474,.F.);
#2182=ORIENTED_EDGE('',*,*,#4475,.F.);
#2183=ORIENTED_EDGE('',*,*,#4476,.F.);
#2184=CARTESIAN_POINT('',(-9.0,3.7,-4.8));
#2185=DIRECTION('',(-0.0,1.0,0.0));
#2186=DIRECTION('',(1.0,0.0,0.0));
#2187=ORIENTED_EDGE('',*,*,#4477,.T.);
#2188=ORIENTED_EDGE('',*,*,#4478,.T.);
#2189=ORIENTED_EDGE('',*,*,#4479,.T.);
#2190=ORIENTED_EDGE('',*,*,#4480,.F.);
#2191=ORIENTED_EDGE('',*,*,#4481,.T.);
#2192=ORIENTED_EDGE('',*,*,#4482,.F.);
#2193=ORIENTED_EDGE('',*,*,#4483,.T.);
#2194=ORIENTED_EDGE('',*,*,#4484,.T.);
#2195=ORIENTED_EDGE('',*,*,#4485,.T.);
#2196=ORIENTED_EDGE('',*,*,#4486,.T.);
#2197=ORIENTED_EDGE('',*,*,#4487,.F.);
#2198=ORIENTED_EDGE('',*,*,#4488,.F.);
#2199=ORIENTED_EDGE('',*,*,#4489,.T.);
#2200=ORIENTED_EDGE('',*,*,#4490,.F.);
#2201=ORIENTED_EDGE('',*,*,#4491,.F.);
#2202=ORIENTED_EDGE('',*,*,#4492,.F.);
#2203=CARTESIAN_POINT('',(-9.0,3.7,-4.8));
#2204=DIRECTION('',(-0.0,1.0,0.0));
#2205=DIRECTION('',(1.0,0.0,0.0));
#2206=ORIENTED_EDGE('',*,*,#4493,.T.);
#2207=ORIENTED_EDGE('',*,*,#4494,.T.);
#2208=ORIENTED_EDGE('',*,*,#4495,.T.);
#2209=ORIENTED_EDGE('',*,*,#4496,.F.);
#2210=ORIENTED_EDGE('',*,*,#4497,.T.);
#2211=ORIENTED_EDGE('',*,*,#4498,.T.);
#2212=ORIENTED_EDGE('',*,*,#4499,.T.);
#2213=ORIENTED_EDGE('',*,*,#4500,.T.);
#2214=ORIENTED_EDGE('',*,*,#4501,.T.);
#2215=ORIENTED_EDGE('',*,*,#4502,.T.);
#2216=ORIENTED_EDGE('',*,*,#4503,.F.);
#2217=ORIENTED_EDGE('',*,*,#4504,.F.);
#2218=ORIENTED_EDGE('',*,*,#4505,.T.);
#2219=ORIENTED_EDGE('',*,*,#4506,.F.);
#2220=ORIENTED_EDGE('',*,*,#4507,.F.);
#2221=ORIENTED_EDGE('',*,*,#4508,.F.);
#2222=CARTESIAN_POINT('',(-9.0,3.7,-4.8));
#2223=DIRECTION('',(-0.0,1.0,0.0));
#2224=DIRECTION('',(1.0,0.0,0.0));
#2225=ORIENTED_EDGE('',*,*,#4509,.F.);
#2226=ORIENTED_EDGE('',*,*,#4239,.T.);
#2227=ORIENTED_EDGE('',*,*,#4510,.T.);
#2228=ORIENTED_EDGE('',*,*,#4511,.F.);
#2229=ORIENTED_EDGE('',*,*,#4380,.F.);
#2230=ORIENTED_EDGE('',*,*,#4512,.T.);
#2231=ORIENTED_EDGE('',*,*,#4321,.T.);
#2232=ORIENTED_EDGE('',*,*,#4460,.F.);
#2233=CARTESIAN_POINT('',(0.3,12.8,0.3));
#2234=DIRECTION('',(-1.0,0.0,0.0));
#2235=DIRECTION('',(0.0,0.0,1.0));
#2236=ORIENTED_EDGE('',*,*,#4513,.T.);
#2237=ORIENTED_EDGE('',*,*,#4322,.T.);
#2238=ORIENTED_EDGE('',*,*,#4512,.F.);
#2239=ORIENTED_EDGE('',*,*,#4379,.F.);
#2240=CARTESIAN_POINT('',(-0.3,2.7,3.8));
#2241=DIRECTION('',(-0.0,1.0,0.0));
#2242=DIRECTION('',(1.0,0.0,0.0));
#2243=ORIENTED_EDGE('',*,*,#4231,.T.);
#2244=ORIENTED_EDGE('',*,*,#4514,.T.);
#2245=ORIENTED_EDGE('',*,*,#4470,.F.);
#2246=ORIENTED_EDGE('',*,*,#4323,.T.);
#2247=ORIENTED_EDGE('',*,*,#4513,.F.);
#2248=ORIENTED_EDGE('',*,*,#4378,.F.);
#2249=ORIENTED_EDGE('',*,*,#4515,.T.);
#2250=ORIENTED_EDGE('',*,*,#4516,.F.);
#2251=CARTESIAN_POINT('',(-0.3,12.8,3.0));
#2252=DIRECTION('',(1.0,0.0,0.0));
#2253=DIRECTION('',(0.0,1.0,0.0));
#2254=ORIENTED_EDGE('',*,*,#4468,.F.);
#2255=ORIENTED_EDGE('',*,*,#4517,.F.);
#2256=ORIENTED_EDGE('',*,*,#4232,.T.);
#2257=ORIENTED_EDGE('',*,*,#4516,.T.);
#2258=ORIENTED_EDGE('',*,*,#4518,.T.);
#2259=CARTESIAN_POINT('',(-1.2,12.8,3.9));
#2260=DIRECTION('',(0.707106781186548,0.0,0.707106781186548));
#2261=DIRECTION('',(0.0,-1.0,0.0));
#2262=ORIENTED_EDGE('',*,*,#4515,.F.);
#2263=ORIENTED_EDGE('',*,*,#4377,.F.);
#2264=ORIENTED_EDGE('',*,*,#4519,.T.);
#2265=ORIENTED_EDGE('',*,*,#4518,.F.);
#2266=CARTESIAN_POINT('',(-0.8,3.7,3.8));
#2267=DIRECTION('',(-0.0,1.0,0.0));
#2268=DIRECTION('',(1.0,0.0,0.0));
#2269=ORIENTED_EDGE('',*,*,#4519,.F.);
#2270=ORIENTED_EDGE('',*,*,#4376,.F.);
#2271=ORIENTED_EDGE('',*,*,#4520,.T.);
#2272=ORIENTED_EDGE('',*,*,#4325,.T.);
#2273=ORIENTED_EDGE('',*,*,#4469,.F.);
#2274=CARTESIAN_POINT('',(-0.8,0.0,3.8));
#2275=DIRECTION('',(-1.0,0.0,0.0));
#2276=DIRECTION('',(0.0,0.0,1.0));
#2277=ORIENTED_EDGE('',*,*,#4521,.T.);
#2278=ORIENTED_EDGE('',*,*,#4326,.T.);
#2279=ORIENTED_EDGE('',*,*,#4520,.F.);
#2280=ORIENTED_EDGE('',*,*,#4375,.T.);
#2281=ORIENTED_EDGE('',*,*,#4522,.T.);
#2282=ORIENTED_EDGE('',*,*,#4397,.F.);
#2283=ORIENTED_EDGE('',*,*,#4523,.T.);
#2284=ORIENTED_EDGE('',*,*,#4393,.T.);
#2285=ORIENTED_EDGE('',*,*,#4524,.T.);
#2286=ORIENTED_EDGE('',*,*,#4525,.T.);
#2287=ORIENTED_EDGE('',*,*,#4526,.F.);
#2288=ORIENTED_EDGE('',*,*,#4527,.F.);
#2289=CARTESIAN_POINT('',(-9.0,0.8,4.8));
#2290=DIRECTION('',(0.0,-1.0,0.0));
#2291=DIRECTION('',(0.0,0.0,-1.0));
#2292=ORIENTED_EDGE('',*,*,#4528,.T.);
#2293=ORIENTED_EDGE('',*,*,#4529,.T.);
#2294=ORIENTED_EDGE('',*,*,#4530,.T.);
#2295=ORIENTED_EDGE('',*,*,#4264,.T.);
#2296=ORIENTED_EDGE('',*,*,#4531,.T.);
#2297=ORIENTED_EDGE('',*,*,#4532,.T.);
#2298=ORIENTED_EDGE('',*,*,#4533,.F.);
#2299=ORIENTED_EDGE('',*,*,#4534,.T.);
#2300=ORIENTED_EDGE('',*,*,#4535,.T.);
#2301=ORIENTED_EDGE('',*,*,#4536,.T.);
#2302=ORIENTED_EDGE('',*,*,#4537,.F.);
#2303=ORIENTED_EDGE('',*,*,#4538,.F.);
#2304=CARTESIAN_POINT('',(-9.0,0.8,4.8));
#2305=DIRECTION('',(0.0,-1.0,0.0));
#2306=DIRECTION('',(0.0,0.0,-1.0));
#2307=ORIENTED_EDGE('',*,*,#4384,.T.);
#2308=ORIENTED_EDGE('',*,*,#4523,.F.);
#2309=ORIENTED_EDGE('',*,*,#4396,.F.);
#2310=ORIENTED_EDGE('',*,*,#4299,.T.);
#2311=CARTESIAN_POINT('',(-3.1,0.0,4.8));
#2312=DIRECTION('',(-1.0,0.0,0.0));
#2313=DIRECTION('',(0.0,0.0,1.0));
#2314=ORIENTED_EDGE('',*,*,#4398,.T.);
#2315=ORIENTED_EDGE('',*,*,#4522,.F.);
#2316=ORIENTED_EDGE('',*,*,#4374,.T.);
#2317=ORIENTED_EDGE('',*,*,#4287,.F.);
#2318=CARTESIAN_POINT('',(-1.1,0.0,3.8));
#2319=DIRECTION('',(1.0,0.0,0.0));
#2320=DIRECTION('',(0.0,1.0,0.0));
#2321=ORIENTED_EDGE('',*,*,#4327,.T.);
#2322=ORIENTED_EDGE('',*,*,#4521,.F.);
#2323=ORIENTED_EDGE('',*,*,#4392,.F.);
#2324=ORIENTED_EDGE('',*,*,#4539,.T.);
#2325=ORIENTED_EDGE('',*,*,#4465,.T.);
#2326=CARTESIAN_POINT('',(-3.4,3.7,3.8));
#2327=DIRECTION('',(1.0,0.0,0.0));
#2328=DIRECTION('',(0.0,1.0,0.0));
#2329=ORIENTED_EDGE('',*,*,#4539,.F.);
#2330=ORIENTED_EDGE('',*,*,#4391,.F.);
#2331=ORIENTED_EDGE('',*,*,#4540,.T.);
#2332=ORIENTED_EDGE('',*,*,#4541,.T.);
#2333=CARTESIAN_POINT('',(-3.9,3.7,3.8));
#2334=DIRECTION('',(-0.0,1.0,0.0));
#2335=DIRECTION('',(1.0,0.0,0.0));
#2336=ORIENTED_EDGE('',*,*,#4542,.F.);
#2337=ORIENTED_EDGE('',*,*,#4234,.T.);
#2338=ORIENTED_EDGE('',*,*,#4543,.T.);
#2339=ORIENTED_EDGE('',*,*,#4466,.F.);
#2340=ORIENTED_EDGE('',*,*,#4541,.F.);
#2341=CARTESIAN_POINT('',(-3.9,12.8,3.0));
#2342=DIRECTION('',(-0.707106781186548,0.0,0.707106781186548));
#2343=DIRECTION('',(0.0,1.0,0.0));
#2344=ORIENTED_EDGE('',*,*,#4517,.T.);
#2345=ORIENTED_EDGE('',*,*,#4467,.F.);
#2346=ORIENTED_EDGE('',*,*,#4543,.F.);
#2347=ORIENTED_EDGE('',*,*,#4233,.T.);
#2348=CARTESIAN_POINT('',(-3.0,12.8,3.9));
#2349=DIRECTION('',(0.0,0.0,1.0));
#2350=DIRECTION('',(1.0,0.0,0.0));
#2351=ORIENTED_EDGE('',*,*,#4544,.F.);
#2352=ORIENTED_EDGE('',*,*,#4235,.T.);
#2353=ORIENTED_EDGE('',*,*,#4542,.T.);
#2354=ORIENTED_EDGE('',*,*,#4540,.F.);
#2355=ORIENTED_EDGE('',*,*,#4390,.F.);
#2356=ORIENTED_EDGE('',*,*,#4545,.T.);
#2357=ORIENTED_EDGE('',*,*,#4329,.T.);
#2358=ORIENTED_EDGE('',*,*,#4472,.F.);
#2359=CARTESIAN_POINT('',(-3.9,12.8,0.3));
#2360=DIRECTION('',(-1.0,0.0,0.0));
#2361=DIRECTION('',(0.0,0.0,1.0));
#2362=ORIENTED_EDGE('',*,*,#4546,.T.);
#2363=ORIENTED_EDGE('',*,*,#4330,.T.);
#2364=ORIENTED_EDGE('',*,*,#4545,.F.);
#2365=ORIENTED_EDGE('',*,*,#4389,.F.);
#2366=CARTESIAN_POINT('',(-4.5,2.7,3.8));
#2367=DIRECTION('',(-0.0,1.0,0.0));
#2368=DIRECTION('',(1.0,0.0,0.0));
#2369=ORIENTED_EDGE('',*,*,#4547,.F.);
#2370=ORIENTED_EDGE('',*,*,#4219,.T.);
#2371=ORIENTED_EDGE('',*,*,#4548,.T.);
#2372=ORIENTED_EDGE('',*,*,#4549,.F.);
#2373=ORIENTED_EDGE('',*,*,#4331,.T.);
#2374=ORIENTED_EDGE('',*,*,#4546,.F.);
#2375=ORIENTED_EDGE('',*,*,#4388,.F.);
#2376=ORIENTED_EDGE('',*,*,#4550,.F.);
#2377=CARTESIAN_POINT('',(-4.5,12.8,3.9));
#2378=DIRECTION('',(1.0,0.0,0.0));
#2379=DIRECTION('',(0.0,1.0,0.0));
#2380=ORIENTED_EDGE('',*,*,#4551,.T.);
#2381=ORIENTED_EDGE('',*,*,#4332,.F.);
#2382=ORIENTED_EDGE('',*,*,#4549,.T.);
#2383=ORIENTED_EDGE('',*,*,#4552,.T.);
#2384=ORIENTED_EDGE('',*,*,#4553,.T.);
#2385=ORIENTED_EDGE('',*,*,#4554,.T.);
#2386=ORIENTED_EDGE('',*,*,#4550,.T.);
#2387=ORIENTED_EDGE('',*,*,#4387,.T.);
#2388=ORIENTED_EDGE('',*,*,#4555,.T.);
#2389=ORIENTED_EDGE('',*,*,#4556,.F.);
#2390=ORIENTED_EDGE('',*,*,#4557,.F.);
#2391=ORIENTED_EDGE('',*,*,#4558,.F.);
#2392=CARTESIAN_POINT('',(-9.0,3.7,-4.8));
#2393=DIRECTION('',(-0.0,1.0,0.0));
#2394=DIRECTION('',(1.0,0.0,0.0));
#2395=ORIENTED_EDGE('',*,*,#4559,.T.);
#2396=ORIENTED_EDGE('',*,*,#4560,.T.);
#2397=ORIENTED_EDGE('',*,*,#4561,.T.);
#2398=ORIENTED_EDGE('',*,*,#4562,.T.);
#2399=ORIENTED_EDGE('',*,*,#4563,.T.);
#2400=ORIENTED_EDGE('',*,*,#4564,.T.);
#2401=ORIENTED_EDGE('',*,*,#4565,.T.);
#2402=ORIENTED_EDGE('',*,*,#4566,.F.);
#2403=ORIENTED_EDGE('',*,*,#4567,.T.);
#2404=ORIENTED_EDGE('',*,*,#4568,.F.);
#2405=ORIENTED_EDGE('',*,*,#4569,.F.);
#2406=ORIENTED_EDGE('',*,*,#4570,.F.);
#2407=CARTESIAN_POINT('',(-9.0,3.7,-4.8));
#2408=DIRECTION('',(-0.0,1.0,0.0));
#2409=DIRECTION('',(1.0,0.0,0.0));
#2410=ORIENTED_EDGE('',*,*,#4547,.T.);
#2411=ORIENTED_EDGE('',*,*,#4554,.F.);
#2412=ORIENTED_EDGE('',*,*,#4571,.F.);
#2413=ORIENTED_EDGE('',*,*,#4216,.T.);
#2414=CARTESIAN_POINT('',(-8.1,12.8,3.9));
#2415=DIRECTION('',(0.0,0.0,1.0));
#2416=DIRECTION('',(1.0,0.0,0.0));
#2417=ORIENTED_EDGE('',*,*,#4571,.T.);
#2418=ORIENTED_EDGE('',*,*,#4553,.F.);
#2419=ORIENTED_EDGE('',*,*,#4572,.F.);
#2420=ORIENTED_EDGE('',*,*,#4217,.T.);
#2421=CARTESIAN_POINT('',(-8.1,12.8,0.3));
#2422=DIRECTION('',(-1.0,0.0,0.0));
#2423=DIRECTION('',(0.0,0.0,1.0));
#2424=ORIENTED_EDGE('',*,*,#4572,.T.);
#2425=ORIENTED_EDGE('',*,*,#4552,.F.);
#2426=ORIENTED_EDGE('',*,*,#4548,.F.);
#2427=ORIENTED_EDGE('',*,*,#4218,.T.);
#2428=CARTESIAN_POINT('',(-4.5,12.8,0.3));
#2429=DIRECTION('',(0.0,0.0,-1.0));
#2430=DIRECTION('',(0.0,-1.0,0.0));
#2431=ORIENTED_EDGE('',*,*,#4333,.T.);
#2432=ORIENTED_EDGE('',*,*,#4551,.F.);
#2433=ORIENTED_EDGE('',*,*,#4386,.F.);
#2434=ORIENTED_EDGE('',*,*,#4335,.T.);
#2435=CARTESIAN_POINT('',(-5.0,0.0,3.8));
#2436=DIRECTION('',(-1.0,0.0,0.0));
#2437=DIRECTION('',(0.0,0.0,1.0));
#2438=ORIENTED_EDGE('',*,*,#4166,.F.);
#2439=ORIENTED_EDGE('',*,*,#4302,.T.);
#2440=ORIENTED_EDGE('',*,*,#4573,.F.);
#2441=ORIENTED_EDGE('',*,*,#4349,.F.);
#2442=ORIENTED_EDGE('',*,*,#4574,.F.);
#2443=ORIENTED_EDGE('',*,*,#4178,.F.);
#2444=CARTESIAN_POINT('',(7.6,0.0,-3.8));
#2445=DIRECTION('',(0.0,0.0,-1.0));
#2446=DIRECTION('',(0.0,-1.0,0.0));
#2447=ORIENTED_EDGE('',*,*,#4278,.T.);
#2448=ORIENTED_EDGE('',*,*,#4185,.T.);
#2449=ORIENTED_EDGE('',*,*,#4176,.F.);
#2450=ORIENTED_EDGE('',*,*,#4575,.T.);
#2451=ORIENTED_EDGE('',*,*,#4417,.F.);
#2452=ORIENTED_EDGE('',*,*,#4576,.F.);
#2453=CARTESIAN_POINT('',(7.6,0.0,-3.8));
#2454=DIRECTION('',(0.0,0.0,-1.0));
#2455=DIRECTION('',(0.0,-1.0,0.0));
#2456=ORIENTED_EDGE('',*,*,#4440,.F.);
#2457=ORIENTED_EDGE('',*,*,#4577,.F.);
#2458=ORIENTED_EDGE('',*,*,#4578,.T.);
#2459=ORIENTED_EDGE('',*,*,#4579,.F.);
#2460=ORIENTED_EDGE('',*,*,#4482,.T.);
#2461=ORIENTED_EDGE('',*,*,#4580,.F.);
#2462=ORIENTED_EDGE('',*,*,#4581,.F.);
#2463=ORIENTED_EDGE('',*,*,#4582,.F.);
#2464=ORIENTED_EDGE('',*,*,#4285,.T.);
#2465=ORIENTED_EDGE('',*,*,#4583,.F.);
#2466=ORIENTED_EDGE('',*,*,#4414,.F.);
#2467=ORIENTED_EDGE('',*,*,#4584,.F.);
#2468=CARTESIAN_POINT('',(7.6,0.0,-3.8));
#2469=DIRECTION('',(0.0,0.0,-1.0));
#2470=DIRECTION('',(0.0,-1.0,0.0));
#2471=ORIENTED_EDGE('',*,*,#4585,.F.);
#2472=ORIENTED_EDGE('',*,*,#4292,.T.);
#2473=ORIENTED_EDGE('',*,*,#4586,.F.);
#2474=ORIENTED_EDGE('',*,*,#4587,.F.);
#2475=ORIENTED_EDGE('',*,*,#4588,.F.);
#2476=ORIENTED_EDGE('',*,*,#4486,.F.);
#2477=ORIENTED_EDGE('',*,*,#4589,.F.);
#2478=ORIENTED_EDGE('',*,*,#4590,.F.);
#2479=ORIENTED_EDGE('',*,*,#4591,.F.);
#2480=ORIENTED_EDGE('',*,*,#4498,.F.);
#2481=ORIENTED_EDGE('',*,*,#4592,.F.);
#2482=ORIENTED_EDGE('',*,*,#4532,.F.);
#2483=CARTESIAN_POINT('',(7.6,0.0,-3.8));
#2484=DIRECTION('',(0.0,0.0,-1.0));
#2485=DIRECTION('',(0.0,-1.0,0.0));
#2486=ORIENTED_EDGE('',*,*,#4593,.F.);
#2487=ORIENTED_EDGE('',*,*,#4304,.T.);
#2488=ORIENTED_EDGE('',*,*,#4594,.F.);
#2489=ORIENTED_EDGE('',*,*,#4529,.F.);
#2490=ORIENTED_EDGE('',*,*,#4595,.F.);
#2491=ORIENTED_EDGE('',*,*,#4502,.F.);
#2492=ORIENTED_EDGE('',*,*,#4596,.F.);
#2493=ORIENTED_EDGE('',*,*,#4597,.F.);
#2494=ORIENTED_EDGE('',*,*,#4598,.F.);
#2495=ORIENTED_EDGE('',*,*,#4566,.T.);
#2496=ORIENTED_EDGE('',*,*,#4599,.F.);
#2497=ORIENTED_EDGE('',*,*,#4352,.F.);
#2498=CARTESIAN_POINT('',(7.6,0.0,-3.8));
#2499=DIRECTION('',(0.0,0.0,-1.0));
#2500=DIRECTION('',(0.0,-1.0,0.0));
#2501=ORIENTED_EDGE('',*,*,#4574,.T.);
#2502=ORIENTED_EDGE('',*,*,#4348,.F.);
#2503=ORIENTED_EDGE('',*,*,#4600,.F.);
#2504=ORIENTED_EDGE('',*,*,#4179,.F.);
#2505=CARTESIAN_POINT('',(-7.6,0.0,-0.5));
#2506=DIRECTION('',(-1.0,0.0,0.0));
#2507=DIRECTION('',(0.0,0.0,1.0));
#2508=ORIENTED_EDGE('',*,*,#4601,.T.);
#2509=ORIENTED_EDGE('',*,*,#4496,.T.);
#2510=ORIENTED_EDGE('',*,*,#4602,.T.);
#2511=ORIENTED_EDGE('',*,*,#4603,.T.);
#2512=ORIENTED_EDGE('',*,*,#4604,.T.);
#2513=ORIENTED_EDGE('',*,*,#4488,.T.);
#2514=ORIENTED_EDGE('',*,*,#4605,.T.);
#2515=ORIENTED_EDGE('',*,*,#4606,.F.);
#2516=ORIENTED_EDGE('',*,*,#4607,.F.);
#2517=ORIENTED_EDGE('',*,*,#4480,.T.);
#2518=ORIENTED_EDGE('',*,*,#4608,.F.);
#2519=ORIENTED_EDGE('',*,*,#4609,.F.);
#2520=ORIENTED_EDGE('',*,*,#4610,.F.);
#2521=ORIENTED_EDGE('',*,*,#4611,.F.);
#2522=ORIENTED_EDGE('',*,*,#4612,.F.);
#2523=ORIENTED_EDGE('',*,*,#4419,.F.);
#2524=ORIENTED_EDGE('',*,*,#4613,.F.);
#2525=ORIENTED_EDGE('',*,*,#4174,.F.);
#2526=ORIENTED_EDGE('',*,*,#4614,.F.);
#2527=ORIENTED_EDGE('',*,*,#4272,.T.);
#2528=ORIENTED_EDGE('',*,*,#4615,.T.);
#2529=ORIENTED_EDGE('',*,*,#4180,.F.);
#2530=ORIENTED_EDGE('',*,*,#4600,.T.);
#2531=ORIENTED_EDGE('',*,*,#4347,.F.);
#2532=ORIENTED_EDGE('',*,*,#4616,.T.);
#2533=ORIENTED_EDGE('',*,*,#4617,.T.);
#2534=ORIENTED_EDGE('',*,*,#4618,.T.);
#2535=ORIENTED_EDGE('',*,*,#4619,.T.);
#2536=ORIENTED_EDGE('',*,*,#4620,.T.);
#2537=ORIENTED_EDGE('',*,*,#4504,.T.);
#2538=ORIENTED_EDGE('',*,*,#4621,.T.);
#2539=ORIENTED_EDGE('',*,*,#4534,.F.);
#2540=CARTESIAN_POINT('',(7.6,0.0,-0.5));
#2541=DIRECTION('',(0.0,0.0,-1.0));
#2542=DIRECTION('',(0.0,-1.0,0.0));
#2543=ORIENTED_EDGE('',*,*,#4595,.T.);
#2544=ORIENTED_EDGE('',*,*,#4528,.F.);
#2545=ORIENTED_EDGE('',*,*,#4621,.F.);
#2546=ORIENTED_EDGE('',*,*,#4503,.T.);
#2547=CARTESIAN_POINT('',(-3.4,3.7,-0.5));
#2548=DIRECTION('',(1.0,0.0,0.0));
#2549=DIRECTION('',(0.0,1.0,0.0));
#2550=ORIENTED_EDGE('',*,*,#4622,.F.);
#2551=ORIENTED_EDGE('',*,*,#4229,.T.);
#2552=ORIENTED_EDGE('',*,*,#4623,.T.);
#2553=ORIENTED_EDGE('',*,*,#4493,.F.);
#2554=ORIENTED_EDGE('',*,*,#4620,.F.);
#2555=ORIENTED_EDGE('',*,*,#4624,.T.);
#2556=ORIENTED_EDGE('',*,*,#4596,.T.);
#2557=ORIENTED_EDGE('',*,*,#4501,.F.);
#2558=CARTESIAN_POINT('',(-3.9,12.8,-3.9));
#2559=DIRECTION('',(-1.0,0.0,0.0));
#2560=DIRECTION('',(0.0,0.0,1.0));
#2561=ORIENTED_EDGE('',*,*,#4625,.T.);
#2562=ORIENTED_EDGE('',*,*,#4597,.T.);
#2563=ORIENTED_EDGE('',*,*,#4624,.F.);
#2564=ORIENTED_EDGE('',*,*,#4619,.F.);
#2565=CARTESIAN_POINT('',(-4.5,2.7,-0.5));
#2566=DIRECTION('',(-0.0,1.0,0.0));
#2567=DIRECTION('',(1.0,0.0,0.0));
#2568=ORIENTED_EDGE('',*,*,#4225,.T.);
#2569=ORIENTED_EDGE('',*,*,#4626,.T.);
#2570=ORIENTED_EDGE('',*,*,#4559,.F.);
#2571=ORIENTED_EDGE('',*,*,#4598,.T.);
#2572=ORIENTED_EDGE('',*,*,#4625,.F.);
#2573=ORIENTED_EDGE('',*,*,#4618,.F.);
#2574=ORIENTED_EDGE('',*,*,#4627,.T.);
#2575=ORIENTED_EDGE('',*,*,#4628,.F.);
#2576=CARTESIAN_POINT('',(-4.5,12.8,-1.2));
#2577=DIRECTION('',(1.0,0.0,0.0));
#2578=DIRECTION('',(0.0,1.0,0.0));
#2579=ORIENTED_EDGE('',*,*,#4564,.F.);
#2580=ORIENTED_EDGE('',*,*,#4629,.F.);
#2581=ORIENTED_EDGE('',*,*,#4220,.T.);
#2582=ORIENTED_EDGE('',*,*,#4628,.T.);
#2583=ORIENTED_EDGE('',*,*,#4630,.T.);
#2584=CARTESIAN_POINT('',(-5.4,12.8,-0.3));
#2585=DIRECTION('',(0.707106781186548,0.0,0.707106781186548));
#2586=DIRECTION('',(0.0,-1.0,0.0));
#2587=ORIENTED_EDGE('',*,*,#4630,.F.);
#2588=ORIENTED_EDGE('',*,*,#4627,.F.);
#2589=ORIENTED_EDGE('',*,*,#4617,.F.);
#2590=ORIENTED_EDGE('',*,*,#4631,.T.);
#2591=CARTESIAN_POINT('',(-5.0,3.7,-0.5));
#2592=DIRECTION('',(-0.0,1.0,0.0));
#2593=DIRECTION('',(1.0,0.0,0.0));
#2594=ORIENTED_EDGE('',*,*,#4346,.T.);
#2595=ORIENTED_EDGE('',*,*,#4599,.T.);
#2596=ORIENTED_EDGE('',*,*,#4565,.F.);
#2597=ORIENTED_EDGE('',*,*,#4631,.F.);
#2598=ORIENTED_EDGE('',*,*,#4616,.F.);
#2599=CARTESIAN_POINT('',(-5.0,0.0,-0.5));
#2600=DIRECTION('',(-1.0,0.0,0.0));
#2601=DIRECTION('',(0.0,0.0,1.0));
#2602=ORIENTED_EDGE('',*,*,#4629,.T.);
#2603=ORIENTED_EDGE('',*,*,#4563,.F.);
#2604=ORIENTED_EDGE('',*,*,#4632,.F.);
#2605=ORIENTED_EDGE('',*,*,#4221,.T.);
#2606=CARTESIAN_POINT('',(-7.2,12.8,-0.3));
#2607=DIRECTION('',(0.0,0.0,1.0));
#2608=DIRECTION('',(1.0,0.0,0.0));
#2609=ORIENTED_EDGE('',*,*,#4632,.T.);
#2610=ORIENTED_EDGE('',*,*,#4562,.F.);
#2611=ORIENTED_EDGE('',*,*,#4633,.F.);
#2612=ORIENTED_EDGE('',*,*,#4222,.T.);
#2613=CARTESIAN_POINT('',(-8.1,12.8,-1.2));
#2614=DIRECTION('',(-0.707106781186548,0.0,0.707106781186548));
#2615=DIRECTION('',(0.0,1.0,0.0));
#2616=ORIENTED_EDGE('',*,*,#4633,.T.);
#2617=ORIENTED_EDGE('',*,*,#4561,.F.);
#2618=ORIENTED_EDGE('',*,*,#4634,.F.);
#2619=ORIENTED_EDGE('',*,*,#4223,.T.);
#2620=CARTESIAN_POINT('',(-8.1,12.8,-3.9));
#2621=DIRECTION('',(-1.0,0.0,0.0));
#2622=DIRECTION('',(0.0,0.0,1.0));
#2623=ORIENTED_EDGE('',*,*,#4634,.T.);
#2624=ORIENTED_EDGE('',*,*,#4560,.F.);
#2625=ORIENTED_EDGE('',*,*,#4626,.F.);
#2626=ORIENTED_EDGE('',*,*,#4224,.T.);
#2627=CARTESIAN_POINT('',(-4.5,12.8,-3.9));
#2628=DIRECTION('',(0.0,0.0,-1.0));
#2629=DIRECTION('',(0.0,-1.0,0.0));
#2630=ORIENTED_EDGE('',*,*,#4635,.T.);
#2631=ORIENTED_EDGE('',*,*,#4494,.F.);
#2632=ORIENTED_EDGE('',*,*,#4623,.F.);
#2633=ORIENTED_EDGE('',*,*,#4228,.T.);
#2634=CARTESIAN_POINT('',(-3.9,12.8,-0.3));
#2635=DIRECTION('',(0.0,0.0,1.0));
#2636=DIRECTION('',(1.0,0.0,0.0));
#2637=ORIENTED_EDGE('',*,*,#4635,.F.);
#2638=ORIENTED_EDGE('',*,*,#4227,.T.);
#2639=ORIENTED_EDGE('',*,*,#4636,.T.);
#2640=ORIENTED_EDGE('',*,*,#4499,.F.);
#2641=ORIENTED_EDGE('',*,*,#4591,.T.);
#2642=ORIENTED_EDGE('',*,*,#4637,.F.);
#2643=ORIENTED_EDGE('',*,*,#4602,.F.);
#2644=ORIENTED_EDGE('',*,*,#4495,.F.);
#2645=CARTESIAN_POINT('',(-0.3,12.8,-0.3));
#2646=DIRECTION('',(1.0,0.0,0.0));
#2647=DIRECTION('',(0.0,1.0,0.0));
#2648=ORIENTED_EDGE('',*,*,#4637,.T.);
#2649=ORIENTED_EDGE('',*,*,#4590,.T.);
#2650=ORIENTED_EDGE('',*,*,#4638,.F.);
#2651=ORIENTED_EDGE('',*,*,#4603,.F.);
#2652=CARTESIAN_POINT('',(-0.3,2.7,-0.5));
#2653=DIRECTION('',(-0.0,1.0,0.0));
#2654=DIRECTION('',(1.0,0.0,0.0));
#2655=ORIENTED_EDGE('',*,*,#4639,.F.);
#2656=ORIENTED_EDGE('',*,*,#4243,.T.);
#2657=ORIENTED_EDGE('',*,*,#4640,.T.);
#2658=ORIENTED_EDGE('',*,*,#4477,.F.);
#2659=ORIENTED_EDGE('',*,*,#4604,.F.);
#2660=ORIENTED_EDGE('',*,*,#4638,.T.);
#2661=ORIENTED_EDGE('',*,*,#4589,.T.);
#2662=ORIENTED_EDGE('',*,*,#4485,.F.);
#2663=CARTESIAN_POINT('',(0.3,12.8,-3.9));
#2664=DIRECTION('',(-1.0,0.0,0.0));
#2665=DIRECTION('',(0.0,0.0,1.0));
#2666=ORIENTED_EDGE('',*,*,#4641,.T.);
#2667=ORIENTED_EDGE('',*,*,#4478,.F.);
#2668=ORIENTED_EDGE('',*,*,#4640,.F.);
#2669=ORIENTED_EDGE('',*,*,#4242,.T.);
#2670=CARTESIAN_POINT('',(0.3,12.8,-0.3));
#2671=DIRECTION('',(0.0,0.0,1.0));
#2672=DIRECTION('',(1.0,0.0,0.0));
#2673=ORIENTED_EDGE('',*,*,#4642,.T.);
#2674=ORIENTED_EDGE('',*,*,#4608,.T.);
#2675=ORIENTED_EDGE('',*,*,#4479,.F.);
#2676=ORIENTED_EDGE('',*,*,#4641,.F.);
#2677=ORIENTED_EDGE('',*,*,#4245,.T.);
#2678=ORIENTED_EDGE('',*,*,#4643,.T.);
#2679=ORIENTED_EDGE('',*,*,#4483,.F.);
#2680=ORIENTED_EDGE('',*,*,#4579,.T.);
#2681=CARTESIAN_POINT('',(3.9,3.7,-0.5));
#2682=DIRECTION('',(1.0,0.0,0.0));
#2683=DIRECTION('',(0.0,1.0,0.0));
#2684=ORIENTED_EDGE('',*,*,#4639,.T.);
#2685=ORIENTED_EDGE('',*,*,#4484,.F.);
#2686=ORIENTED_EDGE('',*,*,#4643,.F.);
#2687=ORIENTED_EDGE('',*,*,#4244,.T.);
#2688=CARTESIAN_POINT('',(3.9,12.8,-3.9));
#2689=DIRECTION('',(0.0,0.0,-1.0));
#2690=DIRECTION('',(0.0,-1.0,0.0));
#2691=ORIENTED_EDGE('',*,*,#4642,.F.);
#2692=ORIENTED_EDGE('',*,*,#4578,.F.);
#2693=ORIENTED_EDGE('',*,*,#4644,.F.);
#2694=ORIENTED_EDGE('',*,*,#4609,.T.);
#2695=CARTESIAN_POINT('',(3.9,2.7,-0.5));
#2696=DIRECTION('',(-0.0,1.0,0.0));
#2697=DIRECTION('',(1.0,0.0,0.0));
#2698=ORIENTED_EDGE('',*,*,#4645,.F.);
#2699=ORIENTED_EDGE('',*,*,#4213,.T.);
#2700=ORIENTED_EDGE('',*,*,#4646,.T.);
#2701=ORIENTED_EDGE('',*,*,#4647,.T.);
#2702=ORIENTED_EDGE('',*,*,#4610,.T.);
#2703=ORIENTED_EDGE('',*,*,#4644,.T.);
#2704=ORIENTED_EDGE('',*,*,#4577,.T.);
#2705=ORIENTED_EDGE('',*,*,#4439,.F.);
#2706=CARTESIAN_POINT('',(4.5,12.8,-3.9));
#2707=DIRECTION('',(-1.0,0.0,0.0));
#2708=DIRECTION('',(0.0,0.0,1.0));
#2709=ORIENTED_EDGE('',*,*,#4648,.T.);
#2710=ORIENTED_EDGE('',*,*,#4649,.F.);
#2711=ORIENTED_EDGE('',*,*,#4611,.T.);
#2712=ORIENTED_EDGE('',*,*,#4647,.F.);
#2713=CARTESIAN_POINT('',(4.5,3.7,-0.5));
#2714=DIRECTION('',(-0.0,1.0,0.0));
#2715=DIRECTION('',(1.0,0.0,0.0));
#2716=ORIENTED_EDGE('',*,*,#4584,.T.);
#2717=ORIENTED_EDGE('',*,*,#4413,.F.);
#2718=ORIENTED_EDGE('',*,*,#4612,.T.);
#2719=ORIENTED_EDGE('',*,*,#4649,.T.);
#2720=ORIENTED_EDGE('',*,*,#4441,.T.);
#2721=CARTESIAN_POINT('',(5.0,3.7,-0.5));
#2722=DIRECTION('',(1.0,0.0,0.0));
#2723=DIRECTION('',(0.0,1.0,0.0));
#2724=ORIENTED_EDGE('',*,*,#4646,.F.);
#2725=ORIENTED_EDGE('',*,*,#4212,.T.);
#2726=ORIENTED_EDGE('',*,*,#4650,.T.);
#2727=ORIENTED_EDGE('',*,*,#4434,.F.);
#2728=ORIENTED_EDGE('',*,*,#4648,.F.);
#2729=CARTESIAN_POINT('',(4.5,12.8,-1.2));
#2730=DIRECTION('',(-0.707106781186548,0.0,0.707106781186548));
#2731=DIRECTION('',(0.0,1.0,0.0));
#2732=ORIENTED_EDGE('',*,*,#4651,.T.);
#2733=ORIENTED_EDGE('',*,*,#4435,.F.);
#2734=ORIENTED_EDGE('',*,*,#4650,.F.);
#2735=ORIENTED_EDGE('',*,*,#4211,.T.);
#2736=CARTESIAN_POINT('',(5.4,12.8,-0.3));
#2737=DIRECTION('',(0.0,0.0,1.0));
#2738=DIRECTION('',(1.0,0.0,0.0));
#2739=ORIENTED_EDGE('',*,*,#4652,.T.);
#2740=ORIENTED_EDGE('',*,*,#4436,.F.);
#2741=ORIENTED_EDGE('',*,*,#4651,.F.);
#2742=ORIENTED_EDGE('',*,*,#4210,.T.);
#2743=CARTESIAN_POINT('',(7.2,12.8,-0.3));
#2744=DIRECTION('',(0.707106781186548,0.0,0.707106781186548));
#2745=DIRECTION('',(0.0,-1.0,0.0));
#2746=ORIENTED_EDGE('',*,*,#4653,.T.);
#2747=ORIENTED_EDGE('',*,*,#4437,.F.);
#2748=ORIENTED_EDGE('',*,*,#4652,.F.);
#2749=ORIENTED_EDGE('',*,*,#4215,.T.);
#2750=CARTESIAN_POINT('',(8.1,12.8,-1.2));
#2751=DIRECTION('',(1.0,0.0,0.0));
#2752=DIRECTION('',(0.0,1.0,0.0));
#2753=ORIENTED_EDGE('',*,*,#4645,.T.);
#2754=ORIENTED_EDGE('',*,*,#4438,.F.);
#2755=ORIENTED_EDGE('',*,*,#4653,.F.);
#2756=ORIENTED_EDGE('',*,*,#4214,.T.);
#2757=CARTESIAN_POINT('',(8.1,12.8,-3.9));
#2758=DIRECTION('',(0.0,0.0,-1.0));
#2759=DIRECTION('',(0.0,-1.0,0.0));
#2760=ORIENTED_EDGE('',*,*,#4622,.T.);
#2761=ORIENTED_EDGE('',*,*,#4500,.F.);
#2762=ORIENTED_EDGE('',*,*,#4636,.F.);
#2763=ORIENTED_EDGE('',*,*,#4226,.T.);
#2764=CARTESIAN_POINT('',(-0.3,12.8,-3.9));
#2765=DIRECTION('',(0.0,0.0,-1.0));
#2766=DIRECTION('',(0.0,-1.0,0.0));
#2767=ORIENTED_EDGE('',*,*,#4307,.T.);
#2768=ORIENTED_EDGE('',*,*,#4181,.F.);
#2769=ORIENTED_EDGE('',*,*,#4615,.F.);
#2770=ORIENTED_EDGE('',*,*,#4271,.T.);
#2771=CARTESIAN_POINT('',(-8.0,0.0,-0.5));
#2772=DIRECTION('',(1.0,0.0,0.0));
#2773=DIRECTION('',(0.0,1.0,0.0));
#2774=ORIENTED_EDGE('',*,*,#4614,.T.);
#2775=ORIENTED_EDGE('',*,*,#4173,.F.);
#2776=ORIENTED_EDGE('',*,*,#4308,.F.);
#2777=ORIENTED_EDGE('',*,*,#4273,.T.);
#2778=CARTESIAN_POINT('',(8.0,0.0,0.5));
#2779=DIRECTION('',(-1.0,0.0,0.0));
#2780=DIRECTION('',(0.0,0.0,1.0));
#2781=ORIENTED_EDGE('',*,*,#4613,.T.);
#2782=ORIENTED_EDGE('',*,*,#4418,.F.);
#2783=ORIENTED_EDGE('',*,*,#4575,.F.);
#2784=ORIENTED_EDGE('',*,*,#4175,.T.);
#2785=CARTESIAN_POINT('',(7.6,0.0,-3.8));
#2786=DIRECTION('',(1.0,0.0,0.0));
#2787=DIRECTION('',(0.0,1.0,0.0));
#2788=ORIENTED_EDGE('',*,*,#4607,.T.);
#2789=ORIENTED_EDGE('',*,*,#4654,.T.);
#2790=ORIENTED_EDGE('',*,*,#4580,.T.);
#2791=ORIENTED_EDGE('',*,*,#4481,.F.);
#2792=CARTESIAN_POINT('',(3.4,0.0,-0.5));
#2793=DIRECTION('',(-1.0,0.0,0.0));
#2794=DIRECTION('',(0.0,0.0,1.0));
#2795=ORIENTED_EDGE('',*,*,#4655,.T.);
#2796=ORIENTED_EDGE('',*,*,#4318,.T.);
#2797=ORIENTED_EDGE('',*,*,#4656,.F.);
#2798=ORIENTED_EDGE('',*,*,#4371,.T.);
#2799=ORIENTED_EDGE('',*,*,#4657,.T.);
#2800=ORIENTED_EDGE('',*,*,#4400,.F.);
#2801=ORIENTED_EDGE('',*,*,#4658,.T.);
#2802=ORIENTED_EDGE('',*,*,#4383,.T.);
#2803=ORIENTED_EDGE('',*,*,#4659,.T.);
#2804=ORIENTED_EDGE('',*,*,#4660,.T.);
#2805=ORIENTED_EDGE('',*,*,#4661,.F.);
#2806=ORIENTED_EDGE('',*,*,#4662,.F.);
#2807=CARTESIAN_POINT('',(-9.0,0.8,4.8));
#2808=DIRECTION('',(0.0,-1.0,0.0));
#2809=DIRECTION('',(0.0,0.0,-1.0));
#2810=ORIENTED_EDGE('',*,*,#4663,.T.);
#2811=ORIENTED_EDGE('',*,*,#4260,.T.);
#2812=ORIENTED_EDGE('',*,*,#4664,.T.);
#2813=ORIENTED_EDGE('',*,*,#4581,.T.);
#2814=ORIENTED_EDGE('',*,*,#4654,.F.);
#2815=ORIENTED_EDGE('',*,*,#4606,.T.);
#2816=ORIENTED_EDGE('',*,*,#4665,.T.);
#2817=ORIENTED_EDGE('',*,*,#4587,.T.);
#2818=ORIENTED_EDGE('',*,*,#4666,.T.);
#2819=ORIENTED_EDGE('',*,*,#4667,.T.);
#2820=ORIENTED_EDGE('',*,*,#4668,.F.);
#2821=ORIENTED_EDGE('',*,*,#4669,.F.);
#2822=CARTESIAN_POINT('',(-9.0,0.8,4.8));
#2823=DIRECTION('',(0.0,-1.0,0.0));
#2824=DIRECTION('',(0.0,0.0,-1.0));
#2825=ORIENTED_EDGE('',*,*,#4373,.T.);
#2826=ORIENTED_EDGE('',*,*,#4658,.F.);
#2827=ORIENTED_EDGE('',*,*,#4399,.F.);
#2828=ORIENTED_EDGE('',*,*,#4289,.T.);
#2829=CARTESIAN_POINT('',(1.1,0.0,4.8));
#2830=DIRECTION('',(-1.0,0.0,0.0));
#2831=DIRECTION('',(0.0,0.0,1.0));
#2832=ORIENTED_EDGE('',*,*,#4401,.T.);
#2833=ORIENTED_EDGE('',*,*,#4657,.F.);
#2834=ORIENTED_EDGE('',*,*,#4370,.T.);
#2835=ORIENTED_EDGE('',*,*,#4280,.F.);
#2836=CARTESIAN_POINT('',(3.1,0.0,3.8));
#2837=DIRECTION('',(1.0,0.0,0.0));
#2838=DIRECTION('',(0.0,1.0,0.0));
#2839=ORIENTED_EDGE('',*,*,#4656,.T.);
#2840=ORIENTED_EDGE('',*,*,#4317,.T.);
#2841=ORIENTED_EDGE('',*,*,#4458,.F.);
#2842=ORIENTED_EDGE('',*,*,#4670,.T.);
#2843=ORIENTED_EDGE('',*,*,#4372,.T.);
#2844=CARTESIAN_POINT('',(3.4,0.0,3.8));
#2845=DIRECTION('',(-1.0,0.0,0.0));
#2846=DIRECTION('',(0.0,0.0,1.0));
#2847=ORIENTED_EDGE('',*,*,#4671,.T.);
#2848=ORIENTED_EDGE('',*,*,#4450,.T.);
#2849=ORIENTED_EDGE('',*,*,#4362,.T.);
#2850=ORIENTED_EDGE('',*,*,#4670,.F.);
#2851=CARTESIAN_POINT('',(3.4,3.7,3.8));
#2852=DIRECTION('',(-0.0,1.0,0.0));
#2853=DIRECTION('',(1.0,0.0,0.0));
#2854=ORIENTED_EDGE('',*,*,#4457,.F.);
#2855=ORIENTED_EDGE('',*,*,#4672,.F.);
#2856=ORIENTED_EDGE('',*,*,#4236,.T.);
#2857=ORIENTED_EDGE('',*,*,#4451,.T.);
#2858=ORIENTED_EDGE('',*,*,#4671,.F.);
#2859=CARTESIAN_POINT('',(3.0,12.8,3.9));
#2860=DIRECTION('',(0.707106781186548,0.0,0.707106781186548));
#2861=DIRECTION('',(0.0,-1.0,0.0));
#2862=ORIENTED_EDGE('',*,*,#4672,.T.);
#2863=ORIENTED_EDGE('',*,*,#4456,.F.);
#2864=ORIENTED_EDGE('',*,*,#4673,.F.);
#2865=ORIENTED_EDGE('',*,*,#4237,.T.);
#2866=CARTESIAN_POINT('',(1.2,12.8,3.9));
#2867=DIRECTION('',(0.0,0.0,1.0));
#2868=DIRECTION('',(1.0,0.0,0.0));
#2869=ORIENTED_EDGE('',*,*,#4510,.F.);
#2870=ORIENTED_EDGE('',*,*,#4238,.T.);
#2871=ORIENTED_EDGE('',*,*,#4673,.T.);
#2872=ORIENTED_EDGE('',*,*,#4455,.F.);
#2873=ORIENTED_EDGE('',*,*,#4674,.F.);
#2874=CARTESIAN_POINT('',(0.3,12.8,3.0));
#2875=DIRECTION('',(-0.707106781186548,0.0,0.707106781186548));
#2876=DIRECTION('',(0.0,1.0,0.0));
#2877=ORIENTED_EDGE('',*,*,#4675,.F.);
#2878=ORIENTED_EDGE('',*,*,#4381,.F.);
#2879=ORIENTED_EDGE('',*,*,#4511,.T.);
#2880=ORIENTED_EDGE('',*,*,#4674,.T.);
#2881=CARTESIAN_POINT('',(0.3,3.7,3.8));
#2882=DIRECTION('',(-0.0,1.0,0.0));
#2883=DIRECTION('',(1.0,0.0,0.0));
#2884=ORIENTED_EDGE('',*,*,#4319,.T.);
#2885=ORIENTED_EDGE('',*,*,#4655,.F.);
#2886=ORIENTED_EDGE('',*,*,#4382,.F.);
#2887=ORIENTED_EDGE('',*,*,#4675,.T.);
#2888=ORIENTED_EDGE('',*,*,#4454,.T.);
#2889=CARTESIAN_POINT('',(0.8,3.7,3.8));
#2890=DIRECTION('',(1.0,0.0,0.0));
#2891=DIRECTION('',(0.0,1.0,0.0));
#2892=ORIENTED_EDGE('',*,*,#4588,.T.);
#2893=ORIENTED_EDGE('',*,*,#4665,.F.);
#2894=ORIENTED_EDGE('',*,*,#4605,.F.);
#2895=ORIENTED_EDGE('',*,*,#4487,.T.);
#2896=CARTESIAN_POINT('',(0.8,3.7,-0.5));
#2897=DIRECTION('',(1.0,0.0,0.0));
#2898=DIRECTION('',(0.0,1.0,0.0));
#2899=ORIENTED_EDGE('',*,*,#4582,.T.);
#2900=ORIENTED_EDGE('',*,*,#4664,.F.);
#2901=ORIENTED_EDGE('',*,*,#4259,.F.);
#2902=ORIENTED_EDGE('',*,*,#4286,.T.);
#2903=CARTESIAN_POINT('',(3.1,0.0,-4.8));
#2904=DIRECTION('',(1.0,0.0,0.0));
#2905=DIRECTION('',(0.0,1.0,0.0));
#2906=ORIENTED_EDGE('',*,*,#4261,.T.);
#2907=ORIENTED_EDGE('',*,*,#4663,.F.);
#2908=ORIENTED_EDGE('',*,*,#4586,.T.);
#2909=ORIENTED_EDGE('',*,*,#4291,.F.);
#2910=CARTESIAN_POINT('',(1.1,0.0,-3.8));
#2911=DIRECTION('',(-1.0,0.0,0.0));
#2912=DIRECTION('',(0.0,0.0,1.0));
#2913=ORIENTED_EDGE('',*,*,#4676,.F.);
#2914=ORIENTED_EDGE('',*,*,#4677,.F.);
#2915=ORIENTED_EDGE('',*,*,#4678,.F.);
#2916=ORIENTED_EDGE('',*,*,#4679,.F.);
#2917=ORIENTED_EDGE('',*,*,#4492,.T.);
#2918=CARTESIAN_POINT('',(2.67,0.0,0.5));
#2919=DIRECTION('',(-1.0,0.0,0.0));
#2920=DIRECTION('',(0.0,0.0,1.0));
#2921=ORIENTED_EDGE('',*,*,#4680,.F.);
#2922=ORIENTED_EDGE('',*,*,#4681,.F.);
#2923=ORIENTED_EDGE('',*,*,#4682,.F.);
#2924=ORIENTED_EDGE('',*,*,#4683,.F.);
#2925=ORIENTED_EDGE('',*,*,#4464,.T.);
#2926=CARTESIAN_POINT('',(2.67,0.0,0.5));
#2927=DIRECTION('',(-1.0,0.0,0.0));
#2928=DIRECTION('',(0.0,0.0,1.0));
#2929=ORIENTED_EDGE('',*,*,#4684,.F.);
#2930=ORIENTED_EDGE('',*,*,#4685,.F.);
#2931=ORIENTED_EDGE('',*,*,#4686,.F.);
#2932=ORIENTED_EDGE('',*,*,#4687,.F.);
#2933=ORIENTED_EDGE('',*,*,#4669,.T.);
#2934=CARTESIAN_POINT('',(2.67,0.0,0.5));
#2935=DIRECTION('',(-1.0,0.0,0.0));
#2936=DIRECTION('',(0.0,0.0,1.0));
#2937=ORIENTED_EDGE('',*,*,#4688,.F.);
#2938=ORIENTED_EDGE('',*,*,#4689,.F.);
#2939=ORIENTED_EDGE('',*,*,#4690,.F.);
#2940=ORIENTED_EDGE('',*,*,#4691,.F.);
#2941=ORIENTED_EDGE('',*,*,#4662,.T.);
#2942=CARTESIAN_POINT('',(2.67,0.0,0.5));
#2943=DIRECTION('',(-1.0,0.0,0.0));
#2944=DIRECTION('',(0.0,0.0,1.0));
#2945=ORIENTED_EDGE('',*,*,#4679,.T.);
#2946=ORIENTED_EDGE('',*,*,#4692,.T.);
#2947=ORIENTED_EDGE('',*,*,#4693,.F.);
#2948=ORIENTED_EDGE('',*,*,#4489,.F.);
#2949=CARTESIAN_POINT('',(2.67,3.7,-1.71));
#2950=DIRECTION('',(0.0,0.0,1.0));
#2951=DIRECTION('',(1.0,0.0,0.0));
#2952=ORIENTED_EDGE('',*,*,#4693,.T.);
#2953=ORIENTED_EDGE('',*,*,#4694,.T.);
#2954=ORIENTED_EDGE('',*,*,#4695,.T.);
#2955=ORIENTED_EDGE('',*,*,#4696,.T.);
#2956=ORIENTED_EDGE('',*,*,#4490,.T.);
#2957=CARTESIAN_POINT('',(1.53,0.0,0.5));
#2958=DIRECTION('',(-1.0,0.0,0.0));
#2959=DIRECTION('',(0.0,0.0,1.0));
#2960=ORIENTED_EDGE('',*,*,#4697,.T.);
#2961=ORIENTED_EDGE('',*,*,#4698,.T.);
#2962=ORIENTED_EDGE('',*,*,#4699,.T.);
#2963=ORIENTED_EDGE('',*,*,#4700,.T.);
#2964=ORIENTED_EDGE('',*,*,#4462,.T.);
#2965=CARTESIAN_POINT('',(1.53,0.0,0.5));
#2966=DIRECTION('',(-1.0,0.0,0.0));
#2967=DIRECTION('',(0.0,0.0,1.0));
#2968=ORIENTED_EDGE('',*,*,#4701,.T.);
#2969=ORIENTED_EDGE('',*,*,#4702,.T.);
#2970=ORIENTED_EDGE('',*,*,#4703,.T.);
#2971=ORIENTED_EDGE('',*,*,#4704,.T.);
#2972=ORIENTED_EDGE('',*,*,#4667,.F.);
#2973=CARTESIAN_POINT('',(1.53,0.0,0.5));
#2974=DIRECTION('',(-1.0,0.0,0.0));
#2975=DIRECTION('',(0.0,0.0,1.0));
#2976=ORIENTED_EDGE('',*,*,#4705,.T.);
#2977=ORIENTED_EDGE('',*,*,#4706,.T.);
#2978=ORIENTED_EDGE('',*,*,#4707,.T.);
#2979=ORIENTED_EDGE('',*,*,#4708,.T.);
#2980=ORIENTED_EDGE('',*,*,#4660,.F.);
#2981=CARTESIAN_POINT('',(1.53,0.0,0.5));
#2982=DIRECTION('',(-1.0,0.0,0.0));
#2983=DIRECTION('',(0.0,0.0,1.0));
#2984=ORIENTED_EDGE('',*,*,#4696,.F.);
#2985=ORIENTED_EDGE('',*,*,#4709,.F.);
#2986=ORIENTED_EDGE('',*,*,#4676,.T.);
#2987=ORIENTED_EDGE('',*,*,#4491,.T.);
#2988=CARTESIAN_POINT('',(2.67,4.3,-2.85));
#2989=DIRECTION('',(0.0,0.554700196225229,-0.832050294337844));
#2990=DIRECTION('',(-1.0,0.0,0.0));
#2991=ORIENTED_EDGE('',*,*,#4709,.T.);
#2992=ORIENTED_EDGE('',*,*,#4695,.F.);
#2993=ORIENTED_EDGE('',*,*,#4710,.F.);
#2994=ORIENTED_EDGE('',*,*,#4677,.T.);
#2995=CARTESIAN_POINT('',(2.67,9.2,-2.85));
#2996=DIRECTION('',(0.0,0.0,-1.0));
#2997=DIRECTION('',(0.0,-1.0,0.0));
#2998=ORIENTED_EDGE('',*,*,#4710,.T.);
#2999=ORIENTED_EDGE('',*,*,#4694,.F.);
#3000=ORIENTED_EDGE('',*,*,#4692,.F.);
#3001=ORIENTED_EDGE('',*,*,#4678,.T.);
#3002=CARTESIAN_POINT('',(2.67,9.2,-1.71));
#3003=DIRECTION('',(-0.0,1.0,0.0));
#3004=DIRECTION('',(1.0,0.0,0.0));
#3005=ORIENTED_EDGE('',*,*,#4700,.F.);
#3006=ORIENTED_EDGE('',*,*,#4711,.F.);
#3007=ORIENTED_EDGE('',*,*,#4680,.T.);
#3008=ORIENTED_EDGE('',*,*,#4463,.T.);
#3009=CARTESIAN_POINT('',(2.67,9.2,1.31));
#3010=DIRECTION('',(0.0,0.0,-1.0));
#3011=DIRECTION('',(0.0,-1.0,0.0));
#3012=ORIENTED_EDGE('',*,*,#4711,.T.);
#3013=ORIENTED_EDGE('',*,*,#4699,.F.);
#3014=ORIENTED_EDGE('',*,*,#4712,.F.);
#3015=ORIENTED_EDGE('',*,*,#4681,.T.);
#3016=CARTESIAN_POINT('',(2.67,9.2,2.45));
#3017=DIRECTION('',(-0.0,1.0,0.0));
#3018=DIRECTION('',(1.0,0.0,0.0));
#3019=ORIENTED_EDGE('',*,*,#4712,.T.);
#3020=ORIENTED_EDGE('',*,*,#4698,.F.);
#3021=ORIENTED_EDGE('',*,*,#4713,.F.);
#3022=ORIENTED_EDGE('',*,*,#4682,.T.);
#3023=CARTESIAN_POINT('',(2.67,4.3,2.45));
#3024=DIRECTION('',(0.0,0.0,1.0));
#3025=DIRECTION('',(1.0,0.0,0.0));
#3026=ORIENTED_EDGE('',*,*,#4683,.T.);
#3027=ORIENTED_EDGE('',*,*,#4713,.T.);
#3028=ORIENTED_EDGE('',*,*,#4697,.F.);
#3029=ORIENTED_EDGE('',*,*,#4461,.F.);
#3030=CARTESIAN_POINT('',(2.67,3.7,2.85));
#3031=DIRECTION('',(0.0,0.554700196225229,0.832050294337844));
#3032=DIRECTION('',(1.0,-0.0,0.0));
#3033=ORIENTED_EDGE('',*,*,#4704,.F.);
#3034=ORIENTED_EDGE('',*,*,#4714,.F.);
#3035=ORIENTED_EDGE('',*,*,#4684,.T.);
#3036=ORIENTED_EDGE('',*,*,#4668,.T.);
#3037=CARTESIAN_POINT('',(2.67,-2.23,-2.65));
#3038=DIRECTION('',(0.0,0.0,1.0));
#3039=DIRECTION('',(1.0,0.0,0.0));
#3040=ORIENTED_EDGE('',*,*,#4714,.T.);
#3041=ORIENTED_EDGE('',*,*,#4703,.F.);
#3042=ORIENTED_EDGE('',*,*,#4715,.F.);
#3043=ORIENTED_EDGE('',*,*,#4685,.T.);
#3044=CARTESIAN_POINT('',(2.67,-3.5,-3.1));
#3045=DIRECTION('',(0.0,-0.333984527886008,0.942578556478324));
#3046=DIRECTION('',(-1.0,0.0,0.0));
#3047=ORIENTED_EDGE('',*,*,#4715,.T.);
#3048=ORIENTED_EDGE('',*,*,#4702,.F.);
#3049=ORIENTED_EDGE('',*,*,#4716,.F.);
#3050=ORIENTED_EDGE('',*,*,#4686,.T.);
#3051=CARTESIAN_POINT('',(2.67,-3.5,-3.25));
#3052=DIRECTION('',(0.0,-1.0,0.0));
#3053=DIRECTION('',(0.0,0.0,-1.0));
#3054=ORIENTED_EDGE('',*,*,#4687,.T.);
#3055=ORIENTED_EDGE('',*,*,#4716,.T.);
#3056=ORIENTED_EDGE('',*,*,#4701,.F.);
#3057=ORIENTED_EDGE('',*,*,#4666,.F.);
#3058=CARTESIAN_POINT('',(2.67,3.7,-3.25));
#3059=DIRECTION('',(0.0,0.0,-1.0));
#3060=DIRECTION('',(0.0,-1.0,0.0));
#3061=ORIENTED_EDGE('',*,*,#4708,.F.);
#3062=ORIENTED_EDGE('',*,*,#4717,.F.);
#3063=ORIENTED_EDGE('',*,*,#4688,.T.);
#3064=ORIENTED_EDGE('',*,*,#4661,.T.);
#3065=CARTESIAN_POINT('',(2.67,-3.5,2.85));
#3066=DIRECTION('',(0.0,0.0,1.0));
#3067=DIRECTION('',(1.0,0.0,0.0));
#3068=ORIENTED_EDGE('',*,*,#4717,.T.);
#3069=ORIENTED_EDGE('',*,*,#4707,.F.);
#3070=ORIENTED_EDGE('',*,*,#4718,.F.);
#3071=ORIENTED_EDGE('',*,*,#4689,.T.);
#3072=CARTESIAN_POINT('',(2.67,-3.5,2.7));
#3073=DIRECTION('',(0.0,-1.0,0.0));
#3074=DIRECTION('',(0.0,0.0,-1.0));
#3075=ORIENTED_EDGE('',*,*,#4718,.T.);
#3076=ORIENTED_EDGE('',*,*,#4706,.F.);
#3077=ORIENTED_EDGE('',*,*,#4719,.F.);
#3078=ORIENTED_EDGE('',*,*,#4690,.T.);
#3079=CARTESIAN_POINT('',(2.67,-2.23,2.25));
#3080=DIRECTION('',(0.0,-0.333984527886008,-0.942578556478324));
#3081=DIRECTION('',(0.0,-0.942578556478324,0.333984527886008));
#3082=ORIENTED_EDGE('',*,*,#4691,.T.);
#3083=ORIENTED_EDGE('',*,*,#4719,.T.);
#3084=ORIENTED_EDGE('',*,*,#4705,.F.);
#3085=ORIENTED_EDGE('',*,*,#4659,.F.);
#3086=CARTESIAN_POINT('',(2.67,3.7,2.25));
#3087=DIRECTION('',(0.0,0.0,-1.0));
#3088=DIRECTION('',(0.0,-1.0,0.0));
#3089=ORIENTED_EDGE('',*,*,#4601,.F.);
#3090=ORIENTED_EDGE('',*,*,#4533,.T.);
#3091=ORIENTED_EDGE('',*,*,#4592,.T.);
#3092=ORIENTED_EDGE('',*,*,#4497,.F.);
#3093=CARTESIAN_POINT('',(-0.8,0.0,-0.5));
#3094=DIRECTION('',(-1.0,0.0,0.0));
#3095=DIRECTION('',(0.0,0.0,1.0));
#3096=ORIENTED_EDGE('',*,*,#4269,.T.);
#3097=ORIENTED_EDGE('',*,*,#4350,.F.);
#3098=ORIENTED_EDGE('',*,*,#4573,.T.);
#3099=ORIENTED_EDGE('',*,*,#4301,.F.);
#3100=CARTESIAN_POINT('',(-7.3,0.0,-3.8));
#3101=DIRECTION('',(-1.0,0.0,0.0));
#3102=DIRECTION('',(0.0,0.0,1.0));
#3103=ORIENTED_EDGE('',*,*,#4576,.T.);
#3104=ORIENTED_EDGE('',*,*,#4416,.F.);
#3105=ORIENTED_EDGE('',*,*,#4255,.F.);
#3106=ORIENTED_EDGE('',*,*,#4279,.T.);
#3107=CARTESIAN_POINT('',(7.3,0.0,-4.8));
#3108=DIRECTION('',(1.0,0.0,0.0));
#3109=DIRECTION('',(0.0,1.0,0.0));
#3110=ORIENTED_EDGE('',*,*,#4257,.T.);
#3111=ORIENTED_EDGE('',*,*,#4415,.F.);
#3112=ORIENTED_EDGE('',*,*,#4583,.T.);
#3113=ORIENTED_EDGE('',*,*,#4284,.F.);
#3114=CARTESIAN_POINT('',(5.3,0.0,-3.8));
#3115=DIRECTION('',(-1.0,0.0,0.0));
#3116=DIRECTION('',(0.0,0.0,1.0));
#3117=ORIENTED_EDGE('',*,*,#4585,.T.);
#3118=ORIENTED_EDGE('',*,*,#4531,.F.);
#3119=ORIENTED_EDGE('',*,*,#4263,.F.);
#3120=ORIENTED_EDGE('',*,*,#4293,.T.);
#3121=CARTESIAN_POINT('',(-1.1,0.0,-4.8));
#3122=DIRECTION('',(1.0,0.0,0.0));
#3123=DIRECTION('',(0.0,1.0,0.0));
#3124=ORIENTED_EDGE('',*,*,#4265,.T.);
#3125=ORIENTED_EDGE('',*,*,#4530,.F.);
#3126=ORIENTED_EDGE('',*,*,#4594,.T.);
#3127=ORIENTED_EDGE('',*,*,#4303,.F.);
#3128=CARTESIAN_POINT('',(-3.1,0.0,-3.8));
#3129=DIRECTION('',(-1.0,0.0,0.0));
#3130=DIRECTION('',(0.0,0.0,1.0));
#3131=ORIENTED_EDGE('',*,*,#4593,.T.);
#3132=ORIENTED_EDGE('',*,*,#4351,.F.);
#3133=ORIENTED_EDGE('',*,*,#4267,.F.);
#3134=ORIENTED_EDGE('',*,*,#4305,.T.);
#3135=CARTESIAN_POINT('',(-5.3,0.0,-4.8));
#3136=DIRECTION('',(1.0,0.0,0.0));
#3137=DIRECTION('',(0.0,1.0,0.0));
#3138=ORIENTED_EDGE('',*,*,#4720,.F.);
#3139=ORIENTED_EDGE('',*,*,#4721,.F.);
#3140=ORIENTED_EDGE('',*,*,#4722,.F.);
#3141=ORIENTED_EDGE('',*,*,#4723,.F.);
#3142=ORIENTED_EDGE('',*,*,#4356,.T.);
#3143=CARTESIAN_POINT('',(-5.73,0.0,0.5));
#3144=DIRECTION('',(-1.0,0.0,0.0));
#3145=DIRECTION('',(0.0,0.0,1.0));
#3146=ORIENTED_EDGE('',*,*,#4724,.F.);
#3147=ORIENTED_EDGE('',*,*,#4725,.F.);
#3148=ORIENTED_EDGE('',*,*,#4726,.F.);
#3149=ORIENTED_EDGE('',*,*,#4727,.F.);
#3150=ORIENTED_EDGE('',*,*,#4345,.T.);
#3151=CARTESIAN_POINT('',(-5.73,0.0,0.5));
#3152=DIRECTION('',(-1.0,0.0,0.0));
#3153=DIRECTION('',(0.0,0.0,1.0));
#3154=ORIENTED_EDGE('',*,*,#4558,.T.);
#3155=ORIENTED_EDGE('',*,*,#4728,.F.);
#3156=ORIENTED_EDGE('',*,*,#4729,.F.);
#3157=ORIENTED_EDGE('',*,*,#4730,.F.);
#3158=ORIENTED_EDGE('',*,*,#4731,.F.);
#3159=CARTESIAN_POINT('',(-5.73,0.0,0.5));
#3160=DIRECTION('',(-1.0,0.0,0.0));
#3161=DIRECTION('',(0.0,0.0,1.0));
#3162=ORIENTED_EDGE('',*,*,#4570,.T.);
#3163=ORIENTED_EDGE('',*,*,#4732,.F.);
#3164=ORIENTED_EDGE('',*,*,#4733,.F.);
#3165=ORIENTED_EDGE('',*,*,#4734,.F.);
#3166=ORIENTED_EDGE('',*,*,#4735,.F.);
#3167=CARTESIAN_POINT('',(-5.73,0.0,0.5));
#3168=DIRECTION('',(-1.0,0.0,0.0));
#3169=DIRECTION('',(0.0,0.0,1.0));
#3170=ORIENTED_EDGE('',*,*,#4723,.T.);
#3171=ORIENTED_EDGE('',*,*,#4736,.T.);
#3172=ORIENTED_EDGE('',*,*,#4737,.F.);
#3173=ORIENTED_EDGE('',*,*,#4353,.F.);
#3174=CARTESIAN_POINT('',(-5.73,3.7,-3.25));
#3175=DIRECTION('',(0.0,0.0,-1.0));
#3176=DIRECTION('',(0.0,-1.0,0.0));
#3177=ORIENTED_EDGE('',*,*,#4737,.T.);
#3178=ORIENTED_EDGE('',*,*,#4738,.T.);
#3179=ORIENTED_EDGE('',*,*,#4739,.T.);
#3180=ORIENTED_EDGE('',*,*,#4740,.T.);
#3181=ORIENTED_EDGE('',*,*,#4354,.F.);
#3182=CARTESIAN_POINT('',(-6.87,0.0,0.5));
#3183=DIRECTION('',(-1.0,0.0,0.0));
#3184=DIRECTION('',(0.0,0.0,1.0));
#3185=ORIENTED_EDGE('',*,*,#4741,.T.);
#3186=ORIENTED_EDGE('',*,*,#4742,.T.);
#3187=ORIENTED_EDGE('',*,*,#4743,.T.);
#3188=ORIENTED_EDGE('',*,*,#4744,.T.);
#3189=ORIENTED_EDGE('',*,*,#4343,.F.);
#3190=CARTESIAN_POINT('',(-6.87,0.0,0.5));
#3191=DIRECTION('',(-1.0,0.0,0.0));
#3192=DIRECTION('',(0.0,0.0,1.0));
#3193=ORIENTED_EDGE('',*,*,#4745,.T.);
#3194=ORIENTED_EDGE('',*,*,#4746,.T.);
#3195=ORIENTED_EDGE('',*,*,#4747,.T.);
#3196=ORIENTED_EDGE('',*,*,#4556,.T.);
#3197=ORIENTED_EDGE('',*,*,#4748,.T.);
#3198=CARTESIAN_POINT('',(-6.87,0.0,0.5));
#3199=DIRECTION('',(-1.0,0.0,0.0));
#3200=DIRECTION('',(0.0,0.0,1.0));
#3201=ORIENTED_EDGE('',*,*,#4749,.T.);
#3202=ORIENTED_EDGE('',*,*,#4750,.T.);
#3203=ORIENTED_EDGE('',*,*,#4751,.T.);
#3204=ORIENTED_EDGE('',*,*,#4568,.T.);
#3205=ORIENTED_EDGE('',*,*,#4752,.T.);
#3206=CARTESIAN_POINT('',(-6.87,0.0,0.5));
#3207=DIRECTION('',(-1.0,0.0,0.0));
#3208=DIRECTION('',(0.0,0.0,1.0));
#3209=ORIENTED_EDGE('',*,*,#4740,.F.);
#3210=ORIENTED_EDGE('',*,*,#4753,.F.);
#3211=ORIENTED_EDGE('',*,*,#4720,.T.);
#3212=ORIENTED_EDGE('',*,*,#4355,.T.);
#3213=CARTESIAN_POINT('',(-5.73,-2.23,-2.65));
#3214=DIRECTION('',(0.0,0.0,1.0));
#3215=DIRECTION('',(1.0,0.0,0.0));
#3216=ORIENTED_EDGE('',*,*,#4753,.T.);
#3217=ORIENTED_EDGE('',*,*,#4739,.F.);
#3218=ORIENTED_EDGE('',*,*,#4754,.F.);
#3219=ORIENTED_EDGE('',*,*,#4721,.T.);
#3220=CARTESIAN_POINT('',(-5.73,-3.5,-3.1));
#3221=DIRECTION('',(0.0,-0.333984527886008,0.942578556478324));
#3222=DIRECTION('',(-1.0,0.0,0.0));
#3223=ORIENTED_EDGE('',*,*,#4754,.T.);
#3224=ORIENTED_EDGE('',*,*,#4738,.F.);
#3225=ORIENTED_EDGE('',*,*,#4736,.F.);
#3226=ORIENTED_EDGE('',*,*,#4722,.T.);
#3227=CARTESIAN_POINT('',(-5.73,-3.5,-3.25));
#3228=DIRECTION('',(0.0,-1.0,0.0));
#3229=DIRECTION('',(0.0,0.0,-1.0));
#3230=ORIENTED_EDGE('',*,*,#4744,.F.);
#3231=ORIENTED_EDGE('',*,*,#4755,.F.);
#3232=ORIENTED_EDGE('',*,*,#4724,.T.);
#3233=ORIENTED_EDGE('',*,*,#4344,.T.);
#3234=CARTESIAN_POINT('',(-5.73,-3.5,2.85));
#3235=DIRECTION('',(0.0,0.0,1.0));
#3236=DIRECTION('',(1.0,0.0,0.0));
#3237=ORIENTED_EDGE('',*,*,#4755,.T.);
#3238=ORIENTED_EDGE('',*,*,#4743,.F.);
#3239=ORIENTED_EDGE('',*,*,#4756,.F.);
#3240=ORIENTED_EDGE('',*,*,#4725,.T.);
#3241=CARTESIAN_POINT('',(-5.73,-3.5,2.7));
#3242=DIRECTION('',(0.0,-1.0,0.0));
#3243=DIRECTION('',(0.0,0.0,-1.0));
#3244=ORIENTED_EDGE('',*,*,#4756,.T.);
#3245=ORIENTED_EDGE('',*,*,#4742,.F.);
#3246=ORIENTED_EDGE('',*,*,#4757,.F.);
#3247=ORIENTED_EDGE('',*,*,#4726,.T.);
#3248=CARTESIAN_POINT('',(-5.73,-2.23,2.25));
#3249=DIRECTION('',(0.0,-0.333984527886008,-0.942578556478324));
#3250=DIRECTION('',(0.0,-0.942578556478324,0.333984527886008));
#3251=ORIENTED_EDGE('',*,*,#4727,.T.);
#3252=ORIENTED_EDGE('',*,*,#4757,.T.);
#3253=ORIENTED_EDGE('',*,*,#4741,.F.);
#3254=ORIENTED_EDGE('',*,*,#4342,.F.);
#3255=CARTESIAN_POINT('',(-5.73,3.7,2.25));
#3256=DIRECTION('',(0.0,0.0,-1.0));
#3257=DIRECTION('',(0.0,-1.0,0.0));
#3258=ORIENTED_EDGE('',*,*,#4758,.T.);
#3259=ORIENTED_EDGE('',*,*,#4748,.F.);
#3260=ORIENTED_EDGE('',*,*,#4555,.F.);
#3261=ORIENTED_EDGE('',*,*,#4731,.T.);
#3262=CARTESIAN_POINT('',(-5.73,3.7,2.85));
#3263=DIRECTION('',(0.0,0.554700196225229,0.832050294337844));
#3264=DIRECTION('',(1.0,-0.0,0.0));
#3265=ORIENTED_EDGE('',*,*,#4759,.T.);
#3266=ORIENTED_EDGE('',*,*,#4745,.F.);
#3267=ORIENTED_EDGE('',*,*,#4758,.F.);
#3268=ORIENTED_EDGE('',*,*,#4730,.T.);
#3269=CARTESIAN_POINT('',(-5.73,4.3,2.45));
#3270=DIRECTION('',(0.0,0.0,1.0));
#3271=DIRECTION('',(1.0,0.0,0.0));
#3272=ORIENTED_EDGE('',*,*,#4760,.T.);
#3273=ORIENTED_EDGE('',*,*,#4746,.F.);
#3274=ORIENTED_EDGE('',*,*,#4759,.F.);
#3275=ORIENTED_EDGE('',*,*,#4729,.T.);
#3276=CARTESIAN_POINT('',(-5.73,9.2,2.45));
#3277=DIRECTION('',(-0.0,1.0,0.0));
#3278=DIRECTION('',(1.0,0.0,0.0));
#3279=ORIENTED_EDGE('',*,*,#4557,.T.);
#3280=ORIENTED_EDGE('',*,*,#4747,.F.);
#3281=ORIENTED_EDGE('',*,*,#4760,.F.);
#3282=ORIENTED_EDGE('',*,*,#4728,.T.);
#3283=CARTESIAN_POINT('',(-5.73,9.2,1.31));
#3284=DIRECTION('',(0.0,0.0,-1.0));
#3285=DIRECTION('',(0.0,-1.0,0.0));
#3286=ORIENTED_EDGE('',*,*,#4761,.T.);
#3287=ORIENTED_EDGE('',*,*,#4752,.F.);
#3288=ORIENTED_EDGE('',*,*,#4567,.F.);
#3289=ORIENTED_EDGE('',*,*,#4735,.T.);
#3290=CARTESIAN_POINT('',(-5.73,3.7,-1.71));
#3291=DIRECTION('',(0.0,0.0,1.0));
#3292=DIRECTION('',(1.0,0.0,0.0));
#3293=ORIENTED_EDGE('',*,*,#4762,.T.);
#3294=ORIENTED_EDGE('',*,*,#4749,.F.);
#3295=ORIENTED_EDGE('',*,*,#4761,.F.);
#3296=ORIENTED_EDGE('',*,*,#4734,.T.);
#3297=CARTESIAN_POINT('',(-5.73,9.2,-1.71));
#3298=DIRECTION('',(-0.0,1.0,0.0));
#3299=DIRECTION('',(1.0,0.0,0.0));
#3300=ORIENTED_EDGE('',*,*,#4763,.T.);
#3301=ORIENTED_EDGE('',*,*,#4750,.F.);
#3302=ORIENTED_EDGE('',*,*,#4762,.F.);
#3303=ORIENTED_EDGE('',*,*,#4733,.T.);
#3304=CARTESIAN_POINT('',(-5.73,9.2,-2.85));
#3305=DIRECTION('',(0.0,0.0,-1.0));
#3306=DIRECTION('',(0.0,-1.0,0.0));
#3307=ORIENTED_EDGE('',*,*,#4569,.T.);
#3308=ORIENTED_EDGE('',*,*,#4751,.F.);
#3309=ORIENTED_EDGE('',*,*,#4763,.F.);
#3310=ORIENTED_EDGE('',*,*,#4732,.T.);
#3311=CARTESIAN_POINT('',(-5.73,4.3,-2.85));
#3312=DIRECTION('',(0.0,0.554700196225229,-0.832050294337844));
#3313=DIRECTION('',(-1.0,0.0,0.0));
#3314=ORIENTED_EDGE('',*,*,#4544,.T.);
#3315=ORIENTED_EDGE('',*,*,#4471,.F.);
#3316=ORIENTED_EDGE('',*,*,#4514,.F.);
#3317=ORIENTED_EDGE('',*,*,#4230,.T.);
#3318=CARTESIAN_POINT('',(-0.3,12.8,0.3));
#3319=DIRECTION('',(0.0,0.0,-1.0));
#3320=DIRECTION('',(0.0,-1.0,0.0));
#3321=ORIENTED_EDGE('',*,*,#4764,.F.);
#3322=ORIENTED_EDGE('',*,*,#4765,.F.);
#3323=ORIENTED_EDGE('',*,*,#4766,.F.);
#3324=ORIENTED_EDGE('',*,*,#4767,.F.);
#3325=ORIENTED_EDGE('',*,*,#4508,.T.);
#3326=CARTESIAN_POINT('',(-1.53,0.0,0.5));
#3327=DIRECTION('',(-1.0,0.0,0.0));
#3328=DIRECTION('',(0.0,0.0,1.0));
#3329=ORIENTED_EDGE('',*,*,#4768,.F.);
#3330=ORIENTED_EDGE('',*,*,#4769,.F.);
#3331=ORIENTED_EDGE('',*,*,#4770,.F.);
#3332=ORIENTED_EDGE('',*,*,#4771,.F.);
#3333=ORIENTED_EDGE('',*,*,#4476,.T.);
#3334=CARTESIAN_POINT('',(-1.53,0.0,0.5));
#3335=DIRECTION('',(-1.0,0.0,0.0));
#3336=DIRECTION('',(0.0,0.0,1.0));
#3337=ORIENTED_EDGE('',*,*,#4772,.F.);
#3338=ORIENTED_EDGE('',*,*,#4773,.F.);
#3339=ORIENTED_EDGE('',*,*,#4774,.F.);
#3340=ORIENTED_EDGE('',*,*,#4775,.F.);
#3341=ORIENTED_EDGE('',*,*,#4538,.T.);
#3342=CARTESIAN_POINT('',(-1.53,0.0,0.5));
#3343=DIRECTION('',(-1.0,0.0,0.0));
#3344=DIRECTION('',(0.0,0.0,1.0));
#3345=ORIENTED_EDGE('',*,*,#4776,.F.);
#3346=ORIENTED_EDGE('',*,*,#4777,.F.);
#3347=ORIENTED_EDGE('',*,*,#4778,.F.);
#3348=ORIENTED_EDGE('',*,*,#4779,.F.);
#3349=ORIENTED_EDGE('',*,*,#4527,.T.);
#3350=CARTESIAN_POINT('',(-1.53,0.0,0.5));
#3351=DIRECTION('',(-1.0,0.0,0.0));
#3352=DIRECTION('',(0.0,0.0,1.0));
#3353=ORIENTED_EDGE('',*,*,#4767,.T.);
#3354=ORIENTED_EDGE('',*,*,#4780,.T.);
#3355=ORIENTED_EDGE('',*,*,#4781,.F.);
#3356=ORIENTED_EDGE('',*,*,#4505,.F.);
#3357=CARTESIAN_POINT('',(-1.53,3.7,-1.71));
#3358=DIRECTION('',(0.0,0.0,1.0));
#3359=DIRECTION('',(1.0,0.0,0.0));
#3360=ORIENTED_EDGE('',*,*,#4781,.T.);
#3361=ORIENTED_EDGE('',*,*,#4782,.T.);
#3362=ORIENTED_EDGE('',*,*,#4783,.T.);
#3363=ORIENTED_EDGE('',*,*,#4784,.T.);
#3364=ORIENTED_EDGE('',*,*,#4506,.T.);
#3365=CARTESIAN_POINT('',(-2.67,0.0,0.5));
#3366=DIRECTION('',(-1.0,0.0,0.0));
#3367=DIRECTION('',(0.0,0.0,1.0));
#3368=ORIENTED_EDGE('',*,*,#4785,.T.);
#3369=ORIENTED_EDGE('',*,*,#4786,.T.);
#3370=ORIENTED_EDGE('',*,*,#4787,.T.);
#3371=ORIENTED_EDGE('',*,*,#4788,.T.);
#3372=ORIENTED_EDGE('',*,*,#4474,.T.);
#3373=CARTESIAN_POINT('',(-2.67,0.0,0.5));
#3374=DIRECTION('',(-1.0,0.0,0.0));
#3375=DIRECTION('',(0.0,0.0,1.0));
#3376=ORIENTED_EDGE('',*,*,#4789,.T.);
#3377=ORIENTED_EDGE('',*,*,#4790,.T.);
#3378=ORIENTED_EDGE('',*,*,#4791,.T.);
#3379=ORIENTED_EDGE('',*,*,#4792,.T.);
#3380=ORIENTED_EDGE('',*,*,#4536,.F.);
#3381=CARTESIAN_POINT('',(-2.67,0.0,0.5));
#3382=DIRECTION('',(-1.0,0.0,0.0));
#3383=DIRECTION('',(0.0,0.0,1.0));
#3384=ORIENTED_EDGE('',*,*,#4793,.T.);
#3385=ORIENTED_EDGE('',*,*,#4794,.T.);
#3386=ORIENTED_EDGE('',*,*,#4795,.T.);
#3387=ORIENTED_EDGE('',*,*,#4796,.T.);
#3388=ORIENTED_EDGE('',*,*,#4525,.F.);
#3389=CARTESIAN_POINT('',(-2.67,0.0,0.5));
#3390=DIRECTION('',(-1.0,0.0,0.0));
#3391=DIRECTION('',(0.0,0.0,1.0));
#3392=ORIENTED_EDGE('',*,*,#4784,.F.);
#3393=ORIENTED_EDGE('',*,*,#4797,.F.);
#3394=ORIENTED_EDGE('',*,*,#4764,.T.);
#3395=ORIENTED_EDGE('',*,*,#4507,.T.);
#3396=CARTESIAN_POINT('',(-1.53,4.3,-2.85));
#3397=DIRECTION('',(0.0,0.554700196225229,-0.832050294337844));
#3398=DIRECTION('',(-1.0,0.0,0.0));
#3399=ORIENTED_EDGE('',*,*,#4797,.T.);
#3400=ORIENTED_EDGE('',*,*,#4783,.F.);
#3401=ORIENTED_EDGE('',*,*,#4798,.F.);
#3402=ORIENTED_EDGE('',*,*,#4765,.T.);
#3403=CARTESIAN_POINT('',(-1.53,9.2,-2.85));
#3404=DIRECTION('',(0.0,0.0,-1.0));
#3405=DIRECTION('',(0.0,-1.0,0.0));
#3406=ORIENTED_EDGE('',*,*,#4798,.T.);
#3407=ORIENTED_EDGE('',*,*,#4782,.F.);
#3408=ORIENTED_EDGE('',*,*,#4780,.F.);
#3409=ORIENTED_EDGE('',*,*,#4766,.T.);
#3410=CARTESIAN_POINT('',(-1.53,9.2,-1.71));
#3411=DIRECTION('',(-0.0,1.0,0.0));
#3412=DIRECTION('',(1.0,0.0,0.0));
#3413=ORIENTED_EDGE('',*,*,#4788,.F.);
#3414=ORIENTED_EDGE('',*,*,#4799,.F.);
#3415=ORIENTED_EDGE('',*,*,#4768,.T.);
#3416=ORIENTED_EDGE('',*,*,#4475,.T.);
#3417=CARTESIAN_POINT('',(-1.53,9.2,1.31));
#3418=DIRECTION('',(0.0,0.0,-1.0));
#3419=DIRECTION('',(0.0,-1.0,0.0));
#3420=ORIENTED_EDGE('',*,*,#4799,.T.);
#3421=ORIENTED_EDGE('',*,*,#4787,.F.);
#3422=ORIENTED_EDGE('',*,*,#4800,.F.);
#3423=ORIENTED_EDGE('',*,*,#4769,.T.);
#3424=CARTESIAN_POINT('',(-1.53,9.2,2.45));
#3425=DIRECTION('',(-0.0,1.0,0.0));
#3426=DIRECTION('',(1.0,0.0,0.0));
#3427=ORIENTED_EDGE('',*,*,#4800,.T.);
#3428=ORIENTED_EDGE('',*,*,#4786,.F.);
#3429=ORIENTED_EDGE('',*,*,#4801,.F.);
#3430=ORIENTED_EDGE('',*,*,#4770,.T.);
#3431=CARTESIAN_POINT('',(-1.53,4.3,2.45));
#3432=DIRECTION('',(0.0,0.0,1.0));
#3433=DIRECTION('',(1.0,0.0,0.0));
#3434=ORIENTED_EDGE('',*,*,#4771,.T.);
#3435=ORIENTED_EDGE('',*,*,#4801,.T.);
#3436=ORIENTED_EDGE('',*,*,#4785,.F.);
#3437=ORIENTED_EDGE('',*,*,#4473,.F.);
#3438=CARTESIAN_POINT('',(-1.53,3.7,2.85));
#3439=DIRECTION('',(0.0,0.554700196225229,0.832050294337844));
#3440=DIRECTION('',(1.0,-0.0,0.0));
#3441=ORIENTED_EDGE('',*,*,#4792,.F.);
#3442=ORIENTED_EDGE('',*,*,#4802,.F.);
#3443=ORIENTED_EDGE('',*,*,#4772,.T.);
#3444=ORIENTED_EDGE('',*,*,#4537,.T.);
#3445=CARTESIAN_POINT('',(-1.53,-2.23,-2.65));
#3446=DIRECTION('',(0.0,0.0,1.0));
#3447=DIRECTION('',(1.0,0.0,0.0));
#3448=ORIENTED_EDGE('',*,*,#4802,.T.);
#3449=ORIENTED_EDGE('',*,*,#4791,.F.);
#3450=ORIENTED_EDGE('',*,*,#4803,.F.);
#3451=ORIENTED_EDGE('',*,*,#4773,.T.);
#3452=CARTESIAN_POINT('',(-1.53,-3.5,-3.1));
#3453=DIRECTION('',(0.0,-0.333984527886008,0.942578556478324));
#3454=DIRECTION('',(-1.0,0.0,0.0));
#3455=ORIENTED_EDGE('',*,*,#4803,.T.);
#3456=ORIENTED_EDGE('',*,*,#4790,.F.);
#3457=ORIENTED_EDGE('',*,*,#4804,.F.);
#3458=ORIENTED_EDGE('',*,*,#4774,.T.);
#3459=CARTESIAN_POINT('',(-1.53,-3.5,-3.25));
#3460=DIRECTION('',(0.0,-1.0,0.0));
#3461=DIRECTION('',(0.0,0.0,-1.0));
#3462=ORIENTED_EDGE('',*,*,#4775,.T.);
#3463=ORIENTED_EDGE('',*,*,#4804,.T.);
#3464=ORIENTED_EDGE('',*,*,#4789,.F.);
#3465=ORIENTED_EDGE('',*,*,#4535,.F.);
#3466=CARTESIAN_POINT('',(-1.53,3.7,-3.25));
#3467=DIRECTION('',(0.0,0.0,-1.0));
#3468=DIRECTION('',(0.0,-1.0,0.0));
#3469=ORIENTED_EDGE('',*,*,#4796,.F.);
#3470=ORIENTED_EDGE('',*,*,#4805,.F.);
#3471=ORIENTED_EDGE('',*,*,#4776,.T.);
#3472=ORIENTED_EDGE('',*,*,#4526,.T.);
#3473=CARTESIAN_POINT('',(-1.53,-3.5,2.85));
#3474=DIRECTION('',(0.0,0.0,1.0));
#3475=DIRECTION('',(1.0,0.0,0.0));
#3476=ORIENTED_EDGE('',*,*,#4805,.T.);
#3477=ORIENTED_EDGE('',*,*,#4795,.F.);
#3478=ORIENTED_EDGE('',*,*,#4806,.F.);
#3479=ORIENTED_EDGE('',*,*,#4777,.T.);
#3480=CARTESIAN_POINT('',(-1.53,-3.5,2.7));
#3481=DIRECTION('',(0.0,-1.0,0.0));
#3482=DIRECTION('',(0.0,0.0,-1.0));
#3483=ORIENTED_EDGE('',*,*,#4806,.T.);
#3484=ORIENTED_EDGE('',*,*,#4794,.F.);
#3485=ORIENTED_EDGE('',*,*,#4807,.F.);
#3486=ORIENTED_EDGE('',*,*,#4778,.T.);
#3487=CARTESIAN_POINT('',(-1.53,-2.23,2.25));
#3488=DIRECTION('',(0.0,-0.333984527886008,-0.942578556478324));
#3489=DIRECTION('',(0.0,-0.942578556478324,0.333984527886008));
#3490=ORIENTED_EDGE('',*,*,#4779,.T.);
#3491=ORIENTED_EDGE('',*,*,#4807,.T.);
#3492=ORIENTED_EDGE('',*,*,#4793,.F.);
#3493=ORIENTED_EDGE('',*,*,#4524,.F.);
#3494=CARTESIAN_POINT('',(-1.53,3.7,2.25));
#3495=DIRECTION('',(0.0,0.0,-1.0));
#3496=DIRECTION('',(0.0,-1.0,0.0));
#3497=ORIENTED_EDGE('',*,*,#4509,.T.);
#3498=ORIENTED_EDGE('',*,*,#4459,.F.);
#3499=ORIENTED_EDGE('',*,*,#4452,.F.);
#3500=ORIENTED_EDGE('',*,*,#4240,.T.);
#3501=CARTESIAN_POINT('',(3.9,12.8,0.3));
#3502=DIRECTION('',(0.0,0.0,-1.0));
#3503=DIRECTION('',(0.0,-1.0,0.0));
#3504=ORIENTED_EDGE('',*,*,#4808,.T.);
#3505=ORIENTED_EDGE('',*,*,#4426,.F.);
#3506=ORIENTED_EDGE('',*,*,#4447,.F.);
#3507=ORIENTED_EDGE('',*,*,#4206,.T.);
#3508=CARTESIAN_POINT('',(4.5,12.8,3.9));
#3509=DIRECTION('',(0.0,0.0,1.0));
#3510=DIRECTION('',(1.0,0.0,0.0));
#3511=ORIENTED_EDGE('',*,*,#4809,.T.);
#3512=ORIENTED_EDGE('',*,*,#4427,.F.);
#3513=ORIENTED_EDGE('',*,*,#4808,.F.);
#3514=ORIENTED_EDGE('',*,*,#4209,.T.);
#3515=CARTESIAN_POINT('',(8.1,12.8,3.9));
#3516=DIRECTION('',(1.0,0.0,0.0));
#3517=DIRECTION('',(0.0,1.0,0.0));
#3518=ORIENTED_EDGE('',*,*,#4446,.T.);
#3519=ORIENTED_EDGE('',*,*,#4428,.F.);
#3520=ORIENTED_EDGE('',*,*,#4809,.F.);
#3521=ORIENTED_EDGE('',*,*,#4208,.T.);
#3522=CARTESIAN_POINT('',(8.1,12.8,0.3));
#3523=DIRECTION('',(0.0,0.0,-1.0));
#3524=DIRECTION('',(0.0,-1.0,0.0));
#3525=ORIENTED_EDGE('',*,*,#4810,.F.);
#3526=ORIENTED_EDGE('',*,*,#4811,.F.);
#3527=ORIENTED_EDGE('',*,*,#4812,.F.);
#3528=ORIENTED_EDGE('',*,*,#4813,.F.);
#3529=ORIENTED_EDGE('',*,*,#4445,.F.);
#3530=CARTESIAN_POINT('',(6.87,0.0,0.5));
#3531=DIRECTION('',(-1.0,0.0,0.0));
#3532=DIRECTION('',(0.0,0.0,1.0));
#3533=ORIENTED_EDGE('',*,*,#4814,.F.);
#3534=ORIENTED_EDGE('',*,*,#4815,.F.);
#3535=ORIENTED_EDGE('',*,*,#4816,.F.);
#3536=ORIENTED_EDGE('',*,*,#4817,.F.);
#3537=ORIENTED_EDGE('',*,*,#4433,.F.);
#3538=CARTESIAN_POINT('',(6.87,0.0,0.5));
#3539=DIRECTION('',(-1.0,0.0,0.0));
#3540=DIRECTION('',(0.0,0.0,1.0));
#3541=ORIENTED_EDGE('',*,*,#4412,.T.);
#3542=ORIENTED_EDGE('',*,*,#4818,.F.);
#3543=ORIENTED_EDGE('',*,*,#4819,.F.);
#3544=ORIENTED_EDGE('',*,*,#4820,.F.);
#3545=ORIENTED_EDGE('',*,*,#4821,.F.);
#3546=CARTESIAN_POINT('',(6.87,0.0,0.5));
#3547=DIRECTION('',(-1.0,0.0,0.0));
#3548=DIRECTION('',(0.0,0.0,1.0));
#3549=ORIENTED_EDGE('',*,*,#4822,.F.);
#3550=ORIENTED_EDGE('',*,*,#4823,.F.);
#3551=ORIENTED_EDGE('',*,*,#4824,.F.);
#3552=ORIENTED_EDGE('',*,*,#4825,.F.);
#3553=ORIENTED_EDGE('',*,*,#4423,.T.);
#3554=CARTESIAN_POINT('',(6.87,0.0,0.5));
#3555=DIRECTION('',(-1.0,0.0,0.0));
#3556=DIRECTION('',(0.0,0.0,1.0));
#3557=ORIENTED_EDGE('',*,*,#4813,.T.);
#3558=ORIENTED_EDGE('',*,*,#4826,.T.);
#3559=ORIENTED_EDGE('',*,*,#4827,.F.);
#3560=ORIENTED_EDGE('',*,*,#4442,.F.);
#3561=CARTESIAN_POINT('',(6.87,3.7,-1.71));
#3562=DIRECTION('',(0.0,0.0,1.0));
#3563=DIRECTION('',(1.0,0.0,0.0));
#3564=ORIENTED_EDGE('',*,*,#4827,.T.);
#3565=ORIENTED_EDGE('',*,*,#4828,.T.);
#3566=ORIENTED_EDGE('',*,*,#4829,.T.);
#3567=ORIENTED_EDGE('',*,*,#4830,.T.);
#3568=ORIENTED_EDGE('',*,*,#4443,.T.);
#3569=CARTESIAN_POINT('',(5.73,0.0,0.5));
#3570=DIRECTION('',(-1.0,0.0,0.0));
#3571=DIRECTION('',(0.0,0.0,1.0));
#3572=ORIENTED_EDGE('',*,*,#4831,.T.);
#3573=ORIENTED_EDGE('',*,*,#4832,.T.);
#3574=ORIENTED_EDGE('',*,*,#4833,.T.);
#3575=ORIENTED_EDGE('',*,*,#4834,.T.);
#3576=ORIENTED_EDGE('',*,*,#4431,.T.);
#3577=CARTESIAN_POINT('',(5.73,0.0,0.5));
#3578=DIRECTION('',(-1.0,0.0,0.0));
#3579=DIRECTION('',(0.0,0.0,1.0));
#3580=ORIENTED_EDGE('',*,*,#4835,.T.);
#3581=ORIENTED_EDGE('',*,*,#4836,.T.);
#3582=ORIENTED_EDGE('',*,*,#4837,.T.);
#3583=ORIENTED_EDGE('',*,*,#4410,.F.);
#3584=ORIENTED_EDGE('',*,*,#4838,.T.);
#3585=CARTESIAN_POINT('',(5.73,0.0,0.5));
#3586=DIRECTION('',(-1.0,0.0,0.0));
#3587=DIRECTION('',(0.0,0.0,1.0));
#3588=ORIENTED_EDGE('',*,*,#4839,.T.);
#3589=ORIENTED_EDGE('',*,*,#4840,.T.);
#3590=ORIENTED_EDGE('',*,*,#4841,.T.);
#3591=ORIENTED_EDGE('',*,*,#4842,.T.);
#3592=ORIENTED_EDGE('',*,*,#4421,.F.);
#3593=CARTESIAN_POINT('',(5.73,0.0,0.5));
#3594=DIRECTION('',(-1.0,0.0,0.0));
#3595=DIRECTION('',(0.0,0.0,1.0));
#3596=ORIENTED_EDGE('',*,*,#4830,.F.);
#3597=ORIENTED_EDGE('',*,*,#4843,.F.);
#3598=ORIENTED_EDGE('',*,*,#4810,.T.);
#3599=ORIENTED_EDGE('',*,*,#4444,.T.);
#3600=CARTESIAN_POINT('',(6.87,4.3,-2.85));
#3601=DIRECTION('',(0.0,0.554700196225229,-0.832050294337844));
#3602=DIRECTION('',(-1.0,0.0,0.0));
#3603=ORIENTED_EDGE('',*,*,#4843,.T.);
#3604=ORIENTED_EDGE('',*,*,#4829,.F.);
#3605=ORIENTED_EDGE('',*,*,#4844,.F.);
#3606=ORIENTED_EDGE('',*,*,#4811,.T.);
#3607=CARTESIAN_POINT('',(6.87,9.2,-2.85));
#3608=DIRECTION('',(0.0,0.0,-1.0));
#3609=DIRECTION('',(0.0,-1.0,0.0));
#3610=ORIENTED_EDGE('',*,*,#4844,.T.);
#3611=ORIENTED_EDGE('',*,*,#4828,.F.);
#3612=ORIENTED_EDGE('',*,*,#4826,.F.);
#3613=ORIENTED_EDGE('',*,*,#4812,.T.);
#3614=CARTESIAN_POINT('',(6.87,9.2,-1.71));
#3615=DIRECTION('',(-0.0,1.0,0.0));
#3616=DIRECTION('',(1.0,0.0,0.0));
#3617=ORIENTED_EDGE('',*,*,#4834,.F.);
#3618=ORIENTED_EDGE('',*,*,#4845,.F.);
#3619=ORIENTED_EDGE('',*,*,#4814,.T.);
#3620=ORIENTED_EDGE('',*,*,#4432,.T.);
#3621=CARTESIAN_POINT('',(6.87,9.2,1.31));
#3622=DIRECTION('',(0.0,0.0,-1.0));
#3623=DIRECTION('',(0.0,-1.0,0.0));
#3624=ORIENTED_EDGE('',*,*,#4845,.T.);
#3625=ORIENTED_EDGE('',*,*,#4833,.F.);
#3626=ORIENTED_EDGE('',*,*,#4846,.F.);
#3627=ORIENTED_EDGE('',*,*,#4815,.T.);
#3628=CARTESIAN_POINT('',(6.87,9.2,2.45));
#3629=DIRECTION('',(-0.0,1.0,0.0));
#3630=DIRECTION('',(1.0,0.0,0.0));
#3631=ORIENTED_EDGE('',*,*,#4846,.T.);
#3632=ORIENTED_EDGE('',*,*,#4832,.F.);
#3633=ORIENTED_EDGE('',*,*,#4847,.F.);
#3634=ORIENTED_EDGE('',*,*,#4816,.T.);
#3635=CARTESIAN_POINT('',(6.87,4.3,2.45));
#3636=DIRECTION('',(0.0,0.0,1.0));
#3637=DIRECTION('',(1.0,0.0,0.0));
#3638=ORIENTED_EDGE('',*,*,#4817,.T.);
#3639=ORIENTED_EDGE('',*,*,#4847,.T.);
#3640=ORIENTED_EDGE('',*,*,#4831,.F.);
#3641=ORIENTED_EDGE('',*,*,#4430,.F.);
#3642=CARTESIAN_POINT('',(6.87,3.7,2.85));
#3643=DIRECTION('',(0.0,0.554700196225229,0.832050294337844));
#3644=DIRECTION('',(1.0,-0.0,0.0));
#3645=ORIENTED_EDGE('',*,*,#4848,.T.);
#3646=ORIENTED_EDGE('',*,*,#4838,.F.);
#3647=ORIENTED_EDGE('',*,*,#4409,.F.);
#3648=ORIENTED_EDGE('',*,*,#4821,.T.);
#3649=CARTESIAN_POINT('',(6.87,3.7,2.25));
#3650=DIRECTION('',(0.0,0.0,-1.0));
#3651=DIRECTION('',(0.0,-1.0,0.0));
#3652=ORIENTED_EDGE('',*,*,#4849,.T.);
#3653=ORIENTED_EDGE('',*,*,#4835,.F.);
#3654=ORIENTED_EDGE('',*,*,#4848,.F.);
#3655=ORIENTED_EDGE('',*,*,#4820,.T.);
#3656=CARTESIAN_POINT('',(6.87,-2.23,2.25));
#3657=DIRECTION('',(0.0,-0.333984527886008,-0.942578556478324));
#3658=DIRECTION('',(0.0,-0.942578556478324,0.333984527886008));
#3659=ORIENTED_EDGE('',*,*,#4850,.T.);
#3660=ORIENTED_EDGE('',*,*,#4836,.F.);
#3661=ORIENTED_EDGE('',*,*,#4849,.F.);
#3662=ORIENTED_EDGE('',*,*,#4819,.T.);
#3663=CARTESIAN_POINT('',(6.87,-3.5,2.7));
#3664=DIRECTION('',(0.0,-1.0,0.0));
#3665=DIRECTION('',(0.0,0.0,-1.0));
#3666=ORIENTED_EDGE('',*,*,#4411,.T.);
#3667=ORIENTED_EDGE('',*,*,#4837,.F.);
#3668=ORIENTED_EDGE('',*,*,#4850,.F.);
#3669=ORIENTED_EDGE('',*,*,#4818,.T.);
#3670=CARTESIAN_POINT('',(6.87,-3.5,2.85));
#3671=DIRECTION('',(0.0,0.0,1.0));
#3672=DIRECTION('',(1.0,0.0,0.0));
#3673=ORIENTED_EDGE('',*,*,#4842,.F.);
#3674=ORIENTED_EDGE('',*,*,#4851,.F.);
#3675=ORIENTED_EDGE('',*,*,#4822,.T.);
#3676=ORIENTED_EDGE('',*,*,#4422,.T.);
#3677=CARTESIAN_POINT('',(6.87,-2.23,-2.65));
#3678=DIRECTION('',(0.0,0.0,1.0));
#3679=DIRECTION('',(1.0,0.0,0.0));
#3680=ORIENTED_EDGE('',*,*,#4851,.T.);
#3681=ORIENTED_EDGE('',*,*,#4841,.F.);
#3682=ORIENTED_EDGE('',*,*,#4852,.F.);
#3683=ORIENTED_EDGE('',*,*,#4823,.T.);
#3684=CARTESIAN_POINT('',(6.87,-3.5,-3.1));
#3685=DIRECTION('',(0.0,-0.333984527886008,0.942578556478324));
#3686=DIRECTION('',(-1.0,0.0,0.0));
#3687=ORIENTED_EDGE('',*,*,#4852,.T.);
#3688=ORIENTED_EDGE('',*,*,#4840,.F.);
#3689=ORIENTED_EDGE('',*,*,#4853,.F.);
#3690=ORIENTED_EDGE('',*,*,#4824,.T.);
#3691=CARTESIAN_POINT('',(6.87,-3.5,-3.25));
#3692=DIRECTION('',(0.0,-1.0,0.0));
#3693=DIRECTION('',(0.0,0.0,-1.0));
#3694=ORIENTED_EDGE('',*,*,#4825,.T.);
#3695=ORIENTED_EDGE('',*,*,#4853,.T.);
#3696=ORIENTED_EDGE('',*,*,#4839,.F.);
#3697=ORIENTED_EDGE('',*,*,#4420,.F.);
#3698=CARTESIAN_POINT('',(6.87,3.7,-3.25));
#3699=DIRECTION('',(0.0,0.0,-1.0));
#3700=DIRECTION('',(0.0,-1.0,0.0));
#3701=ORIENTED_EDGE('',*,*,#4395,.T.);
#3702=ORIENTED_EDGE('',*,*,#4337,.F.);
#3703=ORIENTED_EDGE('',*,*,#4385,.T.);
#3704=ORIENTED_EDGE('',*,*,#4297,.F.);
#3705=CARTESIAN_POINT('',(-5.3,0.0,3.8));
#3706=DIRECTION('',(1.0,0.0,0.0));
#3707=DIRECTION('',(0.0,1.0,0.0));
#3708=ORIENTED_EDGE('',*,*,#4854,.T.);
#3709=ORIENTED_EDGE('',*,*,#4855,.T.);
#3710=ORIENTED_EDGE('',*,*,#4246,.T.);
#3711=ORIENTED_EDGE('',*,*,#4253,.T.);
#3712=CARTESIAN_POINT('',(1.7,0.0,0.0));
#3713=DIRECTION('',(1.0,0.0,0.0));
#3714=DIRECTION('',(0.0,1.0,0.0));
#3715=ORIENTED_EDGE('',*,*,#4247,.T.);
#3716=ORIENTED_EDGE('',*,*,#4855,.F.);
#3717=ORIENTED_EDGE('',*,*,#4856,.F.);
#3718=ORIENTED_EDGE('',*,*,#4249,.T.);
#3719=CARTESIAN_POINT('',(-1.7,9.75,-6.2));
#3720=DIRECTION('',(0.0,0.0,-1.0));
#3721=DIRECTION('',(0.0,-1.0,0.0));
#3722=ORIENTED_EDGE('',*,*,#4250,.T.);
#3723=ORIENTED_EDGE('',*,*,#4856,.T.);
#3724=ORIENTED_EDGE('',*,*,#4854,.F.);
#3725=ORIENTED_EDGE('',*,*,#4252,.F.);
#3726=CARTESIAN_POINT('',(-1.7,9.75,-4.8));
#3727=DIRECTION('',(0.0,-1.0,0.0));
#3728=DIRECTION('',(0.0,0.0,-1.0));
#3729=ORIENTED_EDGE('',*,*,#4156,.T.);
#3730=ORIENTED_EDGE('',*,*,#4202,.T.);
#3731=ORIENTED_EDGE('',*,*,#4857,.T.);
#3732=ORIENTED_EDGE('',*,*,#4858,.F.);
#3733=CARTESIAN_POINT('',(-9.0,12.8,-1.59));
#3734=DIRECTION('',(-0.707106781186548,0.0,0.707106781186548));
#3735=DIRECTION('',(0.0,1.0,0.0));
#3736=ORIENTED_EDGE('',*,*,#4859,.F.);
#3737=ORIENTED_EDGE('',*,*,#4860,.F.);
#3738=ORIENTED_EDGE('',*,*,#4190,.T.);
#3739=ORIENTED_EDGE('',*,*,#4861,.F.);
#3740=ORIENTED_EDGE('',*,*,#4862,.F.);
#3741=ORIENTED_EDGE('',*,*,#4863,.F.);
#3742=CARTESIAN_POINT('',(-9.0,4.8,-4.8));
#3743=DIRECTION('',(0.0,-1.0,0.0));
#3744=DIRECTION('',(0.0,0.0,-1.0));
#3745=ORIENTED_EDGE('',*,*,#4864,.F.);
#3746=ORIENTED_EDGE('',*,*,#4157,.F.);
#3747=ORIENTED_EDGE('',*,*,#4858,.T.);
#3748=ORIENTED_EDGE('',*,*,#4865,.T.);
#3749=ORIENTED_EDGE('',*,*,#4866,.T.);
#3750=ORIENTED_EDGE('',*,*,#4161,.F.);
#3751=ORIENTED_EDGE('',*,*,#4867,.F.);
#3752=ORIENTED_EDGE('',*,*,#4868,.F.);
#3753=ORIENTED_EDGE('',*,*,#4869,.T.);
#3754=ORIENTED_EDGE('',*,*,#4870,.F.);
#3755=CARTESIAN_POINT('',(-9.0,4.8,-4.8));
#3756=DIRECTION('',(0.0,-1.0,0.0));
#3757=DIRECTION('',(0.0,0.0,-1.0));
#3758=ORIENTED_EDGE('',*,*,#4871,.T.);
#3759=ORIENTED_EDGE('',*,*,#4872,.F.);
#3760=ORIENTED_EDGE('',*,*,#4873,.T.);
#3761=ORIENTED_EDGE('',*,*,#4874,.F.);
#3762=ORIENTED_EDGE('',*,*,#4863,.T.);
#3763=ORIENTED_EDGE('',*,*,#4875,.T.);
#3764=ORIENTED_EDGE('',*,*,#4876,.T.);
#3765=ORIENTED_EDGE('',*,*,#4877,.T.);
#3766=CARTESIAN_POINT('',(12.388936325,4.8,5.9));
#3767=DIRECTION('',(-1.0,0.0,0.0));
#3768=DIRECTION('',(0.0,0.0,1.0));
#3769=ORIENTED_EDGE('',*,*,#4878,.T.);
#3770=ORIENTED_EDGE('',*,*,#4879,.T.);
#3771=ORIENTED_EDGE('',*,*,#4880,.T.);
#3772=ORIENTED_EDGE('',*,*,#4877,.F.);
#3773=ORIENTED_EDGE('',*,*,#4881,.T.);
#3774=ORIENTED_EDGE('',*,*,#4882,.T.);
#3775=CARTESIAN_POINT('',(9.0,-3.3,-1.89));
#3776=DIRECTION('',(0.0,0.0,1.0));
#3777=DIRECTION('',(1.0,0.0,0.0));
#3778=ORIENTED_EDGE('',*,*,#4883,.F.);
#3779=ORIENTED_EDGE('',*,*,#4884,.F.);
#3780=ORIENTED_EDGE('',*,*,#4885,.T.);
#3781=ORIENTED_EDGE('',*,*,#4882,.F.);
#3782=CARTESIAN_POINT('',(-9.0,-3.3,4.8));
#3783=DIRECTION('',(0.0,-1.0,0.0));
#3784=DIRECTION('',(0.0,0.0,-1.0));
#3785=ORIENTED_EDGE('',*,*,#4886,.T.);
#3786=ORIENTED_EDGE('',*,*,#4887,.F.);
#3787=ORIENTED_EDGE('',*,*,#4888,.F.);
#3788=ORIENTED_EDGE('',*,*,#4889,.T.);
#3789=CARTESIAN_POINT('',(-9.0,-3.3,4.8));
#3790=DIRECTION('',(0.0,-1.0,0.0));
#3791=DIRECTION('',(0.0,0.0,-1.0));
#3792=ORIENTED_EDGE('',*,*,#4890,.F.);
#3793=ORIENTED_EDGE('',*,*,#4891,.F.);
#3794=ORIENTED_EDGE('',*,*,#4892,.T.);
#3795=ORIENTED_EDGE('',*,*,#4893,.T.);
#3796=CARTESIAN_POINT('',(-9.0,-3.3,4.8));
#3797=DIRECTION('',(0.0,-1.0,0.0));
#3798=DIRECTION('',(0.0,0.0,-1.0));
#3799=ORIENTED_EDGE('',*,*,#4894,.T.);
#3800=ORIENTED_EDGE('',*,*,#4895,.F.);
#3801=ORIENTED_EDGE('',*,*,#4896,.F.);
#3802=ORIENTED_EDGE('',*,*,#4897,.F.);
#3803=CARTESIAN_POINT('',(-9.0,-3.3,4.8));
#3804=DIRECTION('',(0.0,-1.0,0.0));
#3805=DIRECTION('',(0.0,0.0,-1.0));
#3806=ORIENTED_EDGE('',*,*,#4885,.F.);
#3807=ORIENTED_EDGE('',*,*,#4898,.T.);
#3808=ORIENTED_EDGE('',*,*,#4899,.T.);
#3809=ORIENTED_EDGE('',*,*,#4900,.T.);
#3810=ORIENTED_EDGE('',*,*,#4901,.T.);
#3811=ORIENTED_EDGE('',*,*,#4878,.F.);
#3812=CARTESIAN_POINT('',(10.211063675,-3.3,5.9));
#3813=DIRECTION('',(0.924553242658345,0.381052885423978,0.0));
#3814=DIRECTION('',(0.0,0.0,-1.0));
#3815=ORIENTED_EDGE('',*,*,#4902,.T.);
#3816=ORIENTED_EDGE('',*,*,#4903,.T.);
#3817=ORIENTED_EDGE('',*,*,#4904,.T.);
#3818=ORIENTED_EDGE('',*,*,#4905,.T.);
#3819=ORIENTED_EDGE('',*,*,#4886,.F.);
#3820=ORIENTED_EDGE('',*,*,#4906,.T.);
#3821=CARTESIAN_POINT('',(10.211063675,-3.3,5.9));
#3822=DIRECTION('',(0.924553242658345,0.381052885423978,0.0));
#3823=DIRECTION('',(0.0,0.0,-1.0));
#3824=ORIENTED_EDGE('',*,*,#4901,.F.);
#3825=ORIENTED_EDGE('',*,*,#4907,.F.);
#3826=ORIENTED_EDGE('',*,*,#4908,.T.);
#3827=ORIENTED_EDGE('',*,*,#4909,.T.);
#3828=ORIENTED_EDGE('',*,*,#4902,.F.);
#3829=ORIENTED_EDGE('',*,*,#4910,.T.);
#3830=ORIENTED_EDGE('',*,*,#4911,.F.);
#3831=ORIENTED_EDGE('',*,*,#4879,.F.);
#3832=CARTESIAN_POINT('',(9.7,-2.06,5.9));
#3833=DIRECTION('',(1.0,0.0,0.0));
#3834=DIRECTION('',(0.0,1.0,0.0));
#3835=ORIENTED_EDGE('',*,*,#4880,.F.);
#3836=ORIENTED_EDGE('',*,*,#4911,.T.);
#3837=ORIENTED_EDGE('',*,*,#4912,.T.);
#3838=ORIENTED_EDGE('',*,*,#4871,.F.);
#3839=CARTESIAN_POINT('',(9.0,1.3,-2.49));
#3840=DIRECTION('',(1.0,-0.0,0.0));
#3841=DIRECTION('',(0.0,0.0,1.0));
#3842=ORIENTED_EDGE('',*,*,#4913,.F.);
#3843=ORIENTED_EDGE('',*,*,#4872,.T.);
#3844=ORIENTED_EDGE('',*,*,#4912,.F.);
#3845=ORIENTED_EDGE('',*,*,#4910,.F.);
#3846=ORIENTED_EDGE('',*,*,#4906,.F.);
#3847=ORIENTED_EDGE('',*,*,#4889,.F.);
#3848=CARTESIAN_POINT('',(9.0,1.3,-3.09));
#3849=DIRECTION('',(0.0,0.0,-1.0));
#3850=DIRECTION('',(0.0,-1.0,0.0));
#3851=ORIENTED_EDGE('',*,*,#4876,.F.);
#3852=ORIENTED_EDGE('',*,*,#4914,.F.);
#3853=ORIENTED_EDGE('',*,*,#4915,.T.);
#3854=ORIENTED_EDGE('',*,*,#4916,.T.);
#3855=ORIENTED_EDGE('',*,*,#4883,.T.);
#3856=ORIENTED_EDGE('',*,*,#4881,.F.);
#3857=CARTESIAN_POINT('',(12.388936325,-2.06,5.9));
#3858=DIRECTION('',(-0.900159251415503,0.435560928104302,0.0));
#3859=DIRECTION('',(0.0,0.0,1.0));
#3860=ORIENTED_EDGE('',*,*,#4888,.T.);
#3861=ORIENTED_EDGE('',*,*,#4917,.T.);
#3862=ORIENTED_EDGE('',*,*,#4918,.T.);
#3863=ORIENTED_EDGE('',*,*,#4919,.F.);
#3864=ORIENTED_EDGE('',*,*,#4873,.F.);
#3865=ORIENTED_EDGE('',*,*,#4913,.T.);
#3866=CARTESIAN_POINT('',(12.388936325,-2.06,5.9));
#3867=DIRECTION('',(-0.900159251415503,0.435560928104302,0.0));
#3868=DIRECTION('',(0.0,0.0,1.0));
#3869=ORIENTED_EDGE('',*,*,#4898,.F.);
#3870=ORIENTED_EDGE('',*,*,#4884,.T.);
#3871=ORIENTED_EDGE('',*,*,#4916,.F.);
#3872=ORIENTED_EDGE('',*,*,#4920,.T.);
#3873=CARTESIAN_POINT('',(11.0,-2.805,-2.49));
#3874=DIRECTION('',(-0.0,1.0,-0.0));
#3875=DIRECTION('',(1.0,0.0,0.0));
#3876=ORIENTED_EDGE('',*,*,#4915,.F.);
#3877=ORIENTED_EDGE('',*,*,#4921,.T.);
#3878=ORIENTED_EDGE('',*,*,#4899,.F.);
#3879=ORIENTED_EDGE('',*,*,#4920,.F.);
#3880=CARTESIAN_POINT('',(11.0,36.98480557762,-2.49));
#3881=DIRECTION('',(0.0,1.0,-0.0));
#3882=DIRECTION('',(-1.0,0.0,0.0));
#3883=ORIENTED_EDGE('',*,*,#4914,.T.);
#3884=ORIENTED_EDGE('',*,*,#4922,.T.);
#3885=ORIENTED_EDGE('',*,*,#4900,.F.);
#3886=ORIENTED_EDGE('',*,*,#4921,.F.);
#3887=CARTESIAN_POINT('',(11.0,-2.06,-2.49));
#3888=DIRECTION('',(0.0,-1.0,0.0));
#3889=DIRECTION('',(0.0,0.0,-1.0));
#3890=ORIENTED_EDGE('',*,*,#4903,.F.);
#3891=ORIENTED_EDGE('',*,*,#4923,.T.);
#3892=ORIENTED_EDGE('',*,*,#4919,.T.);
#3893=ORIENTED_EDGE('',*,*,#4924,.T.);
#3894=CARTESIAN_POINT('',(11.0,-2.06,-2.49));
#3895=DIRECTION('',(0.0,-1.0,0.0));
#3896=DIRECTION('',(0.0,0.0,-1.0));
#3897=ORIENTED_EDGE('',*,*,#4909,.F.);
#3898=ORIENTED_EDGE('',*,*,#4925,.F.);
#3899=ORIENTED_EDGE('',*,*,#4859,.T.);
#3900=ORIENTED_EDGE('',*,*,#4874,.T.);
#3901=ORIENTED_EDGE('',*,*,#4923,.F.);
#3902=CARTESIAN_POINT('',(11.0,4.8,-2.49));
#3903=DIRECTION('',(0.0,1.0,-0.0));
#3904=DIRECTION('',(1.0,0.0,0.0));
#3905=ORIENTED_EDGE('',*,*,#4875,.F.);
#3906=ORIENTED_EDGE('',*,*,#4862,.T.);
#3907=ORIENTED_EDGE('',*,*,#4926,.T.);
#3908=ORIENTED_EDGE('',*,*,#4907,.T.);
#3909=ORIENTED_EDGE('',*,*,#4922,.F.);
#3910=CARTESIAN_POINT('',(11.0,4.8,-2.49));
#3911=DIRECTION('',(0.0,1.0,-0.0));
#3912=DIRECTION('',(1.0,0.0,0.0));
#3913=ORIENTED_EDGE('',*,*,#4191,.F.);
#3914=ORIENTED_EDGE('',*,*,#4860,.T.);
#3915=ORIENTED_EDGE('',*,*,#4925,.T.);
#3916=ORIENTED_EDGE('',*,*,#4927,.T.);
#3917=CARTESIAN_POINT('',(9.385005172276,4.8,-3.625005172276));
#3918=DIRECTION('',(0.0,1.0,-0.0));
#3919=DIRECTION('',(1.0,0.0,0.0));
#3920=ORIENTED_EDGE('',*,*,#4192,.T.);
#3921=ORIENTED_EDGE('',*,*,#4927,.F.);
#3922=ORIENTED_EDGE('',*,*,#4908,.F.);
#3923=ORIENTED_EDGE('',*,*,#4928,.F.);
#3924=CARTESIAN_POINT('',(-9.0,2.7,4.8));
#3925=DIRECTION('',(0.0,-1.0,0.0));
#3926=DIRECTION('',(0.0,0.0,-1.0));
#3927=ORIENTED_EDGE('',*,*,#4159,.T.);
#3928=ORIENTED_EDGE('',*,*,#4929,.F.);
#3929=ORIENTED_EDGE('',*,*,#4930,.T.);
#3930=ORIENTED_EDGE('',*,*,#4931,.F.);
#3931=CARTESIAN_POINT('',(-9.0,2.7,4.8));
#3932=DIRECTION('',(0.0,-1.0,0.0));
#3933=DIRECTION('',(0.0,0.0,-1.0));
#3934=ORIENTED_EDGE('',*,*,#4926,.F.);
#3935=ORIENTED_EDGE('',*,*,#4861,.T.);
#3936=ORIENTED_EDGE('',*,*,#4193,.T.);
#3937=ORIENTED_EDGE('',*,*,#4928,.T.);
#3938=CARTESIAN_POINT('',(9.385005172276,4.8,-1.354994827724));
#3939=DIRECTION('',(0.0,1.0,-0.0));
#3940=DIRECTION('',(1.0,0.0,0.0));
#3941=ORIENTED_EDGE('',*,*,#4932,.F.);
#3942=ORIENTED_EDGE('',*,*,#4867,.T.);
#3943=ORIENTED_EDGE('',*,*,#4160,.T.);
#3944=ORIENTED_EDGE('',*,*,#4931,.T.);
#3945=CARTESIAN_POINT('',(-9.385005172276,4.8,-3.625005172276));
#3946=DIRECTION('',(0.0,1.0,-0.0));
#3947=DIRECTION('',(1.0,0.0,0.0));
#3948=ORIENTED_EDGE('',*,*,#4933,.T.);
#3949=ORIENTED_EDGE('',*,*,#4934,.F.);
#3950=ORIENTED_EDGE('',*,*,#4935,.F.);
#3951=ORIENTED_EDGE('',*,*,#4936,.F.);
#3952=ORIENTED_EDGE('',*,*,#4870,.T.);
#3953=CARTESIAN_POINT('',(-11.0,4.8,-2.49));
#3954=DIRECTION('',(0.0,1.0,-0.0));
#3955=DIRECTION('',(1.0,0.0,0.0));
#3956=ORIENTED_EDGE('',*,*,#4932,.T.);
#3957=ORIENTED_EDGE('',*,*,#4937,.T.);
#3958=ORIENTED_EDGE('',*,*,#4938,.F.);
#3959=ORIENTED_EDGE('',*,*,#4939,.F.);
#3960=ORIENTED_EDGE('',*,*,#4868,.T.);
#3961=CARTESIAN_POINT('',(-11.0,4.8,-2.49));
#3962=DIRECTION('',(0.0,1.0,-0.0));
#3963=DIRECTION('',(1.0,0.0,0.0));
#3964=ORIENTED_EDGE('',*,*,#4158,.F.);
#3965=ORIENTED_EDGE('',*,*,#4864,.T.);
#3966=ORIENTED_EDGE('',*,*,#4936,.T.);
#3967=ORIENTED_EDGE('',*,*,#4929,.T.);
#3968=CARTESIAN_POINT('',(-9.385005172276,4.8,-1.354994827724));
#3969=DIRECTION('',(0.0,1.0,-0.0));
#3970=DIRECTION('',(1.0,0.0,0.0));
#3971=ORIENTED_EDGE('',*,*,#4940,.F.);
#3972=ORIENTED_EDGE('',*,*,#4941,.T.);
#3973=ORIENTED_EDGE('',*,*,#4937,.F.);
#3974=ORIENTED_EDGE('',*,*,#4930,.F.);
#3975=ORIENTED_EDGE('',*,*,#4935,.T.);
#3976=ORIENTED_EDGE('',*,*,#4942,.T.);
#3977=ORIENTED_EDGE('',*,*,#4943,.T.);
#3978=ORIENTED_EDGE('',*,*,#4944,.F.);
#3979=CARTESIAN_POINT('',(-9.7,2.7,5.9));
#3980=DIRECTION('',(-1.0,0.0,0.0));
#3981=DIRECTION('',(0.0,0.0,1.0));
#3982=ORIENTED_EDGE('',*,*,#4944,.T.);
#3983=ORIENTED_EDGE('',*,*,#4945,.T.);
#3984=ORIENTED_EDGE('',*,*,#4946,.F.);
#3985=ORIENTED_EDGE('',*,*,#4947,.F.);
#3986=CARTESIAN_POINT('',(-9.0,1.3,-2.49));
#3987=DIRECTION('',(-1.0,0.0,-0.0));
#3988=DIRECTION('',(0.0,0.0,-1.0));
#3989=ORIENTED_EDGE('',*,*,#4948,.F.);
#3990=ORIENTED_EDGE('',*,*,#4940,.T.);
#3991=ORIENTED_EDGE('',*,*,#4947,.T.);
#3992=ORIENTED_EDGE('',*,*,#4949,.F.);
#3993=ORIENTED_EDGE('',*,*,#4950,.F.);
#3994=ORIENTED_EDGE('',*,*,#4897,.T.);
#3995=CARTESIAN_POINT('',(-9.0,-3.3,-3.09));
#3996=DIRECTION('',(0.0,0.0,-1.0));
#3997=DIRECTION('',(0.0,-1.0,0.0));
#3998=ORIENTED_EDGE('',*,*,#4892,.F.);
#3999=ORIENTED_EDGE('',*,*,#4951,.T.);
#4000=ORIENTED_EDGE('',*,*,#4952,.T.);
#4001=ORIENTED_EDGE('',*,*,#4953,.T.);
#4002=ORIENTED_EDGE('',*,*,#4954,.T.);
#4003=ORIENTED_EDGE('',*,*,#4955,.F.);
#4004=CARTESIAN_POINT('',(-11.788936325,-3.3,5.9));
#4005=DIRECTION('',(0.900159251415503,0.435560928104302,0.0));
#4006=DIRECTION('',(0.0,0.0,-1.0));
#4007=ORIENTED_EDGE('',*,*,#4956,.T.);
#4008=ORIENTED_EDGE('',*,*,#4957,.T.);
#4009=ORIENTED_EDGE('',*,*,#4958,.T.);
#4010=ORIENTED_EDGE('',*,*,#4959,.T.);
#4011=ORIENTED_EDGE('',*,*,#4894,.F.);
#4012=ORIENTED_EDGE('',*,*,#4950,.T.);
#4013=CARTESIAN_POINT('',(-11.788936325,-3.3,5.9));
#4014=DIRECTION('',(0.900159251415503,0.435560928104302,0.0));
#4015=DIRECTION('',(0.0,0.0,-1.0));
#4016=ORIENTED_EDGE('',*,*,#4955,.T.);
#4017=ORIENTED_EDGE('',*,*,#4960,.T.);
#4018=ORIENTED_EDGE('',*,*,#4945,.F.);
#4019=ORIENTED_EDGE('',*,*,#4943,.F.);
#4020=ORIENTED_EDGE('',*,*,#4961,.T.);
#4021=ORIENTED_EDGE('',*,*,#4893,.F.);
#4022=CARTESIAN_POINT('',(-9.0,1.3,-1.89));
#4023=DIRECTION('',(0.0,0.0,1.0));
#4024=DIRECTION('',(1.0,0.0,0.0));
#4025=ORIENTED_EDGE('',*,*,#4942,.F.);
#4026=ORIENTED_EDGE('',*,*,#4962,.F.);
#4027=ORIENTED_EDGE('',*,*,#4963,.T.);
#4028=ORIENTED_EDGE('',*,*,#4964,.T.);
#4029=ORIENTED_EDGE('',*,*,#4890,.T.);
#4030=ORIENTED_EDGE('',*,*,#4961,.F.);
#4031=CARTESIAN_POINT('',(-9.7,-2.06,5.9));
#4032=DIRECTION('',(-0.924553242658345,0.381052885423978,0.0));
#4033=DIRECTION('',(0.0,0.0,1.0));
#4034=ORIENTED_EDGE('',*,*,#4896,.T.);
#4035=ORIENTED_EDGE('',*,*,#4965,.T.);
#4036=ORIENTED_EDGE('',*,*,#4966,.T.);
#4037=ORIENTED_EDGE('',*,*,#4967,.F.);
#4038=ORIENTED_EDGE('',*,*,#4941,.F.);
#4039=ORIENTED_EDGE('',*,*,#4948,.T.);
#4040=CARTESIAN_POINT('',(-9.7,-2.06,5.9));
#4041=DIRECTION('',(-0.924553242658345,0.381052885423978,0.0));
#4042=DIRECTION('',(0.0,0.0,1.0));
#4043=ORIENTED_EDGE('',*,*,#4951,.F.);
#4044=ORIENTED_EDGE('',*,*,#4891,.T.);
#4045=ORIENTED_EDGE('',*,*,#4964,.F.);
#4046=ORIENTED_EDGE('',*,*,#4968,.T.);
#4047=CARTESIAN_POINT('',(-11.0,-2.805,-2.49));
#4048=DIRECTION('',(-0.0,1.0,-0.0));
#4049=DIRECTION('',(1.0,0.0,0.0));
#4050=ORIENTED_EDGE('',*,*,#4963,.F.);
#4051=ORIENTED_EDGE('',*,*,#4969,.T.);
#4052=ORIENTED_EDGE('',*,*,#4952,.F.);
#4053=ORIENTED_EDGE('',*,*,#4968,.F.);
#4054=CARTESIAN_POINT('',(-11.0,36.74860768354,-2.49));
#4055=DIRECTION('',(0.0,1.0,-0.0));
#4056=DIRECTION('',(-1.0,0.0,0.0));
#4057=ORIENTED_EDGE('',*,*,#4962,.T.);
#4058=ORIENTED_EDGE('',*,*,#4934,.T.);
#4059=ORIENTED_EDGE('',*,*,#4953,.F.);
#4060=ORIENTED_EDGE('',*,*,#4969,.F.);
#4061=CARTESIAN_POINT('',(-11.0,-2.06,-2.49));
#4062=DIRECTION('',(0.0,-1.0,0.0));
#4063=DIRECTION('',(0.0,0.0,-1.0));
#4064=ORIENTED_EDGE('',*,*,#4957,.F.);
#4065=ORIENTED_EDGE('',*,*,#4938,.T.);
#4066=ORIENTED_EDGE('',*,*,#4967,.T.);
#4067=ORIENTED_EDGE('',*,*,#4970,.T.);
#4068=CARTESIAN_POINT('',(-11.0,-2.06,-2.49));
#4069=DIRECTION('',(0.0,-1.0,0.0));
#4070=DIRECTION('',(0.0,0.0,-1.0));
#4071=ORIENTED_EDGE('',*,*,#4958,.F.);
#4072=ORIENTED_EDGE('',*,*,#4970,.F.);
#4073=ORIENTED_EDGE('',*,*,#4966,.F.);
#4074=ORIENTED_EDGE('',*,*,#4971,.T.);
#4075=CARTESIAN_POINT('',(-11.0,36.74860768354,-2.49));
#4076=DIRECTION('',(0.0,1.0,-0.0));
#4077=DIRECTION('',(-1.0,0.0,0.0));
#4078=ORIENTED_EDGE('',*,*,#4965,.F.);
#4079=ORIENTED_EDGE('',*,*,#4895,.T.);
#4080=ORIENTED_EDGE('',*,*,#4959,.F.);
#4081=ORIENTED_EDGE('',*,*,#4971,.F.);
#4082=CARTESIAN_POINT('',(-11.0,-2.805,-2.49));
#4083=DIRECTION('',(-0.0,1.0,-0.0));
#4084=DIRECTION('',(1.0,0.0,0.0));
#4085=ORIENTED_EDGE('',*,*,#4960,.F.);
#4086=ORIENTED_EDGE('',*,*,#4954,.F.);
#4087=ORIENTED_EDGE('',*,*,#4933,.F.);
#4088=ORIENTED_EDGE('',*,*,#4869,.F.);
#4089=ORIENTED_EDGE('',*,*,#4939,.T.);
#4090=ORIENTED_EDGE('',*,*,#4956,.F.);
#4091=ORIENTED_EDGE('',*,*,#4949,.T.);
#4092=ORIENTED_EDGE('',*,*,#4946,.T.);
#4093=CARTESIAN_POINT('',(-12.388936325,-2.06,5.9));
#4094=DIRECTION('',(1.0,0.0,0.0));
#4095=DIRECTION('',(0.0,1.0,0.0));
#4096=ORIENTED_EDGE('',*,*,#4904,.F.);
#4097=ORIENTED_EDGE('',*,*,#4924,.F.);
#4098=ORIENTED_EDGE('',*,*,#4918,.F.);
#4099=ORIENTED_EDGE('',*,*,#4972,.T.);
#4100=CARTESIAN_POINT('',(11.0,36.98480557762,-2.49));
#4101=DIRECTION('',(0.0,1.0,-0.0));
#4102=DIRECTION('',(-1.0,0.0,0.0));
#4103=ORIENTED_EDGE('',*,*,#4917,.F.);
#4104=ORIENTED_EDGE('',*,*,#4887,.T.);
#4105=ORIENTED_EDGE('',*,*,#4905,.F.);
#4106=ORIENTED_EDGE('',*,*,#4972,.F.);
#4107=CARTESIAN_POINT('',(11.0,-2.805,-2.49));
#4108=DIRECTION('',(-0.0,1.0,-0.0));
#4109=DIRECTION('',(1.0,0.0,0.0));
#4110=ORIENTED_EDGE('',*,*,#4973,.F.);
#4111=ORIENTED_EDGE('',*,*,#4200,.T.);
#4112=ORIENTED_EDGE('',*,*,#4162,.F.);
#4113=ORIENTED_EDGE('',*,*,#4866,.F.);
#4114=CARTESIAN_POINT('',(-9.4,12.8,-2.99));
#4115=DIRECTION('',(-0.707106781186548,0.0,-0.707106781186548));
#4116=DIRECTION('',(-0.707106781186548,0.0,0.707106781186548));
#4117=ORIENTED_EDGE('',*,*,#4857,.F.);
#4118=ORIENTED_EDGE('',*,*,#4201,.T.);
#4119=ORIENTED_EDGE('',*,*,#4973,.T.);
#4120=ORIENTED_EDGE('',*,*,#4865,.F.);
#4121=CARTESIAN_POINT('',(-9.4,12.8,-1.99));
#4122=DIRECTION('',(-1.0,0.0,0.0));
#4123=DIRECTION('',(0.0,0.0,1.0));
#4124=AXIS2_PLACEMENT_3D('',#4974,#4975,#4976);
#4125=AXIS2_PLACEMENT_3D('',#4977,#4978,#4979);
#4126=AXIS2_PLACEMENT_3D('',#4980,#4981,#4982);
#4127=AXIS2_PLACEMENT_3D('',#4983,#4984,#4985);
#4128=AXIS2_PLACEMENT_3D('',#4986,#4987,#4988);
#4129=AXIS2_PLACEMENT_3D('',#4989,#4990,#4991);
#4130=AXIS2_PLACEMENT_3D('',#4992,#4993,#4994);
#4131=AXIS2_PLACEMENT_3D('',#4995,#4996,#4997);
#4132=AXIS2_PLACEMENT_3D('',#4998,#4999,#5000);
#4133=AXIS2_PLACEMENT_3D('',#5001,#5002,#5003);
#4134=AXIS2_PLACEMENT_3D('',#5004,#5005,#5006);
#4135=AXIS2_PLACEMENT_3D('',#5007,#5008,#5009);
#4136=AXIS2_PLACEMENT_3D('',#5010,#5011,#5012);
#4137=AXIS2_PLACEMENT_3D('',#5013,#5014,#5015);
#4138=AXIS2_PLACEMENT_3D('',#5016,#5017,#5018);
#4139=AXIS2_PLACEMENT_3D('',#5019,#5020,#5021);
#4140=AXIS2_PLACEMENT_3D('',#5022,#5023,#5024);
#4141=AXIS2_PLACEMENT_3D('',#5025,#5026,#5027);
#4142=AXIS2_PLACEMENT_3D('',#5028,#5029,#5030);
#4143=AXIS2_PLACEMENT_3D('',#5031,#5032,#5033);
#4144=CARTESIAN_POINT('',(-11.0,-2.06,-2.49));
#4145=VECTOR('',#5034,1.24);
#4146=CARTESIAN_POINT('',(11.0,-2.06,-2.49));
#4147=VECTOR('',#5035,1.24);
#4148=EDGE_CURVE('',#5036,#5037,#5038,.T.);
#4149=EDGE_CURVE('',#5036,#5039,#5040,.T.);
#4150=EDGE_CURVE('',#5039,#5041,#5042,.T.);
#4151=EDGE_CURVE('',#5037,#5041,#5043,.T.);
#4152=EDGE_CURVE('',#5044,#5045,#5046,.T.);
#4153=EDGE_CURVE('',#5047,#5044,#5048,.T.);
#4154=EDGE_CURVE('',#5049,#5047,#5050,.T.);
#4155=EDGE_CURVE('',#5051,#5049,#5052,.T.);
#4156=EDGE_CURVE('',#5053,#5051,#5054,.T.);
#4157=EDGE_CURVE('',#5053,#5055,#5056,.T.);
#4158=EDGE_CURVE('',#5055,#5057,#5058,.T.);
#4159=EDGE_CURVE('',#5059,#5057,#5060,.T.);
#4160=EDGE_CURVE('',#5061,#5059,#5062,.T.);
#4161=EDGE_CURVE('',#5061,#5063,#5064,.T.);
#4162=EDGE_CURVE('',#5063,#5065,#5066,.T.);
#4163=EDGE_CURVE('',#5067,#5065,#5068,.T.);
#4164=EDGE_CURVE('',#5069,#5067,#5070,.T.);
#4165=EDGE_CURVE('',#5071,#5069,#5072,.T.);
#4166=EDGE_CURVE('',#5071,#5073,#5074,.T.);
#4167=EDGE_CURVE('',#5045,#5073,#5075,.T.);
#4168=EDGE_CURVE('',#5076,#5037,#5077,.T.);
#4169=EDGE_CURVE('',#5041,#5078,#5079,.T.);
#4170=EDGE_CURVE('',#5078,#5080,#5081,.T.);
#4171=EDGE_CURVE('',#5082,#5080,#5083,.T.);
#4172=EDGE_CURVE('',#5082,#5084,#5085,.T.);
#4173=EDGE_CURVE('',#5084,#5086,#5087,.T.);
#4174=EDGE_CURVE('',#5086,#5088,#5089,.T.);
#4175=EDGE_CURVE('',#5090,#5088,#5091,.T.);
#4176=EDGE_CURVE('',#5090,#5092,#5093,.T.);
#4177=EDGE_CURVE('',#5092,#5076,#5094,.T.);
#4178=EDGE_CURVE('',#5073,#5095,#5096,.T.);
#4179=EDGE_CURVE('',#5095,#5097,#5098,.T.);
#4180=EDGE_CURVE('',#5097,#5099,#5100,.T.);
#4181=EDGE_CURVE('',#5099,#5101,#5102,.T.);
#4182=EDGE_CURVE('',#5101,#5103,#5104,.T.);
#4183=EDGE_CURVE('',#5103,#5105,#5106,.T.);
#4184=EDGE_CURVE('',#5105,#5045,#5107,.T.);
#4185=EDGE_CURVE('',#5108,#5092,#5109,.T.);
#4186=EDGE_CURVE('',#5108,#5110,#5111,.T.);
#4187=EDGE_CURVE('',#5110,#5112,#5113,.T.);
#4188=EDGE_CURVE('',#5112,#5114,#5115,.T.);
#4189=EDGE_CURVE('',#5114,#5076,#5116,.T.);
#4190=EDGE_CURVE('',#5117,#5118,#5119,.T.);
#4191=EDGE_CURVE('',#5117,#5120,#5121,.T.);
#4192=EDGE_CURVE('',#5122,#5120,#5123,.T.);
#4193=EDGE_CURVE('',#5118,#5122,#5124,.T.);
#4194=EDGE_CURVE('',#5039,#5125,#5126,.T.);
#4195=EDGE_CURVE('',#5125,#5127,#5128,.T.);
#4196=EDGE_CURVE('',#5127,#5129,#5130,.T.);
#4197=EDGE_CURVE('',#5129,#5078,#5131,.T.);
#4198=EDGE_CURVE('',#5114,#5036,#5132,.T.);
#4199=EDGE_CURVE('',#5067,#5133,#5134,.T.);
#4200=EDGE_CURVE('',#5135,#5065,#5136,.T.);
#4201=EDGE_CURVE('',#5137,#5135,#5138,.T.);
#4202=EDGE_CURVE('',#5051,#5137,#5139,.T.);
#4203=EDGE_CURVE('',#5049,#5125,#5140,.T.);
#4204=EDGE_CURVE('',#5141,#5112,#5142,.T.);
#4205=EDGE_CURVE('',#5133,#5141,#5143,.T.);
#4206=EDGE_CURVE('',#5144,#5145,#5146,.T.);
#4207=EDGE_CURVE('',#5147,#5144,#5148,.T.);
#4208=EDGE_CURVE('',#5149,#5147,#5150,.T.);
#4209=EDGE_CURVE('',#5145,#5149,#5151,.T.);
#4210=EDGE_CURVE('',#5152,#5153,#5154,.T.);
#4211=EDGE_CURVE('',#5155,#5152,#5156,.T.);
#4212=EDGE_CURVE('',#5157,#5155,#5158,.T.);
#4213=EDGE_CURVE('',#5159,#5157,#5160,.T.);
#4214=EDGE_CURVE('',#5161,#5159,#5162,.T.);
#4215=EDGE_CURVE('',#5153,#5161,#5163,.T.);
#4216=EDGE_CURVE('',#5164,#5165,#5166,.T.);
#4217=EDGE_CURVE('',#5167,#5164,#5168,.T.);
#4218=EDGE_CURVE('',#5169,#5167,#5170,.T.);
#4219=EDGE_CURVE('',#5165,#5169,#5171,.T.);
#4220=EDGE_CURVE('',#5172,#5173,#5174,.T.);
#4221=EDGE_CURVE('',#5175,#5172,#5176,.T.);
#4222=EDGE_CURVE('',#5177,#5175,#5178,.T.);
#4223=EDGE_CURVE('',#5179,#5177,#5180,.T.);
#4224=EDGE_CURVE('',#5181,#5179,#5182,.T.);
#4225=EDGE_CURVE('',#5173,#5181,#5183,.T.);
#4226=EDGE_CURVE('',#5184,#5185,#5186,.T.);
#4227=EDGE_CURVE('',#5187,#5184,#5188,.T.);
#4228=EDGE_CURVE('',#5189,#5187,#5190,.T.);
#4229=EDGE_CURVE('',#5185,#5189,#5191,.T.);
#4230=EDGE_CURVE('',#5192,#5193,#5194,.T.);
#4231=EDGE_CURVE('',#5195,#5192,#5196,.T.);
#4232=EDGE_CURVE('',#5197,#5195,#5198,.T.);
#4233=EDGE_CURVE('',#5199,#5197,#5200,.T.);
#4234=EDGE_CURVE('',#5201,#5199,#5202,.T.);
#4235=EDGE_CURVE('',#5193,#5201,#5203,.T.);
#4236=EDGE_CURVE('',#5204,#5205,#5206,.T.);
#4237=EDGE_CURVE('',#5207,#5204,#5208,.T.);
#4238=EDGE_CURVE('',#5209,#5207,#5210,.T.);
#4239=EDGE_CURVE('',#5211,#5209,#5212,.T.);
#4240=EDGE_CURVE('',#5213,#5211,#5214,.T.);
#4241=EDGE_CURVE('',#5205,#5213,#5215,.T.);
#4242=EDGE_CURVE('',#5216,#5217,#5218,.T.);
#4243=EDGE_CURVE('',#5219,#5216,#5220,.T.);
#4244=EDGE_CURVE('',#5221,#5219,#5222,.T.);
#4245=EDGE_CURVE('',#5217,#5221,#5223,.T.);
#4246=EDGE_CURVE('',#5224,#5141,#5225,.T.);
#4247=EDGE_CURVE('',#5226,#5224,#5227,.T.);
#4248=EDGE_CURVE('',#5226,#5133,#5228,.T.);
#4249=EDGE_CURVE('',#5229,#5226,#5230,.T.);
#4250=EDGE_CURVE('',#5231,#5229,#5232,.T.);
#4251=EDGE_CURVE('',#5133,#5231,#5233,.T.);
#4252=EDGE_CURVE('',#5231,#5234,#5235,.T.);
#4253=EDGE_CURVE('',#5141,#5234,#5236,.T.);
#4254=EDGE_CURVE('',#5237,#5110,#5238,.T.);
#4255=EDGE_CURVE('',#5237,#5239,#5240,.T.);
#4256=EDGE_CURVE('',#5241,#5239,#5242,.T.);
#4257=EDGE_CURVE('',#5243,#5241,#5244,.T.);
#4258=EDGE_CURVE('',#5245,#5243,#5246,.T.);
#4259=EDGE_CURVE('',#5245,#5247,#5248,.T.);
#4260=EDGE_CURVE('',#5249,#5247,#5250,.T.);
#4261=EDGE_CURVE('',#5251,#5249,#5252,.T.);
#4262=EDGE_CURVE('',#5253,#5251,#5254,.T.);
#4263=EDGE_CURVE('',#5253,#5255,#5256,.T.);
#4264=EDGE_CURVE('',#5257,#5255,#5258,.T.);
#4265=EDGE_CURVE('',#5259,#5257,#5260,.T.);
#4266=EDGE_CURVE('',#5261,#5259,#5262,.T.);
#4267=EDGE_CURVE('',#5261,#5263,#5264,.T.);
#4268=EDGE_CURVE('',#5265,#5263,#5266,.T.);
#4269=EDGE_CURVE('',#5267,#5265,#5268,.T.);
#4270=EDGE_CURVE('',#5069,#5267,#5269,.T.);
#4271=EDGE_CURVE('',#5270,#5271,#5272,.T.);
#4272=EDGE_CURVE('',#5273,#5270,#5274,.T.);
#4273=EDGE_CURVE('',#5275,#5273,#5276,.T.);
#4274=EDGE_CURVE('',#5271,#5275,#5277,.T.);
#4275=EDGE_CURVE('',#5278,#5279,#5280,.T.);
#4276=EDGE_CURVE('',#5279,#5129,#5281,.T.);
#4277=EDGE_CURVE('',#5278,#5127,#5282,.T.);
#4278=EDGE_CURVE('',#5283,#5108,#5284,.T.);
#4279=EDGE_CURVE('',#5237,#5283,#5285,.T.);
#4280=EDGE_CURVE('',#5286,#5287,#5288,.T.);
#4281=EDGE_CURVE('',#5287,#5289,#5290,.T.);
#4282=EDGE_CURVE('',#5291,#5289,#5292,.T.);
#4283=EDGE_CURVE('',#5286,#5291,#5293,.T.);
#4284=EDGE_CURVE('',#5243,#5294,#5295,.T.);
#4285=EDGE_CURVE('',#5296,#5294,#5297,.T.);
#4286=EDGE_CURVE('',#5245,#5296,#5298,.T.);
#4287=EDGE_CURVE('',#5299,#5300,#5301,.T.);
#4288=EDGE_CURVE('',#5300,#5302,#5303,.T.);
#4289=EDGE_CURVE('',#5304,#5302,#5305,.T.);
#4290=EDGE_CURVE('',#5299,#5304,#5306,.T.);
#4291=EDGE_CURVE('',#5251,#5307,#5308,.T.);
#4292=EDGE_CURVE('',#5309,#5307,#5310,.T.);
#4293=EDGE_CURVE('',#5253,#5309,#5311,.T.);
#4294=EDGE_CURVE('',#5044,#5312,#5313,.T.);
#4295=EDGE_CURVE('',#5314,#5312,#5315,.T.);
#4296=EDGE_CURVE('',#5047,#5314,#5316,.T.);
#4297=EDGE_CURVE('',#5317,#5318,#5319,.T.);
#4298=EDGE_CURVE('',#5318,#5320,#5321,.T.);
#4299=EDGE_CURVE('',#5322,#5320,#5323,.T.);
#4300=EDGE_CURVE('',#5317,#5322,#5324,.T.);
#4301=EDGE_CURVE('',#5267,#5325,#5326,.T.);
#4302=EDGE_CURVE('',#5071,#5325,#5327,.T.);
#4303=EDGE_CURVE('',#5259,#5328,#5329,.T.);
#4304=EDGE_CURVE('',#5330,#5328,#5331,.T.);
#4305=EDGE_CURVE('',#5261,#5330,#5332,.T.);
#4306=EDGE_CURVE('',#5103,#5333,#5334,.T.);
#4307=EDGE_CURVE('',#5271,#5101,#5335,.T.);
#4308=EDGE_CURVE('',#5275,#5084,#5336,.T.);
#4309=EDGE_CURVE('',#5082,#5337,#5338,.T.);
#4310=EDGE_CURVE('',#5339,#5337,#5340,.T.);
#4311=EDGE_CURVE('',#5341,#5339,#5342,.T.);
#4312=EDGE_CURVE('',#5343,#5341,#5344,.T.);
#4313=EDGE_CURVE('',#5345,#5343,#5346,.T.);
#4314=EDGE_CURVE('',#5345,#5347,#5348,.T.);
#4315=EDGE_CURVE('',#5349,#5347,#5350,.T.);
#4316=EDGE_CURVE('',#5349,#5351,#5352,.T.);
#4317=EDGE_CURVE('',#5353,#5351,#5354,.T.);
#4318=EDGE_CURVE('',#5355,#5353,#5356,.T.);
#4319=EDGE_CURVE('',#5357,#5355,#5358,.T.);
#4320=EDGE_CURVE('',#5359,#5357,#5360,.T.);
#4321=EDGE_CURVE('',#5361,#5359,#5362,.T.);
#4322=EDGE_CURVE('',#5363,#5361,#5364,.T.);
#4323=EDGE_CURVE('',#5365,#5363,#5366,.T.);
#4324=EDGE_CURVE('',#5367,#5365,#5368,.T.);
#4325=EDGE_CURVE('',#5369,#5367,#5370,.T.);
#4326=EDGE_CURVE('',#5371,#5369,#5372,.T.);
#4327=EDGE_CURVE('',#5373,#5371,#5374,.T.);
#4328=EDGE_CURVE('',#5375,#5373,#5376,.T.);
#4329=EDGE_CURVE('',#5377,#5375,#5378,.T.);
#4330=EDGE_CURVE('',#5379,#5377,#5380,.T.);
#4331=EDGE_CURVE('',#5381,#5379,#5382,.T.);
#4332=EDGE_CURVE('',#5381,#5383,#5384,.T.);
#4333=EDGE_CURVE('',#5385,#5383,#5386,.T.);
#4334=EDGE_CURVE('',#5333,#5385,#5387,.T.);
#4335=EDGE_CURVE('',#5388,#5385,#5389,.T.);
#4336=EDGE_CURVE('',#5388,#5390,#5391,.T.);
#4337=EDGE_CURVE('',#5390,#5392,#5393,.T.);
#4338=EDGE_CURVE('',#5394,#5392,#5395,.T.);
#4339=EDGE_CURVE('',#5394,#5396,#5397,.T.);
#4340=EDGE_CURVE('',#5396,#5398,#5399,.T.);
#4341=EDGE_CURVE('',#5398,#5333,#5400,.T.);
#4342=EDGE_CURVE('',#5401,#5402,#5403,.T.);
#4343=EDGE_CURVE('',#5402,#5404,#5405,.T.);
#4344=EDGE_CURVE('',#5406,#5404,#5407,.T.);
#4345=EDGE_CURVE('',#5401,#5406,#5408,.T.);
#4346=EDGE_CURVE('',#5409,#5410,#5411,.T.);
#4347=EDGE_CURVE('',#5409,#5412,#5413,.T.);
#4348=EDGE_CURVE('',#5412,#5414,#5415,.T.);
#4349=EDGE_CURVE('',#5414,#5416,#5417,.T.);
#4350=EDGE_CURVE('',#5416,#5265,#5418,.T.);
#4351=EDGE_CURVE('',#5263,#5419,#5420,.T.);
#4352=EDGE_CURVE('',#5419,#5410,#5421,.T.);
#4353=EDGE_CURVE('',#5422,#5423,#5424,.T.);
#4354=EDGE_CURVE('',#5423,#5425,#5426,.T.);
#4355=EDGE_CURVE('',#5427,#5425,#5428,.T.);
#4356=EDGE_CURVE('',#5422,#5427,#5429,.T.);
#4357=EDGE_CURVE('',#5105,#5398,#5430,.T.);
#4358=EDGE_CURVE('',#5312,#5396,#5431,.T.);
#4359=EDGE_CURVE('',#5432,#5279,#5433,.T.);
#4360=EDGE_CURVE('',#5434,#5432,#5435,.T.);
#4361=EDGE_CURVE('',#5080,#5434,#5436,.T.);
#4362=EDGE_CURVE('',#5437,#5438,#5439,.T.);
#4363=EDGE_CURVE('',#5440,#5437,#5441,.T.);
#4364=EDGE_CURVE('',#5442,#5440,#5443,.T.);
#4365=EDGE_CURVE('',#5444,#5442,#5445,.T.);
#4366=EDGE_CURVE('',#5446,#5444,#5447,.T.);
#4367=EDGE_CURVE('',#5448,#5446,#5449,.T.);
#4368=EDGE_CURVE('',#5450,#5448,#5451,.T.);
#4369=EDGE_CURVE('',#5289,#5450,#5452,.T.);
#4370=EDGE_CURVE('',#5453,#5287,#5454,.T.);
#4371=EDGE_CURVE('',#5455,#5453,#5456,.T.);
#4372=EDGE_CURVE('',#5438,#5455,#5457,.T.);
#4373=EDGE_CURVE('',#5302,#5458,#5459,.T.);
#4374=EDGE_CURVE('',#5460,#5300,#5461,.T.);
#4375=EDGE_CURVE('',#5462,#5460,#5463,.T.);
#4376=EDGE_CURVE('',#5462,#5464,#5465,.T.);
#4377=EDGE_CURVE('',#5464,#5466,#5467,.T.);
#4378=EDGE_CURVE('',#5466,#5468,#5469,.T.);
#4379=EDGE_CURVE('',#5468,#5470,#5471,.T.);
#4380=EDGE_CURVE('',#5470,#5472,#5473,.T.);
#4381=EDGE_CURVE('',#5472,#5474,#5475,.T.);
#4382=EDGE_CURVE('',#5474,#5476,#5477,.T.);
#4383=EDGE_CURVE('',#5458,#5476,#5478,.T.);
#4384=EDGE_CURVE('',#5320,#5479,#5480,.T.);
#4385=EDGE_CURVE('',#5390,#5318,#5481,.T.);
#4386=EDGE_CURVE('',#5388,#5482,#5483,.T.);
#4387=EDGE_CURVE('',#5484,#5482,#5485,.T.);
#4388=EDGE_CURVE('',#5484,#5486,#5487,.T.);
#4389=EDGE_CURVE('',#5486,#5488,#5489,.T.);
#4390=EDGE_CURVE('',#5488,#5490,#5491,.T.);
#4391=EDGE_CURVE('',#5490,#5492,#5493,.T.);
#4392=EDGE_CURVE('',#5492,#5494,#5495,.T.);
#4393=EDGE_CURVE('',#5479,#5494,#5496,.T.);
#4394=EDGE_CURVE('',#5314,#5394,#5497,.T.);
#4395=EDGE_CURVE('',#5317,#5392,#5498,.T.);
#4396=EDGE_CURVE('',#5322,#5499,#5500,.T.);
#4397=EDGE_CURVE('',#5499,#5501,#5502,.T.);
#4398=EDGE_CURVE('',#5299,#5501,#5503,.T.);
#4399=EDGE_CURVE('',#5304,#5504,#5505,.T.);
#4400=EDGE_CURVE('',#5504,#5506,#5507,.T.);
#4401=EDGE_CURVE('',#5286,#5506,#5508,.T.);
#4402=EDGE_CURVE('',#5291,#5509,#5510,.T.);
#4403=EDGE_CURVE('',#5509,#5511,#5512,.T.);
#4404=EDGE_CURVE('',#5278,#5511,#5513,.T.);
#4405=EDGE_CURVE('',#5432,#5511,#5514,.T.);
#4406=EDGE_CURVE('',#5448,#5339,#5515,.T.);
#4407=EDGE_CURVE('',#5337,#5434,#5516,.T.);
#4408=EDGE_CURVE('',#5509,#5450,#5517,.T.);
#4409=EDGE_CURVE('',#5518,#5519,#5520,.T.);
#4410=EDGE_CURVE('',#5519,#5521,#5522,.T.);
#4411=EDGE_CURVE('',#5523,#5521,#5524,.T.);
#4412=EDGE_CURVE('',#5518,#5523,#5525,.T.);
#4413=EDGE_CURVE('',#5526,#5527,#5528,.T.);
#4414=EDGE_CURVE('',#5527,#5529,#5530,.T.);
#4415=EDGE_CURVE('',#5529,#5241,#5531,.T.);
#4416=EDGE_CURVE('',#5239,#5532,#5533,.T.);
#4417=EDGE_CURVE('',#5532,#5534,#5535,.T.);
#4418=EDGE_CURVE('',#5534,#5536,#5537,.T.);
#4419=EDGE_CURVE('',#5536,#5526,#5538,.T.);
#4420=EDGE_CURVE('',#5539,#5540,#5541,.T.);
#4421=EDGE_CURVE('',#5540,#5542,#5543,.T.);
#4422=EDGE_CURVE('',#5544,#5542,#5545,.T.);
#4423=EDGE_CURVE('',#5539,#5544,#5546,.T.);
#4424=EDGE_CURVE('',#5446,#5341,#5547,.T.);
#4425=EDGE_CURVE('',#5444,#5548,#5549,.T.);
#4426=EDGE_CURVE('',#5548,#5550,#5551,.T.);
#4427=EDGE_CURVE('',#5550,#5552,#5553,.T.);
#4428=EDGE_CURVE('',#5552,#5554,#5555,.T.);
#4429=EDGE_CURVE('',#5554,#5343,#5556,.T.);
#4430=EDGE_CURVE('',#5557,#5558,#5559,.T.);
#4431=EDGE_CURVE('',#5560,#5558,#5561,.T.);
#4432=EDGE_CURVE('',#5562,#5560,#5563,.T.);
#4433=EDGE_CURVE('',#5562,#5557,#5564,.T.);
#4434=EDGE_CURVE('',#5565,#5566,#5567,.T.);
#4435=EDGE_CURVE('',#5566,#5568,#5569,.T.);
#4436=EDGE_CURVE('',#5568,#5570,#5571,.T.);
#4437=EDGE_CURVE('',#5570,#5572,#5573,.T.);
#4438=EDGE_CURVE('',#5572,#5574,#5575,.T.);
#4439=EDGE_CURVE('',#5574,#5576,#5577,.T.);
#4440=EDGE_CURVE('',#5576,#5578,#5579,.T.);
#4441=EDGE_CURVE('',#5565,#5578,#5580,.T.);
#4442=EDGE_CURVE('',#5581,#5582,#5583,.T.);
#4443=EDGE_CURVE('',#5584,#5582,#5585,.T.);
#4444=EDGE_CURVE('',#5586,#5584,#5587,.T.);
#4445=EDGE_CURVE('',#5586,#5581,#5588,.T.);
#4446=EDGE_CURVE('',#5147,#5554,#5589,.T.);
#4447=EDGE_CURVE('',#5144,#5548,#5590,.T.);
#4448=EDGE_CURVE('',#5442,#5345,#5591,.T.);
#4449=EDGE_CURVE('',#5347,#5440,#5592,.T.);
#4450=EDGE_CURVE('',#5593,#5437,#5594,.T.);
#4451=EDGE_CURVE('',#5205,#5593,#5595,.T.);
#4452=EDGE_CURVE('',#5213,#5596,#5597,.T.);
#4453=EDGE_CURVE('',#5349,#5596,#5598,.T.);
#4454=EDGE_CURVE('',#5599,#5357,#5600,.T.);
#4455=EDGE_CURVE('',#5599,#5601,#5602,.T.);
#4456=EDGE_CURVE('',#5601,#5603,#5604,.T.);
#4457=EDGE_CURVE('',#5603,#5605,#5606,.T.);
#4458=EDGE_CURVE('',#5605,#5351,#5607,.T.);
#4459=EDGE_CURVE('',#5596,#5608,#5609,.T.);
#4460=EDGE_CURVE('',#5608,#5359,#5610,.T.);
#4461=EDGE_CURVE('',#5611,#5612,#5613,.T.);
#4462=EDGE_CURVE('',#5614,#5612,#5615,.T.);
#4463=EDGE_CURVE('',#5616,#5614,#5617,.T.);
#4464=EDGE_CURVE('',#5611,#5616,#5618,.T.);
#4465=EDGE_CURVE('',#5619,#5373,#5620,.T.);
#4466=EDGE_CURVE('',#5619,#5621,#5622,.T.);
#4467=EDGE_CURVE('',#5621,#5623,#5624,.T.);
#4468=EDGE_CURVE('',#5623,#5625,#5626,.T.);
#4469=EDGE_CURVE('',#5625,#5367,#5627,.T.);
#4470=EDGE_CURVE('',#5365,#5628,#5629,.T.);
#4471=EDGE_CURVE('',#5628,#5630,#5631,.T.);
#4472=EDGE_CURVE('',#5630,#5375,#5632,.T.);
#4473=EDGE_CURVE('',#5633,#5634,#5635,.T.);
#4474=EDGE_CURVE('',#5636,#5634,#5637,.T.);
#4475=EDGE_CURVE('',#5638,#5636,#5639,.T.);
#4476=EDGE_CURVE('',#5633,#5638,#5640,.T.);
#4477=EDGE_CURVE('',#5641,#5642,#5643,.T.);
#4478=EDGE_CURVE('',#5642,#5644,#5645,.T.);
#4479=EDGE_CURVE('',#5644,#5646,#5647,.T.);
#4480=EDGE_CURVE('',#5648,#5646,#5649,.T.);
#4481=EDGE_CURVE('',#5648,#5650,#5651,.T.);
#4482=EDGE_CURVE('',#5652,#5650,#5653,.T.);
#4483=EDGE_CURVE('',#5652,#5654,#5655,.T.);
#4484=EDGE_CURVE('',#5654,#5656,#5657,.T.);
#4485=EDGE_CURVE('',#5656,#5658,#5659,.T.);
#4486=EDGE_CURVE('',#5658,#5660,#5661,.T.);
#4487=EDGE_CURVE('',#5662,#5660,#5663,.T.);
#4488=EDGE_CURVE('',#5641,#5662,#5664,.T.);
#4489=EDGE_CURVE('',#5665,#5666,#5667,.T.);
#4490=EDGE_CURVE('',#5668,#5666,#5669,.T.);
#4491=EDGE_CURVE('',#5670,#5668,#5671,.T.);
#4492=EDGE_CURVE('',#5665,#5670,#5672,.T.);
#4493=EDGE_CURVE('',#5673,#5674,#5675,.T.);
#4494=EDGE_CURVE('',#5674,#5676,#5677,.T.);
#4495=EDGE_CURVE('',#5676,#5678,#5679,.T.);
#4496=EDGE_CURVE('',#5680,#5678,#5681,.T.);
#4497=EDGE_CURVE('',#5680,#5682,#5683,.T.);
#4498=EDGE_CURVE('',#5682,#5684,#5685,.T.);
#4499=EDGE_CURVE('',#5684,#5686,#5687,.T.);
#4500=EDGE_CURVE('',#5686,#5688,#5689,.T.);
#4501=EDGE_CURVE('',#5688,#5690,#5691,.T.);
#4502=EDGE_CURVE('',#5690,#5692,#5693,.T.);
#4503=EDGE_CURVE('',#5694,#5692,#5695,.T.);
#4504=EDGE_CURVE('',#5673,#5694,#5696,.T.);
#4505=EDGE_CURVE('',#5697,#5698,#5699,.T.);
#4506=EDGE_CURVE('',#5700,#5698,#5701,.T.);
#4507=EDGE_CURVE('',#5702,#5700,#5703,.T.);
#4508=EDGE_CURVE('',#5697,#5702,#5704,.T.);
#4509=EDGE_CURVE('',#5211,#5608,#5705,.T.);
#4510=EDGE_CURVE('',#5209,#5706,#5707,.T.);
#4511=EDGE_CURVE('',#5472,#5706,#5708,.T.);
#4512=EDGE_CURVE('',#5470,#5361,#5709,.T.);
#4513=EDGE_CURVE('',#5468,#5363,#5710,.T.);
#4514=EDGE_CURVE('',#5192,#5628,#5711,.T.);
#4515=EDGE_CURVE('',#5466,#5712,#5713,.T.);
#4516=EDGE_CURVE('',#5195,#5712,#5714,.T.);
#4517=EDGE_CURVE('',#5197,#5623,#5715,.T.);
#4518=EDGE_CURVE('',#5712,#5625,#5716,.T.);
#4519=EDGE_CURVE('',#5464,#5625,#5717,.T.);
#4520=EDGE_CURVE('',#5462,#5369,#5718,.T.);
#4521=EDGE_CURVE('',#5494,#5371,#5719,.T.);
#4522=EDGE_CURVE('',#5460,#5501,#5720,.T.);
#4523=EDGE_CURVE('',#5499,#5479,#5721,.T.);
#4524=EDGE_CURVE('',#5722,#5723,#5724,.T.);
#4525=EDGE_CURVE('',#5723,#5725,#5726,.T.);
#4526=EDGE_CURVE('',#5727,#5725,#5728,.T.);
#4527=EDGE_CURVE('',#5722,#5727,#5729,.T.);
#4528=EDGE_CURVE('',#5730,#5731,#5732,.T.);
#4529=EDGE_CURVE('',#5731,#5733,#5734,.T.);
#4530=EDGE_CURVE('',#5733,#5257,#5735,.T.);
#4531=EDGE_CURVE('',#5255,#5736,#5737,.T.);
#4532=EDGE_CURVE('',#5736,#5738,#5739,.T.);
#4533=EDGE_CURVE('',#5740,#5738,#5741,.T.);
#4534=EDGE_CURVE('',#5740,#5730,#5742,.T.);
#4535=EDGE_CURVE('',#5743,#5744,#5745,.T.);
#4536=EDGE_CURVE('',#5744,#5746,#5747,.T.);
#4537=EDGE_CURVE('',#5748,#5746,#5749,.T.);
#4538=EDGE_CURVE('',#5743,#5748,#5750,.T.);
#4539=EDGE_CURVE('',#5492,#5619,#5751,.T.);
#4540=EDGE_CURVE('',#5490,#5752,#5753,.T.);
#4541=EDGE_CURVE('',#5752,#5619,#5754,.T.);
#4542=EDGE_CURVE('',#5201,#5752,#5755,.T.);
#4543=EDGE_CURVE('',#5199,#5621,#5756,.T.);
#4544=EDGE_CURVE('',#5193,#5630,#5757,.T.);
#4545=EDGE_CURVE('',#5488,#5377,#5758,.T.);
#4546=EDGE_CURVE('',#5486,#5379,#5759,.T.);
#4547=EDGE_CURVE('',#5165,#5760,#5761,.T.);
#4548=EDGE_CURVE('',#5169,#5762,#5763,.T.);
#4549=EDGE_CURVE('',#5381,#5762,#5764,.T.);
#4550=EDGE_CURVE('',#5760,#5484,#5765,.T.);
#4551=EDGE_CURVE('',#5482,#5383,#5766,.T.);
#4552=EDGE_CURVE('',#5762,#5767,#5768,.T.);
#4553=EDGE_CURVE('',#5767,#5769,#5770,.T.);
#4554=EDGE_CURVE('',#5769,#5760,#5771,.T.);
#4555=EDGE_CURVE('',#5772,#5773,#5774,.T.);
#4556=EDGE_CURVE('',#5775,#5773,#5776,.T.);
#4557=EDGE_CURVE('',#5777,#5775,#5778,.T.);
#4558=EDGE_CURVE('',#5772,#5777,#5779,.T.);
#4559=EDGE_CURVE('',#5780,#5781,#5782,.T.);
#4560=EDGE_CURVE('',#5781,#5783,#5784,.T.);
#4561=EDGE_CURVE('',#5783,#5785,#5786,.T.);
#4562=EDGE_CURVE('',#5785,#5787,#5788,.T.);
#4563=EDGE_CURVE('',#5787,#5789,#5790,.T.);
#4564=EDGE_CURVE('',#5789,#5791,#5792,.T.);
#4565=EDGE_CURVE('',#5791,#5793,#5794,.T.);
#4566=EDGE_CURVE('',#5780,#5793,#5795,.T.);
#4567=EDGE_CURVE('',#5796,#5797,#5798,.T.);
#4568=EDGE_CURVE('',#5799,#5797,#5800,.T.);
#4569=EDGE_CURVE('',#5801,#5799,#5802,.T.);
#4570=EDGE_CURVE('',#5796,#5801,#5803,.T.);
#4571=EDGE_CURVE('',#5164,#5769,#5804,.T.);
#4572=EDGE_CURVE('',#5167,#5767,#5805,.T.);
#4573=EDGE_CURVE('',#5416,#5325,#5806,.T.);
#4574=EDGE_CURVE('',#5095,#5414,#5807,.T.);
#4575=EDGE_CURVE('',#5090,#5534,#5808,.T.);
#4576=EDGE_CURVE('',#5283,#5532,#5809,.T.);
#4577=EDGE_CURVE('',#5810,#5576,#5811,.T.);
#4578=EDGE_CURVE('',#5810,#5812,#5813,.T.);
#4579=EDGE_CURVE('',#5652,#5812,#5814,.T.);
#4580=EDGE_CURVE('',#5815,#5650,#5816,.T.);
#4581=EDGE_CURVE('',#5817,#5815,#5818,.T.);
#4582=EDGE_CURVE('',#5296,#5817,#5819,.T.);
#4583=EDGE_CURVE('',#5529,#5294,#5820,.T.);
#4584=EDGE_CURVE('',#5578,#5527,#5821,.T.);
#4585=EDGE_CURVE('',#5309,#5736,#5822,.T.);
#4586=EDGE_CURVE('',#5823,#5307,#5824,.T.);
#4587=EDGE_CURVE('',#5825,#5823,#5826,.T.);
#4588=EDGE_CURVE('',#5660,#5825,#5827,.T.);
#4589=EDGE_CURVE('',#5828,#5658,#5829,.T.);
#4590=EDGE_CURVE('',#5830,#5828,#5831,.T.);
#4591=EDGE_CURVE('',#5684,#5830,#5832,.T.);
#4592=EDGE_CURVE('',#5738,#5682,#5833,.T.);
#4593=EDGE_CURVE('',#5330,#5419,#5834,.T.);
#4594=EDGE_CURVE('',#5733,#5328,#5835,.T.);
#4595=EDGE_CURVE('',#5692,#5731,#5836,.T.);
#4596=EDGE_CURVE('',#5837,#5690,#5838,.T.);
#4597=EDGE_CURVE('',#5839,#5837,#5840,.T.);
#4598=EDGE_CURVE('',#5780,#5839,#5841,.T.);
#4599=EDGE_CURVE('',#5410,#5793,#5842,.T.);
#4600=EDGE_CURVE('',#5097,#5412,#5843,.T.);
#4601=EDGE_CURVE('',#5740,#5680,#5844,.T.);
#4602=EDGE_CURVE('',#5678,#5845,#5846,.T.);
#4603=EDGE_CURVE('',#5845,#5847,#5848,.T.);
#4604=EDGE_CURVE('',#5847,#5641,#5849,.T.);
#4605=EDGE_CURVE('',#5662,#5850,#5851,.T.);
#4606=EDGE_CURVE('',#5852,#5850,#5853,.T.);
#4607=EDGE_CURVE('',#5648,#5852,#5854,.T.);
#4608=EDGE_CURVE('',#5855,#5646,#5856,.T.);
#4609=EDGE_CURVE('',#5857,#5855,#5858,.T.);
#4610=EDGE_CURVE('',#5859,#5857,#5860,.T.);
#4611=EDGE_CURVE('',#5861,#5859,#5862,.T.);
#4612=EDGE_CURVE('',#5526,#5861,#5863,.T.);
#4613=EDGE_CURVE('',#5088,#5536,#5864,.T.);
#4614=EDGE_CURVE('',#5273,#5086,#5865,.T.);
#4615=EDGE_CURVE('',#5270,#5099,#5866,.T.);
#4616=EDGE_CURVE('',#5409,#5867,#5868,.T.);
#4617=EDGE_CURVE('',#5867,#5869,#5870,.T.);
#4618=EDGE_CURVE('',#5869,#5871,#5872,.T.);
#4619=EDGE_CURVE('',#5871,#5873,#5874,.T.);
#4620=EDGE_CURVE('',#5873,#5673,#5875,.T.);
#4621=EDGE_CURVE('',#5694,#5730,#5876,.T.);
#4622=EDGE_CURVE('',#5185,#5688,#5877,.T.);
#4623=EDGE_CURVE('',#5189,#5674,#5878,.T.);
#4624=EDGE_CURVE('',#5873,#5837,#5879,.T.);
#4625=EDGE_CURVE('',#5871,#5839,#5880,.T.);
#4626=EDGE_CURVE('',#5181,#5781,#5881,.T.);
#4627=EDGE_CURVE('',#5869,#5882,#5883,.T.);
#4628=EDGE_CURVE('',#5173,#5882,#5884,.T.);
#4629=EDGE_CURVE('',#5172,#5789,#5885,.T.);
#4630=EDGE_CURVE('',#5882,#5791,#5886,.T.);
#4631=EDGE_CURVE('',#5867,#5791,#5887,.T.);
#4632=EDGE_CURVE('',#5175,#5787,#5888,.T.);
#4633=EDGE_CURVE('',#5177,#5785,#5889,.T.);
#4634=EDGE_CURVE('',#5179,#5783,#5890,.T.);
#4635=EDGE_CURVE('',#5187,#5676,#5891,.T.);
#4636=EDGE_CURVE('',#5184,#5686,#5892,.T.);
#4637=EDGE_CURVE('',#5845,#5830,#5893,.T.);
#4638=EDGE_CURVE('',#5847,#5828,#5894,.T.);
#4639=EDGE_CURVE('',#5219,#5656,#5895,.T.);
#4640=EDGE_CURVE('',#5216,#5642,#5896,.T.);
#4641=EDGE_CURVE('',#5217,#5644,#5897,.T.);
#4642=EDGE_CURVE('',#5812,#5855,#5898,.T.);
#4643=EDGE_CURVE('',#5221,#5654,#5899,.T.);
#4644=EDGE_CURVE('',#5857,#5810,#5900,.T.);
#4645=EDGE_CURVE('',#5159,#5574,#5901,.T.);
#4646=EDGE_CURVE('',#5157,#5902,#5903,.T.);
#4647=EDGE_CURVE('',#5902,#5859,#5904,.T.);
#4648=EDGE_CURVE('',#5902,#5565,#5905,.T.);
#4649=EDGE_CURVE('',#5861,#5565,#5906,.T.);
#4650=EDGE_CURVE('',#5155,#5566,#5907,.T.);
#4651=EDGE_CURVE('',#5152,#5568,#5908,.T.);
#4652=EDGE_CURVE('',#5153,#5570,#5909,.T.);
#4653=EDGE_CURVE('',#5161,#5572,#5910,.T.);
#4654=EDGE_CURVE('',#5852,#5815,#5911,.T.);
#4655=EDGE_CURVE('',#5476,#5355,#5912,.T.);
#4656=EDGE_CURVE('',#5455,#5353,#5913,.T.);
#4657=EDGE_CURVE('',#5453,#5506,#5914,.T.);
#4658=EDGE_CURVE('',#5504,#5458,#5915,.T.);
#4659=EDGE_CURVE('',#5916,#5917,#5918,.T.);
#4660=EDGE_CURVE('',#5917,#5919,#5920,.T.);
#4661=EDGE_CURVE('',#5921,#5919,#5922,.T.);
#4662=EDGE_CURVE('',#5916,#5921,#5923,.T.);
#4663=EDGE_CURVE('',#5823,#5249,#5924,.T.);
#4664=EDGE_CURVE('',#5247,#5817,#5925,.T.);
#4665=EDGE_CURVE('',#5850,#5825,#5926,.T.);
#4666=EDGE_CURVE('',#5927,#5928,#5929,.T.);
#4667=EDGE_CURVE('',#5928,#5930,#5931,.T.);
#4668=EDGE_CURVE('',#5932,#5930,#5933,.T.);
#4669=EDGE_CURVE('',#5927,#5932,#5934,.T.);
#4670=EDGE_CURVE('',#5605,#5438,#5935,.T.);
#4671=EDGE_CURVE('',#5605,#5593,#5936,.T.);
#4672=EDGE_CURVE('',#5204,#5603,#5937,.T.);
#4673=EDGE_CURVE('',#5207,#5601,#5938,.T.);
#4674=EDGE_CURVE('',#5706,#5599,#5939,.T.);
#4675=EDGE_CURVE('',#5474,#5599,#5940,.T.);
#4676=EDGE_CURVE('',#5941,#5670,#5942,.T.);
#4677=EDGE_CURVE('',#5943,#5941,#5944,.T.);
#4678=EDGE_CURVE('',#5945,#5943,#5946,.T.);
#4679=EDGE_CURVE('',#5665,#5945,#5947,.T.);
#4680=EDGE_CURVE('',#5948,#5616,#5949,.T.);
#4681=EDGE_CURVE('',#5950,#5948,#5951,.T.);
#4682=EDGE_CURVE('',#5952,#5950,#5953,.T.);
#4683=EDGE_CURVE('',#5611,#5952,#5954,.T.);
#4684=EDGE_CURVE('',#5955,#5932,#5956,.T.);
#4685=EDGE_CURVE('',#5957,#5955,#5958,.T.);
#4686=EDGE_CURVE('',#5959,#5957,#5960,.T.);
#4687=EDGE_CURVE('',#5927,#5959,#5961,.T.);
#4688=EDGE_CURVE('',#5962,#5921,#5963,.T.);
#4689=EDGE_CURVE('',#5964,#5962,#5965,.T.);
#4690=EDGE_CURVE('',#5966,#5964,#5967,.T.);
#4691=EDGE_CURVE('',#5916,#5966,#5968,.T.);
#4692=EDGE_CURVE('',#5945,#5969,#5970,.T.);
#4693=EDGE_CURVE('',#5666,#5969,#5971,.T.);
#4694=EDGE_CURVE('',#5969,#5972,#5973,.T.);
#4695=EDGE_CURVE('',#5972,#5974,#5975,.T.);
#4696=EDGE_CURVE('',#5974,#5668,#5976,.T.);
#4697=EDGE_CURVE('',#5612,#5977,#5978,.T.);
#4698=EDGE_CURVE('',#5977,#5979,#5980,.T.);
#4699=EDGE_CURVE('',#5979,#5981,#5982,.T.);
#4700=EDGE_CURVE('',#5981,#5614,#5983,.T.);
#4701=EDGE_CURVE('',#5928,#5984,#5985,.T.);
#4702=EDGE_CURVE('',#5984,#5986,#5987,.T.);
#4703=EDGE_CURVE('',#5986,#5988,#5989,.T.);
#4704=EDGE_CURVE('',#5988,#5930,#5990,.T.);
#4705=EDGE_CURVE('',#5917,#5991,#5992,.T.);
#4706=EDGE_CURVE('',#5991,#5993,#5994,.T.);
#4707=EDGE_CURVE('',#5993,#5995,#5996,.T.);
#4708=EDGE_CURVE('',#5995,#5919,#5997,.T.);
#4709=EDGE_CURVE('',#5941,#5974,#5998,.T.);
#4710=EDGE_CURVE('',#5943,#5972,#5999,.T.);
#4711=EDGE_CURVE('',#5948,#5981,#6000,.T.);
#4712=EDGE_CURVE('',#5950,#5979,#6001,.T.);
#4713=EDGE_CURVE('',#5952,#5977,#6002,.T.);
#4714=EDGE_CURVE('',#5955,#5988,#6003,.T.);
#4715=EDGE_CURVE('',#5957,#5986,#6004,.T.);
#4716=EDGE_CURVE('',#5959,#5984,#6005,.T.);
#4717=EDGE_CURVE('',#5962,#5995,#6006,.T.);
#4718=EDGE_CURVE('',#5964,#5993,#6007,.T.);
#4719=EDGE_CURVE('',#5966,#5991,#6008,.T.);
#4720=EDGE_CURVE('',#6009,#5427,#6010,.T.);
#4721=EDGE_CURVE('',#6011,#6009,#6012,.T.);
#4722=EDGE_CURVE('',#6013,#6011,#6014,.T.);
#4723=EDGE_CURVE('',#5422,#6013,#6015,.T.);
#4724=EDGE_CURVE('',#6016,#5406,#6017,.T.);
#4725=EDGE_CURVE('',#6018,#6016,#6019,.T.);
#4726=EDGE_CURVE('',#6020,#6018,#6021,.T.);
#4727=EDGE_CURVE('',#5401,#6020,#6022,.T.);
#4728=EDGE_CURVE('',#6023,#5777,#6024,.T.);
#4729=EDGE_CURVE('',#6025,#6023,#6026,.T.);
#4730=EDGE_CURVE('',#6027,#6025,#6028,.T.);
#4731=EDGE_CURVE('',#5772,#6027,#6029,.T.);
#4732=EDGE_CURVE('',#6030,#5801,#6031,.T.);
#4733=EDGE_CURVE('',#6032,#6030,#6033,.T.);
#4734=EDGE_CURVE('',#6034,#6032,#6035,.T.);
#4735=EDGE_CURVE('',#5796,#6034,#6036,.T.);
#4736=EDGE_CURVE('',#6013,#6037,#6038,.T.);
#4737=EDGE_CURVE('',#5423,#6037,#6039,.T.);
#4738=EDGE_CURVE('',#6037,#6040,#6041,.T.);
#4739=EDGE_CURVE('',#6040,#6042,#6043,.T.);
#4740=EDGE_CURVE('',#6042,#5425,#6044,.T.);
#4741=EDGE_CURVE('',#5402,#6045,#6046,.T.);
#4742=EDGE_CURVE('',#6045,#6047,#6048,.T.);
#4743=EDGE_CURVE('',#6047,#6049,#6050,.T.);
#4744=EDGE_CURVE('',#6049,#5404,#6051,.T.);
#4745=EDGE_CURVE('',#6052,#6053,#6054,.T.);
#4746=EDGE_CURVE('',#6053,#6055,#6056,.T.);
#4747=EDGE_CURVE('',#6055,#5775,#6057,.T.);
#4748=EDGE_CURVE('',#5773,#6052,#6058,.T.);
#4749=EDGE_CURVE('',#6059,#6060,#6061,.T.);
#4750=EDGE_CURVE('',#6060,#6062,#6063,.T.);
#4751=EDGE_CURVE('',#6062,#5799,#6064,.T.);
#4752=EDGE_CURVE('',#5797,#6059,#6065,.T.);
#4753=EDGE_CURVE('',#6009,#6042,#6066,.T.);
#4754=EDGE_CURVE('',#6011,#6040,#6067,.T.);
#4755=EDGE_CURVE('',#6016,#6049,#6068,.T.);
#4756=EDGE_CURVE('',#6018,#6047,#6069,.T.);
#4757=EDGE_CURVE('',#6020,#6045,#6070,.T.);
#4758=EDGE_CURVE('',#6027,#6052,#6071,.T.);
#4759=EDGE_CURVE('',#6025,#6053,#6072,.T.);
#4760=EDGE_CURVE('',#6023,#6055,#6073,.T.);
#4761=EDGE_CURVE('',#6034,#6059,#6074,.T.);
#4762=EDGE_CURVE('',#6032,#6060,#6075,.T.);
#4763=EDGE_CURVE('',#6030,#6062,#6076,.T.);
#4764=EDGE_CURVE('',#6077,#5702,#6078,.T.);
#4765=EDGE_CURVE('',#6079,#6077,#6080,.T.);
#4766=EDGE_CURVE('',#6081,#6079,#6082,.T.);
#4767=EDGE_CURVE('',#5697,#6081,#6083,.T.);
#4768=EDGE_CURVE('',#6084,#5638,#6085,.T.);
#4769=EDGE_CURVE('',#6086,#6084,#6087,.T.);
#4770=EDGE_CURVE('',#6088,#6086,#6089,.T.);
#4771=EDGE_CURVE('',#5633,#6088,#6090,.T.);
#4772=EDGE_CURVE('',#6091,#5748,#6092,.T.);
#4773=EDGE_CURVE('',#6093,#6091,#6094,.T.);
#4774=EDGE_CURVE('',#6095,#6093,#6096,.T.);
#4775=EDGE_CURVE('',#5743,#6095,#6097,.T.);
#4776=EDGE_CURVE('',#6098,#5727,#6099,.T.);
#4777=EDGE_CURVE('',#6100,#6098,#6101,.T.);
#4778=EDGE_CURVE('',#6102,#6100,#6103,.T.);
#4779=EDGE_CURVE('',#5722,#6102,#6104,.T.);
#4780=EDGE_CURVE('',#6081,#6105,#6106,.T.);
#4781=EDGE_CURVE('',#5698,#6105,#6107,.T.);
#4782=EDGE_CURVE('',#6105,#6108,#6109,.T.);
#4783=EDGE_CURVE('',#6108,#6110,#6111,.T.);
#4784=EDGE_CURVE('',#6110,#5700,#6112,.T.);
#4785=EDGE_CURVE('',#5634,#6113,#6114,.T.);
#4786=EDGE_CURVE('',#6113,#6115,#6116,.T.);
#4787=EDGE_CURVE('',#6115,#6117,#6118,.T.);
#4788=EDGE_CURVE('',#6117,#5636,#6119,.T.);
#4789=EDGE_CURVE('',#5744,#6120,#6121,.T.);
#4790=EDGE_CURVE('',#6120,#6122,#6123,.T.);
#4791=EDGE_CURVE('',#6122,#6124,#6125,.T.);
#4792=EDGE_CURVE('',#6124,#5746,#6126,.T.);
#4793=EDGE_CURVE('',#5723,#6127,#6128,.T.);
#4794=EDGE_CURVE('',#6127,#6129,#6130,.T.);
#4795=EDGE_CURVE('',#6129,#6131,#6132,.T.);
#4796=EDGE_CURVE('',#6131,#5725,#6133,.T.);
#4797=EDGE_CURVE('',#6077,#6110,#6134,.T.);
#4798=EDGE_CURVE('',#6079,#6108,#6135,.T.);
#4799=EDGE_CURVE('',#6084,#6117,#6136,.T.);
#4800=EDGE_CURVE('',#6086,#6115,#6137,.T.);
#4801=EDGE_CURVE('',#6088,#6113,#6138,.T.);
#4802=EDGE_CURVE('',#6091,#6124,#6139,.T.);
#4803=EDGE_CURVE('',#6093,#6122,#6140,.T.);
#4804=EDGE_CURVE('',#6095,#6120,#6141,.T.);
#4805=EDGE_CURVE('',#6098,#6131,#6142,.T.);
#4806=EDGE_CURVE('',#6100,#6129,#6143,.T.);
#4807=EDGE_CURVE('',#6102,#6127,#6144,.T.);
#4808=EDGE_CURVE('',#5145,#5550,#6145,.T.);
#4809=EDGE_CURVE('',#5149,#5552,#6146,.T.);
#4810=EDGE_CURVE('',#6147,#5586,#6148,.T.);
#4811=EDGE_CURVE('',#6149,#6147,#6150,.T.);
#4812=EDGE_CURVE('',#6151,#6149,#6152,.T.);
#4813=EDGE_CURVE('',#5581,#6151,#6153,.T.);
#4814=EDGE_CURVE('',#6154,#5562,#6155,.T.);
#4815=EDGE_CURVE('',#6156,#6154,#6157,.T.);
#4816=EDGE_CURVE('',#6158,#6156,#6159,.T.);
#4817=EDGE_CURVE('',#5557,#6158,#6160,.T.);
#4818=EDGE_CURVE('',#6161,#5523,#6162,.T.);
#4819=EDGE_CURVE('',#6163,#6161,#6164,.T.);
#4820=EDGE_CURVE('',#6165,#6163,#6166,.T.);
#4821=EDGE_CURVE('',#5518,#6165,#6167,.T.);
#4822=EDGE_CURVE('',#6168,#5544,#6169,.T.);
#4823=EDGE_CURVE('',#6170,#6168,#6171,.T.);
#4824=EDGE_CURVE('',#6172,#6170,#6173,.T.);
#4825=EDGE_CURVE('',#5539,#6172,#6174,.T.);
#4826=EDGE_CURVE('',#6151,#6175,#6176,.T.);
#4827=EDGE_CURVE('',#5582,#6175,#6177,.T.);
#4828=EDGE_CURVE('',#6175,#6178,#6179,.T.);
#4829=EDGE_CURVE('',#6178,#6180,#6181,.T.);
#4830=EDGE_CURVE('',#6180,#5584,#6182,.T.);
#4831=EDGE_CURVE('',#5558,#6183,#6184,.T.);
#4832=EDGE_CURVE('',#6183,#6185,#6186,.T.);
#4833=EDGE_CURVE('',#6185,#6187,#6188,.T.);
#4834=EDGE_CURVE('',#6187,#5560,#6189,.T.);
#4835=EDGE_CURVE('',#6190,#6191,#6192,.T.);
#4836=EDGE_CURVE('',#6191,#6193,#6194,.T.);
#4837=EDGE_CURVE('',#6193,#5521,#6195,.T.);
#4838=EDGE_CURVE('',#5519,#6190,#6196,.T.);
#4839=EDGE_CURVE('',#5540,#6197,#6198,.T.);
#4840=EDGE_CURVE('',#6197,#6199,#6200,.T.);
#4841=EDGE_CURVE('',#6199,#6201,#6202,.T.);
#4842=EDGE_CURVE('',#6201,#5542,#6203,.T.);
#4843=EDGE_CURVE('',#6147,#6180,#6204,.T.);
#4844=EDGE_CURVE('',#6149,#6178,#6205,.T.);
#4845=EDGE_CURVE('',#6154,#6187,#6206,.T.);
#4846=EDGE_CURVE('',#6156,#6185,#6207,.T.);
#4847=EDGE_CURVE('',#6158,#6183,#6208,.T.);
#4848=EDGE_CURVE('',#6165,#6190,#6209,.T.);
#4849=EDGE_CURVE('',#6163,#6191,#6210,.T.);
#4850=EDGE_CURVE('',#6161,#6193,#6211,.T.);
#4851=EDGE_CURVE('',#6168,#6201,#6212,.T.);
#4852=EDGE_CURVE('',#6170,#6199,#6213,.T.);
#4853=EDGE_CURVE('',#6172,#6197,#6214,.T.);
#4854=EDGE_CURVE('',#5234,#6215,#6216,.T.);
#4855=EDGE_CURVE('',#6215,#5224,#6217,.T.);
#4856=EDGE_CURVE('',#5229,#6215,#6218,.T.);
#4857=EDGE_CURVE('',#5137,#6219,#6220,.T.);
#4858=EDGE_CURVE('',#5053,#6219,#6221,.T.);
#4859=EDGE_CURVE('',#6222,#6223,#6224,.T.);
#4860=EDGE_CURVE('',#5117,#6222,#6225,.T.);
#4861=EDGE_CURVE('',#6226,#5118,#6227,.T.);
#4862=EDGE_CURVE('',#6228,#6226,#6229,.T.);
#4863=EDGE_CURVE('',#6223,#6228,#6230,.T.);
#4864=EDGE_CURVE('',#5055,#6231,#6232,.T.);
#4865=EDGE_CURVE('',#6219,#6233,#6234,.T.);
#4866=EDGE_CURVE('',#6233,#5063,#6235,.T.);
#4867=EDGE_CURVE('',#6236,#5061,#6237,.T.);
#4868=EDGE_CURVE('',#6238,#6236,#6239,.T.);
#4869=EDGE_CURVE('',#6238,#6240,#6241,.T.);
#4870=EDGE_CURVE('',#6231,#6240,#6242,.T.);
#4871=EDGE_CURVE('',#6243,#6244,#6245,.T.);
#4872=EDGE_CURVE('',#6246,#6244,#6247,.T.);
#4873=EDGE_CURVE('',#6246,#6248,#6249,.T.);
#4874=EDGE_CURVE('',#6223,#6248,#6250,.T.);
#4875=EDGE_CURVE('',#6228,#6251,#6252,.T.);
#4876=EDGE_CURVE('',#6251,#6253,#6254,.T.);
#4877=EDGE_CURVE('',#6253,#6243,#6255,.T.);
#4878=EDGE_CURVE('',#6256,#6257,#6258,.T.);
#4879=EDGE_CURVE('',#6257,#6259,#6260,.T.);
#4880=EDGE_CURVE('',#6259,#6243,#6261,.T.);
#4881=EDGE_CURVE('',#6253,#6262,#6263,.T.);
#4882=EDGE_CURVE('',#6262,#6256,#6264,.T.);
#4883=EDGE_CURVE('',#6265,#6262,#6266,.T.);
#4884=EDGE_CURVE('',#6267,#6265,#6268,.T.);
#4885=EDGE_CURVE('',#6267,#6256,#6269,.T.);
#4886=EDGE_CURVE('',#6270,#6271,#6272,.T.);
#4887=EDGE_CURVE('',#6273,#6271,#6274,.T.);
#4888=EDGE_CURVE('',#6275,#6273,#6276,.T.);
#4889=EDGE_CURVE('',#6275,#6270,#6277,.T.);
#4890=EDGE_CURVE('',#6278,#6279,#6280,.T.);
#4891=EDGE_CURVE('',#6281,#6278,#6282,.T.);
#4892=EDGE_CURVE('',#6281,#6283,#6284,.T.);
#4893=EDGE_CURVE('',#6283,#6279,#6285,.T.);
#4894=EDGE_CURVE('',#6286,#6287,#6288,.T.);
#4895=EDGE_CURVE('',#6289,#6287,#6290,.T.);
#4896=EDGE_CURVE('',#6291,#6289,#6292,.T.);
#4897=EDGE_CURVE('',#6286,#6291,#6293,.T.);
#4898=EDGE_CURVE('',#6267,#6294,#6295,.T.);
#4899=EDGE_CURVE('',#6294,#6296,#6297,.T.);
#4900=EDGE_CURVE('',#6296,#6298,#6299,.T.);
#4901=EDGE_CURVE('',#6298,#6257,#6300,.T.);
#4902=EDGE_CURVE('',#6301,#6302,#6303,.T.);
#4903=EDGE_CURVE('',#6302,#6304,#6305,.T.);
#4904=EDGE_CURVE('',#6304,#6306,#6307,.T.);
#4905=EDGE_CURVE('',#6306,#6271,#6308,.T.);
#4906=EDGE_CURVE('',#6270,#6301,#6309,.T.);
#4907=EDGE_CURVE('',#6310,#6298,#6311,.T.);
#4908=EDGE_CURVE('',#6310,#6312,#6313,.T.);
#4909=EDGE_CURVE('',#6312,#6302,#6314,.T.);
#4910=EDGE_CURVE('',#6301,#6315,#6316,.T.);
#4911=EDGE_CURVE('',#6259,#6315,#6317,.T.);
#4912=EDGE_CURVE('',#6315,#6244,#6318,.T.);
#4913=EDGE_CURVE('',#6246,#6275,#6319,.T.);
#4914=EDGE_CURVE('',#6320,#6251,#6321,.T.);
#4915=EDGE_CURVE('',#6320,#6322,#6323,.T.);
#4916=EDGE_CURVE('',#6322,#6265,#6324,.T.);
#4917=EDGE_CURVE('',#6273,#6325,#6326,.T.);
#4918=EDGE_CURVE('',#6325,#6327,#6328,.T.);
#4919=EDGE_CURVE('',#6248,#6327,#6329,.T.);
#4920=EDGE_CURVE('',#6322,#6294,#6330,.T.);
#4921=EDGE_CURVE('',#6320,#6296,#6331,.T.);
#4922=EDGE_CURVE('',#6251,#6298,#6332,.T.);
#4923=EDGE_CURVE('',#6302,#6248,#6333,.T.);
#4924=EDGE_CURVE('',#6327,#6304,#6334,.T.);
#4925=EDGE_CURVE('',#6222,#6312,#6335,.T.);
#4926=EDGE_CURVE('',#6226,#6310,#6336,.T.);
#4927=EDGE_CURVE('',#6312,#5120,#6337,.T.);
#4928=EDGE_CURVE('',#5122,#6310,#6338,.T.);
#4929=EDGE_CURVE('',#6339,#5057,#6340,.T.);
#4930=EDGE_CURVE('',#6339,#6341,#6342,.T.);
#4931=EDGE_CURVE('',#5059,#6341,#6343,.T.);
#4932=EDGE_CURVE('',#6236,#6341,#6344,.T.);
#4933=EDGE_CURVE('',#6240,#6345,#6346,.T.);
#4934=EDGE_CURVE('',#6347,#6345,#6348,.T.);
#4935=EDGE_CURVE('',#6339,#6347,#6349,.T.);
#4936=EDGE_CURVE('',#6231,#6339,#6350,.T.);
#4937=EDGE_CURVE('',#6341,#6351,#6352,.T.);
#4938=EDGE_CURVE('',#6353,#6351,#6354,.T.);
#4939=EDGE_CURVE('',#6238,#6353,#6355,.T.);
#4940=EDGE_CURVE('',#6356,#6357,#6358,.T.);
#4941=EDGE_CURVE('',#6356,#6351,#6359,.T.);
#4942=EDGE_CURVE('',#6347,#6360,#6361,.T.);
#4943=EDGE_CURVE('',#6360,#6362,#6363,.T.);
#4944=EDGE_CURVE('',#6357,#6362,#6364,.T.);
#4945=EDGE_CURVE('',#6362,#6365,#6366,.T.);
#4946=EDGE_CURVE('',#6367,#6365,#6368,.T.);
#4947=EDGE_CURVE('',#6357,#6367,#6369,.T.);
#4948=EDGE_CURVE('',#6356,#6291,#6370,.T.);
#4949=EDGE_CURVE('',#6371,#6367,#6372,.T.);
#4950=EDGE_CURVE('',#6286,#6371,#6373,.T.);
#4951=EDGE_CURVE('',#6281,#6374,#6375,.T.);
#4952=EDGE_CURVE('',#6374,#6376,#6377,.T.);
#4953=EDGE_CURVE('',#6376,#6345,#6378,.T.);
#4954=EDGE_CURVE('',#6345,#6379,#6380,.T.);
#4955=EDGE_CURVE('',#6283,#6379,#6381,.T.);
#4956=EDGE_CURVE('',#6371,#6353,#6382,.T.);
#4957=EDGE_CURVE('',#6353,#6383,#6384,.T.);
#4958=EDGE_CURVE('',#6383,#6385,#6386,.T.);
#4959=EDGE_CURVE('',#6385,#6287,#6387,.T.);
#4960=EDGE_CURVE('',#6379,#6365,#6388,.T.);
#4961=EDGE_CURVE('',#6360,#6279,#6389,.T.);
#4962=EDGE_CURVE('',#6390,#6347,#6391,.T.);
#4963=EDGE_CURVE('',#6390,#6392,#6393,.T.);
#4964=EDGE_CURVE('',#6392,#6278,#6394,.T.);
#4965=EDGE_CURVE('',#6289,#6395,#6396,.T.);
#4966=EDGE_CURVE('',#6395,#6397,#6398,.T.);
#4967=EDGE_CURVE('',#6351,#6397,#6399,.T.);
#4968=EDGE_CURVE('',#6392,#6374,#6400,.T.);
#4969=EDGE_CURVE('',#6390,#6376,#6401,.T.);
#4970=EDGE_CURVE('',#6397,#6383,#6402,.T.);
#4971=EDGE_CURVE('',#6395,#6385,#6403,.T.);
#4972=EDGE_CURVE('',#6325,#6306,#6404,.T.);
#4973=EDGE_CURVE('',#5135,#6233,#6405,.T.);
#4974=CARTESIAN_POINT('',(6.3,0.0,-2.95));
#4975=DIRECTION('',(0.0,1.0,0.0));
#4976=DIRECTION('',(-1.0,0.0,0.0));
#4977=CARTESIAN_POINT('',(6.3,0.0,-2.95));
#4978=DIRECTION('',(-0.0,1.0,0.0));
#4979=DIRECTION('',(1.0,0.0,0.0));
#4980=CARTESIAN_POINT('',(6.3,0.0,2.55));
#4981=DIRECTION('',(0.0,1.0,0.0));
#4982=DIRECTION('',(-1.0,0.0,0.0));
#4983=CARTESIAN_POINT('',(6.3,0.0,2.55));
#4984=DIRECTION('',(-0.0,1.0,0.0));
#4985=DIRECTION('',(1.0,0.0,0.0));
#4986=CARTESIAN_POINT('',(2.1,0.0,-2.95));
#4987=DIRECTION('',(0.0,1.0,0.0));
#4988=DIRECTION('',(-1.0,0.0,0.0));
#4989=CARTESIAN_POINT('',(2.1,0.0,-2.95));
#4990=DIRECTION('',(-0.0,1.0,0.0));
#4991=DIRECTION('',(1.0,0.0,0.0));
#4992=CARTESIAN_POINT('',(2.1,0.0,2.55));
#4993=DIRECTION('',(0.0,1.0,0.0));
#4994=DIRECTION('',(-1.0,0.0,0.0));
#4995=CARTESIAN_POINT('',(2.1,0.0,2.55));
#4996=DIRECTION('',(-0.0,1.0,0.0));
#4997=DIRECTION('',(1.0,0.0,0.0));
#4998=CARTESIAN_POINT('',(-2.1,0.0,-2.95));
#4999=DIRECTION('',(0.0,1.0,0.0));
#5000=DIRECTION('',(-1.0,0.0,0.0));
#5001=CARTESIAN_POINT('',(-2.1,0.0,-2.95));
#5002=DIRECTION('',(-0.0,1.0,0.0));
#5003=DIRECTION('',(1.0,0.0,0.0));
#5004=CARTESIAN_POINT('',(-2.1,0.0,2.55));
#5005=DIRECTION('',(0.0,1.0,0.0));
#5006=DIRECTION('',(-1.0,0.0,0.0));
#5007=CARTESIAN_POINT('',(-2.1,0.0,2.55));
#5008=DIRECTION('',(-0.0,1.0,0.0));
#5009=DIRECTION('',(1.0,0.0,0.0));
#5010=CARTESIAN_POINT('',(-6.3,0.0,-2.95));
#5011=DIRECTION('',(0.0,1.0,0.0));
#5012=DIRECTION('',(-1.0,0.0,0.0));
#5013=CARTESIAN_POINT('',(-6.3,0.0,-2.95));
#5014=DIRECTION('',(-0.0,1.0,0.0));
#5015=DIRECTION('',(1.0,0.0,0.0));
#5016=CARTESIAN_POINT('',(-6.3,0.0,2.55));
#5017=DIRECTION('',(0.0,1.0,0.0));
#5018=DIRECTION('',(-1.0,0.0,0.0));
#5019=CARTESIAN_POINT('',(-6.3,0.0,2.55));
#5020=DIRECTION('',(-0.0,1.0,0.0));
#5021=DIRECTION('',(1.0,0.0,0.0));
#5022=CARTESIAN_POINT('',(-11.0,0.0,-2.49));
#5023=DIRECTION('',(0.0,1.0,0.0));
#5024=DIRECTION('',(-1.0,0.0,0.0));
#5025=CARTESIAN_POINT('',(-11.0,0.0,-2.49));
#5026=DIRECTION('',(-0.0,1.0,0.0));
#5027=DIRECTION('',(1.0,0.0,0.0));
#5028=CARTESIAN_POINT('',(11.0,0.0,-2.49));
#5029=DIRECTION('',(0.0,1.0,0.0));
#5030=DIRECTION('',(-1.0,0.0,0.0));
#5031=CARTESIAN_POINT('',(11.0,0.0,-2.49));
#5032=DIRECTION('',(-0.0,1.0,0.0));
#5033=DIRECTION('',(1.0,0.0,0.0));
#5034=DIRECTION('',(0.0,-1.0,0.0));
#5035=DIRECTION('',(0.0,-1.0,0.0));
#5036=VERTEX_POINT('',#6406);
#5037=VERTEX_POINT('',#6407);
#5038=LINE('',#6408,#6409);
#5039=VERTEX_POINT('',#6410);
#5040=CIRCLE('',#6411,0.4);
#5041=VERTEX_POINT('',#6412);
#5042=LINE('',#6413,#6414);
#5043=CIRCLE('',#6415,0.4);
#5044=VERTEX_POINT('',#6416);
#5045=VERTEX_POINT('',#6417);
#5046=LINE('',#6418,#6419);
#5047=VERTEX_POINT('',#6420);
#5048=LINE('',#6421,#6422);
#5049=VERTEX_POINT('',#6423);
#5050=LINE('',#6424,#6425);
#5051=VERTEX_POINT('',#6426);
#5052=LINE('',#6427,#6428);
#5053=VERTEX_POINT('',#6429);
#5054=LINE('',#6430,#6431);
#5055=VERTEX_POINT('',#6432);
#5056=LINE('',#6433,#6434);
#5057=VERTEX_POINT('',#6435);
#5058=LINE('',#6436,#6437);
#5059=VERTEX_POINT('',#6438);
#5060=LINE('',#6439,#6440);
#5061=VERTEX_POINT('',#6441);
#5062=LINE('',#6442,#6443);
#5063=VERTEX_POINT('',#6444);
#5064=LINE('',#6445,#6446);
#5065=VERTEX_POINT('',#6447);
#5066=LINE('',#6448,#6449);
#5067=VERTEX_POINT('',#6450);
#5068=LINE('',#6451,#6452);
#5069=VERTEX_POINT('',#6453);
#5070=LINE('',#6454,#6455);
#5071=VERTEX_POINT('',#6456);
#5072=LINE('',#6457,#6458);
#5073=VERTEX_POINT('',#6459);
#5074=LINE('',#6460,#6461);
#5075=LINE('',#6462,#6463);
#5076=VERTEX_POINT('',#6464);
#5077=CIRCLE('',#6465,0.4);
#5078=VERTEX_POINT('',#6466);
#5079=LINE('',#6467,#6468);
#5080=VERTEX_POINT('',#6469);
#5081=LINE('',#6470,#6471);
#5082=VERTEX_POINT('',#6472);
#5083=LINE('',#6473,#6474);
#5084=VERTEX_POINT('',#6475);
#5085=LINE('',#6476,#6477);
#5086=VERTEX_POINT('',#6478);
#5087=LINE('',#6479,#6480);
#5088=VERTEX_POINT('',#6481);
#5089=LINE('',#6482,#6483);
#5090=VERTEX_POINT('',#6484);
#5091=LINE('',#6485,#6486);
#5092=VERTEX_POINT('',#6487);
#5093=LINE('',#6488,#6489);
#5094=LINE('',#6490,#6491);
#5095=VERTEX_POINT('',#6492);
#5096=LINE('',#6493,#6494);
#5097=VERTEX_POINT('',#6495);
#5098=LINE('',#6496,#6497);
#5099=VERTEX_POINT('',#6498);
#5100=LINE('',#6499,#6500);
#5101=VERTEX_POINT('',#6501);
#5102=LINE('',#6502,#6503);
#5103=VERTEX_POINT('',#6504);
#5104=LINE('',#6505,#6506);
#5105=VERTEX_POINT('',#6507);
#5106=LINE('',#6508,#6509);
#5107=LINE('',#6510,#6511);
#5108=VERTEX_POINT('',#6512);
#5109=LINE('',#6513,#6514);
#5110=VERTEX_POINT('',#6515);
#5111=LINE('',#6516,#6517);
#5112=VERTEX_POINT('',#6518);
#5113=LINE('',#6519,#6520);
#5114=VERTEX_POINT('',#6521);
#5115=LINE('',#6522,#6523);
#5116=LINE('',#6524,#6525);
#5117=VERTEX_POINT('',#6526);
#5118=VERTEX_POINT('',#6527);
#5119=LINE('',#6528,#6529);
#5120=VERTEX_POINT('',#6530);
#5121=LINE('',#6531,#6532);
#5122=VERTEX_POINT('',#6533);
#5123=LINE('',#6534,#6535);
#5124=LINE('',#6536,#6537);
#5125=VERTEX_POINT('',#6538);
#5126=LINE('',#6539,#6540);
#5127=VERTEX_POINT('',#6541);
#5128=LINE('',#6542,#6543);
#5129=VERTEX_POINT('',#6544);
#5130=LINE('',#6545,#6546);
#5131=LINE('',#6547,#6548);
#5132=CIRCLE('',#6549,0.4);
#5133=VERTEX_POINT('',#6550);
#5134=LINE('',#6551,#6552);
#5135=VERTEX_POINT('',#6553);
#5136=LINE('',#6554,#6555);
#5137=VERTEX_POINT('',#6556);
#5138=LINE('',#6557,#6558);
#5139=LINE('',#6559,#6560);
#5140=LINE('',#6561,#6562);
#5141=VERTEX_POINT('',#6563);
#5142=LINE('',#6564,#6565);
#5143=LINE('',#6566,#6567);
#5144=VERTEX_POINT('',#6568);
#5145=VERTEX_POINT('',#6569);
#5146=LINE('',#6570,#6571);
#5147=VERTEX_POINT('',#6572);
#5148=LINE('',#6573,#6574);
#5149=VERTEX_POINT('',#6575);
#5150=LINE('',#6576,#6577);
#5151=LINE('',#6578,#6579);
#5152=VERTEX_POINT('',#6580);
#5153=VERTEX_POINT('',#6581);
#5154=LINE('',#6582,#6583);
#5155=VERTEX_POINT('',#6584);
#5156=LINE('',#6585,#6586);
#5157=VERTEX_POINT('',#6587);
#5158=LINE('',#6588,#6589);
#5159=VERTEX_POINT('',#6590);
#5160=LINE('',#6591,#6592);
#5161=VERTEX_POINT('',#6593);
#5162=LINE('',#6594,#6595);
#5163=LINE('',#6596,#6597);
#5164=VERTEX_POINT('',#6598);
#5165=VERTEX_POINT('',#6599);
#5166=LINE('',#6600,#6601);
#5167=VERTEX_POINT('',#6602);
#5168=LINE('',#6603,#6604);
#5169=VERTEX_POINT('',#6605);
#5170=LINE('',#6606,#6607);
#5171=LINE('',#6608,#6609);
#5172=VERTEX_POINT('',#6610);
#5173=VERTEX_POINT('',#6611);
#5174=LINE('',#6612,#6613);
#5175=VERTEX_POINT('',#6614);
#5176=LINE('',#6615,#6616);
#5177=VERTEX_POINT('',#6617);
#5178=LINE('',#6618,#6619);
#5179=VERTEX_POINT('',#6620);
#5180=LINE('',#6621,#6622);
#5181=VERTEX_POINT('',#6623);
#5182=LINE('',#6624,#6625);
#5183=LINE('',#6626,#6627);
#5184=VERTEX_POINT('',#6628);
#5185=VERTEX_POINT('',#6629);
#5186=LINE('',#6630,#6631);
#5187=VERTEX_POINT('',#6632);
#5188=LINE('',#6633,#6634);
#5189=VERTEX_POINT('',#6635);
#5190=LINE('',#6636,#6637);
#5191=LINE('',#6638,#6639);
#5192=VERTEX_POINT('',#6640);
#5193=VERTEX_POINT('',#6641);
#5194=LINE('',#6642,#6643);
#5195=VERTEX_POINT('',#6644);
#5196=LINE('',#6645,#6646);
#5197=VERTEX_POINT('',#6647);
#5198=LINE('',#6648,#6649);
#5199=VERTEX_POINT('',#6650);
#5200=LINE('',#6651,#6652);
#5201=VERTEX_POINT('',#6653);
#5202=LINE('',#6654,#6655);
#5203=LINE('',#6656,#6657);
#5204=VERTEX_POINT('',#6658);
#5205=VERTEX_POINT('',#6659);
#5206=LINE('',#6660,#6661);
#5207=VERTEX_POINT('',#6662);
#5208=LINE('',#6663,#6664);
#5209=VERTEX_POINT('',#6665);
#5210=LINE('',#6666,#6667);
#5211=VERTEX_POINT('',#6668);
#5212=LINE('',#6669,#6670);
#5213=VERTEX_POINT('',#6671);
#5214=LINE('',#6672,#6673);
#5215=LINE('',#6674,#6675);
#5216=VERTEX_POINT('',#6676);
#5217=VERTEX_POINT('',#6677);
#5218=LINE('',#6678,#6679);
#5219=VERTEX_POINT('',#6680);
#5220=LINE('',#6681,#6682);
#5221=VERTEX_POINT('',#6683);
#5222=LINE('',#6684,#6685);
#5223=LINE('',#6686,#6687);
#5224=VERTEX_POINT('',#6688);
#5225=LINE('',#6689,#6690);
#5226=VERTEX_POINT('',#6691);
#5227=LINE('',#6692,#6693);
#5228=LINE('',#6694,#6695);
#5229=VERTEX_POINT('',#6696);
#5230=LINE('',#6697,#6698);
#5231=VERTEX_POINT('',#6699);
#5232=LINE('',#6700,#6701);
#5233=LINE('',#6702,#6703);
#5234=VERTEX_POINT('',#6704);
#5235=LINE('',#6705,#6706);
#5236=LINE('',#6707,#6708);
#5237=VERTEX_POINT('',#6709);
#5238=LINE('',#6710,#6711);
#5239=VERTEX_POINT('',#6712);
#5240=LINE('',#6713,#6714);
#5241=VERTEX_POINT('',#6715);
#5242=LINE('',#6716,#6717);
#5243=VERTEX_POINT('',#6718);
#5244=LINE('',#6719,#6720);
#5245=VERTEX_POINT('',#6721);
#5246=LINE('',#6722,#6723);
#5247=VERTEX_POINT('',#6724);
#5248=LINE('',#6725,#6726);
#5249=VERTEX_POINT('',#6727);
#5250=LINE('',#6728,#6729);
#5251=VERTEX_POINT('',#6730);
#5252=LINE('',#6731,#6732);
#5253=VERTEX_POINT('',#6733);
#5254=LINE('',#6734,#6735);
#5255=VERTEX_POINT('',#6736);
#5256=LINE('',#6737,#6738);
#5257=VERTEX_POINT('',#6739);
#5258=LINE('',#6740,#6741);
#5259=VERTEX_POINT('',#6742);
#5260=LINE('',#6743,#6744);
#5261=VERTEX_POINT('',#6745);
#5262=LINE('',#6746,#6747);
#5263=VERTEX_POINT('',#6748);
#5264=LINE('',#6749,#6750);
#5265=VERTEX_POINT('',#6751);
#5266=LINE('',#6752,#6753);
#5267=VERTEX_POINT('',#6754);
#5268=LINE('',#6755,#6756);
#5269=LINE('',#6757,#6758);
#5270=VERTEX_POINT('',#6759);
#5271=VERTEX_POINT('',#6760);
#5272=LINE('',#6761,#6762);
#5273=VERTEX_POINT('',#6763);
#5274=LINE('',#6764,#6765);
#5275=VERTEX_POINT('',#6766);
#5276=LINE('',#6767,#6768);
#5277=LINE('',#6769,#6770);
#5278=VERTEX_POINT('',#6771);
#5279=VERTEX_POINT('',#6772);
#5280=LINE('',#6773,#6774);
#5281=LINE('',#6775,#6776);
#5282=LINE('',#6777,#6778);
#5283=VERTEX_POINT('',#6779);
#5284=LINE('',#6780,#6781);
#5285=LINE('',#6782,#6783);
#5286=VERTEX_POINT('',#6784);
#5287=VERTEX_POINT('',#6785);
#5288=LINE('',#6786,#6787);
#5289=VERTEX_POINT('',#6788);
#5290=LINE('',#6789,#6790);
#5291=VERTEX_POINT('',#6791);
#5292=LINE('',#6792,#6793);
#5293=LINE('',#6794,#6795);
#5294=VERTEX_POINT('',#6796);
#5295=LINE('',#6797,#6798);
#5296=VERTEX_POINT('',#6799);
#5297=LINE('',#6800,#6801);
#5298=LINE('',#6802,#6803);
#5299=VERTEX_POINT('',#6804);
#5300=VERTEX_POINT('',#6805);
#5301=LINE('',#6806,#6807);
#5302=VERTEX_POINT('',#6808);
#5303=LINE('',#6809,#6810);
#5304=VERTEX_POINT('',#6811);
#5305=LINE('',#6812,#6813);
#5306=LINE('',#6814,#6815);
#5307=VERTEX_POINT('',#6816);
#5308=LINE('',#6817,#6818);
#5309=VERTEX_POINT('',#6819);
#5310=LINE('',#6820,#6821);
#5311=LINE('',#6822,#6823);
#5312=VERTEX_POINT('',#6824);
#5313=LINE('',#6825,#6826);
#5314=VERTEX_POINT('',#6827);
#5315=LINE('',#6828,#6829);
#5316=LINE('',#6830,#6831);
#5317=VERTEX_POINT('',#6832);
#5318=VERTEX_POINT('',#6833);
#5319=LINE('',#6834,#6835);
#5320=VERTEX_POINT('',#6836);
#5321=LINE('',#6837,#6838);
#5322=VERTEX_POINT('',#6839);
#5323=LINE('',#6840,#6841);
#5324=LINE('',#6842,#6843);
#5325=VERTEX_POINT('',#6844);
#5326=LINE('',#6845,#6846);
#5327=LINE('',#6847,#6848);
#5328=VERTEX_POINT('',#6849);
#5329=LINE('',#6850,#6851);
#5330=VERTEX_POINT('',#6852);
#5331=LINE('',#6853,#6854);
#5332=LINE('',#6855,#6856);
#5333=VERTEX_POINT('',#6857);
#5334=LINE('',#6858,#6859);
#5335=LINE('',#6860,#6861);
#5336=LINE('',#6862,#6863);
#5337=VERTEX_POINT('',#6864);
#5338=LINE('',#6865,#6866);
#5339=VERTEX_POINT('',#6867);
#5340=LINE('',#6868,#6869);
#5341=VERTEX_POINT('',#6870);
#5342=LINE('',#6871,#6872);
#5343=VERTEX_POINT('',#6873);
#5344=LINE('',#6874,#6875);
#5345=VERTEX_POINT('',#6876);
#5346=LINE('',#6877,#6878);
#5347=VERTEX_POINT('',#6879);
#5348=LINE('',#6880,#6881);
#5349=VERTEX_POINT('',#6882);
#5350=LINE('',#6883,#6884);
#5351=VERTEX_POINT('',#6885);
#5352=LINE('',#6886,#6887);
#5353=VERTEX_POINT('',#6888);
#5354=LINE('',#6889,#6890);
#5355=VERTEX_POINT('',#6891);
#5356=LINE('',#6892,#6893);
#5357=VERTEX_POINT('',#6894);
#5358=LINE('',#6895,#6896);
#5359=VERTEX_POINT('',#6897);
#5360=LINE('',#6898,#6899);
#5361=VERTEX_POINT('',#6900);
#5362=LINE('',#6901,#6902);
#5363=VERTEX_POINT('',#6903);
#5364=LINE('',#6904,#6905);
#5365=VERTEX_POINT('',#6906);
#5366=LINE('',#6907,#6908);
#5367=VERTEX_POINT('',#6909);
#5368=LINE('',#6910,#6911);
#5369=VERTEX_POINT('',#6912);
#5370=LINE('',#6913,#6914);
#5371=VERTEX_POINT('',#6915);
#5372=LINE('',#6916,#6917);
#5373=VERTEX_POINT('',#6918);
#5374=LINE('',#6919,#6920);
#5375=VERTEX_POINT('',#6921);
#5376=LINE('',#6922,#6923);
#5377=VERTEX_POINT('',#6924);
#5378=LINE('',#6925,#6926);
#5379=VERTEX_POINT('',#6927);
#5380=LINE('',#6928,#6929);
#5381=VERTEX_POINT('',#6930);
#5382=LINE('',#6931,#6932);
#5383=VERTEX_POINT('',#6933);
#5384=LINE('',#6934,#6935);
#5385=VERTEX_POINT('',#6936);
#5386=LINE('',#6937,#6938);
#5387=LINE('',#6939,#6940);
#5388=VERTEX_POINT('',#6941);
#5389=LINE('',#6942,#6943);
#5390=VERTEX_POINT('',#6944);
#5391=LINE('',#6945,#6946);
#5392=VERTEX_POINT('',#6947);
#5393=LINE('',#6948,#6949);
#5394=VERTEX_POINT('',#6950);
#5395=LINE('',#6951,#6952);
#5396=VERTEX_POINT('',#6953);
#5397=LINE('',#6954,#6955);
#5398=VERTEX_POINT('',#6956);
#5399=LINE('',#6957,#6958);
#5400=LINE('',#6959,#6960);
#5401=VERTEX_POINT('',#6961);
#5402=VERTEX_POINT('',#6962);
#5403=LINE('',#6963,#6964);
#5404=VERTEX_POINT('',#6965);
#5405=LINE('',#6966,#6967);
#5406=VERTEX_POINT('',#6968);
#5407=LINE('',#6969,#6970);
#5408=LINE('',#6971,#6972);
#5409=VERTEX_POINT('',#6973);
#5410=VERTEX_POINT('',#6974);
#5411=LINE('',#6975,#6976);
#5412=VERTEX_POINT('',#6977);
#5413=LINE('',#6978,#6979);
#5414=VERTEX_POINT('',#6980);
#5415=LINE('',#6981,#6982);
#5416=VERTEX_POINT('',#6983);
#5417=LINE('',#6984,#6985);
#5418=LINE('',#6986,#6987);
#5419=VERTEX_POINT('',#6988);
#5420=LINE('',#6989,#6990);
#5421=LINE('',#6991,#6992);
#5422=VERTEX_POINT('',#6993);
#5423=VERTEX_POINT('',#6994);
#5424=LINE('',#6995,#6996);
#5425=VERTEX_POINT('',#6997);
#5426=LINE('',#6998,#6999);
#5427=VERTEX_POINT('',#7000);
#5428=LINE('',#7001,#7002);
#5429=LINE('',#7003,#7004);
#5430=LINE('',#7005,#7006);
#5431=LINE('',#7007,#7008);
#5432=VERTEX_POINT('',#7009);
#5433=LINE('',#7010,#7011);
#5434=VERTEX_POINT('',#7012);
#5435=LINE('',#7013,#7014);
#5436=LINE('',#7015,#7016);
#5437=VERTEX_POINT('',#7017);
#5438=VERTEX_POINT('',#7018);
#5439=LINE('',#7019,#7020);
#5440=VERTEX_POINT('',#7021);
#5441=LINE('',#7022,#7023);
#5442=VERTEX_POINT('',#7024);
#5443=LINE('',#7025,#7026);
#5444=VERTEX_POINT('',#7027);
#5445=LINE('',#7028,#7029);
#5446=VERTEX_POINT('',#7030);
#5447=LINE('',#7031,#7032);
#5448=VERTEX_POINT('',#7033);
#5449=LINE('',#7034,#7035);
#5450=VERTEX_POINT('',#7036);
#5451=LINE('',#7037,#7038);
#5452=LINE('',#7039,#7040);
#5453=VERTEX_POINT('',#7041);
#5454=LINE('',#7042,#7043);
#5455=VERTEX_POINT('',#7044);
#5456=LINE('',#7045,#7046);
#5457=LINE('',#7047,#7048);
#5458=VERTEX_POINT('',#7049);
#5459=LINE('',#7050,#7051);
#5460=VERTEX_POINT('',#7052);
#5461=LINE('',#7053,#7054);
#5462=VERTEX_POINT('',#7055);
#5463=LINE('',#7056,#7057);
#5464=VERTEX_POINT('',#7058);
#5465=LINE('',#7059,#7060);
#5466=VERTEX_POINT('',#7061);
#5467=LINE('',#7062,#7063);
#5468=VERTEX_POINT('',#7064);
#5469=LINE('',#7065,#7066);
#5470=VERTEX_POINT('',#7067);
#5471=LINE('',#7068,#7069);
#5472=VERTEX_POINT('',#7070);
#5473=LINE('',#7071,#7072);
#5474=VERTEX_POINT('',#7073);
#5475=LINE('',#7074,#7075);
#5476=VERTEX_POINT('',#7076);
#5477=LINE('',#7077,#7078);
#5478=LINE('',#7079,#7080);
#5479=VERTEX_POINT('',#7081);
#5480=LINE('',#7082,#7083);
#5481=LINE('',#7084,#7085);
#5482=VERTEX_POINT('',#7086);
#5483=LINE('',#7087,#7088);
#5484=VERTEX_POINT('',#7089);
#5485=LINE('',#7090,#7091);
#5486=VERTEX_POINT('',#7092);
#5487=LINE('',#7093,#7094);
#5488=VERTEX_POINT('',#7095);
#5489=LINE('',#7096,#7097);
#5490=VERTEX_POINT('',#7098);
#5491=LINE('',#7099,#7100);
#5492=VERTEX_POINT('',#7101);
#5493=LINE('',#7102,#7103);
#5494=VERTEX_POINT('',#7104);
#5495=LINE('',#7105,#7106);
#5496=LINE('',#7107,#7108);
#5497=LINE('',#7109,#7110);
#5498=LINE('',#7111,#7112);
#5499=VERTEX_POINT('',#7113);
#5500=LINE('',#7114,#7115);
#5501=VERTEX_POINT('',#7116);
#5502=LINE('',#7117,#7118);
#5503=LINE('',#7119,#7120);
#5504=VERTEX_POINT('',#7121);
#5505=LINE('',#7122,#7123);
#5506=VERTEX_POINT('',#7124);
#5507=LINE('',#7125,#7126);
#5508=LINE('',#7127,#7128);
#5509=VERTEX_POINT('',#7129);
#5510=LINE('',#7130,#7131);
#5511=VERTEX_POINT('',#7132);
#5512=LINE('',#7133,#7134);
#5513=LINE('',#7135,#7136);
#5514=LINE('',#7137,#7138);
#5515=LINE('',#7139,#7140);
#5516=LINE('',#7141,#7142);
#5517=LINE('',#7143,#7144);
#5518=VERTEX_POINT('',#7145);
#5519=VERTEX_POINT('',#7146);
#5520=LINE('',#7147,#7148);
#5521=VERTEX_POINT('',#7149);
#5522=LINE('',#7150,#7151);
#5523=VERTEX_POINT('',#7152);
#5524=LINE('',#7153,#7154);
#5525=LINE('',#7155,#7156);
#5526=VERTEX_POINT('',#7157);
#5527=VERTEX_POINT('',#7158);
#5528=LINE('',#7159,#7160);
#5529=VERTEX_POINT('',#7161);
#5530=LINE('',#7162,#7163);
#5531=LINE('',#7164,#7165);
#5532=VERTEX_POINT('',#7166);
#5533=LINE('',#7167,#7168);
#5534=VERTEX_POINT('',#7169);
#5535=LINE('',#7170,#7171);
#5536=VERTEX_POINT('',#7172);
#5537=LINE('',#7173,#7174);
#5538=LINE('',#7175,#7176);
#5539=VERTEX_POINT('',#7177);
#5540=VERTEX_POINT('',#7178);
#5541=LINE('',#7179,#7180);
#5542=VERTEX_POINT('',#7181);
#5543=LINE('',#7182,#7183);
#5544=VERTEX_POINT('',#7184);
#5545=LINE('',#7185,#7186);
#5546=LINE('',#7187,#7188);
#5547=LINE('',#7189,#7190);
#5548=VERTEX_POINT('',#7191);
#5549=LINE('',#7192,#7193);
#5550=VERTEX_POINT('',#7194);
#5551=LINE('',#7195,#7196);
#5552=VERTEX_POINT('',#7197);
#5553=LINE('',#7198,#7199);
#5554=VERTEX_POINT('',#7200);
#5555=LINE('',#7201,#7202);
#5556=LINE('',#7203,#7204);
#5557=VERTEX_POINT('',#7205);
#5558=VERTEX_POINT('',#7206);
#5559=LINE('',#7207,#7208);
#5560=VERTEX_POINT('',#7209);
#5561=LINE('',#7210,#7211);
#5562=VERTEX_POINT('',#7212);
#5563=LINE('',#7213,#7214);
#5564=LINE('',#7215,#7216);
#5565=VERTEX_POINT('',#7217);
#5566=VERTEX_POINT('',#7218);
#5567=LINE('',#7219,#7220);
#5568=VERTEX_POINT('',#7221);
#5569=LINE('',#7222,#7223);
#5570=VERTEX_POINT('',#7224);
#5571=LINE('',#7225,#7226);
#5572=VERTEX_POINT('',#7227);
#5573=LINE('',#7228,#7229);
#5574=VERTEX_POINT('',#7230);
#5575=LINE('',#7231,#7232);
#5576=VERTEX_POINT('',#7233);
#5577=LINE('',#7234,#7235);
#5578=VERTEX_POINT('',#7236);
#5579=LINE('',#7237,#7238);
#5580=LINE('',#7239,#7240);
#5581=VERTEX_POINT('',#7241);
#5582=VERTEX_POINT('',#7242);
#5583=LINE('',#7243,#7244);
#5584=VERTEX_POINT('',#7245);
#5585=LINE('',#7246,#7247);
#5586=VERTEX_POINT('',#7248);
#5587=LINE('',#7249,#7250);
#5588=LINE('',#7251,#7252);
#5589=LINE('',#7253,#7254);
#5590=LINE('',#7255,#7256);
#5591=LINE('',#7257,#7258);
#5592=LINE('',#7259,#7260);
#5593=VERTEX_POINT('',#7261);
#5594=LINE('',#7262,#7263);
#5595=LINE('',#7264,#7265);
#5596=VERTEX_POINT('',#7266);
#5597=LINE('',#7267,#7268);
#5598=LINE('',#7269,#7270);
#5599=VERTEX_POINT('',#7271);
#5600=LINE('',#7272,#7273);
#5601=VERTEX_POINT('',#7274);
#5602=LINE('',#7275,#7276);
#5603=VERTEX_POINT('',#7277);
#5604=LINE('',#7278,#7279);
#5605=VERTEX_POINT('',#7280);
#5606=LINE('',#7281,#7282);
#5607=LINE('',#7283,#7284);
#5608=VERTEX_POINT('',#7285);
#5609=LINE('',#7286,#7287);
#5610=LINE('',#7288,#7289);
#5611=VERTEX_POINT('',#7290);
#5612=VERTEX_POINT('',#7291);
#5613=LINE('',#7292,#7293);
#5614=VERTEX_POINT('',#7294);
#5615=LINE('',#7295,#7296);
#5616=VERTEX_POINT('',#7297);
#5617=LINE('',#7298,#7299);
#5618=LINE('',#7300,#7301);
#5619=VERTEX_POINT('',#7302);
#5620=LINE('',#7303,#7304);
#5621=VERTEX_POINT('',#7305);
#5622=LINE('',#7306,#7307);
#5623=VERTEX_POINT('',#7308);
#5624=LINE('',#7309,#7310);
#5625=VERTEX_POINT('',#7311);
#5626=LINE('',#7312,#7313);
#5627=LINE('',#7314,#7315);
#5628=VERTEX_POINT('',#7316);
#5629=LINE('',#7317,#7318);
#5630=VERTEX_POINT('',#7319);
#5631=LINE('',#7320,#7321);
#5632=LINE('',#7322,#7323);
#5633=VERTEX_POINT('',#7324);
#5634=VERTEX_POINT('',#7325);
#5635=LINE('',#7326,#7327);
#5636=VERTEX_POINT('',#7328);
#5637=LINE('',#7329,#7330);
#5638=VERTEX_POINT('',#7331);
#5639=LINE('',#7332,#7333);
#5640=LINE('',#7334,#7335);
#5641=VERTEX_POINT('',#7336);
#5642=VERTEX_POINT('',#7337);
#5643=LINE('',#7338,#7339);
#5644=VERTEX_POINT('',#7340);
#5645=LINE('',#7341,#7342);
#5646=VERTEX_POINT('',#7343);
#5647=LINE('',#7344,#7345);
#5648=VERTEX_POINT('',#7346);
#5649=LINE('',#7347,#7348);
#5650=VERTEX_POINT('',#7349);
#5651=LINE('',#7350,#7351);
#5652=VERTEX_POINT('',#7352);
#5653=LINE('',#7353,#7354);
#5654=VERTEX_POINT('',#7355);
#5655=LINE('',#7356,#7357);
#5656=VERTEX_POINT('',#7358);
#5657=LINE('',#7359,#7360);
#5658=VERTEX_POINT('',#7361);
#5659=LINE('',#7362,#7363);
#5660=VERTEX_POINT('',#7364);
#5661=LINE('',#7365,#7366);
#5662=VERTEX_POINT('',#7367);
#5663=LINE('',#7368,#7369);
#5664=LINE('',#7370,#7371);
#5665=VERTEX_POINT('',#7372);
#5666=VERTEX_POINT('',#7373);
#5667=LINE('',#7374,#7375);
#5668=VERTEX_POINT('',#7376);
#5669=LINE('',#7377,#7378);
#5670=VERTEX_POINT('',#7379);
#5671=LINE('',#7380,#7381);
#5672=LINE('',#7382,#7383);
#5673=VERTEX_POINT('',#7384);
#5674=VERTEX_POINT('',#7385);
#5675=LINE('',#7386,#7387);
#5676=VERTEX_POINT('',#7388);
#5677=LINE('',#7389,#7390);
#5678=VERTEX_POINT('',#7391);
#5679=LINE('',#7392,#7393);
#5680=VERTEX_POINT('',#7394);
#5681=LINE('',#7395,#7396);
#5682=VERTEX_POINT('',#7397);
#5683=LINE('',#7398,#7399);
#5684=VERTEX_POINT('',#7400);
#5685=LINE('',#7401,#7402);
#5686=VERTEX_POINT('',#7403);
#5687=LINE('',#7404,#7405);
#5688=VERTEX_POINT('',#7406);
#5689=LINE('',#7407,#7408);
#5690=VERTEX_POINT('',#7409);
#5691=LINE('',#7410,#7411);
#5692=VERTEX_POINT('',#7412);
#5693=LINE('',#7413,#7414);
#5694=VERTEX_POINT('',#7415);
#5695=LINE('',#7416,#7417);
#5696=LINE('',#7418,#7419);
#5697=VERTEX_POINT('',#7420);
#5698=VERTEX_POINT('',#7421);
#5699=LINE('',#7422,#7423);
#5700=VERTEX_POINT('',#7424);
#5701=LINE('',#7425,#7426);
#5702=VERTEX_POINT('',#7427);
#5703=LINE('',#7428,#7429);
#5704=LINE('',#7430,#7431);
#5705=LINE('',#7432,#7433);
#5706=VERTEX_POINT('',#7434);
#5707=LINE('',#7435,#7436);
#5708=LINE('',#7437,#7438);
#5709=LINE('',#7439,#7440);
#5710=LINE('',#7441,#7442);
#5711=LINE('',#7443,#7444);
#5712=VERTEX_POINT('',#7445);
#5713=LINE('',#7446,#7447);
#5714=LINE('',#7448,#7449);
#5715=LINE('',#7450,#7451);
#5716=LINE('',#7452,#7453);
#5717=LINE('',#7454,#7455);
#5718=LINE('',#7456,#7457);
#5719=LINE('',#7458,#7459);
#5720=LINE('',#7460,#7461);
#5721=LINE('',#7462,#7463);
#5722=VERTEX_POINT('',#7464);
#5723=VERTEX_POINT('',#7465);
#5724=LINE('',#7466,#7467);
#5725=VERTEX_POINT('',#7468);
#5726=LINE('',#7469,#7470);
#5727=VERTEX_POINT('',#7471);
#5728=LINE('',#7472,#7473);
#5729=LINE('',#7474,#7475);
#5730=VERTEX_POINT('',#7476);
#5731=VERTEX_POINT('',#7477);
#5732=LINE('',#7478,#7479);
#5733=VERTEX_POINT('',#7480);
#5734=LINE('',#7481,#7482);
#5735=LINE('',#7483,#7484);
#5736=VERTEX_POINT('',#7485);
#5737=LINE('',#7486,#7487);
#5738=VERTEX_POINT('',#7488);
#5739=LINE('',#7489,#7490);
#5740=VERTEX_POINT('',#7491);
#5741=LINE('',#7492,#7493);
#5742=LINE('',#7494,#7495);
#5743=VERTEX_POINT('',#7496);
#5744=VERTEX_POINT('',#7497);
#5745=LINE('',#7498,#7499);
#5746=VERTEX_POINT('',#7500);
#5747=LINE('',#7501,#7502);
#5748=VERTEX_POINT('',#7503);
#5749=LINE('',#7504,#7505);
#5750=LINE('',#7506,#7507);
#5751=LINE('',#7508,#7509);
#5752=VERTEX_POINT('',#7510);
#5753=LINE('',#7511,#7512);
#5754=LINE('',#7513,#7514);
#5755=LINE('',#7515,#7516);
#5756=LINE('',#7517,#7518);
#5757=LINE('',#7519,#7520);
#5758=LINE('',#7521,#7522);
#5759=LINE('',#7523,#7524);
#5760=VERTEX_POINT('',#7525);
#5761=LINE('',#7526,#7527);
#5762=VERTEX_POINT('',#7528);
#5763=LINE('',#7529,#7530);
#5764=LINE('',#7531,#7532);
#5765=LINE('',#7533,#7534);
#5766=LINE('',#7535,#7536);
#5767=VERTEX_POINT('',#7537);
#5768=LINE('',#7538,#7539);
#5769=VERTEX_POINT('',#7540);
#5770=LINE('',#7541,#7542);
#5771=LINE('',#7543,#7544);
#5772=VERTEX_POINT('',#7545);
#5773=VERTEX_POINT('',#7546);
#5774=LINE('',#7547,#7548);
#5775=VERTEX_POINT('',#7549);
#5776=LINE('',#7550,#7551);
#5777=VERTEX_POINT('',#7552);
#5778=LINE('',#7553,#7554);
#5779=LINE('',#7555,#7556);
#5780=VERTEX_POINT('',#7557);
#5781=VERTEX_POINT('',#7558);
#5782=LINE('',#7559,#7560);
#5783=VERTEX_POINT('',#7561);
#5784=LINE('',#7562,#7563);
#5785=VERTEX_POINT('',#7564);
#5786=LINE('',#7565,#7566);
#5787=VERTEX_POINT('',#7567);
#5788=LINE('',#7568,#7569);
#5789=VERTEX_POINT('',#7570);
#5790=LINE('',#7571,#7572);
#5791=VERTEX_POINT('',#7573);
#5792=LINE('',#7574,#7575);
#5793=VERTEX_POINT('',#7576);
#5794=LINE('',#7577,#7578);
#5795=LINE('',#7579,#7580);
#5796=VERTEX_POINT('',#7581);
#5797=VERTEX_POINT('',#7582);
#5798=LINE('',#7583,#7584);
#5799=VERTEX_POINT('',#7585);
#5800=LINE('',#7586,#7587);
#5801=VERTEX_POINT('',#7588);
#5802=LINE('',#7589,#7590);
#5803=LINE('',#7591,#7592);
#5804=LINE('',#7593,#7594);
#5805=LINE('',#7595,#7596);
#5806=LINE('',#7597,#7598);
#5807=LINE('',#7599,#7600);
#5808=LINE('',#7601,#7602);
#5809=LINE('',#7603,#7604);
#5810=VERTEX_POINT('',#7605);
#5811=LINE('',#7606,#7607);
#5812=VERTEX_POINT('',#7608);
#5813=LINE('',#7609,#7610);
#5814=LINE('',#7611,#7612);
#5815=VERTEX_POINT('',#7613);
#5816=LINE('',#7614,#7615);
#5817=VERTEX_POINT('',#7616);
#5818=LINE('',#7617,#7618);
#5819=LINE('',#7619,#7620);
#5820=LINE('',#7621,#7622);
#5821=LINE('',#7623,#7624);
#5822=LINE('',#7625,#7626);
#5823=VERTEX_POINT('',#7627);
#5824=LINE('',#7628,#7629);
#5825=VERTEX_POINT('',#7630);
#5826=LINE('',#7631,#7632);
#5827=LINE('',#7633,#7634);
#5828=VERTEX_POINT('',#7635);
#5829=LINE('',#7636,#7637);
#5830=VERTEX_POINT('',#7638);
#5831=LINE('',#7639,#7640);
#5832=LINE('',#7641,#7642);
#5833=LINE('',#7643,#7644);
#5834=LINE('',#7645,#7646);
#5835=LINE('',#7647,#7648);
#5836=LINE('',#7649,#7650);
#5837=VERTEX_POINT('',#7651);
#5838=LINE('',#7652,#7653);
#5839=VERTEX_POINT('',#7654);
#5840=LINE('',#7655,#7656);
#5841=LINE('',#7657,#7658);
#5842=LINE('',#7659,#7660);
#5843=LINE('',#7661,#7662);
#5844=LINE('',#7663,#7664);
#5845=VERTEX_POINT('',#7665);
#5846=LINE('',#7666,#7667);
#5847=VERTEX_POINT('',#7668);
#5848=LINE('',#7669,#7670);
#5849=LINE('',#7671,#7672);
#5850=VERTEX_POINT('',#7673);
#5851=LINE('',#7674,#7675);
#5852=VERTEX_POINT('',#7676);
#5853=LINE('',#7677,#7678);
#5854=LINE('',#7679,#7680);
#5855=VERTEX_POINT('',#7681);
#5856=LINE('',#7682,#7683);
#5857=VERTEX_POINT('',#7684);
#5858=LINE('',#7685,#7686);
#5859=VERTEX_POINT('',#7687);
#5860=LINE('',#7688,#7689);
#5861=VERTEX_POINT('',#7690);
#5862=LINE('',#7691,#7692);
#5863=LINE('',#7693,#7694);
#5864=LINE('',#7695,#7696);
#5865=LINE('',#7697,#7698);
#5866=LINE('',#7699,#7700);
#5867=VERTEX_POINT('',#7701);
#5868=LINE('',#7702,#7703);
#5869=VERTEX_POINT('',#7704);
#5870=LINE('',#7705,#7706);
#5871=VERTEX_POINT('',#7707);
#5872=LINE('',#7708,#7709);
#5873=VERTEX_POINT('',#7710);
#5874=LINE('',#7711,#7712);
#5875=LINE('',#7713,#7714);
#5876=LINE('',#7715,#7716);
#5877=LINE('',#7717,#7718);
#5878=LINE('',#7719,#7720);
#5879=LINE('',#7721,#7722);
#5880=LINE('',#7723,#7724);
#5881=LINE('',#7725,#7726);
#5882=VERTEX_POINT('',#7727);
#5883=LINE('',#7728,#7729);
#5884=LINE('',#7730,#7731);
#5885=LINE('',#7732,#7733);
#5886=LINE('',#7734,#7735);
#5887=LINE('',#7736,#7737);
#5888=LINE('',#7738,#7739);
#5889=LINE('',#7740,#7741);
#5890=LINE('',#7742,#7743);
#5891=LINE('',#7744,#7745);
#5892=LINE('',#7746,#7747);
#5893=LINE('',#7748,#7749);
#5894=LINE('',#7750,#7751);
#5895=LINE('',#7752,#7753);
#5896=LINE('',#7754,#7755);
#5897=LINE('',#7756,#7757);
#5898=LINE('',#7758,#7759);
#5899=LINE('',#7760,#7761);
#5900=LINE('',#7762,#7763);
#5901=LINE('',#7764,#7765);
#5902=VERTEX_POINT('',#7766);
#5903=LINE('',#7767,#7768);
#5904=LINE('',#7769,#7770);
#5905=LINE('',#7771,#7772);
#5906=LINE('',#7773,#7774);
#5907=LINE('',#7775,#7776);
#5908=LINE('',#7777,#7778);
#5909=LINE('',#7779,#7780);
#5910=LINE('',#7781,#7782);
#5911=LINE('',#7783,#7784);
#5912=LINE('',#7785,#7786);
#5913=LINE('',#7787,#7788);
#5914=LINE('',#7789,#7790);
#5915=LINE('',#7791,#7792);
#5916=VERTEX_POINT('',#7793);
#5917=VERTEX_POINT('',#7794);
#5918=LINE('',#7795,#7796);
#5919=VERTEX_POINT('',#7797);
#5920=LINE('',#7798,#7799);
#5921=VERTEX_POINT('',#7800);
#5922=LINE('',#7801,#7802);
#5923=LINE('',#7803,#7804);
#5924=LINE('',#7805,#7806);
#5925=LINE('',#7807,#7808);
#5926=LINE('',#7809,#7810);
#5927=VERTEX_POINT('',#7811);
#5928=VERTEX_POINT('',#7812);
#5929=LINE('',#7813,#7814);
#5930=VERTEX_POINT('',#7815);
#5931=LINE('',#7816,#7817);
#5932=VERTEX_POINT('',#7818);
#5933=LINE('',#7819,#7820);
#5934=LINE('',#7821,#7822);
#5935=LINE('',#7823,#7824);
#5936=LINE('',#7825,#7826);
#5937=LINE('',#7827,#7828);
#5938=LINE('',#7829,#7830);
#5939=LINE('',#7831,#7832);
#5940=LINE('',#7833,#7834);
#5941=VERTEX_POINT('',#7835);
#5942=LINE('',#7836,#7837);
#5943=VERTEX_POINT('',#7838);
#5944=LINE('',#7839,#7840);
#5945=VERTEX_POINT('',#7841);
#5946=LINE('',#7842,#7843);
#5947=LINE('',#7844,#7845);
#5948=VERTEX_POINT('',#7846);
#5949=LINE('',#7847,#7848);
#5950=VERTEX_POINT('',#7849);
#5951=LINE('',#7850,#7851);
#5952=VERTEX_POINT('',#7852);
#5953=LINE('',#7853,#7854);
#5954=LINE('',#7855,#7856);
#5955=VERTEX_POINT('',#7857);
#5956=LINE('',#7858,#7859);
#5957=VERTEX_POINT('',#7860);
#5958=LINE('',#7861,#7862);
#5959=VERTEX_POINT('',#7863);
#5960=LINE('',#7864,#7865);
#5961=LINE('',#7866,#7867);
#5962=VERTEX_POINT('',#7868);
#5963=LINE('',#7869,#7870);
#5964=VERTEX_POINT('',#7871);
#5965=LINE('',#7872,#7873);
#5966=VERTEX_POINT('',#7874);
#5967=LINE('',#7875,#7876);
#5968=LINE('',#7877,#7878);
#5969=VERTEX_POINT('',#7879);
#5970=LINE('',#7880,#7881);
#5971=LINE('',#7882,#7883);
#5972=VERTEX_POINT('',#7884);
#5973=LINE('',#7885,#7886);
#5974=VERTEX_POINT('',#7887);
#5975=LINE('',#7888,#7889);
#5976=LINE('',#7890,#7891);
#5977=VERTEX_POINT('',#7892);
#5978=LINE('',#7893,#7894);
#5979=VERTEX_POINT('',#7895);
#5980=LINE('',#7896,#7897);
#5981=VERTEX_POINT('',#7898);
#5982=LINE('',#7899,#7900);
#5983=LINE('',#7901,#7902);
#5984=VERTEX_POINT('',#7903);
#5985=LINE('',#7904,#7905);
#5986=VERTEX_POINT('',#7906);
#5987=LINE('',#7907,#7908);
#5988=VERTEX_POINT('',#7909);
#5989=LINE('',#7910,#7911);
#5990=LINE('',#7912,#7913);
#5991=VERTEX_POINT('',#7914);
#5992=LINE('',#7915,#7916);
#5993=VERTEX_POINT('',#7917);
#5994=LINE('',#7918,#7919);
#5995=VERTEX_POINT('',#7920);
#5996=LINE('',#7921,#7922);
#5997=LINE('',#7923,#7924);
#5998=LINE('',#7925,#7926);
#5999=LINE('',#7927,#7928);
#6000=LINE('',#7929,#7930);
#6001=LINE('',#7931,#7932);
#6002=LINE('',#7933,#7934);
#6003=LINE('',#7935,#7936);
#6004=LINE('',#7937,#7938);
#6005=LINE('',#7939,#7940);
#6006=LINE('',#7941,#7942);
#6007=LINE('',#7943,#7944);
#6008=LINE('',#7945,#7946);
#6009=VERTEX_POINT('',#7947);
#6010=LINE('',#7948,#7949);
#6011=VERTEX_POINT('',#7950);
#6012=LINE('',#7951,#7952);
#6013=VERTEX_POINT('',#7953);
#6014=LINE('',#7954,#7955);
#6015=LINE('',#7956,#7957);
#6016=VERTEX_POINT('',#7958);
#6017=LINE('',#7959,#7960);
#6018=VERTEX_POINT('',#7961);
#6019=LINE('',#7962,#7963);
#6020=VERTEX_POINT('',#7964);
#6021=LINE('',#7965,#7966);
#6022=LINE('',#7967,#7968);
#6023=VERTEX_POINT('',#7969);
#6024=LINE('',#7970,#7971);
#6025=VERTEX_POINT('',#7972);
#6026=LINE('',#7973,#7974);
#6027=VERTEX_POINT('',#7975);
#6028=LINE('',#7976,#7977);
#6029=LINE('',#7978,#7979);
#6030=VERTEX_POINT('',#7980);
#6031=LINE('',#7981,#7982);
#6032=VERTEX_POINT('',#7983);
#6033=LINE('',#7984,#7985);
#6034=VERTEX_POINT('',#7986);
#6035=LINE('',#7987,#7988);
#6036=LINE('',#7989,#7990);
#6037=VERTEX_POINT('',#7991);
#6038=LINE('',#7992,#7993);
#6039=LINE('',#7994,#7995);
#6040=VERTEX_POINT('',#7996);
#6041=LINE('',#7997,#7998);
#6042=VERTEX_POINT('',#7999);
#6043=LINE('',#8000,#8001);
#6044=LINE('',#8002,#8003);
#6045=VERTEX_POINT('',#8004);
#6046=LINE('',#8005,#8006);
#6047=VERTEX_POINT('',#8007);
#6048=LINE('',#8008,#8009);
#6049=VERTEX_POINT('',#8010);
#6050=LINE('',#8011,#8012);
#6051=LINE('',#8013,#8014);
#6052=VERTEX_POINT('',#8015);
#6053=VERTEX_POINT('',#8016);
#6054=LINE('',#8017,#8018);
#6055=VERTEX_POINT('',#8019);
#6056=LINE('',#8020,#8021);
#6057=LINE('',#8022,#8023);
#6058=LINE('',#8024,#8025);
#6059=VERTEX_POINT('',#8026);
#6060=VERTEX_POINT('',#8027);
#6061=LINE('',#8028,#8029);
#6062=VERTEX_POINT('',#8030);
#6063=LINE('',#8031,#8032);
#6064=LINE('',#8033,#8034);
#6065=LINE('',#8035,#8036);
#6066=LINE('',#8037,#8038);
#6067=LINE('',#8039,#8040);
#6068=LINE('',#8041,#8042);
#6069=LINE('',#8043,#8044);
#6070=LINE('',#8045,#8046);
#6071=LINE('',#8047,#8048);
#6072=LINE('',#8049,#8050);
#6073=LINE('',#8051,#8052);
#6074=LINE('',#8053,#8054);
#6075=LINE('',#8055,#8056);
#6076=LINE('',#8057,#8058);
#6077=VERTEX_POINT('',#8059);
#6078=LINE('',#8060,#8061);
#6079=VERTEX_POINT('',#8062);
#6080=LINE('',#8063,#8064);
#6081=VERTEX_POINT('',#8065);
#6082=LINE('',#8066,#8067);
#6083=LINE('',#8068,#8069);
#6084=VERTEX_POINT('',#8070);
#6085=LINE('',#8071,#8072);
#6086=VERTEX_POINT('',#8073);
#6087=LINE('',#8074,#8075);
#6088=VERTEX_POINT('',#8076);
#6089=LINE('',#8077,#8078);
#6090=LINE('',#8079,#8080);
#6091=VERTEX_POINT('',#8081);
#6092=LINE('',#8082,#8083);
#6093=VERTEX_POINT('',#8084);
#6094=LINE('',#8085,#8086);
#6095=VERTEX_POINT('',#8087);
#6096=LINE('',#8088,#8089);
#6097=LINE('',#8090,#8091);
#6098=VERTEX_POINT('',#8092);
#6099=LINE('',#8093,#8094);
#6100=VERTEX_POINT('',#8095);
#6101=LINE('',#8096,#8097);
#6102=VERTEX_POINT('',#8098);
#6103=LINE('',#8099,#8100);
#6104=LINE('',#8101,#8102);
#6105=VERTEX_POINT('',#8103);
#6106=LINE('',#8104,#8105);
#6107=LINE('',#8106,#8107);
#6108=VERTEX_POINT('',#8108);
#6109=LINE('',#8109,#8110);
#6110=VERTEX_POINT('',#8111);
#6111=LINE('',#8112,#8113);
#6112=LINE('',#8114,#8115);
#6113=VERTEX_POINT('',#8116);
#6114=LINE('',#8117,#8118);
#6115=VERTEX_POINT('',#8119);
#6116=LINE('',#8120,#8121);
#6117=VERTEX_POINT('',#8122);
#6118=LINE('',#8123,#8124);
#6119=LINE('',#8125,#8126);
#6120=VERTEX_POINT('',#8127);
#6121=LINE('',#8128,#8129);
#6122=VERTEX_POINT('',#8130);
#6123=LINE('',#8131,#8132);
#6124=VERTEX_POINT('',#8133);
#6125=LINE('',#8134,#8135);
#6126=LINE('',#8136,#8137);
#6127=VERTEX_POINT('',#8138);
#6128=LINE('',#8139,#8140);
#6129=VERTEX_POINT('',#8141);
#6130=LINE('',#8142,#8143);
#6131=VERTEX_POINT('',#8144);
#6132=LINE('',#8145,#8146);
#6133=LINE('',#8147,#8148);
#6134=LINE('',#8149,#8150);
#6135=LINE('',#8151,#8152);
#6136=LINE('',#8153,#8154);
#6137=LINE('',#8155,#8156);
#6138=LINE('',#8157,#8158);
#6139=LINE('',#8159,#8160);
#6140=LINE('',#8161,#8162);
#6141=LINE('',#8163,#8164);
#6142=LINE('',#8165,#8166);
#6143=LINE('',#8167,#8168);
#6144=LINE('',#8169,#8170);
#6145=LINE('',#8171,#8172);
#6146=LINE('',#8173,#8174);
#6147=VERTEX_POINT('',#8175);
#6148=LINE('',#8176,#8177);
#6149=VERTEX_POINT('',#8178);
#6150=LINE('',#8179,#8180);
#6151=VERTEX_POINT('',#8181);
#6152=LINE('',#8182,#8183);
#6153=LINE('',#8184,#8185);
#6154=VERTEX_POINT('',#8186);
#6155=LINE('',#8187,#8188);
#6156=VERTEX_POINT('',#8189);
#6157=LINE('',#8190,#8191);
#6158=VERTEX_POINT('',#8192);
#6159=LINE('',#8193,#8194);
#6160=LINE('',#8195,#8196);
#6161=VERTEX_POINT('',#8197);
#6162=LINE('',#8198,#8199);
#6163=VERTEX_POINT('',#8200);
#6164=LINE('',#8201,#8202);
#6165=VERTEX_POINT('',#8203);
#6166=LINE('',#8204,#8205);
#6167=LINE('',#8206,#8207);
#6168=VERTEX_POINT('',#8208);
#6169=LINE('',#8209,#8210);
#6170=VERTEX_POINT('',#8211);
#6171=LINE('',#8212,#8213);
#6172=VERTEX_POINT('',#8214);
#6173=LINE('',#8215,#8216);
#6174=LINE('',#8217,#8218);
#6175=VERTEX_POINT('',#8219);
#6176=LINE('',#8220,#8221);
#6177=LINE('',#8222,#8223);
#6178=VERTEX_POINT('',#8224);
#6179=LINE('',#8225,#8226);
#6180=VERTEX_POINT('',#8227);
#6181=LINE('',#8228,#8229);
#6182=LINE('',#8230,#8231);
#6183=VERTEX_POINT('',#8232);
#6184=LINE('',#8233,#8234);
#6185=VERTEX_POINT('',#8235);
#6186=LINE('',#8236,#8237);
#6187=VERTEX_POINT('',#8238);
#6188=LINE('',#8239,#8240);
#6189=LINE('',#8241,#8242);
#6190=VERTEX_POINT('',#8243);
#6191=VERTEX_POINT('',#8244);
#6192=LINE('',#8245,#8246);
#6193=VERTEX_POINT('',#8247);
#6194=LINE('',#8248,#8249);
#6195=LINE('',#8250,#8251);
#6196=LINE('',#8252,#8253);
#6197=VERTEX_POINT('',#8254);
#6198=LINE('',#8255,#8256);
#6199=VERTEX_POINT('',#8257);
#6200=LINE('',#8258,#8259);
#6201=VERTEX_POINT('',#8260);
#6202=LINE('',#8261,#8262);
#6203=LINE('',#8263,#8264);
#6204=LINE('',#8265,#8266);
#6205=LINE('',#8267,#8268);
#6206=LINE('',#8269,#8270);
#6207=LINE('',#8271,#8272);
#6208=LINE('',#8273,#8274);
#6209=LINE('',#8275,#8276);
#6210=LINE('',#8277,#8278);
#6211=LINE('',#8279,#8280);
#6212=LINE('',#8281,#8282);
#6213=LINE('',#8283,#8284);
#6214=LINE('',#8285,#8286);
#6215=VERTEX_POINT('',#8287);
#6216=LINE('',#8288,#8289);
#6217=LINE('',#8290,#8291);
#6218=LINE('',#8292,#8293);
#6219=VERTEX_POINT('',#8294);
#6220=LINE('',#8295,#8296);
#6221=LINE('',#8297,#8298);
#6222=VERTEX_POINT('',#8299);
#6223=VERTEX_POINT('',#8300);
#6224=CIRCLE('',#8301,1.588936325);
#6225=CIRCLE('',#8302,0.3850051722757);
#6226=VERTEX_POINT('',#8303);
#6227=CIRCLE('',#8304,0.3850051722757);
#6228=VERTEX_POINT('',#8305);
#6229=CIRCLE('',#8306,1.588936325);
#6230=LINE('',#8307,#8308);
#6231=VERTEX_POINT('',#8309);
#6232=CIRCLE('',#8310,0.3850051722757);
#6233=VERTEX_POINT('',#8311);
#6234=LINE('',#8312,#8313);
#6235=LINE('',#8314,#8315);
#6236=VERTEX_POINT('',#8316);
#6237=CIRCLE('',#8317,0.3850051722757);
#6238=VERTEX_POINT('',#8318);
#6239=CIRCLE('',#8319,1.588936325);
#6240=VERTEX_POINT('',#8320);
#6241=LINE('',#8321,#8322);
#6242=CIRCLE('',#8323,1.588936325);
#6243=VERTEX_POINT('',#8324);
#6244=VERTEX_POINT('',#8325);
#6245=CIRCLE('',#8326,0.6);
#6246=VERTEX_POINT('',#8327);
#6247=LINE('',#8328,#8329);
#6248=VERTEX_POINT('',#8330);
#6249=LINE('',#8331,#8332);
#6250=LINE('',#8333,#8334);
#6251=VERTEX_POINT('',#8335);
#6252=LINE('',#8336,#8337);
#6253=VERTEX_POINT('',#8338);
#6254=LINE('',#8339,#8340);
#6255=LINE('',#8341,#8342);
#6256=VERTEX_POINT('',#8343);
#6257=VERTEX_POINT('',#8344);
#6258=LINE('',#8345,#8346);
#6259=VERTEX_POINT('',#8347);
#6260=LINE('',#8348,#8349);
#6261=LINE('',#8350,#8351);
#6262=VERTEX_POINT('',#8352);
#6263=LINE('',#8353,#8354);
#6264=LINE('',#8355,#8356);
#6265=VERTEX_POINT('',#8357);
#6266=LINE('',#8358,#8359);
#6267=VERTEX_POINT('',#8360);
#6268=CIRCLE('',#8361,1.588936325);
#6269=LINE('',#8362,#8363);
#6270=VERTEX_POINT('',#8364);
#6271=VERTEX_POINT('',#8365);
#6272=LINE('',#8366,#8367);
#6273=VERTEX_POINT('',#8368);
#6274=CIRCLE('',#8369,1.588936325);
#6275=VERTEX_POINT('',#8370);
#6276=LINE('',#8371,#8372);
#6277=LINE('',#8373,#8374);
#6278=VERTEX_POINT('',#8375);
#6279=VERTEX_POINT('',#8376);
#6280=LINE('',#8377,#8378);
#6281=VERTEX_POINT('',#8379);
#6282=CIRCLE('',#8380,1.588936325);
#6283=VERTEX_POINT('',#8381);
#6284=LINE('',#8382,#8383);
#6285=LINE('',#8384,#8385);
#6286=VERTEX_POINT('',#8386);
#6287=VERTEX_POINT('',#8387);
#6288=LINE('',#8388,#8389);
#6289=VERTEX_POINT('',#8390);
#6290=CIRCLE('',#8391,1.588936325);
#6291=VERTEX_POINT('',#8392);
#6292=LINE('',#8393,#8394);
#6293=LINE('',#8395,#8396);
#6294=VERTEX_POINT('',#8397);
#6295=B_SPLINE_CURVE_WITH_KNOTS('',3,(#8398,#8399,#8400,#8401),.UNSPECIFIED.,.F.,.F.,(4,4),(0.0,1.0),.UNSPECIFIED.);
#6296=VERTEX_POINT('',#8402);
#6297=B_SPLINE_CURVE_WITH_KNOTS('',3,(#8403,#8404,#8405,#8406),.UNSPECIFIED.,.F.,.F.,(4,4),(0.0,1.0),.UNSPECIFIED.);
#6298=VERTEX_POINT('',#8407);
#6299=LINE('',#8408,#8409);
#6300=LINE('',#8410,#8411);
#6301=VERTEX_POINT('',#8412);
#6302=VERTEX_POINT('',#8413);
#6303=LINE('',#8414,#8415);
#6304=VERTEX_POINT('',#8416);
#6305=LINE('',#8417,#8418);
#6306=VERTEX_POINT('',#8419);
#6307=B_SPLINE_CURVE_WITH_KNOTS('',3,(#8420,#8421,#8422,#8423),.UNSPECIFIED.,.F.,.F.,(4,4),(0.0,1.0),.UNSPECIFIED.);
#6308=B_SPLINE_CURVE_WITH_KNOTS('',3,(#8424,#8425,#8426,#8427),.UNSPECIFIED.,.F.,.F.,(4,4),(0.0,1.0),.UNSPECIFIED.);
#6309=LINE('',#8428,#8429);
#6310=VERTEX_POINT('',#8430);
#6311=LINE('',#8431,#8432);
#6312=VERTEX_POINT('',#8433);
#6313=LINE('',#8434,#8435);
#6314=LINE('',#8436,#8437);
#6315=VERTEX_POINT('',#8438);
#6316=LINE('',#8439,#8440);
#6317=CIRCLE('',#8441,0.6);
#6318=LINE('',#8442,#8443);
#6319=LINE('',#8444,#8445);
#6320=VERTEX_POINT('',#8446);
#6321=LINE('',#8447,#8448);
#6322=VERTEX_POINT('',#8449);
#6323=B_SPLINE_CURVE_WITH_KNOTS('',3,(#8450,#8451,#8452,#8453),.UNSPECIFIED.,.F.,.F.,(4,4),(0.0,1.0),.UNSPECIFIED.);
#6324=B_SPLINE_CURVE_WITH_KNOTS('',3,(#8454,#8455,#8456,#8457),.UNSPECIFIED.,.F.,.F.,(4,4),(0.0,1.0),.UNSPECIFIED.);
#6325=VERTEX_POINT('',#8458);
#6326=B_SPLINE_CURVE_WITH_KNOTS('',3,(#8459,#8460,#8461,#8462),.UNSPECIFIED.,.F.,.F.,(4,4),(0.0,1.0),.UNSPECIFIED.);
#6327=VERTEX_POINT('',#8463);
#6328=B_SPLINE_CURVE_WITH_KNOTS('',3,(#8464,#8465,#8466,#8467),.UNSPECIFIED.,.F.,.F.,(4,4),(0.0,1.0),.UNSPECIFIED.);
#6329=LINE('',#8468,#8469);
#6330=CIRCLE('',#8470,1.888936325);
#6331=CIRCLE('',#8471,1.888936325);
#6332=CIRCLE('',#8472,1.588936325);
#6333=CIRCLE('',#8473,1.588936325);
#6334=CIRCLE('',#8474,1.888936325);
#6335=LINE('',#8475,#8476);
#6336=LINE('',#8477,#8478);
#6337=CIRCLE('',#8479,0.3850051722757);
#6338=CIRCLE('',#8480,0.3850051722757);
#6339=VERTEX_POINT('',#8481);
#6340=CIRCLE('',#8482,0.3850051722757);
#6341=VERTEX_POINT('',#8483);
#6342=LINE('',#8484,#8485);
#6343=CIRCLE('',#8486,0.3850051722757);
#6344=LINE('',#8487,#8488);
#6345=VERTEX_POINT('',#8489);
#6346=LINE('',#8490,#8491);
#6347=VERTEX_POINT('',#8492);
#6348=CIRCLE('',#8493,1.588936325);
#6349=LINE('',#8494,#8495);
#6350=LINE('',#8496,#8497);
#6351=VERTEX_POINT('',#8498);
#6352=LINE('',#8499,#8500);
#6353=VERTEX_POINT('',#8501);
#6354=CIRCLE('',#8502,1.588936325);
#6355=LINE('',#8503,#8504);
#6356=VERTEX_POINT('',#8505);
#6357=VERTEX_POINT('',#8506);
#6358=LINE('',#8507,#8508);
#6359=LINE('',#8509,#8510);
#6360=VERTEX_POINT('',#8511);
#6361=LINE('',#8512,#8513);
#6362=VERTEX_POINT('',#8514);
#6363=LINE('',#8515,#8516);
#6364=CIRCLE('',#8517,0.6);
#6365=VERTEX_POINT('',#8518);
#6366=LINE('',#8519,#8520);
#6367=VERTEX_POINT('',#8521);
#6368=CIRCLE('',#8522,0.6);
#6369=LINE('',#8523,#8524);
#6370=LINE('',#8525,#8526);
#6371=VERTEX_POINT('',#8527);
#6372=LINE('',#8528,#8529);
#6373=LINE('',#8530,#8531);
#6374=VERTEX_POINT('',#8532);
#6375=B_SPLINE_CURVE_WITH_KNOTS('',3,(#8533,#8534,#8535,#8536),.UNSPECIFIED.,.F.,.F.,(4,4),(0.0,1.0),.UNSPECIFIED.);
#6376=VERTEX_POINT('',#8537);
#6377=B_SPLINE_CURVE_WITH_KNOTS('',3,(#8538,#8539,#8540,#8541),.UNSPECIFIED.,.F.,.F.,(4,4),(0.0,1.0),.UNSPECIFIED.);
#6378=LINE('',#8542,#8543);
#6379=VERTEX_POINT('',#8544);
#6380=LINE('',#8545,#8546);
#6381=LINE('',#8547,#8548);
#6382=LINE('',#8549,#8550);
#6383=VERTEX_POINT('',#8551);
#6384=LINE('',#8552,#8553);
#6385=VERTEX_POINT('',#8554);
#6386=B_SPLINE_CURVE_WITH_KNOTS('',3,(#8555,#8556,#8557,#8558),.UNSPECIFIED.,.F.,.F.,(4,4),(0.0,1.0),.UNSPECIFIED.);
#6387=B_SPLINE_CURVE_WITH_KNOTS('',3,(#8559,#8560,#8561,#8562),.UNSPECIFIED.,.F.,.F.,(4,4),(0.0,1.0),.UNSPECIFIED.);
#6388=LINE('',#8563,#8564);
#6389=LINE('',#8565,#8566);
#6390=VERTEX_POINT('',#8567);
#6391=LINE('',#8568,#8569);
#6392=VERTEX_POINT('',#8570);
#6393=B_SPLINE_CURVE_WITH_KNOTS('',3,(#8571,#8572,#8573,#8574),.UNSPECIFIED.,.F.,.F.,(4,4),(0.0,1.0),.UNSPECIFIED.);
#6394=B_SPLINE_CURVE_WITH_KNOTS('',3,(#8575,#8576,#8577,#8578),.UNSPECIFIED.,.F.,.F.,(4,4),(0.0,1.0),.UNSPECIFIED.);
#6395=VERTEX_POINT('',#8579);
#6396=B_SPLINE_CURVE_WITH_KNOTS('',3,(#8580,#8581,#8582,#8583),.UNSPECIFIED.,.F.,.F.,(4,4),(0.0,1.0),.UNSPECIFIED.);
#6397=VERTEX_POINT('',#8584);
#6398=B_SPLINE_CURVE_WITH_KNOTS('',3,(#8585,#8586,#8587,#8588),.UNSPECIFIED.,.F.,.F.,(4,4),(0.0,1.0),.UNSPECIFIED.);
#6399=LINE('',#8589,#8590);
#6400=CIRCLE('',#8591,1.888936325);
#6401=CIRCLE('',#8592,1.888936325);
#6402=CIRCLE('',#8593,1.888936325);
#6403=CIRCLE('',#8594,1.888936325);
#6404=CIRCLE('',#8595,1.888936325);
#6405=LINE('',#8596,#8597);
#6406=CARTESIAN_POINT('',(9.4,12.8,2.6));
#6407=CARTESIAN_POINT('',(9.4,0.2,2.6));
#6408=CARTESIAN_POINT('',(9.4,12.8,2.6));
#6409=VECTOR('',#8598,1.0);
#6410=CARTESIAN_POINT('',(9.0,12.8,3.0));
#6411=AXIS2_PLACEMENT_3D('',#8599,#8600,#8601);
#6412=CARTESIAN_POINT('',(9.0,0.2,3.0));
#6413=CARTESIAN_POINT('',(9.0,12.8,3.0));
#6414=VECTOR('',#8602,12.6);
#6415=AXIS2_PLACEMENT_3D('',#8603,#8604,#8605);
#6416=CARTESIAN_POINT('',(-9.0,0.0,3.8));
#6417=CARTESIAN_POINT('',(-9.0,0.2,3.8));
#6418=CARTESIAN_POINT('',(-9.0,0.0,3.8));
#6419=VECTOR('',#8606,0.2);
#6420=CARTESIAN_POINT('',(-9.0,0.0,4.8));
#6421=CARTESIAN_POINT('',(-9.0,0.0,4.8));
#6422=VECTOR('',#8607,1.0);
#6423=CARTESIAN_POINT('',(-9.0,12.8,4.8));
#6424=CARTESIAN_POINT('',(-9.0,12.8,4.8));
#6425=VECTOR('',#8608,12.8);
#6426=CARTESIAN_POINT('',(-9.0,12.8,-1.59));
#6427=CARTESIAN_POINT('',(-9.0,12.8,-1.59));
#6428=VECTOR('',#8609,6.39);
#6429=CARTESIAN_POINT('',(-9.0,4.8,-1.59));
#6430=CARTESIAN_POINT('',(-9.0,4.8,-1.59));
#6431=VECTOR('',#8610,8.0);
#6432=CARTESIAN_POINT('',(-9.0,4.8,-1.354994827724));
#6433=CARTESIAN_POINT('',(-9.0,4.8,-1.59));
#6434=VECTOR('',#8611,0.2350051722757);
#6435=CARTESIAN_POINT('',(-9.0,2.7,-1.354994827724));
#6436=CARTESIAN_POINT('',(-9.0,4.8,-1.354994827724));
#6437=VECTOR('',#8612,2.1);
#6438=CARTESIAN_POINT('',(-9.0,2.7,-3.625005172276));
#6439=CARTESIAN_POINT('',(-9.0,2.7,-3.625005172276));
#6440=VECTOR('',#8613,2.270010344551);
#6441=CARTESIAN_POINT('',(-9.0,4.8,-3.625005172276));
#6442=CARTESIAN_POINT('',(-9.0,4.8,-3.625005172276));
#6443=VECTOR('',#8614,2.1);
#6444=CARTESIAN_POINT('',(-9.0,4.8,-3.39));
#6445=CARTESIAN_POINT('',(-9.0,4.8,-3.625005172276));
#6446=VECTOR('',#8615,0.2350051722757);
#6447=CARTESIAN_POINT('',(-9.0,12.8,-3.39));
#6448=CARTESIAN_POINT('',(-9.0,4.8,-3.39));
#6449=VECTOR('',#8616,8.0);
#6450=CARTESIAN_POINT('',(-9.0,12.8,-4.8));
#6451=CARTESIAN_POINT('',(-9.0,12.8,-4.8));
#6452=VECTOR('',#8617,1.41);
#6453=CARTESIAN_POINT('',(-9.0,0.0,-4.8));
#6454=CARTESIAN_POINT('',(-9.0,0.0,-4.8));
#6455=VECTOR('',#8618,12.8);
#6456=CARTESIAN_POINT('',(-9.0,0.0,-3.8));
#6457=CARTESIAN_POINT('',(-9.0,0.0,-3.8));
#6458=VECTOR('',#8619,1.0);
#6459=CARTESIAN_POINT('',(-9.0,0.2,-3.8));
#6460=CARTESIAN_POINT('',(-9.0,0.0,-3.8));
#6461=VECTOR('',#8620,0.2);
#6462=CARTESIAN_POINT('',(-9.0,0.2,3.8));
#6463=VECTOR('',#8621,7.6);
#6464=CARTESIAN_POINT('',(9.0,0.2,2.2));
#6465=AXIS2_PLACEMENT_3D('',#8622,#8623,#8624);
#6466=CARTESIAN_POINT('',(9.0,0.2,3.8));
#6467=CARTESIAN_POINT('',(9.0,0.2,3.0));
#6468=VECTOR('',#8625,0.8);
#6469=CARTESIAN_POINT('',(7.6,0.2,3.8));
#6470=CARTESIAN_POINT('',(9.0,0.2,3.8));
#6471=VECTOR('',#8626,1.4);
#6472=CARTESIAN_POINT('',(7.6,0.2,0.5));
#6473=CARTESIAN_POINT('',(7.6,0.2,0.5));
#6474=VECTOR('',#8627,3.3);
#6475=CARTESIAN_POINT('',(8.0,0.2,0.5));
#6476=CARTESIAN_POINT('',(7.6,0.2,0.5));
#6477=VECTOR('',#8628,0.4);
#6478=CARTESIAN_POINT('',(8.0,0.2,-0.5));
#6479=CARTESIAN_POINT('',(8.0,0.2,0.5));
#6480=VECTOR('',#8629,1.0);
#6481=CARTESIAN_POINT('',(7.6,0.2,-0.5));
#6482=CARTESIAN_POINT('',(8.0,0.2,-0.5));
#6483=VECTOR('',#8630,0.4);
#6484=CARTESIAN_POINT('',(7.6,0.2,-3.8));
#6485=CARTESIAN_POINT('',(7.6,0.2,-3.8));
#6486=VECTOR('',#8631,3.3);
#6487=CARTESIAN_POINT('',(9.0,0.2,-3.8));
#6488=CARTESIAN_POINT('',(7.6,0.2,-3.8));
#6489=VECTOR('',#8632,1.4);
#6490=CARTESIAN_POINT('',(9.0,0.2,-3.8));
#6491=VECTOR('',#8633,6.0);
#6492=CARTESIAN_POINT('',(-7.6,0.2,-3.8));
#6493=CARTESIAN_POINT('',(-9.0,0.2,-3.8));
#6494=VECTOR('',#8634,1.4);
#6495=CARTESIAN_POINT('',(-7.6,0.2,-0.5));
#6496=CARTESIAN_POINT('',(-7.6,0.2,-3.8));
#6497=VECTOR('',#8635,3.3);
#6498=CARTESIAN_POINT('',(-8.0,0.2,-0.5));
#6499=CARTESIAN_POINT('',(-7.6,0.2,-0.5));
#6500=VECTOR('',#8636,0.4);
#6501=CARTESIAN_POINT('',(-8.0,0.2,0.5));
#6502=CARTESIAN_POINT('',(-8.0,0.2,-0.5));
#6503=VECTOR('',#8637,1.0);
#6504=CARTESIAN_POINT('',(-7.6,0.2,0.5));
#6505=CARTESIAN_POINT('',(-8.0,0.2,0.5));
#6506=VECTOR('',#8638,0.4);
#6507=CARTESIAN_POINT('',(-7.6,0.2,3.8));
#6508=CARTESIAN_POINT('',(-7.6,0.2,0.5));
#6509=VECTOR('',#8639,3.3);
#6510=CARTESIAN_POINT('',(-7.6,0.2,3.8));
#6511=VECTOR('',#8640,1.4);
#6512=CARTESIAN_POINT('',(9.0,0.0,-3.8));
#6513=CARTESIAN_POINT('',(9.0,0.0,-3.8));
#6514=VECTOR('',#8641,0.2);
#6515=CARTESIAN_POINT('',(9.0,0.0,-4.8));
#6516=CARTESIAN_POINT('',(9.0,0.0,-3.8));
#6517=VECTOR('',#8642,1.0);
#6518=CARTESIAN_POINT('',(9.0,12.8,-4.8));
#6519=CARTESIAN_POINT('',(9.0,0.0,-4.8));
#6520=VECTOR('',#8643,12.8);
#6521=CARTESIAN_POINT('',(9.0,12.8,2.2));
#6522=CARTESIAN_POINT('',(9.0,12.8,-4.8));
#6523=VECTOR('',#8644,7.0);
#6524=CARTESIAN_POINT('',(9.0,12.8,2.2));
#6525=VECTOR('',#8645,12.6);
#6526=CARTESIAN_POINT('',(9.0,4.8,-3.625005172276));
#6527=CARTESIAN_POINT('',(9.0,4.8,-1.354994827724));
#6528=CARTESIAN_POINT('',(9.0,4.8,-3.625005172276));
#6529=VECTOR('',#8646,2.270010344551);
#6530=CARTESIAN_POINT('',(9.0,2.7,-3.625005172276));
#6531=CARTESIAN_POINT('',(9.0,4.8,-3.625005172276));
#6532=VECTOR('',#8647,2.1);
#6533=CARTESIAN_POINT('',(9.0,2.7,-1.354994827724));
#6534=CARTESIAN_POINT('',(9.0,2.7,-1.354994827724));
#6535=VECTOR('',#8648,2.270010344551);
#6536=CARTESIAN_POINT('',(9.0,4.8,-1.354994827724));
#6537=VECTOR('',#8649,2.1);
#6538=CARTESIAN_POINT('',(9.0,12.8,4.8));
#6539=CARTESIAN_POINT('',(9.0,12.8,3.0));
#6540=VECTOR('',#8650,1.8);
#6541=CARTESIAN_POINT('',(9.0,0.0,4.8));
#6542=CARTESIAN_POINT('',(9.0,12.8,4.8));
#6543=VECTOR('',#8651,12.8);
#6544=CARTESIAN_POINT('',(9.0,0.0,3.8));
#6545=CARTESIAN_POINT('',(9.0,0.0,4.8));
#6546=VECTOR('',#8652,1.0);
#6547=CARTESIAN_POINT('',(9.0,0.0,3.8));
#6548=VECTOR('',#8653,0.2);
#6549=AXIS2_PLACEMENT_3D('',#8654,#8655,#8656);
#6550=CARTESIAN_POINT('',(-1.7,12.8,-4.8));
#6551=CARTESIAN_POINT('',(-9.0,12.8,-4.8));
#6552=VECTOR('',#8657,7.3);
#6553=CARTESIAN_POINT('',(-9.4,12.8,-2.99));
#6554=CARTESIAN_POINT('',(-9.4,12.8,-2.99));
#6555=VECTOR('',#8658,0.5656854249492);
#6556=CARTESIAN_POINT('',(-9.4,12.8,-1.99));
#6557=CARTESIAN_POINT('',(-9.4,12.8,-1.99));
#6558=VECTOR('',#8659,1.0);
#6559=CARTESIAN_POINT('',(-9.0,12.8,-1.59));
#6560=VECTOR('',#8660,0.5656854249492);
#6561=CARTESIAN_POINT('',(-9.0,12.8,4.8));
#6562=VECTOR('',#8661,18.0);
#6563=CARTESIAN_POINT('',(1.7,12.8,-4.8));
#6564=CARTESIAN_POINT('',(1.7,12.8,-4.8));
#6565=VECTOR('',#8662,7.3);
#6566=CARTESIAN_POINT('',(-1.7,12.8,-4.8));
#6567=VECTOR('',#8663,3.4);
#6568=CARTESIAN_POINT('',(4.5,12.8,3.9));
#6569=CARTESIAN_POINT('',(8.1,12.8,3.9));
#6570=CARTESIAN_POINT('',(4.5,12.8,3.9));
#6571=VECTOR('',#8664,3.6);
#6572=CARTESIAN_POINT('',(4.5,12.8,0.3));
#6573=CARTESIAN_POINT('',(4.5,12.8,0.3));
#6574=VECTOR('',#8665,3.6);
#6575=CARTESIAN_POINT('',(8.1,12.8,0.3));
#6576=CARTESIAN_POINT('',(8.1,12.8,0.3));
#6577=VECTOR('',#8666,3.6);
#6578=CARTESIAN_POINT('',(8.1,12.8,3.9));
#6579=VECTOR('',#8667,3.6);
#6580=CARTESIAN_POINT('',(7.2,12.8,-0.3));
#6581=CARTESIAN_POINT('',(8.1,12.8,-1.2));
#6582=CARTESIAN_POINT('',(7.2,12.8,-0.3));
#6583=VECTOR('',#8668,1.272792206136);
#6584=CARTESIAN_POINT('',(5.4,12.8,-0.3));
#6585=CARTESIAN_POINT('',(5.4,12.8,-0.3));
#6586=VECTOR('',#8669,1.8);
#6587=CARTESIAN_POINT('',(4.5,12.8,-1.2));
#6588=CARTESIAN_POINT('',(4.5,12.8,-1.2));
#6589=VECTOR('',#8670,1.272792206136);
#6590=CARTESIAN_POINT('',(4.5,12.8,-3.9));
#6591=CARTESIAN_POINT('',(4.5,12.8,-3.9));
#6592=VECTOR('',#8671,2.7);
#6593=CARTESIAN_POINT('',(8.1,12.8,-3.9));
#6594=CARTESIAN_POINT('',(8.1,12.8,-3.9));
#6595=VECTOR('',#8672,3.6);
#6596=CARTESIAN_POINT('',(8.1,12.8,-1.2));
#6597=VECTOR('',#8673,2.7);
#6598=CARTESIAN_POINT('',(-8.1,12.8,3.9));
#6599=CARTESIAN_POINT('',(-4.5,12.8,3.9));
#6600=CARTESIAN_POINT('',(-8.1,12.8,3.9));
#6601=VECTOR('',#8674,3.6);
#6602=CARTESIAN_POINT('',(-8.1,12.8,0.3));
#6603=CARTESIAN_POINT('',(-8.1,12.8,0.3));
#6604=VECTOR('',#8675,3.6);
#6605=CARTESIAN_POINT('',(-4.5,12.8,0.3));
#6606=CARTESIAN_POINT('',(-4.5,12.8,0.3));
#6607=VECTOR('',#8676,3.6);
#6608=CARTESIAN_POINT('',(-4.5,12.8,3.9));
#6609=VECTOR('',#8677,3.6);
#6610=CARTESIAN_POINT('',(-5.4,12.8,-0.3));
#6611=CARTESIAN_POINT('',(-4.5,12.8,-1.2));
#6612=CARTESIAN_POINT('',(-5.4,12.8,-0.3));
#6613=VECTOR('',#8678,1.272792206136);
#6614=CARTESIAN_POINT('',(-7.2,12.8,-0.3));
#6615=CARTESIAN_POINT('',(-7.2,12.8,-0.3));
#6616=VECTOR('',#8679,1.8);
#6617=CARTESIAN_POINT('',(-8.1,12.8,-1.2));
#6618=CARTESIAN_POINT('',(-8.1,12.8,-1.2));
#6619=VECTOR('',#8680,1.272792206136);
#6620=CARTESIAN_POINT('',(-8.1,12.8,-3.9));
#6621=CARTESIAN_POINT('',(-8.1,12.8,-3.9));
#6622=VECTOR('',#8681,2.7);
#6623=CARTESIAN_POINT('',(-4.5,12.8,-3.9));
#6624=CARTESIAN_POINT('',(-4.5,12.8,-3.9));
#6625=VECTOR('',#8682,3.6);
#6626=CARTESIAN_POINT('',(-4.5,12.8,-1.2));
#6627=VECTOR('',#8683,2.7);
#6628=CARTESIAN_POINT('',(-0.3,12.8,-3.9));
#6629=CARTESIAN_POINT('',(-3.9,12.8,-3.9));
#6630=CARTESIAN_POINT('',(-0.3,12.8,-3.9));
#6631=VECTOR('',#8684,3.6);
#6632=CARTESIAN_POINT('',(-0.3,12.8,-0.3));
#6633=CARTESIAN_POINT('',(-0.3,12.8,-0.3));
#6634=VECTOR('',#8685,3.6);
#6635=CARTESIAN_POINT('',(-3.9,12.8,-0.3));
#6636=CARTESIAN_POINT('',(-3.9,12.8,-0.3));
#6637=VECTOR('',#8686,3.6);
#6638=CARTESIAN_POINT('',(-3.9,12.8,-3.9));
#6639=VECTOR('',#8687,3.6);
#6640=CARTESIAN_POINT('',(-0.3,12.8,0.3));
#6641=CARTESIAN_POINT('',(-3.9,12.8,0.3));
#6642=CARTESIAN_POINT('',(-0.3,12.8,0.3));
#6643=VECTOR('',#8688,3.6);
#6644=CARTESIAN_POINT('',(-0.3,12.8,3.0));
#6645=CARTESIAN_POINT('',(-0.3,12.8,3.0));
#6646=VECTOR('',#8689,2.7);
#6647=CARTESIAN_POINT('',(-1.2,12.8,3.9));
#6648=CARTESIAN_POINT('',(-1.2,12.8,3.9));
#6649=VECTOR('',#8690,1.272792206136);
#6650=CARTESIAN_POINT('',(-3.0,12.8,3.9));
#6651=CARTESIAN_POINT('',(-3.0,12.8,3.9));
#6652=VECTOR('',#8691,1.8);
#6653=CARTESIAN_POINT('',(-3.9,12.8,3.0));
#6654=CARTESIAN_POINT('',(-3.9,12.8,3.0));
#6655=VECTOR('',#8692,1.272792206136);
#6656=CARTESIAN_POINT('',(-3.9,12.8,0.3));
#6657=VECTOR('',#8693,2.7);
#6658=CARTESIAN_POINT('',(3.0,12.8,3.9));
#6659=CARTESIAN_POINT('',(3.9,12.8,3.0));
#6660=CARTESIAN_POINT('',(3.0,12.8,3.9));
#6661=VECTOR('',#8694,1.272792206136);
#6662=CARTESIAN_POINT('',(1.2,12.8,3.9));
#6663=CARTESIAN_POINT('',(1.2,12.8,3.9));
#6664=VECTOR('',#8695,1.8);
#6665=CARTESIAN_POINT('',(0.3,12.8,3.0));
#6666=CARTESIAN_POINT('',(0.3,12.8,3.0));
#6667=VECTOR('',#8696,1.272792206136);
#6668=CARTESIAN_POINT('',(0.3,12.8,0.3));
#6669=CARTESIAN_POINT('',(0.3,12.8,0.3));
#6670=VECTOR('',#8697,2.7);
#6671=CARTESIAN_POINT('',(3.9,12.8,0.3));
#6672=CARTESIAN_POINT('',(3.9,12.8,0.3));
#6673=VECTOR('',#8698,3.6);
#6674=CARTESIAN_POINT('',(3.9,12.8,3.0));
#6675=VECTOR('',#8699,2.7);
#6676=CARTESIAN_POINT('',(0.3,12.8,-0.3));
#6677=CARTESIAN_POINT('',(3.9,12.8,-0.3));
#6678=CARTESIAN_POINT('',(0.3,12.8,-0.3));
#6679=VECTOR('',#8700,3.6);
#6680=CARTESIAN_POINT('',(0.3,12.8,-3.9));
#6681=CARTESIAN_POINT('',(0.3,12.8,-3.9));
#6682=VECTOR('',#8701,3.6);
#6683=CARTESIAN_POINT('',(3.9,12.8,-3.9));
#6684=CARTESIAN_POINT('',(3.9,12.8,-3.9));
#6685=VECTOR('',#8702,3.6);
#6686=CARTESIAN_POINT('',(3.9,12.8,-0.3));
#6687=VECTOR('',#8703,3.6);
#6688=CARTESIAN_POINT('',(1.7,10.45,-6.2));
#6689=CARTESIAN_POINT('',(1.7,10.45,-6.2));
#6690=VECTOR('',#8704,2.735415873318);
#6691=CARTESIAN_POINT('',(-1.7,10.45,-6.2));
#6692=CARTESIAN_POINT('',(-1.7,10.45,-6.2));
#6693=VECTOR('',#8705,3.4);
#6694=CARTESIAN_POINT('',(-1.7,10.45,-6.2));
#6695=VECTOR('',#8706,2.735415873318);
#6696=CARTESIAN_POINT('',(-1.7,9.75,-6.2));
#6697=CARTESIAN_POINT('',(-1.7,9.75,-6.2));
#6698=VECTOR('',#8707,0.7);
#6699=CARTESIAN_POINT('',(-1.7,9.75,-4.8));
#6700=CARTESIAN_POINT('',(-1.7,9.75,-4.8));
#6701=VECTOR('',#8708,1.4);
#6702=CARTESIAN_POINT('',(-1.7,12.8,-4.8));
#6703=VECTOR('',#8709,3.05);
#6704=CARTESIAN_POINT('',(1.7,9.75,-4.8));
#6705=CARTESIAN_POINT('',(-1.7,9.75,-4.8));
#6706=VECTOR('',#8710,3.4);
#6707=CARTESIAN_POINT('',(1.7,12.8,-4.8));
#6708=VECTOR('',#8711,3.05);
#6709=CARTESIAN_POINT('',(7.3,0.0,-4.8));
#6710=CARTESIAN_POINT('',(7.3,0.0,-4.8));
#6711=VECTOR('',#8712,1.7);
#6712=CARTESIAN_POINT('',(7.3,0.8,-4.8));
#6713=CARTESIAN_POINT('',(7.3,0.0,-4.8));
#6714=VECTOR('',#8713,0.8);
#6715=CARTESIAN_POINT('',(5.3,0.8,-4.8));
#6716=CARTESIAN_POINT('',(5.3,0.8,-4.8));
#6717=VECTOR('',#8714,2.0);
#6718=CARTESIAN_POINT('',(5.3,0.0,-4.8));
#6719=CARTESIAN_POINT('',(5.3,0.0,-4.8));
#6720=VECTOR('',#8715,0.8);
#6721=CARTESIAN_POINT('',(3.1,0.0,-4.8));
#6722=CARTESIAN_POINT('',(3.1,0.0,-4.8));
#6723=VECTOR('',#8716,2.2);
#6724=CARTESIAN_POINT('',(3.1,0.8,-4.8));
#6725=CARTESIAN_POINT('',(3.1,0.0,-4.8));
#6726=VECTOR('',#8717,0.8);
#6727=CARTESIAN_POINT('',(1.1,0.8,-4.8));
#6728=CARTESIAN_POINT('',(1.1,0.8,-4.8));
#6729=VECTOR('',#8718,2.0);
#6730=CARTESIAN_POINT('',(1.1,0.0,-4.8));
#6731=CARTESIAN_POINT('',(1.1,0.0,-4.8));
#6732=VECTOR('',#8719,0.8);
#6733=CARTESIAN_POINT('',(-1.1,0.0,-4.8));
#6734=CARTESIAN_POINT('',(-1.1,0.0,-4.8));
#6735=VECTOR('',#8720,2.2);
#6736=CARTESIAN_POINT('',(-1.1,0.8,-4.8));
#6737=CARTESIAN_POINT('',(-1.1,0.0,-4.8));
#6738=VECTOR('',#8721,0.8);
#6739=CARTESIAN_POINT('',(-3.1,0.8,-4.8));
#6740=CARTESIAN_POINT('',(-3.1,0.8,-4.8));
#6741=VECTOR('',#8722,2.0);
#6742=CARTESIAN_POINT('',(-3.1,0.0,-4.8));
#6743=CARTESIAN_POINT('',(-3.1,0.0,-4.8));
#6744=VECTOR('',#8723,0.8);
#6745=CARTESIAN_POINT('',(-5.3,0.0,-4.8));
#6746=CARTESIAN_POINT('',(-5.3,0.0,-4.8));
#6747=VECTOR('',#8724,2.2);
#6748=CARTESIAN_POINT('',(-5.3,0.8,-4.8));
#6749=CARTESIAN_POINT('',(-5.3,0.0,-4.8));
#6750=VECTOR('',#8725,0.8);
#6751=CARTESIAN_POINT('',(-7.3,0.8,-4.8));
#6752=CARTESIAN_POINT('',(-7.3,0.8,-4.8));
#6753=VECTOR('',#8726,2.0);
#6754=CARTESIAN_POINT('',(-7.3,0.0,-4.8));
#6755=CARTESIAN_POINT('',(-7.3,0.0,-4.8));
#6756=VECTOR('',#8727,0.8);
#6757=CARTESIAN_POINT('',(-9.0,0.0,-4.8));
#6758=VECTOR('',#8728,1.7);
#6759=CARTESIAN_POINT('',(-8.0,0.0,-0.5));
#6760=CARTESIAN_POINT('',(-8.0,0.0,0.5));
#6761=CARTESIAN_POINT('',(-8.0,0.0,-0.5));
#6762=VECTOR('',#8729,1.0);
#6763=CARTESIAN_POINT('',(8.0,0.0,-0.5));
#6764=CARTESIAN_POINT('',(8.0,0.0,-0.5));
#6765=VECTOR('',#8730,16.0);
#6766=CARTESIAN_POINT('',(8.0,0.0,0.5));
#6767=CARTESIAN_POINT('',(8.0,0.0,0.5));
#6768=VECTOR('',#8731,1.0);
#6769=CARTESIAN_POINT('',(-8.0,0.0,0.5));
#6770=VECTOR('',#8732,16.0);
#6771=CARTESIAN_POINT('',(7.3,0.0,4.8));
#6772=CARTESIAN_POINT('',(7.3,0.0,3.8));
#6773=CARTESIAN_POINT('',(7.3,0.0,4.8));
#6774=VECTOR('',#8733,1.0);
#6775=CARTESIAN_POINT('',(7.3,0.0,3.8));
#6776=VECTOR('',#8734,1.7);
#6777=CARTESIAN_POINT('',(7.3,0.0,4.8));
#6778=VECTOR('',#8735,1.7);
#6779=CARTESIAN_POINT('',(7.3,0.0,-3.8));
#6780=CARTESIAN_POINT('',(7.3,0.0,-3.8));
#6781=VECTOR('',#8736,1.7);
#6782=CARTESIAN_POINT('',(7.3,0.0,-4.8));
#6783=VECTOR('',#8737,1.0);
#6784=CARTESIAN_POINT('',(3.1,0.0,4.8));
#6785=CARTESIAN_POINT('',(3.1,0.0,3.8));
#6786=CARTESIAN_POINT('',(3.1,0.0,4.8));
#6787=VECTOR('',#8738,1.0);
#6788=CARTESIAN_POINT('',(5.3,0.0,3.8));
#6789=CARTESIAN_POINT('',(3.1,0.0,3.8));
#6790=VECTOR('',#8739,2.2);
#6791=CARTESIAN_POINT('',(5.3,0.0,4.8));
#6792=CARTESIAN_POINT('',(5.3,0.0,4.8));
#6793=VECTOR('',#8740,1.0);
#6794=CARTESIAN_POINT('',(3.1,0.0,4.8));
#6795=VECTOR('',#8741,2.2);
#6796=CARTESIAN_POINT('',(5.3,0.0,-3.8));
#6797=CARTESIAN_POINT('',(5.3,0.0,-4.8));
#6798=VECTOR('',#8742,1.0);
#6799=CARTESIAN_POINT('',(3.1,0.0,-3.8));
#6800=CARTESIAN_POINT('',(3.1,0.0,-3.8));
#6801=VECTOR('',#8743,2.2);
#6802=CARTESIAN_POINT('',(3.1,0.0,-4.8));
#6803=VECTOR('',#8744,1.0);
#6804=CARTESIAN_POINT('',(-1.1,0.0,4.8));
#6805=CARTESIAN_POINT('',(-1.1,0.0,3.8));
#6806=CARTESIAN_POINT('',(-1.1,0.0,4.8));
#6807=VECTOR('',#8745,1.0);
#6808=CARTESIAN_POINT('',(1.1,0.0,3.8));
#6809=CARTESIAN_POINT('',(-1.1,0.0,3.8));
#6810=VECTOR('',#8746,2.2);
#6811=CARTESIAN_POINT('',(1.1,0.0,4.8));
#6812=CARTESIAN_POINT('',(1.1,0.0,4.8));
#6813=VECTOR('',#8747,1.0);
#6814=CARTESIAN_POINT('',(-1.1,0.0,4.8));
#6815=VECTOR('',#8748,2.2);
#6816=CARTESIAN_POINT('',(1.1,0.0,-3.8));
#6817=CARTESIAN_POINT('',(1.1,0.0,-4.8));
#6818=VECTOR('',#8749,1.0);
#6819=CARTESIAN_POINT('',(-1.1,0.0,-3.8));
#6820=CARTESIAN_POINT('',(-1.1,0.0,-3.8));
#6821=VECTOR('',#8750,2.2);
#6822=CARTESIAN_POINT('',(-1.1,0.0,-4.8));
#6823=VECTOR('',#8751,1.0);
#6824=CARTESIAN_POINT('',(-7.3,0.0,3.8));
#6825=CARTESIAN_POINT('',(-9.0,0.0,3.8));
#6826=VECTOR('',#8752,1.7);
#6827=CARTESIAN_POINT('',(-7.3,0.0,4.8));
#6828=CARTESIAN_POINT('',(-7.3,0.0,4.8));
#6829=VECTOR('',#8753,1.0);
#6830=CARTESIAN_POINT('',(-9.0,0.0,4.8));
#6831=VECTOR('',#8754,1.7);
#6832=CARTESIAN_POINT('',(-5.3,0.0,4.8));
#6833=CARTESIAN_POINT('',(-5.3,0.0,3.8));
#6834=CARTESIAN_POINT('',(-5.3,0.0,4.8));
#6835=VECTOR('',#8755,1.0);
#6836=CARTESIAN_POINT('',(-3.1,0.0,3.8));
#6837=CARTESIAN_POINT('',(-5.3,0.0,3.8));
#6838=VECTOR('',#8756,2.2);
#6839=CARTESIAN_POINT('',(-3.1,0.0,4.8));
#6840=CARTESIAN_POINT('',(-3.1,0.0,4.8));
#6841=VECTOR('',#8757,1.0);
#6842=CARTESIAN_POINT('',(-5.3,0.0,4.8));
#6843=VECTOR('',#8758,2.2);
#6844=CARTESIAN_POINT('',(-7.3,0.0,-3.8));
#6845=CARTESIAN_POINT('',(-7.3,0.0,-4.8));
#6846=VECTOR('',#8759,1.0);
#6847=CARTESIAN_POINT('',(-9.0,0.0,-3.8));
#6848=VECTOR('',#8760,1.7);
#6849=CARTESIAN_POINT('',(-3.1,0.0,-3.8));
#6850=CARTESIAN_POINT('',(-3.1,0.0,-4.8));
#6851=VECTOR('',#8761,1.0);
#6852=CARTESIAN_POINT('',(-5.3,0.0,-3.8));
#6853=CARTESIAN_POINT('',(-5.3,0.0,-3.8));
#6854=VECTOR('',#8762,2.2);
#6855=CARTESIAN_POINT('',(-5.3,0.0,-4.8));
#6856=VECTOR('',#8763,1.0);
#6857=CARTESIAN_POINT('',(-7.6,0.8,0.5));
#6858=CARTESIAN_POINT('',(-7.6,0.2,0.5));
#6859=VECTOR('',#8764,0.6);
#6860=CARTESIAN_POINT('',(-8.0,0.0,0.5));
#6861=VECTOR('',#8765,0.2);
#6862=CARTESIAN_POINT('',(8.0,0.0,0.5));
#6863=VECTOR('',#8766,0.2);
#6864=CARTESIAN_POINT('',(7.6,0.8,0.5));
#6865=CARTESIAN_POINT('',(7.6,0.2,0.5));
#6866=VECTOR('',#8767,0.6);
#6867=CARTESIAN_POINT('',(5.0,0.8,0.5));
#6868=CARTESIAN_POINT('',(5.0,0.8,0.5));
#6869=VECTOR('',#8768,2.6);
#6870=CARTESIAN_POINT('',(5.0,3.7,0.5));
#6871=CARTESIAN_POINT('',(5.0,3.7,0.5));
#6872=VECTOR('',#8769,2.9);
#6873=CARTESIAN_POINT('',(4.5,3.7,0.5));
#6874=CARTESIAN_POINT('',(4.5,3.7,0.5));
#6875=VECTOR('',#8770,0.5);
#6876=CARTESIAN_POINT('',(4.5,2.7,0.5));
#6877=CARTESIAN_POINT('',(4.5,2.7,0.5));
#6878=VECTOR('',#8771,1.0);
#6879=CARTESIAN_POINT('',(3.9,2.7,0.5));
#6880=CARTESIAN_POINT('',(4.5,2.7,0.5));
#6881=VECTOR('',#8772,0.6);
#6882=CARTESIAN_POINT('',(3.9,3.7,0.5));
#6883=CARTESIAN_POINT('',(3.9,3.7,0.5));
#6884=VECTOR('',#8773,1.0);
#6885=CARTESIAN_POINT('',(3.4,3.7,0.5));
#6886=CARTESIAN_POINT('',(3.9,3.7,0.5));
#6887=VECTOR('',#8774,0.5);
#6888=CARTESIAN_POINT('',(3.4,0.8,0.5));
#6889=CARTESIAN_POINT('',(3.4,0.8,0.5));
#6890=VECTOR('',#8775,2.9);
#6891=CARTESIAN_POINT('',(0.8,0.8,0.5));
#6892=CARTESIAN_POINT('',(0.8,0.8,0.5));
#6893=VECTOR('',#8776,2.6);
#6894=CARTESIAN_POINT('',(0.8,3.7,0.5));
#6895=CARTESIAN_POINT('',(0.8,3.7,0.5));
#6896=VECTOR('',#8777,2.9);
#6897=CARTESIAN_POINT('',(0.3,3.7,0.5));
#6898=CARTESIAN_POINT('',(0.3,3.7,0.5));
#6899=VECTOR('',#8778,0.5);
#6900=CARTESIAN_POINT('',(0.3,2.7,0.5));
#6901=CARTESIAN_POINT('',(0.3,2.7,0.5));
#6902=VECTOR('',#8779,1.0);
#6903=CARTESIAN_POINT('',(-0.3,2.7,0.5));
#6904=CARTESIAN_POINT('',(-0.3,2.7,0.5));
#6905=VECTOR('',#8780,0.6);
#6906=CARTESIAN_POINT('',(-0.3,3.7,0.5));
#6907=CARTESIAN_POINT('',(-0.3,3.7,0.5));
#6908=VECTOR('',#8781,1.0);
#6909=CARTESIAN_POINT('',(-0.8,3.7,0.5));
#6910=CARTESIAN_POINT('',(-0.8,3.7,0.5));
#6911=VECTOR('',#8782,0.5);
#6912=CARTESIAN_POINT('',(-0.8,0.8,0.5));
#6913=CARTESIAN_POINT('',(-0.8,0.8,0.5));
#6914=VECTOR('',#8783,2.9);
#6915=CARTESIAN_POINT('',(-3.4,0.8,0.5));
#6916=CARTESIAN_POINT('',(-3.4,0.8,0.5));
#6917=VECTOR('',#8784,2.6);
#6918=CARTESIAN_POINT('',(-3.4,3.7,0.5));
#6919=CARTESIAN_POINT('',(-3.4,3.7,0.5));
#6920=VECTOR('',#8785,2.9);
#6921=CARTESIAN_POINT('',(-3.9,3.7,0.5));
#6922=CARTESIAN_POINT('',(-3.9,3.7,0.5));
#6923=VECTOR('',#8786,0.5);
#6924=CARTESIAN_POINT('',(-3.9,2.7,0.5));
#6925=CARTESIAN_POINT('',(-3.9,2.7,0.5));
#6926=VECTOR('',#8787,1.0);
#6927=CARTESIAN_POINT('',(-4.5,2.7,0.5));
#6928=CARTESIAN_POINT('',(-4.5,2.7,0.5));
#6929=VECTOR('',#8788,0.6);
#6930=CARTESIAN_POINT('',(-4.5,3.7,0.5));
#6931=CARTESIAN_POINT('',(-4.5,3.7,0.5));
#6932=VECTOR('',#8789,1.0);
#6933=CARTESIAN_POINT('',(-5.0,3.7,0.5));
#6934=CARTESIAN_POINT('',(-4.5,3.7,0.5));
#6935=VECTOR('',#8790,0.5);
#6936=CARTESIAN_POINT('',(-5.0,0.8,0.5));
#6937=CARTESIAN_POINT('',(-5.0,0.8,0.5));
#6938=VECTOR('',#8791,2.9);
#6939=CARTESIAN_POINT('',(-7.6,0.8,0.5));
#6940=VECTOR('',#8792,2.6);
#6941=CARTESIAN_POINT('',(-5.0,0.8,3.8));
#6942=CARTESIAN_POINT('',(-5.0,0.8,3.8));
#6943=VECTOR('',#8793,3.3);
#6944=CARTESIAN_POINT('',(-5.3,0.8,3.8));
#6945=CARTESIAN_POINT('',(-5.0,0.8,3.8));
#6946=VECTOR('',#8794,0.3);
#6947=CARTESIAN_POINT('',(-5.3,0.8,4.8));
#6948=CARTESIAN_POINT('',(-5.3,0.8,3.8));
#6949=VECTOR('',#8795,1.0);
#6950=CARTESIAN_POINT('',(-7.3,0.8,4.8));
#6951=CARTESIAN_POINT('',(-7.3,0.8,4.8));
#6952=VECTOR('',#8796,2.0);
#6953=CARTESIAN_POINT('',(-7.3,0.8,3.8));
#6954=CARTESIAN_POINT('',(-7.3,0.8,4.8));
#6955=VECTOR('',#8797,1.0);
#6956=CARTESIAN_POINT('',(-7.6,0.8,3.8));
#6957=CARTESIAN_POINT('',(-7.3,0.8,3.8));
#6958=VECTOR('',#8798,0.3);
#6959=CARTESIAN_POINT('',(-7.6,0.8,3.8));
#6960=VECTOR('',#8799,3.3);
#6961=CARTESIAN_POINT('',(-5.73,0.8,2.25));
#6962=CARTESIAN_POINT('',(-6.87,0.8,2.25));
#6963=CARTESIAN_POINT('',(-5.73,0.8,2.25));
#6964=VECTOR('',#8800,1.14);
#6965=CARTESIAN_POINT('',(-6.87,0.8,2.85));
#6966=CARTESIAN_POINT('',(-6.87,0.8,2.25));
#6967=VECTOR('',#8801,0.6);
#6968=CARTESIAN_POINT('',(-5.73,0.8,2.85));
#6969=CARTESIAN_POINT('',(-5.73,0.8,2.85));
#6970=VECTOR('',#8802,1.14);
#6971=CARTESIAN_POINT('',(-5.73,0.8,2.25));
#6972=VECTOR('',#8803,0.6);
#6973=CARTESIAN_POINT('',(-5.0,0.8,-0.5));
#6974=CARTESIAN_POINT('',(-5.0,0.8,-3.8));
#6975=CARTESIAN_POINT('',(-5.0,0.8,-0.5));
#6976=VECTOR('',#8804,3.3);
#6977=CARTESIAN_POINT('',(-7.6,0.8,-0.5));
#6978=CARTESIAN_POINT('',(-5.0,0.8,-0.5));
#6979=VECTOR('',#8805,2.6);
#6980=CARTESIAN_POINT('',(-7.6,0.8,-3.8));
#6981=CARTESIAN_POINT('',(-7.6,0.8,-0.5));
#6982=VECTOR('',#8806,3.3);
#6983=CARTESIAN_POINT('',(-7.3,0.8,-3.8));
#6984=CARTESIAN_POINT('',(-7.6,0.8,-3.8));
#6985=VECTOR('',#8807,0.3);
#6986=CARTESIAN_POINT('',(-7.3,0.8,-3.8));
#6987=VECTOR('',#8808,1.0);
#6988=CARTESIAN_POINT('',(-5.3,0.8,-3.8));
#6989=CARTESIAN_POINT('',(-5.3,0.8,-4.8));
#6990=VECTOR('',#8809,1.0);
#6991=CARTESIAN_POINT('',(-5.3,0.8,-3.8));
#6992=VECTOR('',#8810,0.3);
#6993=CARTESIAN_POINT('',(-5.73,0.8,-3.25));
#6994=CARTESIAN_POINT('',(-6.87,0.8,-3.25));
#6995=CARTESIAN_POINT('',(-5.73,0.8,-3.25));
#6996=VECTOR('',#8811,1.14);
#6997=CARTESIAN_POINT('',(-6.87,0.8,-2.65));
#6998=CARTESIAN_POINT('',(-6.87,0.8,-3.25));
#6999=VECTOR('',#8812,0.6);
#7000=CARTESIAN_POINT('',(-5.73,0.8,-2.65));
#7001=CARTESIAN_POINT('',(-5.73,0.8,-2.65));
#7002=VECTOR('',#8813,1.14);
#7003=CARTESIAN_POINT('',(-5.73,0.8,-3.25));
#7004=VECTOR('',#8814,0.6);
#7005=CARTESIAN_POINT('',(-7.6,0.2,3.8));
#7006=VECTOR('',#8815,0.6);
#7007=CARTESIAN_POINT('',(-7.3,0.0,3.8));
#7008=VECTOR('',#8816,0.8);
#7009=CARTESIAN_POINT('',(7.3,0.8,3.8));
#7010=CARTESIAN_POINT('',(7.3,0.8,3.8));
#7011=VECTOR('',#8817,0.8);
#7012=CARTESIAN_POINT('',(7.6,0.8,3.8));
#7013=CARTESIAN_POINT('',(7.6,0.8,3.8));
#7014=VECTOR('',#8818,0.3);
#7015=CARTESIAN_POINT('',(7.6,0.2,3.8));
#7016=VECTOR('',#8819,0.6);
#7017=CARTESIAN_POINT('',(3.9,3.7,3.8));
#7018=CARTESIAN_POINT('',(3.4,3.7,3.8));
#7019=CARTESIAN_POINT('',(3.9,3.7,3.8));
#7020=VECTOR('',#8820,0.5);
#7021=CARTESIAN_POINT('',(3.9,2.7,3.8));
#7022=CARTESIAN_POINT('',(3.9,2.7,3.8));
#7023=VECTOR('',#8821,1.0);
#7024=CARTESIAN_POINT('',(4.5,2.7,3.8));
#7025=CARTESIAN_POINT('',(4.5,2.7,3.8));
#7026=VECTOR('',#8822,0.6);
#7027=CARTESIAN_POINT('',(4.5,3.7,3.8));
#7028=CARTESIAN_POINT('',(4.5,3.7,3.8));
#7029=VECTOR('',#8823,1.0);
#7030=CARTESIAN_POINT('',(5.0,3.7,3.8));
#7031=CARTESIAN_POINT('',(5.0,3.7,3.8));
#7032=VECTOR('',#8824,0.5);
#7033=CARTESIAN_POINT('',(5.0,0.8,3.8));
#7034=CARTESIAN_POINT('',(5.0,0.8,3.8));
#7035=VECTOR('',#8825,2.9);
#7036=CARTESIAN_POINT('',(5.3,0.8,3.8));
#7037=CARTESIAN_POINT('',(5.3,0.8,3.8));
#7038=VECTOR('',#8826,0.3);
#7039=CARTESIAN_POINT('',(5.3,0.0,3.8));
#7040=VECTOR('',#8827,0.8);
#7041=CARTESIAN_POINT('',(3.1,0.8,3.8));
#7042=CARTESIAN_POINT('',(3.1,0.8,3.8));
#7043=VECTOR('',#8828,0.8);
#7044=CARTESIAN_POINT('',(3.4,0.8,3.8));
#7045=CARTESIAN_POINT('',(3.4,0.8,3.8));
#7046=VECTOR('',#8829,0.3);
#7047=CARTESIAN_POINT('',(3.4,3.7,3.8));
#7048=VECTOR('',#8830,2.9);
#7049=CARTESIAN_POINT('',(1.1,0.8,3.8));
#7050=CARTESIAN_POINT('',(1.1,0.0,3.8));
#7051=VECTOR('',#8831,0.8);
#7052=CARTESIAN_POINT('',(-1.1,0.8,3.8));
#7053=CARTESIAN_POINT('',(-1.1,0.8,3.8));
#7054=VECTOR('',#8832,0.8);
#7055=CARTESIAN_POINT('',(-0.8,0.8,3.8));
#7056=CARTESIAN_POINT('',(-0.8,0.8,3.8));
#7057=VECTOR('',#8833,0.3);
#7058=CARTESIAN_POINT('',(-0.8,3.7,3.8));
#7059=CARTESIAN_POINT('',(-0.8,0.8,3.8));
#7060=VECTOR('',#8834,2.9);
#7061=CARTESIAN_POINT('',(-0.3,3.7,3.8));
#7062=CARTESIAN_POINT('',(-0.8,3.7,3.8));
#7063=VECTOR('',#8835,0.5);
#7064=CARTESIAN_POINT('',(-0.3,2.7,3.8));
#7065=CARTESIAN_POINT('',(-0.3,3.7,3.8));
#7066=VECTOR('',#8836,1.0);
#7067=CARTESIAN_POINT('',(0.3,2.7,3.8));
#7068=CARTESIAN_POINT('',(-0.3,2.7,3.8));
#7069=VECTOR('',#8837,0.6);
#7070=CARTESIAN_POINT('',(0.3,3.7,3.8));
#7071=CARTESIAN_POINT('',(0.3,2.7,3.8));
#7072=VECTOR('',#8838,1.0);
#7073=CARTESIAN_POINT('',(0.8,3.7,3.8));
#7074=CARTESIAN_POINT('',(0.3,3.7,3.8));
#7075=VECTOR('',#8839,0.5);
#7076=CARTESIAN_POINT('',(0.8,0.8,3.8));
#7077=CARTESIAN_POINT('',(0.8,3.7,3.8));
#7078=VECTOR('',#8840,2.9);
#7079=CARTESIAN_POINT('',(1.1,0.8,3.8));
#7080=VECTOR('',#8841,0.3);
#7081=CARTESIAN_POINT('',(-3.1,0.8,3.8));
#7082=CARTESIAN_POINT('',(-3.1,0.0,3.8));
#7083=VECTOR('',#8842,0.8);
#7084=CARTESIAN_POINT('',(-5.3,0.8,3.8));
#7085=VECTOR('',#8843,0.8);
#7086=CARTESIAN_POINT('',(-5.0,3.7,3.8));
#7087=CARTESIAN_POINT('',(-5.0,0.8,3.8));
#7088=VECTOR('',#8844,2.9);
#7089=CARTESIAN_POINT('',(-4.5,3.7,3.8));
#7090=CARTESIAN_POINT('',(-4.5,3.7,3.8));
#7091=VECTOR('',#8845,0.5);
#7092=CARTESIAN_POINT('',(-4.5,2.7,3.8));
#7093=CARTESIAN_POINT('',(-4.5,3.7,3.8));
#7094=VECTOR('',#8846,1.0);
#7095=CARTESIAN_POINT('',(-3.9,2.7,3.8));
#7096=CARTESIAN_POINT('',(-4.5,2.7,3.8));
#7097=VECTOR('',#8847,0.6);
#7098=CARTESIAN_POINT('',(-3.9,3.7,3.8));
#7099=CARTESIAN_POINT('',(-3.9,2.7,3.8));
#7100=VECTOR('',#8848,1.0);
#7101=CARTESIAN_POINT('',(-3.4,3.7,3.8));
#7102=CARTESIAN_POINT('',(-3.9,3.7,3.8));
#7103=VECTOR('',#8849,0.5);
#7104=CARTESIAN_POINT('',(-3.4,0.8,3.8));
#7105=CARTESIAN_POINT('',(-3.4,3.7,3.8));
#7106=VECTOR('',#8850,2.9);
#7107=CARTESIAN_POINT('',(-3.1,0.8,3.8));
#7108=VECTOR('',#8851,0.3);
#7109=CARTESIAN_POINT('',(-7.3,0.0,4.8));
#7110=VECTOR('',#8852,0.8);
#7111=CARTESIAN_POINT('',(-5.3,0.0,4.8));
#7112=VECTOR('',#8853,0.8);
#7113=CARTESIAN_POINT('',(-3.1,0.8,4.8));
#7114=CARTESIAN_POINT('',(-3.1,0.0,4.8));
#7115=VECTOR('',#8854,0.8);
#7116=CARTESIAN_POINT('',(-1.1,0.8,4.8));
#7117=CARTESIAN_POINT('',(-3.1,0.8,4.8));
#7118=VECTOR('',#8855,2.0);
#7119=CARTESIAN_POINT('',(-1.1,0.0,4.8));
#7120=VECTOR('',#8856,0.8);
#7121=CARTESIAN_POINT('',(1.1,0.8,4.8));
#7122=CARTESIAN_POINT('',(1.1,0.0,4.8));
#7123=VECTOR('',#8857,0.8);
#7124=CARTESIAN_POINT('',(3.1,0.8,4.8));
#7125=CARTESIAN_POINT('',(1.1,0.8,4.8));
#7126=VECTOR('',#8858,2.0);
#7127=CARTESIAN_POINT('',(3.1,0.0,4.8));
#7128=VECTOR('',#8859,0.8);
#7129=CARTESIAN_POINT('',(5.3,0.8,4.8));
#7130=CARTESIAN_POINT('',(5.3,0.0,4.8));
#7131=VECTOR('',#8860,0.8);
#7132=CARTESIAN_POINT('',(7.3,0.8,4.8));
#7133=CARTESIAN_POINT('',(5.3,0.8,4.8));
#7134=VECTOR('',#8861,2.0);
#7135=CARTESIAN_POINT('',(7.3,0.0,4.8));
#7136=VECTOR('',#8862,0.8);
#7137=CARTESIAN_POINT('',(7.3,0.8,3.8));
#7138=VECTOR('',#8863,1.0);
#7139=CARTESIAN_POINT('',(5.0,0.8,3.8));
#7140=VECTOR('',#8864,3.3);
#7141=CARTESIAN_POINT('',(7.6,0.8,0.5));
#7142=VECTOR('',#8865,3.3);
#7143=CARTESIAN_POINT('',(5.3,0.8,4.8));
#7144=VECTOR('',#8866,1.0);
#7145=CARTESIAN_POINT('',(6.87,0.8,2.25));
#7146=CARTESIAN_POINT('',(5.73,0.8,2.25));
#7147=CARTESIAN_POINT('',(6.87,0.8,2.25));
#7148=VECTOR('',#8867,1.14);
#7149=CARTESIAN_POINT('',(5.73,0.8,2.85));
#7150=CARTESIAN_POINT('',(5.73,0.8,2.25));
#7151=VECTOR('',#8868,0.6);
#7152=CARTESIAN_POINT('',(6.87,0.8,2.85));
#7153=CARTESIAN_POINT('',(6.87,0.8,2.85));
#7154=VECTOR('',#8869,1.14);
#7155=CARTESIAN_POINT('',(6.87,0.8,2.25));
#7156=VECTOR('',#8870,0.6);
#7157=CARTESIAN_POINT('',(5.0,0.8,-0.5));
#7158=CARTESIAN_POINT('',(5.0,0.8,-3.8));
#7159=CARTESIAN_POINT('',(5.0,0.8,-0.5));
#7160=VECTOR('',#8871,3.3);
#7161=CARTESIAN_POINT('',(5.3,0.8,-3.8));
#7162=CARTESIAN_POINT('',(5.0,0.8,-3.8));
#7163=VECTOR('',#8872,0.3);
#7164=CARTESIAN_POINT('',(5.3,0.8,-3.8));
#7165=VECTOR('',#8873,1.0);
#7166=CARTESIAN_POINT('',(7.3,0.8,-3.8));
#7167=CARTESIAN_POINT('',(7.3,0.8,-4.8));
#7168=VECTOR('',#8874,1.0);
#7169=CARTESIAN_POINT('',(7.6,0.8,-3.8));
#7170=CARTESIAN_POINT('',(7.3,0.8,-3.8));
#7171=VECTOR('',#8875,0.3);
#7172=CARTESIAN_POINT('',(7.6,0.8,-0.5));
#7173=CARTESIAN_POINT('',(7.6,0.8,-3.8));
#7174=VECTOR('',#8876,3.3);
#7175=CARTESIAN_POINT('',(7.6,0.8,-0.5));
#7176=VECTOR('',#8877,2.6);
#7177=CARTESIAN_POINT('',(6.87,0.8,-3.25));
#7178=CARTESIAN_POINT('',(5.73,0.8,-3.25));
#7179=CARTESIAN_POINT('',(6.87,0.8,-3.25));
#7180=VECTOR('',#8878,1.14);
#7181=CARTESIAN_POINT('',(5.73,0.8,-2.65));
#7182=CARTESIAN_POINT('',(5.73,0.8,-3.25));
#7183=VECTOR('',#8879,0.6);
#7184=CARTESIAN_POINT('',(6.87,0.8,-2.65));
#7185=CARTESIAN_POINT('',(6.87,0.8,-2.65));
#7186=VECTOR('',#8880,1.14);
#7187=CARTESIAN_POINT('',(6.87,0.8,-3.25));
#7188=VECTOR('',#8881,0.6);
#7189=CARTESIAN_POINT('',(5.0,3.7,3.8));
#7190=VECTOR('',#8882,3.3);
#7191=CARTESIAN_POINT('',(4.5,3.7,3.9));
#7192=CARTESIAN_POINT('',(4.5,3.7,3.8));
#7193=VECTOR('',#8883,0.1);
#7194=CARTESIAN_POINT('',(8.1,3.7,3.9));
#7195=CARTESIAN_POINT('',(4.5,3.7,3.9));
#7196=VECTOR('',#8884,3.6);
#7197=CARTESIAN_POINT('',(8.1,3.7,0.3));
#7198=CARTESIAN_POINT('',(8.1,3.7,3.9));
#7199=VECTOR('',#8885,3.6);
#7200=CARTESIAN_POINT('',(4.5,3.7,0.3));
#7201=CARTESIAN_POINT('',(8.1,3.7,0.3));
#7202=VECTOR('',#8886,3.6);
#7203=CARTESIAN_POINT('',(4.5,3.7,0.3));
#7204=VECTOR('',#8887,0.2);
#7205=CARTESIAN_POINT('',(6.87,3.7,2.85));
#7206=CARTESIAN_POINT('',(5.73,3.7,2.85));
#7207=CARTESIAN_POINT('',(6.87,3.7,2.85));
#7208=VECTOR('',#8888,1.14);
#7209=CARTESIAN_POINT('',(5.73,3.7,1.31));
#7210=CARTESIAN_POINT('',(5.73,3.7,1.31));
#7211=VECTOR('',#8889,1.54);
#7212=CARTESIAN_POINT('',(6.87,3.7,1.31));
#7213=CARTESIAN_POINT('',(6.87,3.7,1.31));
#7214=VECTOR('',#8890,1.14);
#7215=CARTESIAN_POINT('',(6.87,3.7,1.31));
#7216=VECTOR('',#8891,1.54);
#7217=CARTESIAN_POINT('',(5.0,3.7,-0.7));
#7218=CARTESIAN_POINT('',(5.4,3.7,-0.3));
#7219=CARTESIAN_POINT('',(5.0,3.7,-0.7));
#7220=VECTOR('',#8892,0.5656854249492);
#7221=CARTESIAN_POINT('',(7.2,3.7,-0.3));
#7222=CARTESIAN_POINT('',(5.4,3.7,-0.3));
#7223=VECTOR('',#8893,1.8);
#7224=CARTESIAN_POINT('',(8.1,3.7,-1.2));
#7225=CARTESIAN_POINT('',(7.2,3.7,-0.3));
#7226=VECTOR('',#8894,1.272792206136);
#7227=CARTESIAN_POINT('',(8.1,3.7,-3.9));
#7228=CARTESIAN_POINT('',(8.1,3.7,-1.2));
#7229=VECTOR('',#8895,2.7);
#7230=CARTESIAN_POINT('',(4.5,3.7,-3.9));
#7231=CARTESIAN_POINT('',(8.1,3.7,-3.9));
#7232=VECTOR('',#8896,3.6);
#7233=CARTESIAN_POINT('',(4.5,3.7,-3.8));
#7234=CARTESIAN_POINT('',(4.5,3.7,-3.9));
#7235=VECTOR('',#8897,0.1);
#7236=CARTESIAN_POINT('',(5.0,3.7,-3.8));
#7237=CARTESIAN_POINT('',(4.5,3.7,-3.8));
#7238=VECTOR('',#8898,0.5);
#7239=CARTESIAN_POINT('',(5.0,3.7,-0.7));
#7240=VECTOR('',#8899,3.1);
#7241=CARTESIAN_POINT('',(6.87,3.7,-1.71));
#7242=CARTESIAN_POINT('',(5.73,3.7,-1.71));
#7243=CARTESIAN_POINT('',(6.87,3.7,-1.71));
#7244=VECTOR('',#8900,1.14);
#7245=CARTESIAN_POINT('',(5.73,3.7,-3.25));
#7246=CARTESIAN_POINT('',(5.73,3.7,-3.25));
#7247=VECTOR('',#8901,1.54);
#7248=CARTESIAN_POINT('',(6.87,3.7,-3.25));
#7249=CARTESIAN_POINT('',(6.87,3.7,-3.25));
#7250=VECTOR('',#8902,1.14);
#7251=CARTESIAN_POINT('',(6.87,3.7,-3.25));
#7252=VECTOR('',#8903,1.54);
#7253=CARTESIAN_POINT('',(4.5,12.8,0.3));
#7254=VECTOR('',#8904,9.1);
#7255=CARTESIAN_POINT('',(4.5,12.8,3.9));
#7256=VECTOR('',#8905,9.1);
#7257=CARTESIAN_POINT('',(4.5,2.7,3.8));
#7258=VECTOR('',#8906,3.3);
#7259=CARTESIAN_POINT('',(3.9,2.7,0.5));
#7260=VECTOR('',#8907,3.3);
#7261=CARTESIAN_POINT('',(3.9,3.7,3.0));
#7262=CARTESIAN_POINT('',(3.9,3.7,3.0));
#7263=VECTOR('',#8908,0.8);
#7264=CARTESIAN_POINT('',(3.9,12.8,3.0));
#7265=VECTOR('',#8909,9.1);
#7266=CARTESIAN_POINT('',(3.9,3.7,0.3));
#7267=CARTESIAN_POINT('',(3.9,12.8,0.3));
#7268=VECTOR('',#8910,9.1);
#7269=CARTESIAN_POINT('',(3.9,3.7,0.5));
#7270=VECTOR('',#8911,0.2);
#7271=CARTESIAN_POINT('',(0.8,3.7,3.5));
#7272=CARTESIAN_POINT('',(0.8,3.7,3.5));
#7273=VECTOR('',#8912,3.0);
#7274=CARTESIAN_POINT('',(1.2,3.7,3.9));
#7275=CARTESIAN_POINT('',(0.8,3.7,3.5));
#7276=VECTOR('',#8913,0.5656854249492);
#7277=CARTESIAN_POINT('',(3.0,3.7,3.9));
#7278=CARTESIAN_POINT('',(1.2,3.7,3.9));
#7279=VECTOR('',#8914,1.8);
#7280=CARTESIAN_POINT('',(3.4,3.7,3.5));
#7281=CARTESIAN_POINT('',(3.0,3.7,3.9));
#7282=VECTOR('',#8915,0.5656854249492);
#7283=CARTESIAN_POINT('',(3.4,3.7,3.5));
#7284=VECTOR('',#8916,3.0);
#7285=CARTESIAN_POINT('',(0.3,3.7,0.3));
#7286=CARTESIAN_POINT('',(3.9,3.7,0.3));
#7287=VECTOR('',#8917,3.6);
#7288=CARTESIAN_POINT('',(0.3,3.7,0.3));
#7289=VECTOR('',#8918,0.2);
#7290=CARTESIAN_POINT('',(2.67,3.7,2.85));
#7291=CARTESIAN_POINT('',(1.53,3.7,2.85));
#7292=CARTESIAN_POINT('',(2.67,3.7,2.85));
#7293=VECTOR('',#8919,1.14);
#7294=CARTESIAN_POINT('',(1.53,3.7,1.31));
#7295=CARTESIAN_POINT('',(1.53,3.7,1.31));
#7296=VECTOR('',#8920,1.54);
#7297=CARTESIAN_POINT('',(2.67,3.7,1.31));
#7298=CARTESIAN_POINT('',(2.67,3.7,1.31));
#7299=VECTOR('',#8921,1.14);
#7300=CARTESIAN_POINT('',(2.67,3.7,2.85));
#7301=VECTOR('',#8922,1.54);
#7302=CARTESIAN_POINT('',(-3.4,3.7,3.5));
#7303=CARTESIAN_POINT('',(-3.4,3.7,3.5));
#7304=VECTOR('',#8923,3.0);
#7305=CARTESIAN_POINT('',(-3.0,3.7,3.9));
#7306=CARTESIAN_POINT('',(-3.4,3.7,3.5));
#7307=VECTOR('',#8924,0.5656854249492);
#7308=CARTESIAN_POINT('',(-1.2,3.7,3.9));
#7309=CARTESIAN_POINT('',(-3.0,3.7,3.9));
#7310=VECTOR('',#8925,1.8);
#7311=CARTESIAN_POINT('',(-0.8,3.7,3.5));
#7312=CARTESIAN_POINT('',(-1.2,3.7,3.9));
#7313=VECTOR('',#8926,0.5656854249492);
#7314=CARTESIAN_POINT('',(-0.8,3.7,3.5));
#7315=VECTOR('',#8927,3.0);
#7316=CARTESIAN_POINT('',(-0.3,3.7,0.3));
#7317=CARTESIAN_POINT('',(-0.3,3.7,0.5));
#7318=VECTOR('',#8928,0.2);
#7319=CARTESIAN_POINT('',(-3.9,3.7,0.3));
#7320=CARTESIAN_POINT('',(-0.3,3.7,0.3));
#7321=VECTOR('',#8929,3.6);
#7322=CARTESIAN_POINT('',(-3.9,3.7,0.3));
#7323=VECTOR('',#8930,0.2);
#7324=CARTESIAN_POINT('',(-1.53,3.7,2.85));
#7325=CARTESIAN_POINT('',(-2.67,3.7,2.85));
#7326=CARTESIAN_POINT('',(-1.53,3.7,2.85));
#7327=VECTOR('',#8931,1.14);
#7328=CARTESIAN_POINT('',(-2.67,3.7,1.31));
#7329=CARTESIAN_POINT('',(-2.67,3.7,1.31));
#7330=VECTOR('',#8932,1.54);
#7331=CARTESIAN_POINT('',(-1.53,3.7,1.31));
#7332=CARTESIAN_POINT('',(-1.53,3.7,1.31));
#7333=VECTOR('',#8933,1.14);
#7334=CARTESIAN_POINT('',(-1.53,3.7,2.85));
#7335=VECTOR('',#8934,1.54);
#7336=CARTESIAN_POINT('',(0.3,3.7,-0.5));
#7337=CARTESIAN_POINT('',(0.3,3.7,-0.3));
#7338=CARTESIAN_POINT('',(0.3,3.7,-0.5));
#7339=VECTOR('',#8935,0.2);
#7340=CARTESIAN_POINT('',(3.9,3.7,-0.3));
#7341=CARTESIAN_POINT('',(0.3,3.7,-0.3));
#7342=VECTOR('',#8936,3.6);
#7343=CARTESIAN_POINT('',(3.9,3.7,-0.5));
#7344=CARTESIAN_POINT('',(3.9,3.7,-0.3));
#7345=VECTOR('',#8937,0.2);
#7346=CARTESIAN_POINT('',(3.4,3.7,-0.5));
#7347=CARTESIAN_POINT('',(3.4,3.7,-0.5));
#7348=VECTOR('',#8938,0.5);
#7349=CARTESIAN_POINT('',(3.4,3.7,-3.8));
#7350=CARTESIAN_POINT('',(3.4,3.7,-0.5));
#7351=VECTOR('',#8939,3.3);
#7352=CARTESIAN_POINT('',(3.9,3.7,-3.8));
#7353=CARTESIAN_POINT('',(3.9,3.7,-3.8));
#7354=VECTOR('',#8940,0.5);
#7355=CARTESIAN_POINT('',(3.9,3.7,-3.9));
#7356=CARTESIAN_POINT('',(3.9,3.7,-3.8));
#7357=VECTOR('',#8941,0.1);
#7358=CARTESIAN_POINT('',(0.3,3.7,-3.9));
#7359=CARTESIAN_POINT('',(3.9,3.7,-3.9));
#7360=VECTOR('',#8942,3.6);
#7361=CARTESIAN_POINT('',(0.3,3.7,-3.8));
#7362=CARTESIAN_POINT('',(0.3,3.7,-3.9));
#7363=VECTOR('',#8943,0.1);
#7364=CARTESIAN_POINT('',(0.8,3.7,-3.8));
#7365=CARTESIAN_POINT('',(0.3,3.7,-3.8));
#7366=VECTOR('',#8944,0.5);
#7367=CARTESIAN_POINT('',(0.8,3.7,-0.5));
#7368=CARTESIAN_POINT('',(0.8,3.7,-0.5));
#7369=VECTOR('',#8945,3.3);
#7370=CARTESIAN_POINT('',(0.3,3.7,-0.5));
#7371=VECTOR('',#8946,0.5);
#7372=CARTESIAN_POINT('',(2.67,3.7,-1.71));
#7373=CARTESIAN_POINT('',(1.53,3.7,-1.71));
#7374=CARTESIAN_POINT('',(2.67,3.7,-1.71));
#7375=VECTOR('',#8947,1.14);
#7376=CARTESIAN_POINT('',(1.53,3.7,-3.25));
#7377=CARTESIAN_POINT('',(1.53,3.7,-3.25));
#7378=VECTOR('',#8948,1.54);
#7379=CARTESIAN_POINT('',(2.67,3.7,-3.25));
#7380=CARTESIAN_POINT('',(2.67,3.7,-3.25));
#7381=VECTOR('',#8949,1.14);
#7382=CARTESIAN_POINT('',(2.67,3.7,-1.71));
#7383=VECTOR('',#8950,1.54);
#7384=CARTESIAN_POINT('',(-3.9,3.7,-0.5));
#7385=CARTESIAN_POINT('',(-3.9,3.7,-0.3));
#7386=CARTESIAN_POINT('',(-3.9,3.7,-0.5));
#7387=VECTOR('',#8951,0.2);
#7388=CARTESIAN_POINT('',(-0.3,3.7,-0.3));
#7389=CARTESIAN_POINT('',(-3.9,3.7,-0.3));
#7390=VECTOR('',#8952,3.6);
#7391=CARTESIAN_POINT('',(-0.3,3.7,-0.5));
#7392=CARTESIAN_POINT('',(-0.3,3.7,-0.3));
#7393=VECTOR('',#8953,0.2);
#7394=CARTESIAN_POINT('',(-0.8,3.7,-0.5));
#7395=CARTESIAN_POINT('',(-0.8,3.7,-0.5));
#7396=VECTOR('',#8954,0.5);
#7397=CARTESIAN_POINT('',(-0.8,3.7,-3.8));
#7398=CARTESIAN_POINT('',(-0.8,3.7,-0.5));
#7399=VECTOR('',#8955,3.3);
#7400=CARTESIAN_POINT('',(-0.3,3.7,-3.8));
#7401=CARTESIAN_POINT('',(-0.8,3.7,-3.8));
#7402=VECTOR('',#8956,0.5);
#7403=CARTESIAN_POINT('',(-0.3,3.7,-3.9));
#7404=CARTESIAN_POINT('',(-0.3,3.7,-3.8));
#7405=VECTOR('',#8957,0.1);
#7406=CARTESIAN_POINT('',(-3.9,3.7,-3.9));
#7407=CARTESIAN_POINT('',(-0.3,3.7,-3.9));
#7408=VECTOR('',#8958,3.6);
#7409=CARTESIAN_POINT('',(-3.9,3.7,-3.8));
#7410=CARTESIAN_POINT('',(-3.9,3.7,-3.9));
#7411=VECTOR('',#8959,0.1);
#7412=CARTESIAN_POINT('',(-3.4,3.7,-3.8));
#7413=CARTESIAN_POINT('',(-3.9,3.7,-3.8));
#7414=VECTOR('',#8960,0.5);
#7415=CARTESIAN_POINT('',(-3.4,3.7,-0.5));
#7416=CARTESIAN_POINT('',(-3.4,3.7,-0.5));
#7417=VECTOR('',#8961,3.3);
#7418=CARTESIAN_POINT('',(-3.9,3.7,-0.5));
#7419=VECTOR('',#8962,0.5);
#7420=CARTESIAN_POINT('',(-1.53,3.7,-1.71));
#7421=CARTESIAN_POINT('',(-2.67,3.7,-1.71));
#7422=CARTESIAN_POINT('',(-1.53,3.7,-1.71));
#7423=VECTOR('',#8963,1.14);
#7424=CARTESIAN_POINT('',(-2.67,3.7,-3.25));
#7425=CARTESIAN_POINT('',(-2.67,3.7,-3.25));
#7426=VECTOR('',#8964,1.54);
#7427=CARTESIAN_POINT('',(-1.53,3.7,-3.25));
#7428=CARTESIAN_POINT('',(-1.53,3.7,-3.25));
#7429=VECTOR('',#8965,1.14);
#7430=CARTESIAN_POINT('',(-1.53,3.7,-1.71));
#7431=VECTOR('',#8966,1.54);
#7432=CARTESIAN_POINT('',(0.3,12.8,0.3));
#7433=VECTOR('',#8967,9.1);
#7434=CARTESIAN_POINT('',(0.3,3.7,3.0));
#7435=CARTESIAN_POINT('',(0.3,12.8,3.0));
#7436=VECTOR('',#8968,9.1);
#7437=CARTESIAN_POINT('',(0.3,3.7,3.8));
#7438=VECTOR('',#8969,0.8);
#7439=CARTESIAN_POINT('',(0.3,2.7,3.8));
#7440=VECTOR('',#8970,3.3);
#7441=CARTESIAN_POINT('',(-0.3,2.7,3.8));
#7442=VECTOR('',#8971,3.3);
#7443=CARTESIAN_POINT('',(-0.3,12.8,0.3));
#7444=VECTOR('',#8972,9.1);
#7445=CARTESIAN_POINT('',(-0.3,3.7,3.0));
#7446=CARTESIAN_POINT('',(-0.3,3.7,3.8));
#7447=VECTOR('',#8973,0.8);
#7448=CARTESIAN_POINT('',(-0.3,12.8,3.0));
#7449=VECTOR('',#8974,9.1);
#7450=CARTESIAN_POINT('',(-1.2,12.8,3.9));
#7451=VECTOR('',#8975,9.1);
#7452=CARTESIAN_POINT('',(-0.3,3.7,3.0));
#7453=VECTOR('',#8976,0.7071067811865);
#7454=CARTESIAN_POINT('',(-0.8,3.7,3.8));
#7455=VECTOR('',#8977,0.3);
#7456=CARTESIAN_POINT('',(-0.8,0.8,3.8));
#7457=VECTOR('',#8978,3.3);
#7458=CARTESIAN_POINT('',(-3.4,0.8,3.8));
#7459=VECTOR('',#8979,3.3);
#7460=CARTESIAN_POINT('',(-1.1,0.8,3.8));
#7461=VECTOR('',#8980,1.0);
#7462=CARTESIAN_POINT('',(-3.1,0.8,4.8));
#7463=VECTOR('',#8981,1.0);
#7464=CARTESIAN_POINT('',(-1.53,0.8,2.25));
#7465=CARTESIAN_POINT('',(-2.67,0.8,2.25));
#7466=CARTESIAN_POINT('',(-1.53,0.8,2.25));
#7467=VECTOR('',#8982,1.14);
#7468=CARTESIAN_POINT('',(-2.67,0.8,2.85));
#7469=CARTESIAN_POINT('',(-2.67,0.8,2.25));
#7470=VECTOR('',#8983,0.6);
#7471=CARTESIAN_POINT('',(-1.53,0.8,2.85));
#7472=CARTESIAN_POINT('',(-1.53,0.8,2.85));
#7473=VECTOR('',#8984,1.14);
#7474=CARTESIAN_POINT('',(-1.53,0.8,2.25));
#7475=VECTOR('',#8985,0.6);
#7476=CARTESIAN_POINT('',(-3.4,0.8,-0.5));
#7477=CARTESIAN_POINT('',(-3.4,0.8,-3.8));
#7478=CARTESIAN_POINT('',(-3.4,0.8,-0.5));
#7479=VECTOR('',#8986,3.3);
#7480=CARTESIAN_POINT('',(-3.1,0.8,-3.8));
#7481=CARTESIAN_POINT('',(-3.4,0.8,-3.8));
#7482=VECTOR('',#8987,0.3);
#7483=CARTESIAN_POINT('',(-3.1,0.8,-3.8));
#7484=VECTOR('',#8988,1.0);
#7485=CARTESIAN_POINT('',(-1.1,0.8,-3.8));
#7486=CARTESIAN_POINT('',(-1.1,0.8,-4.8));
#7487=VECTOR('',#8989,1.0);
#7488=CARTESIAN_POINT('',(-0.8,0.8,-3.8));
#7489=CARTESIAN_POINT('',(-1.1,0.8,-3.8));
#7490=VECTOR('',#8990,0.3);
#7491=CARTESIAN_POINT('',(-0.8,0.8,-0.5));
#7492=CARTESIAN_POINT('',(-0.8,0.8,-0.5));
#7493=VECTOR('',#8991,3.3);
#7494=CARTESIAN_POINT('',(-0.8,0.8,-0.5));
#7495=VECTOR('',#8992,2.6);
#7496=CARTESIAN_POINT('',(-1.53,0.8,-3.25));
#7497=CARTESIAN_POINT('',(-2.67,0.8,-3.25));
#7498=CARTESIAN_POINT('',(-1.53,0.8,-3.25));
#7499=VECTOR('',#8993,1.14);
#7500=CARTESIAN_POINT('',(-2.67,0.8,-2.65));
#7501=CARTESIAN_POINT('',(-2.67,0.8,-3.25));
#7502=VECTOR('',#8994,0.6);
#7503=CARTESIAN_POINT('',(-1.53,0.8,-2.65));
#7504=CARTESIAN_POINT('',(-1.53,0.8,-2.65));
#7505=VECTOR('',#8995,1.14);
#7506=CARTESIAN_POINT('',(-1.53,0.8,-3.25));
#7507=VECTOR('',#8996,0.6);
#7508=CARTESIAN_POINT('',(-3.4,3.7,3.8));
#7509=VECTOR('',#8997,0.3);
#7510=CARTESIAN_POINT('',(-3.9,3.7,3.0));
#7511=CARTESIAN_POINT('',(-3.9,3.7,3.8));
#7512=VECTOR('',#8998,0.8);
#7513=CARTESIAN_POINT('',(-3.9,3.7,3.0));
#7514=VECTOR('',#8999,0.7071067811866);
#7515=CARTESIAN_POINT('',(-3.9,12.8,3.0));
#7516=VECTOR('',#9000,9.1);
#7517=CARTESIAN_POINT('',(-3.0,12.8,3.9));
#7518=VECTOR('',#9001,9.1);
#7519=CARTESIAN_POINT('',(-3.9,12.8,0.3));
#7520=VECTOR('',#9002,9.1);
#7521=CARTESIAN_POINT('',(-3.9,2.7,3.8));
#7522=VECTOR('',#9003,3.3);
#7523=CARTESIAN_POINT('',(-4.5,2.7,3.8));
#7524=VECTOR('',#9004,3.3);
#7525=CARTESIAN_POINT('',(-4.5,3.7,3.9));
#7526=CARTESIAN_POINT('',(-4.5,12.8,3.9));
#7527=VECTOR('',#9005,9.1);
#7528=CARTESIAN_POINT('',(-4.5,3.7,0.3));
#7529=CARTESIAN_POINT('',(-4.5,12.8,0.3));
#7530=VECTOR('',#9006,9.1);
#7531=CARTESIAN_POINT('',(-4.5,3.7,0.5));
#7532=VECTOR('',#9007,0.2);
#7533=CARTESIAN_POINT('',(-4.5,3.7,3.9));
#7534=VECTOR('',#9008,0.1);
#7535=CARTESIAN_POINT('',(-5.0,3.7,3.8));
#7536=VECTOR('',#9009,3.3);
#7537=CARTESIAN_POINT('',(-8.1,3.7,0.3));
#7538=CARTESIAN_POINT('',(-4.5,3.7,0.3));
#7539=VECTOR('',#9010,3.6);
#7540=CARTESIAN_POINT('',(-8.1,3.7,3.9));
#7541=CARTESIAN_POINT('',(-8.1,3.7,0.3));
#7542=VECTOR('',#9011,3.6);
#7543=CARTESIAN_POINT('',(-8.1,3.7,3.9));
#7544=VECTOR('',#9012,3.6);
#7545=CARTESIAN_POINT('',(-5.73,3.7,2.85));
#7546=CARTESIAN_POINT('',(-6.87,3.7,2.85));
#7547=CARTESIAN_POINT('',(-5.73,3.7,2.85));
#7548=VECTOR('',#9013,1.14);
#7549=CARTESIAN_POINT('',(-6.87,3.7,1.31));
#7550=CARTESIAN_POINT('',(-6.87,3.7,1.31));
#7551=VECTOR('',#9014,1.54);
#7552=CARTESIAN_POINT('',(-5.73,3.7,1.31));
#7553=CARTESIAN_POINT('',(-5.73,3.7,1.31));
#7554=VECTOR('',#9015,1.14);
#7555=CARTESIAN_POINT('',(-5.73,3.7,2.85));
#7556=VECTOR('',#9016,1.54);
#7557=CARTESIAN_POINT('',(-4.5,3.7,-3.8));
#7558=CARTESIAN_POINT('',(-4.5,3.7,-3.9));
#7559=CARTESIAN_POINT('',(-4.5,3.7,-3.8));
#7560=VECTOR('',#9017,0.1);
#7561=CARTESIAN_POINT('',(-8.1,3.7,-3.9));
#7562=CARTESIAN_POINT('',(-4.5,3.7,-3.9));
#7563=VECTOR('',#9018,3.6);
#7564=CARTESIAN_POINT('',(-8.1,3.7,-1.2));
#7565=CARTESIAN_POINT('',(-8.1,3.7,-3.9));
#7566=VECTOR('',#9019,2.7);
#7567=CARTESIAN_POINT('',(-7.2,3.7,-0.3));
#7568=CARTESIAN_POINT('',(-8.1,3.7,-1.2));
#7569=VECTOR('',#9020,1.272792206136);
#7570=CARTESIAN_POINT('',(-5.4,3.7,-0.3));
#7571=CARTESIAN_POINT('',(-7.2,3.7,-0.3));
#7572=VECTOR('',#9021,1.8);
#7573=CARTESIAN_POINT('',(-5.0,3.7,-0.7));
#7574=CARTESIAN_POINT('',(-5.4,3.7,-0.3));
#7575=VECTOR('',#9022,0.5656854249492);
#7576=CARTESIAN_POINT('',(-5.0,3.7,-3.8));
#7577=CARTESIAN_POINT('',(-5.0,3.7,-0.7));
#7578=VECTOR('',#9023,3.1);
#7579=CARTESIAN_POINT('',(-4.5,3.7,-3.8));
#7580=VECTOR('',#9024,0.5);
#7581=CARTESIAN_POINT('',(-5.73,3.7,-1.71));
#7582=CARTESIAN_POINT('',(-6.87,3.7,-1.71));
#7583=CARTESIAN_POINT('',(-5.73,3.7,-1.71));
#7584=VECTOR('',#9025,1.14);
#7585=CARTESIAN_POINT('',(-6.87,3.7,-3.25));
#7586=CARTESIAN_POINT('',(-6.87,3.7,-3.25));
#7587=VECTOR('',#9026,1.54);
#7588=CARTESIAN_POINT('',(-5.73,3.7,-3.25));
#7589=CARTESIAN_POINT('',(-5.73,3.7,-3.25));
#7590=VECTOR('',#9027,1.14);
#7591=CARTESIAN_POINT('',(-5.73,3.7,-1.71));
#7592=VECTOR('',#9028,1.54);
#7593=CARTESIAN_POINT('',(-8.1,12.8,3.9));
#7594=VECTOR('',#9029,9.1);
#7595=CARTESIAN_POINT('',(-8.1,12.8,0.3));
#7596=VECTOR('',#9030,9.1);
#7597=CARTESIAN_POINT('',(-7.3,0.8,-3.8));
#7598=VECTOR('',#9031,0.8);
#7599=CARTESIAN_POINT('',(-7.6,0.2,-3.8));
#7600=VECTOR('',#9032,0.6);
#7601=CARTESIAN_POINT('',(7.6,0.2,-3.8));
#7602=VECTOR('',#9033,0.6);
#7603=CARTESIAN_POINT('',(7.3,0.0,-3.8));
#7604=VECTOR('',#9034,0.8);
#7605=CARTESIAN_POINT('',(4.5,2.7,-3.8));
#7606=CARTESIAN_POINT('',(4.5,2.7,-3.8));
#7607=VECTOR('',#9035,1.0);
#7608=CARTESIAN_POINT('',(3.9,2.7,-3.8));
#7609=CARTESIAN_POINT('',(4.5,2.7,-3.8));
#7610=VECTOR('',#9036,0.6);
#7611=CARTESIAN_POINT('',(3.9,3.7,-3.8));
#7612=VECTOR('',#9037,1.0);
#7613=CARTESIAN_POINT('',(3.4,0.8,-3.8));
#7614=CARTESIAN_POINT('',(3.4,0.8,-3.8));
#7615=VECTOR('',#9038,2.9);
#7616=CARTESIAN_POINT('',(3.1,0.8,-3.8));
#7617=CARTESIAN_POINT('',(3.1,0.8,-3.8));
#7618=VECTOR('',#9039,0.3);
#7619=CARTESIAN_POINT('',(3.1,0.0,-3.8));
#7620=VECTOR('',#9040,0.8);
#7621=CARTESIAN_POINT('',(5.3,0.8,-3.8));
#7622=VECTOR('',#9041,0.8);
#7623=CARTESIAN_POINT('',(5.0,3.7,-3.8));
#7624=VECTOR('',#9042,2.9);
#7625=CARTESIAN_POINT('',(-1.1,0.0,-3.8));
#7626=VECTOR('',#9043,0.8);
#7627=CARTESIAN_POINT('',(1.1,0.8,-3.8));
#7628=CARTESIAN_POINT('',(1.1,0.8,-3.8));
#7629=VECTOR('',#9044,0.8);
#7630=CARTESIAN_POINT('',(0.8,0.8,-3.8));
#7631=CARTESIAN_POINT('',(0.8,0.8,-3.8));
#7632=VECTOR('',#9045,0.3);
#7633=CARTESIAN_POINT('',(0.8,3.7,-3.8));
#7634=VECTOR('',#9046,2.9);
#7635=CARTESIAN_POINT('',(0.3,2.7,-3.8));
#7636=CARTESIAN_POINT('',(0.3,2.7,-3.8));
#7637=VECTOR('',#9047,1.0);
#7638=CARTESIAN_POINT('',(-0.3,2.7,-3.8));
#7639=CARTESIAN_POINT('',(-0.3,2.7,-3.8));
#7640=VECTOR('',#9048,0.6);
#7641=CARTESIAN_POINT('',(-0.3,3.7,-3.8));
#7642=VECTOR('',#9049,1.0);
#7643=CARTESIAN_POINT('',(-0.8,0.8,-3.8));
#7644=VECTOR('',#9050,2.9);
#7645=CARTESIAN_POINT('',(-5.3,0.0,-3.8));
#7646=VECTOR('',#9051,0.8);
#7647=CARTESIAN_POINT('',(-3.1,0.8,-3.8));
#7648=VECTOR('',#9052,0.8);
#7649=CARTESIAN_POINT('',(-3.4,3.7,-3.8));
#7650=VECTOR('',#9053,2.9);
#7651=CARTESIAN_POINT('',(-3.9,2.7,-3.8));
#7652=CARTESIAN_POINT('',(-3.9,2.7,-3.8));
#7653=VECTOR('',#9054,1.0);
#7654=CARTESIAN_POINT('',(-4.5,2.7,-3.8));
#7655=CARTESIAN_POINT('',(-4.5,2.7,-3.8));
#7656=VECTOR('',#9055,0.6);
#7657=CARTESIAN_POINT('',(-4.5,3.7,-3.8));
#7658=VECTOR('',#9056,1.0);
#7659=CARTESIAN_POINT('',(-5.0,0.8,-3.8));
#7660=VECTOR('',#9057,2.9);
#7661=CARTESIAN_POINT('',(-7.6,0.2,-0.5));
#7662=VECTOR('',#9058,0.6);
#7663=CARTESIAN_POINT('',(-0.8,0.8,-0.5));
#7664=VECTOR('',#9059,2.9);
#7665=CARTESIAN_POINT('',(-0.3,2.7,-0.5));
#7666=CARTESIAN_POINT('',(-0.3,3.7,-0.5));
#7667=VECTOR('',#9060,1.0);
#7668=CARTESIAN_POINT('',(0.3,2.7,-0.5));
#7669=CARTESIAN_POINT('',(-0.3,2.7,-0.5));
#7670=VECTOR('',#9061,0.6);
#7671=CARTESIAN_POINT('',(0.3,2.7,-0.5));
#7672=VECTOR('',#9062,1.0);
#7673=CARTESIAN_POINT('',(0.8,0.8,-0.5));
#7674=CARTESIAN_POINT('',(0.8,3.7,-0.5));
#7675=VECTOR('',#9063,2.9);
#7676=CARTESIAN_POINT('',(3.4,0.8,-0.5));
#7677=CARTESIAN_POINT('',(3.4,0.8,-0.5));
#7678=VECTOR('',#9064,2.6);
#7679=CARTESIAN_POINT('',(3.4,3.7,-0.5));
#7680=VECTOR('',#9065,2.9);
#7681=CARTESIAN_POINT('',(3.9,2.7,-0.5));
#7682=CARTESIAN_POINT('',(3.9,2.7,-0.5));
#7683=VECTOR('',#9066,1.0);
#7684=CARTESIAN_POINT('',(4.5,2.7,-0.5));
#7685=CARTESIAN_POINT('',(4.5,2.7,-0.5));
#7686=VECTOR('',#9067,0.6);
#7687=CARTESIAN_POINT('',(4.5,3.7,-0.5));
#7688=CARTESIAN_POINT('',(4.5,3.7,-0.5));
#7689=VECTOR('',#9068,1.0);
#7690=CARTESIAN_POINT('',(5.0,3.7,-0.5));
#7691=CARTESIAN_POINT('',(5.0,3.7,-0.5));
#7692=VECTOR('',#9069,0.5);
#7693=CARTESIAN_POINT('',(5.0,0.8,-0.5));
#7694=VECTOR('',#9070,2.9);
#7695=CARTESIAN_POINT('',(7.6,0.2,-0.5));
#7696=VECTOR('',#9071,0.6);
#7697=CARTESIAN_POINT('',(8.0,0.0,-0.5));
#7698=VECTOR('',#9072,0.2);
#7699=CARTESIAN_POINT('',(-8.0,0.0,-0.5));
#7700=VECTOR('',#9073,0.2);
#7701=CARTESIAN_POINT('',(-5.0,3.7,-0.5));
#7702=CARTESIAN_POINT('',(-5.0,0.8,-0.5));
#7703=VECTOR('',#9074,2.9);
#7704=CARTESIAN_POINT('',(-4.5,3.7,-0.5));
#7705=CARTESIAN_POINT('',(-5.0,3.7,-0.5));
#7706=VECTOR('',#9075,0.5);
#7707=CARTESIAN_POINT('',(-4.5,2.7,-0.5));
#7708=CARTESIAN_POINT('',(-4.5,3.7,-0.5));
#7709=VECTOR('',#9076,1.0);
#7710=CARTESIAN_POINT('',(-3.9,2.7,-0.5));
#7711=CARTESIAN_POINT('',(-4.5,2.7,-0.5));
#7712=VECTOR('',#9077,0.6);
#7713=CARTESIAN_POINT('',(-3.9,2.7,-0.5));
#7714=VECTOR('',#9078,1.0);
#7715=CARTESIAN_POINT('',(-3.4,3.7,-0.5));
#7716=VECTOR('',#9079,2.9);
#7717=CARTESIAN_POINT('',(-3.9,12.8,-3.9));
#7718=VECTOR('',#9080,9.1);
#7719=CARTESIAN_POINT('',(-3.9,12.8,-0.3));
#7720=VECTOR('',#9081,9.1);
#7721=CARTESIAN_POINT('',(-3.9,2.7,-0.5));
#7722=VECTOR('',#9082,3.3);
#7723=CARTESIAN_POINT('',(-4.5,2.7,-0.5));
#7724=VECTOR('',#9083,3.3);
#7725=CARTESIAN_POINT('',(-4.5,12.8,-3.9));
#7726=VECTOR('',#9084,9.1);
#7727=CARTESIAN_POINT('',(-4.5,3.7,-1.2));
#7728=CARTESIAN_POINT('',(-4.5,3.7,-0.5));
#7729=VECTOR('',#9085,0.7);
#7730=CARTESIAN_POINT('',(-4.5,12.8,-1.2));
#7731=VECTOR('',#9086,9.1);
#7732=CARTESIAN_POINT('',(-5.4,12.8,-0.3));
#7733=VECTOR('',#9087,9.1);
#7734=CARTESIAN_POINT('',(-4.5,3.7,-1.2));
#7735=VECTOR('',#9088,0.7071067811865);
#7736=CARTESIAN_POINT('',(-5.0,3.7,-0.5));
#7737=VECTOR('',#9089,0.2);
#7738=CARTESIAN_POINT('',(-7.2,12.8,-0.3));
#7739=VECTOR('',#9090,9.1);
#7740=CARTESIAN_POINT('',(-8.1,12.8,-1.2));
#7741=VECTOR('',#9091,9.1);
#7742=CARTESIAN_POINT('',(-8.1,12.8,-3.9));
#7743=VECTOR('',#9092,9.1);
#7744=CARTESIAN_POINT('',(-0.3,12.8,-0.3));
#7745=VECTOR('',#9093,9.1);
#7746=CARTESIAN_POINT('',(-0.3,12.8,-3.9));
#7747=VECTOR('',#9094,9.1);
#7748=CARTESIAN_POINT('',(-0.3,2.7,-0.5));
#7749=VECTOR('',#9095,3.3);
#7750=CARTESIAN_POINT('',(0.3,2.7,-0.5));
#7751=VECTOR('',#9096,3.3);
#7752=CARTESIAN_POINT('',(0.3,12.8,-3.9));
#7753=VECTOR('',#9097,9.1);
#7754=CARTESIAN_POINT('',(0.3,12.8,-0.3));
#7755=VECTOR('',#9098,9.1);
#7756=CARTESIAN_POINT('',(3.9,12.8,-0.3));
#7757=VECTOR('',#9099,9.1);
#7758=CARTESIAN_POINT('',(3.9,2.7,-3.8));
#7759=VECTOR('',#9100,3.3);
#7760=CARTESIAN_POINT('',(3.9,12.8,-3.9));
#7761=VECTOR('',#9101,9.1);
#7762=CARTESIAN_POINT('',(4.5,2.7,-0.5));
#7763=VECTOR('',#9102,3.3);
#7764=CARTESIAN_POINT('',(4.5,12.8,-3.9));
#7765=VECTOR('',#9103,9.1);
#7766=CARTESIAN_POINT('',(4.5,3.7,-1.2));
#7767=CARTESIAN_POINT('',(4.5,12.8,-1.2));
#7768=VECTOR('',#9104,9.1);
#7769=CARTESIAN_POINT('',(4.5,3.7,-1.2));
#7770=VECTOR('',#9105,0.7);
#7771=CARTESIAN_POINT('',(4.5,3.7,-1.2));
#7772=VECTOR('',#9106,0.7071067811865);
#7773=CARTESIAN_POINT('',(5.0,3.7,-0.5));
#7774=VECTOR('',#9107,0.2);
#7775=CARTESIAN_POINT('',(5.4,12.8,-0.3));
#7776=VECTOR('',#9108,9.1);
#7777=CARTESIAN_POINT('',(7.2,12.8,-0.3));
#7778=VECTOR('',#9109,9.1);
#7779=CARTESIAN_POINT('',(8.1,12.8,-1.2));
#7780=VECTOR('',#9110,9.1);
#7781=CARTESIAN_POINT('',(8.1,12.8,-3.9));
#7782=VECTOR('',#9111,9.1);
#7783=CARTESIAN_POINT('',(3.4,0.8,-0.5));
#7784=VECTOR('',#9112,3.3);
#7785=CARTESIAN_POINT('',(0.8,0.8,3.8));
#7786=VECTOR('',#9113,3.3);
#7787=CARTESIAN_POINT('',(3.4,0.8,3.8));
#7788=VECTOR('',#9114,3.3);
#7789=CARTESIAN_POINT('',(3.1,0.8,3.8));
#7790=VECTOR('',#9115,1.0);
#7791=CARTESIAN_POINT('',(1.1,0.8,4.8));
#7792=VECTOR('',#9116,1.0);
#7793=CARTESIAN_POINT('',(2.67,0.8,2.25));
#7794=CARTESIAN_POINT('',(1.53,0.8,2.25));
#7795=CARTESIAN_POINT('',(2.67,0.8,2.25));
#7796=VECTOR('',#9117,1.14);
#7797=CARTESIAN_POINT('',(1.53,0.8,2.85));
#7798=CARTESIAN_POINT('',(1.53,0.8,2.25));
#7799=VECTOR('',#9118,0.6);
#7800=CARTESIAN_POINT('',(2.67,0.8,2.85));
#7801=CARTESIAN_POINT('',(2.67,0.8,2.85));
#7802=VECTOR('',#9119,1.14);
#7803=CARTESIAN_POINT('',(2.67,0.8,2.25));
#7804=VECTOR('',#9120,0.6);
#7805=CARTESIAN_POINT('',(1.1,0.8,-3.8));
#7806=VECTOR('',#9121,1.0);
#7807=CARTESIAN_POINT('',(3.1,0.8,-4.8));
#7808=VECTOR('',#9122,1.0);
#7809=CARTESIAN_POINT('',(0.8,0.8,-0.5));
#7810=VECTOR('',#9123,3.3);
#7811=CARTESIAN_POINT('',(2.67,0.8,-3.25));
#7812=CARTESIAN_POINT('',(1.53,0.8,-3.25));
#7813=CARTESIAN_POINT('',(2.67,0.8,-3.25));
#7814=VECTOR('',#9124,1.14);
#7815=CARTESIAN_POINT('',(1.53,0.8,-2.65));
#7816=CARTESIAN_POINT('',(1.53,0.8,-3.25));
#7817=VECTOR('',#9125,0.6);
#7818=CARTESIAN_POINT('',(2.67,0.8,-2.65));
#7819=CARTESIAN_POINT('',(2.67,0.8,-2.65));
#7820=VECTOR('',#9126,1.14);
#7821=CARTESIAN_POINT('',(2.67,0.8,-3.25));
#7822=VECTOR('',#9127,0.6);
#7823=CARTESIAN_POINT('',(3.4,3.7,3.5));
#7824=VECTOR('',#9128,0.3);
#7825=CARTESIAN_POINT('',(3.4,3.7,3.5));
#7826=VECTOR('',#9129,0.7071067811865);
#7827=CARTESIAN_POINT('',(3.0,12.8,3.9));
#7828=VECTOR('',#9130,9.1);
#7829=CARTESIAN_POINT('',(1.2,12.8,3.9));
#7830=VECTOR('',#9131,9.1);
#7831=CARTESIAN_POINT('',(0.3,3.7,3.0));
#7832=VECTOR('',#9132,0.7071067811865);
#7833=CARTESIAN_POINT('',(0.8,3.7,3.8));
#7834=VECTOR('',#9133,0.3);
#7835=CARTESIAN_POINT('',(2.67,4.3,-2.85));
#7836=CARTESIAN_POINT('',(2.67,4.3,-2.85));
#7837=VECTOR('',#9134,0.7211102550928);
#7838=CARTESIAN_POINT('',(2.67,9.2,-2.85));
#7839=CARTESIAN_POINT('',(2.67,9.2,-2.85));
#7840=VECTOR('',#9135,4.9);
#7841=CARTESIAN_POINT('',(2.67,9.2,-1.71));
#7842=CARTESIAN_POINT('',(2.67,9.2,-1.71));
#7843=VECTOR('',#9136,1.14);
#7844=CARTESIAN_POINT('',(2.67,3.7,-1.71));
#7845=VECTOR('',#9137,5.5);
#7846=CARTESIAN_POINT('',(2.67,9.2,1.31));
#7847=CARTESIAN_POINT('',(2.67,9.2,1.31));
#7848=VECTOR('',#9138,5.5);
#7849=CARTESIAN_POINT('',(2.67,9.2,2.45));
#7850=CARTESIAN_POINT('',(2.67,9.2,2.45));
#7851=VECTOR('',#9139,1.14);
#7852=CARTESIAN_POINT('',(2.67,4.3,2.45));
#7853=CARTESIAN_POINT('',(2.67,4.3,2.45));
#7854=VECTOR('',#9140,4.9);
#7855=CARTESIAN_POINT('',(2.67,3.7,2.85));
#7856=VECTOR('',#9141,0.7211102550928);
#7857=CARTESIAN_POINT('',(2.67,-2.23,-2.65));
#7858=CARTESIAN_POINT('',(2.67,-2.23,-2.65));
#7859=VECTOR('',#9142,3.03);
#7860=CARTESIAN_POINT('',(2.67,-3.5,-3.1));
#7861=CARTESIAN_POINT('',(2.67,-3.5,-3.1));
#7862=VECTOR('',#9143,1.347367804276);
#7863=CARTESIAN_POINT('',(2.67,-3.5,-3.25));
#7864=CARTESIAN_POINT('',(2.67,-3.5,-3.25));
#7865=VECTOR('',#9144,0.15);
#7866=CARTESIAN_POINT('',(2.67,0.8,-3.25));
#7867=VECTOR('',#9145,4.3);
#7868=CARTESIAN_POINT('',(2.67,-3.5,2.85));
#7869=CARTESIAN_POINT('',(2.67,-3.5,2.85));
#7870=VECTOR('',#9146,4.3);
#7871=CARTESIAN_POINT('',(2.67,-3.5,2.7));
#7872=CARTESIAN_POINT('',(2.67,-3.5,2.7));
#7873=VECTOR('',#9147,0.15);
#7874=CARTESIAN_POINT('',(2.67,-2.23,2.25));
#7875=CARTESIAN_POINT('',(2.67,-2.23,2.25));
#7876=VECTOR('',#9148,1.347367804276);
#7877=CARTESIAN_POINT('',(2.67,0.8,2.25));
#7878=VECTOR('',#9149,3.03);
#7879=CARTESIAN_POINT('',(1.53,9.2,-1.71));
#7880=CARTESIAN_POINT('',(2.67,9.2,-1.71));
#7881=VECTOR('',#9150,1.14);
#7882=CARTESIAN_POINT('',(1.53,3.7,-1.71));
#7883=VECTOR('',#9151,5.5);
#7884=CARTESIAN_POINT('',(1.53,9.2,-2.85));
#7885=CARTESIAN_POINT('',(1.53,9.2,-1.71));
#7886=VECTOR('',#9152,1.14);
#7887=CARTESIAN_POINT('',(1.53,4.3,-2.85));
#7888=CARTESIAN_POINT('',(1.53,9.2,-2.85));
#7889=VECTOR('',#9153,4.9);
#7890=CARTESIAN_POINT('',(1.53,4.3,-2.85));
#7891=VECTOR('',#9154,0.7211102550928);
#7892=CARTESIAN_POINT('',(1.53,4.3,2.45));
#7893=CARTESIAN_POINT('',(1.53,3.7,2.85));
#7894=VECTOR('',#9155,0.7211102550928);
#7895=CARTESIAN_POINT('',(1.53,9.2,2.45));
#7896=CARTESIAN_POINT('',(1.53,4.3,2.45));
#7897=VECTOR('',#9156,4.9);
#7898=CARTESIAN_POINT('',(1.53,9.2,1.31));
#7899=CARTESIAN_POINT('',(1.53,9.2,2.45));
#7900=VECTOR('',#9157,1.14);
#7901=CARTESIAN_POINT('',(1.53,9.2,1.31));
#7902=VECTOR('',#9158,5.5);
#7903=CARTESIAN_POINT('',(1.53,-3.5,-3.25));
#7904=CARTESIAN_POINT('',(1.53,0.8,-3.25));
#7905=VECTOR('',#9159,4.3);
#7906=CARTESIAN_POINT('',(1.53,-3.5,-3.1));
#7907=CARTESIAN_POINT('',(1.53,-3.5,-3.25));
#7908=VECTOR('',#9160,0.15);
#7909=CARTESIAN_POINT('',(1.53,-2.23,-2.65));
#7910=CARTESIAN_POINT('',(1.53,-3.5,-3.1));
#7911=VECTOR('',#9161,1.347367804276);
#7912=CARTESIAN_POINT('',(1.53,-2.23,-2.65));
#7913=VECTOR('',#9162,3.03);
#7914=CARTESIAN_POINT('',(1.53,-2.23,2.25));
#7915=CARTESIAN_POINT('',(1.53,0.8,2.25));
#7916=VECTOR('',#9163,3.03);
#7917=CARTESIAN_POINT('',(1.53,-3.5,2.7));
#7918=CARTESIAN_POINT('',(1.53,-2.23,2.25));
#7919=VECTOR('',#9164,1.347367804276);
#7920=CARTESIAN_POINT('',(1.53,-3.5,2.85));
#7921=CARTESIAN_POINT('',(1.53,-3.5,2.7));
#7922=VECTOR('',#9165,0.15);
#7923=CARTESIAN_POINT('',(1.53,-3.5,2.85));
#7924=VECTOR('',#9166,4.3);
#7925=CARTESIAN_POINT('',(2.67,4.3,-2.85));
#7926=VECTOR('',#9167,1.14);
#7927=CARTESIAN_POINT('',(2.67,9.2,-2.85));
#7928=VECTOR('',#9168,1.14);
#7929=CARTESIAN_POINT('',(2.67,9.2,1.31));
#7930=VECTOR('',#9169,1.14);
#7931=CARTESIAN_POINT('',(2.67,9.2,2.45));
#7932=VECTOR('',#9170,1.14);
#7933=CARTESIAN_POINT('',(2.67,4.3,2.45));
#7934=VECTOR('',#9171,1.14);
#7935=CARTESIAN_POINT('',(2.67,-2.23,-2.65));
#7936=VECTOR('',#9172,1.14);
#7937=CARTESIAN_POINT('',(2.67,-3.5,-3.1));
#7938=VECTOR('',#9173,1.14);
#7939=CARTESIAN_POINT('',(2.67,-3.5,-3.25));
#7940=VECTOR('',#9174,1.14);
#7941=CARTESIAN_POINT('',(2.67,-3.5,2.85));
#7942=VECTOR('',#9175,1.14);
#7943=CARTESIAN_POINT('',(2.67,-3.5,2.7));
#7944=VECTOR('',#9176,1.14);
#7945=CARTESIAN_POINT('',(2.67,-2.23,2.25));
#7946=VECTOR('',#9177,1.14);
#7947=CARTESIAN_POINT('',(-5.73,-2.23,-2.65));
#7948=CARTESIAN_POINT('',(-5.73,-2.23,-2.65));
#7949=VECTOR('',#9178,3.03);
#7950=CARTESIAN_POINT('',(-5.73,-3.5,-3.1));
#7951=CARTESIAN_POINT('',(-5.73,-3.5,-3.1));
#7952=VECTOR('',#9179,1.347367804276);
#7953=CARTESIAN_POINT('',(-5.73,-3.5,-3.25));
#7954=CARTESIAN_POINT('',(-5.73,-3.5,-3.25));
#7955=VECTOR('',#9180,0.15);
#7956=CARTESIAN_POINT('',(-5.73,0.8,-3.25));
#7957=VECTOR('',#9181,4.3);
#7958=CARTESIAN_POINT('',(-5.73,-3.5,2.85));
#7959=CARTESIAN_POINT('',(-5.73,-3.5,2.85));
#7960=VECTOR('',#9182,4.3);
#7961=CARTESIAN_POINT('',(-5.73,-3.5,2.7));
#7962=CARTESIAN_POINT('',(-5.73,-3.5,2.7));
#7963=VECTOR('',#9183,0.15);
#7964=CARTESIAN_POINT('',(-5.73,-2.23,2.25));
#7965=CARTESIAN_POINT('',(-5.73,-2.23,2.25));
#7966=VECTOR('',#9184,1.347367804276);
#7967=CARTESIAN_POINT('',(-5.73,0.8,2.25));
#7968=VECTOR('',#9185,3.03);
#7969=CARTESIAN_POINT('',(-5.73,9.2,1.31));
#7970=CARTESIAN_POINT('',(-5.73,9.2,1.31));
#7971=VECTOR('',#9186,5.5);
#7972=CARTESIAN_POINT('',(-5.73,9.2,2.45));
#7973=CARTESIAN_POINT('',(-5.73,9.2,2.45));
#7974=VECTOR('',#9187,1.14);
#7975=CARTESIAN_POINT('',(-5.73,4.3,2.45));
#7976=CARTESIAN_POINT('',(-5.73,4.3,2.45));
#7977=VECTOR('',#9188,4.9);
#7978=CARTESIAN_POINT('',(-5.73,3.7,2.85));
#7979=VECTOR('',#9189,0.7211102550928);
#7980=CARTESIAN_POINT('',(-5.73,4.3,-2.85));
#7981=CARTESIAN_POINT('',(-5.73,4.3,-2.85));
#7982=VECTOR('',#9190,0.7211102550928);
#7983=CARTESIAN_POINT('',(-5.73,9.2,-2.85));
#7984=CARTESIAN_POINT('',(-5.73,9.2,-2.85));
#7985=VECTOR('',#9191,4.9);
#7986=CARTESIAN_POINT('',(-5.73,9.2,-1.71));
#7987=CARTESIAN_POINT('',(-5.73,9.2,-1.71));
#7988=VECTOR('',#9192,1.14);
#7989=CARTESIAN_POINT('',(-5.73,3.7,-1.71));
#7990=VECTOR('',#9193,5.5);
#7991=CARTESIAN_POINT('',(-6.87,-3.5,-3.25));
#7992=CARTESIAN_POINT('',(-5.73,-3.5,-3.25));
#7993=VECTOR('',#9194,1.14);
#7994=CARTESIAN_POINT('',(-6.87,0.8,-3.25));
#7995=VECTOR('',#9195,4.3);
#7996=CARTESIAN_POINT('',(-6.87,-3.5,-3.1));
#7997=CARTESIAN_POINT('',(-6.87,-3.5,-3.25));
#7998=VECTOR('',#9196,0.15);
#7999=CARTESIAN_POINT('',(-6.87,-2.23,-2.65));
#8000=CARTESIAN_POINT('',(-6.87,-3.5,-3.1));
#8001=VECTOR('',#9197,1.347367804276);
#8002=CARTESIAN_POINT('',(-6.87,-2.23,-2.65));
#8003=VECTOR('',#9198,3.03);
#8004=CARTESIAN_POINT('',(-6.87,-2.23,2.25));
#8005=CARTESIAN_POINT('',(-6.87,0.8,2.25));
#8006=VECTOR('',#9199,3.03);
#8007=CARTESIAN_POINT('',(-6.87,-3.5,2.7));
#8008=CARTESIAN_POINT('',(-6.87,-2.23,2.25));
#8009=VECTOR('',#9200,1.347367804276);
#8010=CARTESIAN_POINT('',(-6.87,-3.5,2.85));
#8011=CARTESIAN_POINT('',(-6.87,-3.5,2.7));
#8012=VECTOR('',#9201,0.15);
#8013=CARTESIAN_POINT('',(-6.87,-3.5,2.85));
#8014=VECTOR('',#9202,4.3);
#8015=CARTESIAN_POINT('',(-6.87,4.3,2.45));
#8016=CARTESIAN_POINT('',(-6.87,9.2,2.45));
#8017=CARTESIAN_POINT('',(-6.87,4.3,2.45));
#8018=VECTOR('',#9203,4.9);
#8019=CARTESIAN_POINT('',(-6.87,9.2,1.31));
#8020=CARTESIAN_POINT('',(-6.87,9.2,2.45));
#8021=VECTOR('',#9204,1.14);
#8022=CARTESIAN_POINT('',(-6.87,9.2,1.31));
#8023=VECTOR('',#9205,5.5);
#8024=CARTESIAN_POINT('',(-6.87,3.7,2.85));
#8025=VECTOR('',#9206,0.7211102550928);
#8026=CARTESIAN_POINT('',(-6.87,9.2,-1.71));
#8027=CARTESIAN_POINT('',(-6.87,9.2,-2.85));
#8028=CARTESIAN_POINT('',(-6.87,9.2,-1.71));
#8029=VECTOR('',#9207,1.14);
#8030=CARTESIAN_POINT('',(-6.87,4.3,-2.85));
#8031=CARTESIAN_POINT('',(-6.87,9.2,-2.85));
#8032=VECTOR('',#9208,4.9);
#8033=CARTESIAN_POINT('',(-6.87,4.3,-2.85));
#8034=VECTOR('',#9209,0.7211102550928);
#8035=CARTESIAN_POINT('',(-6.87,3.7,-1.71));
#8036=VECTOR('',#9210,5.5);
#8037=CARTESIAN_POINT('',(-5.73,-2.23,-2.65));
#8038=VECTOR('',#9211,1.14);
#8039=CARTESIAN_POINT('',(-5.73,-3.5,-3.1));
#8040=VECTOR('',#9212,1.14);
#8041=CARTESIAN_POINT('',(-5.73,-3.5,2.85));
#8042=VECTOR('',#9213,1.14);
#8043=CARTESIAN_POINT('',(-5.73,-3.5,2.7));
#8044=VECTOR('',#9214,1.14);
#8045=CARTESIAN_POINT('',(-5.73,-2.23,2.25));
#8046=VECTOR('',#9215,1.14);
#8047=CARTESIAN_POINT('',(-5.73,4.3,2.45));
#8048=VECTOR('',#9216,1.14);
#8049=CARTESIAN_POINT('',(-5.73,9.2,2.45));
#8050=VECTOR('',#9217,1.14);
#8051=CARTESIAN_POINT('',(-5.73,9.2,1.31));
#8052=VECTOR('',#9218,1.14);
#8053=CARTESIAN_POINT('',(-5.73,9.2,-1.71));
#8054=VECTOR('',#9219,1.14);
#8055=CARTESIAN_POINT('',(-5.73,9.2,-2.85));
#8056=VECTOR('',#9220,1.14);
#8057=CARTESIAN_POINT('',(-5.73,4.3,-2.85));
#8058=VECTOR('',#9221,1.14);
#8059=CARTESIAN_POINT('',(-1.53,4.3,-2.85));
#8060=CARTESIAN_POINT('',(-1.53,4.3,-2.85));
#8061=VECTOR('',#9222,0.7211102550928);
#8062=CARTESIAN_POINT('',(-1.53,9.2,-2.85));
#8063=CARTESIAN_POINT('',(-1.53,9.2,-2.85));
#8064=VECTOR('',#9223,4.9);
#8065=CARTESIAN_POINT('',(-1.53,9.2,-1.71));
#8066=CARTESIAN_POINT('',(-1.53,9.2,-1.71));
#8067=VECTOR('',#9224,1.14);
#8068=CARTESIAN_POINT('',(-1.53,3.7,-1.71));
#8069=VECTOR('',#9225,5.5);
#8070=CARTESIAN_POINT('',(-1.53,9.2,1.31));
#8071=CARTESIAN_POINT('',(-1.53,9.2,1.31));
#8072=VECTOR('',#9226,5.5);
#8073=CARTESIAN_POINT('',(-1.53,9.2,2.45));
#8074=CARTESIAN_POINT('',(-1.53,9.2,2.45));
#8075=VECTOR('',#9227,1.14);
#8076=CARTESIAN_POINT('',(-1.53,4.3,2.45));
#8077=CARTESIAN_POINT('',(-1.53,4.3,2.45));
#8078=VECTOR('',#9228,4.9);
#8079=CARTESIAN_POINT('',(-1.53,3.7,2.85));
#8080=VECTOR('',#9229,0.7211102550928);
#8081=CARTESIAN_POINT('',(-1.53,-2.23,-2.65));
#8082=CARTESIAN_POINT('',(-1.53,-2.23,-2.65));
#8083=VECTOR('',#9230,3.03);
#8084=CARTESIAN_POINT('',(-1.53,-3.5,-3.1));
#8085=CARTESIAN_POINT('',(-1.53,-3.5,-3.1));
#8086=VECTOR('',#9231,1.347367804276);
#8087=CARTESIAN_POINT('',(-1.53,-3.5,-3.25));
#8088=CARTESIAN_POINT('',(-1.53,-3.5,-3.25));
#8089=VECTOR('',#9232,0.15);
#8090=CARTESIAN_POINT('',(-1.53,0.8,-3.25));
#8091=VECTOR('',#9233,4.3);
#8092=CARTESIAN_POINT('',(-1.53,-3.5,2.85));
#8093=CARTESIAN_POINT('',(-1.53,-3.5,2.85));
#8094=VECTOR('',#9234,4.3);
#8095=CARTESIAN_POINT('',(-1.53,-3.5,2.7));
#8096=CARTESIAN_POINT('',(-1.53,-3.5,2.7));
#8097=VECTOR('',#9235,0.15);
#8098=CARTESIAN_POINT('',(-1.53,-2.23,2.25));
#8099=CARTESIAN_POINT('',(-1.53,-2.23,2.25));
#8100=VECTOR('',#9236,1.347367804276);
#8101=CARTESIAN_POINT('',(-1.53,0.8,2.25));
#8102=VECTOR('',#9237,3.03);
#8103=CARTESIAN_POINT('',(-2.67,9.2,-1.71));
#8104=CARTESIAN_POINT('',(-1.53,9.2,-1.71));
#8105=VECTOR('',#9238,1.14);
#8106=CARTESIAN_POINT('',(-2.67,3.7,-1.71));
#8107=VECTOR('',#9239,5.5);
#8108=CARTESIAN_POINT('',(-2.67,9.2,-2.85));
#8109=CARTESIAN_POINT('',(-2.67,9.2,-1.71));
#8110=VECTOR('',#9240,1.14);
#8111=CARTESIAN_POINT('',(-2.67,4.3,-2.85));
#8112=CARTESIAN_POINT('',(-2.67,9.2,-2.85));
#8113=VECTOR('',#9241,4.9);
#8114=CARTESIAN_POINT('',(-2.67,4.3,-2.85));
#8115=VECTOR('',#9242,0.7211102550928);
#8116=CARTESIAN_POINT('',(-2.67,4.3,2.45));
#8117=CARTESIAN_POINT('',(-2.67,3.7,2.85));
#8118=VECTOR('',#9243,0.7211102550928);
#8119=CARTESIAN_POINT('',(-2.67,9.2,2.45));
#8120=CARTESIAN_POINT('',(-2.67,4.3,2.45));
#8121=VECTOR('',#9244,4.9);
#8122=CARTESIAN_POINT('',(-2.67,9.2,1.31));
#8123=CARTESIAN_POINT('',(-2.67,9.2,2.45));
#8124=VECTOR('',#9245,1.14);
#8125=CARTESIAN_POINT('',(-2.67,9.2,1.31));
#8126=VECTOR('',#9246,5.5);
#8127=CARTESIAN_POINT('',(-2.67,-3.5,-3.25));
#8128=CARTESIAN_POINT('',(-2.67,0.8,-3.25));
#8129=VECTOR('',#9247,4.3);
#8130=CARTESIAN_POINT('',(-2.67,-3.5,-3.1));
#8131=CARTESIAN_POINT('',(-2.67,-3.5,-3.25));
#8132=VECTOR('',#9248,0.15);
#8133=CARTESIAN_POINT('',(-2.67,-2.23,-2.65));
#8134=CARTESIAN_POINT('',(-2.67,-3.5,-3.1));
#8135=VECTOR('',#9249,1.347367804276);
#8136=CARTESIAN_POINT('',(-2.67,-2.23,-2.65));
#8137=VECTOR('',#9250,3.03);
#8138=CARTESIAN_POINT('',(-2.67,-2.23,2.25));
#8139=CARTESIAN_POINT('',(-2.67,0.8,2.25));
#8140=VECTOR('',#9251,3.03);
#8141=CARTESIAN_POINT('',(-2.67,-3.5,2.7));
#8142=CARTESIAN_POINT('',(-2.67,-2.23,2.25));
#8143=VECTOR('',#9252,1.347367804276);
#8144=CARTESIAN_POINT('',(-2.67,-3.5,2.85));
#8145=CARTESIAN_POINT('',(-2.67,-3.5,2.7));
#8146=VECTOR('',#9253,0.15);
#8147=CARTESIAN_POINT('',(-2.67,-3.5,2.85));
#8148=VECTOR('',#9254,4.3);
#8149=CARTESIAN_POINT('',(-1.53,4.3,-2.85));
#8150=VECTOR('',#9255,1.14);
#8151=CARTESIAN_POINT('',(-1.53,9.2,-2.85));
#8152=VECTOR('',#9256,1.14);
#8153=CARTESIAN_POINT('',(-1.53,9.2,1.31));
#8154=VECTOR('',#9257,1.14);
#8155=CARTESIAN_POINT('',(-1.53,9.2,2.45));
#8156=VECTOR('',#9258,1.14);
#8157=CARTESIAN_POINT('',(-1.53,4.3,2.45));
#8158=VECTOR('',#9259,1.14);
#8159=CARTESIAN_POINT('',(-1.53,-2.23,-2.65));
#8160=VECTOR('',#9260,1.14);
#8161=CARTESIAN_POINT('',(-1.53,-3.5,-3.1));
#8162=VECTOR('',#9261,1.14);
#8163=CARTESIAN_POINT('',(-1.53,-3.5,-3.25));
#8164=VECTOR('',#9262,1.14);
#8165=CARTESIAN_POINT('',(-1.53,-3.5,2.85));
#8166=VECTOR('',#9263,1.14);
#8167=CARTESIAN_POINT('',(-1.53,-3.5,2.7));
#8168=VECTOR('',#9264,1.14);
#8169=CARTESIAN_POINT('',(-1.53,-2.23,2.25));
#8170=VECTOR('',#9265,1.14);
#8171=CARTESIAN_POINT('',(8.1,12.8,3.9));
#8172=VECTOR('',#9266,9.1);
#8173=CARTESIAN_POINT('',(8.1,12.8,0.3));
#8174=VECTOR('',#9267,9.1);
#8175=CARTESIAN_POINT('',(6.87,4.3,-2.85));
#8176=CARTESIAN_POINT('',(6.87,4.3,-2.85));
#8177=VECTOR('',#9268,0.7211102550928);
#8178=CARTESIAN_POINT('',(6.87,9.2,-2.85));
#8179=CARTESIAN_POINT('',(6.87,9.2,-2.85));
#8180=VECTOR('',#9269,4.9);
#8181=CARTESIAN_POINT('',(6.87,9.2,-1.71));
#8182=CARTESIAN_POINT('',(6.87,9.2,-1.71));
#8183=VECTOR('',#9270,1.14);
#8184=CARTESIAN_POINT('',(6.87,3.7,-1.71));
#8185=VECTOR('',#9271,5.5);
#8186=CARTESIAN_POINT('',(6.87,9.2,1.31));
#8187=CARTESIAN_POINT('',(6.87,9.2,1.31));
#8188=VECTOR('',#9272,5.5);
#8189=CARTESIAN_POINT('',(6.87,9.2,2.45));
#8190=CARTESIAN_POINT('',(6.87,9.2,2.45));
#8191=VECTOR('',#9273,1.14);
#8192=CARTESIAN_POINT('',(6.87,4.3,2.45));
#8193=CARTESIAN_POINT('',(6.87,4.3,2.45));
#8194=VECTOR('',#9274,4.9);
#8195=CARTESIAN_POINT('',(6.87,3.7,2.85));
#8196=VECTOR('',#9275,0.7211102550928);
#8197=CARTESIAN_POINT('',(6.87,-3.5,2.85));
#8198=CARTESIAN_POINT('',(6.87,-3.5,2.85));
#8199=VECTOR('',#9276,4.3);
#8200=CARTESIAN_POINT('',(6.87,-3.5,2.7));
#8201=CARTESIAN_POINT('',(6.87,-3.5,2.7));
#8202=VECTOR('',#9277,0.15);
#8203=CARTESIAN_POINT('',(6.87,-2.23,2.25));
#8204=CARTESIAN_POINT('',(6.87,-2.23,2.25));
#8205=VECTOR('',#9278,1.347367804276);
#8206=CARTESIAN_POINT('',(6.87,0.8,2.25));
#8207=VECTOR('',#9279,3.03);
#8208=CARTESIAN_POINT('',(6.87,-2.23,-2.65));
#8209=CARTESIAN_POINT('',(6.87,-2.23,-2.65));
#8210=VECTOR('',#9280,3.03);
#8211=CARTESIAN_POINT('',(6.87,-3.5,-3.1));
#8212=CARTESIAN_POINT('',(6.87,-3.5,-3.1));
#8213=VECTOR('',#9281,1.347367804276);
#8214=CARTESIAN_POINT('',(6.87,-3.5,-3.25));
#8215=CARTESIAN_POINT('',(6.87,-3.5,-3.25));
#8216=VECTOR('',#9282,0.15);
#8217=CARTESIAN_POINT('',(6.87,0.8,-3.25));
#8218=VECTOR('',#9283,4.3);
#8219=CARTESIAN_POINT('',(5.73,9.2,-1.71));
#8220=CARTESIAN_POINT('',(6.87,9.2,-1.71));
#8221=VECTOR('',#9284,1.14);
#8222=CARTESIAN_POINT('',(5.73,3.7,-1.71));
#8223=VECTOR('',#9285,5.5);
#8224=CARTESIAN_POINT('',(5.73,9.2,-2.85));
#8225=CARTESIAN_POINT('',(5.73,9.2,-1.71));
#8226=VECTOR('',#9286,1.14);
#8227=CARTESIAN_POINT('',(5.73,4.3,-2.85));
#8228=CARTESIAN_POINT('',(5.73,9.2,-2.85));
#8229=VECTOR('',#9287,4.9);
#8230=CARTESIAN_POINT('',(5.73,4.3,-2.85));
#8231=VECTOR('',#9288,0.7211102550928);
#8232=CARTESIAN_POINT('',(5.73,4.3,2.45));
#8233=CARTESIAN_POINT('',(5.73,3.7,2.85));
#8234=VECTOR('',#9289,0.7211102550928);
#8235=CARTESIAN_POINT('',(5.73,9.2,2.45));
#8236=CARTESIAN_POINT('',(5.73,4.3,2.45));
#8237=VECTOR('',#9290,4.9);
#8238=CARTESIAN_POINT('',(5.73,9.2,1.31));
#8239=CARTESIAN_POINT('',(5.73,9.2,2.45));
#8240=VECTOR('',#9291,1.14);
#8241=CARTESIAN_POINT('',(5.73,9.2,1.31));
#8242=VECTOR('',#9292,5.5);
#8243=CARTESIAN_POINT('',(5.73,-2.23,2.25));
#8244=CARTESIAN_POINT('',(5.73,-3.5,2.7));
#8245=CARTESIAN_POINT('',(5.73,-2.23,2.25));
#8246=VECTOR('',#9293,1.347367804276);
#8247=CARTESIAN_POINT('',(5.73,-3.5,2.85));
#8248=CARTESIAN_POINT('',(5.73,-3.5,2.7));
#8249=VECTOR('',#9294,0.15);
#8250=CARTESIAN_POINT('',(5.73,-3.5,2.85));
#8251=VECTOR('',#9295,4.3);
#8252=CARTESIAN_POINT('',(5.73,0.8,2.25));
#8253=VECTOR('',#9296,3.03);
#8254=CARTESIAN_POINT('',(5.73,-3.5,-3.25));
#8255=CARTESIAN_POINT('',(5.73,0.8,-3.25));
#8256=VECTOR('',#9297,4.3);
#8257=CARTESIAN_POINT('',(5.73,-3.5,-3.1));
#8258=CARTESIAN_POINT('',(5.73,-3.5,-3.25));
#8259=VECTOR('',#9298,0.15);
#8260=CARTESIAN_POINT('',(5.73,-2.23,-2.65));
#8261=CARTESIAN_POINT('',(5.73,-3.5,-3.1));
#8262=VECTOR('',#9299,1.347367804276);
#8263=CARTESIAN_POINT('',(5.73,-2.23,-2.65));
#8264=VECTOR('',#9300,3.03);
#8265=CARTESIAN_POINT('',(6.87,4.3,-2.85));
#8266=VECTOR('',#9301,1.14);
#8267=CARTESIAN_POINT('',(6.87,9.2,-2.85));
#8268=VECTOR('',#9302,1.14);
#8269=CARTESIAN_POINT('',(6.87,9.2,1.31));
#8270=VECTOR('',#9303,1.14);
#8271=CARTESIAN_POINT('',(6.87,9.2,2.45));
#8272=VECTOR('',#9304,1.14);
#8273=CARTESIAN_POINT('',(6.87,4.3,2.45));
#8274=VECTOR('',#9305,1.14);
#8275=CARTESIAN_POINT('',(6.87,-2.23,2.25));
#8276=VECTOR('',#9306,1.14);
#8277=CARTESIAN_POINT('',(6.87,-3.5,2.7));
#8278=VECTOR('',#9307,1.14);
#8279=CARTESIAN_POINT('',(6.87,-3.5,2.85));
#8280=VECTOR('',#9308,1.14);
#8281=CARTESIAN_POINT('',(6.87,-2.23,-2.65));
#8282=VECTOR('',#9309,1.14);
#8283=CARTESIAN_POINT('',(6.87,-3.5,-3.1));
#8284=VECTOR('',#9310,1.14);
#8285=CARTESIAN_POINT('',(6.87,-3.5,-3.25));
#8286=VECTOR('',#9311,1.14);
#8287=CARTESIAN_POINT('',(1.7,9.75,-6.2));
#8288=CARTESIAN_POINT('',(1.7,9.75,-4.8));
#8289=VECTOR('',#9312,1.4);
#8290=CARTESIAN_POINT('',(1.7,9.75,-6.2));
#8291=VECTOR('',#9313,0.7);
#8292=CARTESIAN_POINT('',(-1.7,9.75,-6.2));
#8293=VECTOR('',#9314,3.4);
#8294=CARTESIAN_POINT('',(-9.4,4.8,-1.99));
#8295=CARTESIAN_POINT('',(-9.4,12.8,-1.99));
#8296=VECTOR('',#9315,8.0);
#8297=CARTESIAN_POINT('',(-9.0,4.8,-1.59));
#8298=VECTOR('',#9316,0.5656854249492);
#8299=CARTESIAN_POINT('',(9.7,4.8,-3.403629380496));
#8300=CARTESIAN_POINT('',(12.388936325,4.8,-3.261734753656));
#8301=AXIS2_PLACEMENT_3D('',#9317,#9318,#9319);
#8302=AXIS2_PLACEMENT_3D('',#9320,#9321,#9322);
#8303=CARTESIAN_POINT('',(9.7,4.8,-1.576370619504));
#8304=AXIS2_PLACEMENT_3D('',#9323,#9324,#9325);
#8305=CARTESIAN_POINT('',(12.388936325,4.8,-1.718265246344));
#8306=AXIS2_PLACEMENT_3D('',#9326,#9327,#9328);
#8307=CARTESIAN_POINT('',(12.388936325,4.8,-3.261734753656));
#8308=VECTOR('',#9329,1.543469507312);
#8309=CARTESIAN_POINT('',(-9.7,4.8,-1.576370619504));
#8310=AXIS2_PLACEMENT_3D('',#9330,#9331,#9332);
#8311=CARTESIAN_POINT('',(-9.4,4.8,-2.99));
#8312=CARTESIAN_POINT('',(-9.4,4.8,-1.99));
#8313=VECTOR('',#9333,1.0);
#8314=CARTESIAN_POINT('',(-9.4,4.8,-2.99));
#8315=VECTOR('',#9334,0.5656854249492);
#8316=CARTESIAN_POINT('',(-9.7,4.8,-3.403629380496));
#8317=AXIS2_PLACEMENT_3D('',#9335,#9336,#9337);
#8318=CARTESIAN_POINT('',(-12.388936325,4.8,-3.261734753656));
#8319=AXIS2_PLACEMENT_3D('',#9338,#9339,#9340);
#8320=CARTESIAN_POINT('',(-12.388936325,4.8,-1.718265246344));
#8321=CARTESIAN_POINT('',(-12.388936325,4.8,-3.261734753656));
#8322=VECTOR('',#9341,1.543469507312);
#8323=AXIS2_PLACEMENT_3D('',#9342,#9343,#9344);
#8324=CARTESIAN_POINT('',(12.388936325,1.3,-1.89));
#8325=CARTESIAN_POINT('',(12.388936325,1.3,-3.09));
#8326=AXIS2_PLACEMENT_3D('',#9345,#9346,#9347);
#8327=CARTESIAN_POINT('',(12.388936325,-2.06,-3.09));
#8328=CARTESIAN_POINT('',(12.388936325,-2.06,-3.09));
#8329=VECTOR('',#9348,3.36);
#8330=CARTESIAN_POINT('',(12.388936325,-2.06,-3.261734753656));
#8331=CARTESIAN_POINT('',(12.388936325,-2.06,-3.09));
#8332=VECTOR('',#9349,0.1717347536558);
#8333=CARTESIAN_POINT('',(12.388936325,4.8,-3.261734753656));
#8334=VECTOR('',#9350,6.86);
#8335=CARTESIAN_POINT('',(12.388936325,-2.06,-1.718265246344));
#8336=CARTESIAN_POINT('',(12.388936325,4.8,-1.718265246344));
#8337=VECTOR('',#9351,6.86);
#8338=CARTESIAN_POINT('',(12.388936325,-2.06,-1.89));
#8339=CARTESIAN_POINT('',(12.388936325,-2.06,-1.718265246344));
#8340=VECTOR('',#9352,0.1717347536558);
#8341=CARTESIAN_POINT('',(12.388936325,-2.06,-1.89));
#8342=VECTOR('',#9353,3.36);
#8343=CARTESIAN_POINT('',(10.211063675,-3.3,-1.89));
#8344=CARTESIAN_POINT('',(9.7,-2.06,-1.89));
#8345=CARTESIAN_POINT('',(10.211063675,-3.3,-1.89));
#8346=VECTOR('',#9354,1.34118830889);
#8347=CARTESIAN_POINT('',(9.7,1.3,-1.89));
#8348=CARTESIAN_POINT('',(9.7,-2.06,-1.89));
#8349=VECTOR('',#9355,3.36);
#8350=CARTESIAN_POINT('',(9.7,1.3,-1.89));
#8351=VECTOR('',#9356,2.688936325);
#8352=CARTESIAN_POINT('',(11.788936325,-3.3,-1.89));
#8353=CARTESIAN_POINT('',(12.388936325,-2.06,-1.89));
#8354=VECTOR('',#9357,1.377534028618);
#8355=CARTESIAN_POINT('',(11.788936325,-3.3,-1.89));
#8356=VECTOR('',#9358,1.577872650001);
#8357=CARTESIAN_POINT('',(11.788936325,-3.3,-1.110761760971));
#8358=CARTESIAN_POINT('',(11.788936325,-3.3,-1.110761760971));
#8359=VECTOR('',#9359,0.7792382390293);
#8360=CARTESIAN_POINT('',(10.211063675,-3.3,-1.110761760971));
#8361=AXIS2_PLACEMENT_3D('',#9360,#9361,#9362);
#8362=CARTESIAN_POINT('',(10.211063675,-3.3,-1.110761760971));
#8363=VECTOR('',#9363,0.7792382390293);
#8364=CARTESIAN_POINT('',(10.211063675,-3.3,-3.09));
#8365=CARTESIAN_POINT('',(10.211063675,-3.3,-3.869238239029));
#8366=CARTESIAN_POINT('',(10.211063675,-3.3,-3.09));
#8367=VECTOR('',#9364,0.7792382390293);
#8368=CARTESIAN_POINT('',(11.788936325,-3.3,-3.869238239029));
#8369=AXIS2_PLACEMENT_3D('',#9365,#9366,#9367);
#8370=CARTESIAN_POINT('',(11.788936325,-3.3,-3.09));
#8371=CARTESIAN_POINT('',(11.788936325,-3.3,-3.09));
#8372=VECTOR('',#9368,0.7792382390293);
#8373=CARTESIAN_POINT('',(11.788936325,-3.3,-3.09));
#8374=VECTOR('',#9369,1.577872650001);
#8375=CARTESIAN_POINT('',(-10.211063675,-3.3,-1.110761760971));
#8376=CARTESIAN_POINT('',(-10.211063675,-3.3,-1.89));
#8377=CARTESIAN_POINT('',(-10.211063675,-3.3,-1.110761760971));
#8378=VECTOR('',#9370,0.7792382390293);
#8379=CARTESIAN_POINT('',(-11.788936325,-3.3,-1.110761760971));
#8380=AXIS2_PLACEMENT_3D('',#9371,#9372,#9373);
#8381=CARTESIAN_POINT('',(-11.788936325,-3.3,-1.89));
#8382=CARTESIAN_POINT('',(-11.788936325,-3.3,-1.110761760971));
#8383=VECTOR('',#9374,0.7792382390293);
#8384=CARTESIAN_POINT('',(-11.788936325,-3.3,-1.89));
#8385=VECTOR('',#9375,1.577872650001);
#8386=CARTESIAN_POINT('',(-11.788936325,-3.3,-3.09));
#8387=CARTESIAN_POINT('',(-11.788936325,-3.3,-3.869238239029));
#8388=CARTESIAN_POINT('',(-11.788936325,-3.3,-3.09));
#8389=VECTOR('',#9376,0.7792382390293);
#8390=CARTESIAN_POINT('',(-10.211063675,-3.3,-3.869238239029));
#8391=AXIS2_PLACEMENT_3D('',#9377,#9378,#9379);
#8392=CARTESIAN_POINT('',(-10.211063675,-3.3,-3.09));
#8393=CARTESIAN_POINT('',(-10.211063675,-3.3,-3.09));
#8394=VECTOR('',#9380,0.7792382390293);
#8395=CARTESIAN_POINT('',(-11.788936325,-3.3,-3.09));
#8396=VECTOR('',#9381,1.577872650001);
#8397=CARTESIAN_POINT('',(9.80303703125,-2.31,-1.028712864853));
#8398=CARTESIAN_POINT('',(10.211063675,-3.3,-1.110761760971));
#8399=CARTESIAN_POINT('',(10.07534883618,-2.97071343871,-1.073436992072));
#8400=CARTESIAN_POINT('',(9.939324616169,-2.640676222097,-1.046607714192));
#8401=CARTESIAN_POINT('',(9.80303703125,-2.31,-1.028712864853));
#8402=CARTESIAN_POINT('',(9.7,-2.06,-1.119569250233));
#8403=CARTESIAN_POINT('',(9.80303703125,-2.31,-1.028712864853));
#8404=CARTESIAN_POINT('',(9.768441521702,-2.226060495123,-1.057050583579));
#8405=CARTESIAN_POINT('',(9.734083226041,-2.142696545182,-1.087237668458));
#8406=CARTESIAN_POINT('',(9.7,-2.06,-1.119569250233));
#8407=CARTESIAN_POINT('',(9.7,-2.06,-1.576370619504));
#8408=CARTESIAN_POINT('',(9.7,-2.06,-1.119569250233));
#8409=VECTOR('',#9382,0.4568013692705);
#8410=CARTESIAN_POINT('',(9.7,-2.06,-1.576370619504));
#8411=VECTOR('',#9383,0.3136293804963);
#8412=CARTESIAN_POINT('',(9.7,-2.06,-3.09));
#8413=CARTESIAN_POINT('',(9.7,-2.06,-3.403629380496));
#8414=CARTESIAN_POINT('',(9.7,-2.06,-3.09));
#8415=VECTOR('',#9384,0.3136293804963);
#8416=CARTESIAN_POINT('',(9.7,-2.06,-3.860430749767));
#8417=CARTESIAN_POINT('',(9.7,-2.06,-3.403629380496));
#8418=VECTOR('',#9385,0.4568013692705);
#8419=CARTESIAN_POINT('',(9.80303703125,-2.31,-3.951287135147));
#8420=CARTESIAN_POINT('',(9.7,-2.06,-3.860430749767));
#8421=CARTESIAN_POINT('',(9.734083226041,-2.142696545182,-3.892762331542));
#8422=CARTESIAN_POINT('',(9.768441521702,-2.226060495123,-3.922949416421));
#8423=CARTESIAN_POINT('',(9.80303703125,-2.31,-3.951287135147));
#8424=CARTESIAN_POINT('',(9.80303703125,-2.31,-3.951287135147));
#8425=CARTESIAN_POINT('',(9.939324616169,-2.640676222097,-3.933392285808));
#8426=CARTESIAN_POINT('',(10.07534883618,-2.97071343871,-3.906563007928));
#8427=CARTESIAN_POINT('',(10.211063675,-3.3,-3.869238239029));
#8428=CARTESIAN_POINT('',(10.211063675,-3.3,-3.09));
#8429=VECTOR('',#9386,1.34118830889);
#8430=CARTESIAN_POINT('',(9.7,2.7,-1.576370619504));
#8431=CARTESIAN_POINT('',(9.7,2.7,-1.576370619504));
#8432=VECTOR('',#9387,4.76);
#8433=CARTESIAN_POINT('',(9.7,2.7,-3.403629380496));
#8434=CARTESIAN_POINT('',(9.7,2.7,-1.576370619504));
#8435=VECTOR('',#9388,1.827258760993);
#8436=CARTESIAN_POINT('',(9.7,2.7,-3.403629380496));
#8437=VECTOR('',#9389,4.76);
#8438=CARTESIAN_POINT('',(9.7,1.3,-3.09));
#8439=CARTESIAN_POINT('',(9.7,-2.06,-3.09));
#8440=VECTOR('',#9390,3.36);
#8441=AXIS2_PLACEMENT_3D('',#9391,#9392,#9393);
#8442=CARTESIAN_POINT('',(9.7,1.3,-3.09));
#8443=VECTOR('',#9394,2.688936325);
#8444=CARTESIAN_POINT('',(12.388936325,-2.06,-3.09));
#8445=VECTOR('',#9395,1.377534028618);
#8446=CARTESIAN_POINT('',(12.388936325,-2.06,-1.209790515189));
#8447=CARTESIAN_POINT('',(12.388936325,-2.06,-1.209790515189));
#8448=VECTOR('',#9396,0.5084747311554);
#8449=CARTESIAN_POINT('',(12.26796858306,-2.31,-1.089879965051));
#8450=CARTESIAN_POINT('',(12.388936325,-2.06,-1.209790515189));
#8451=CARTESIAN_POINT('',(12.34920501247,-2.142111379225,-1.166684864227));
#8452=CARTESIAN_POINT('',(12.3088474082,-2.225517094713,-1.126900409509));
#8453=CARTESIAN_POINT('',(12.26796858306,-2.31,-1.089879965051));
#8454=CARTESIAN_POINT('',(12.26796858306,-2.31,-1.089879965051));
#8455=CARTESIAN_POINT('',(12.1081511613,-2.640289338321,-1.080177783593));
#8456=CARTESIAN_POINT('',(11.94847187296,-2.970293200891,-1.086915939673));
#8457=CARTESIAN_POINT('',(11.788936325,-3.3,-1.110761760971));
#8458=CARTESIAN_POINT('',(12.26796858306,-2.31,-3.890120034949));
#8459=CARTESIAN_POINT('',(11.788936325,-3.3,-3.869238239029));
#8460=CARTESIAN_POINT('',(11.94847187296,-2.970293200891,-3.893084060327));
#8461=CARTESIAN_POINT('',(12.1081511613,-2.640289338321,-3.899822216407));
#8462=CARTESIAN_POINT('',(12.26796858306,-2.31,-3.890120034949));
#8463=CARTESIAN_POINT('',(12.388936325,-2.06,-3.770209484811));
#8464=CARTESIAN_POINT('',(12.26796858306,-2.31,-3.890120034949));
#8465=CARTESIAN_POINT('',(12.3088474082,-2.225517094713,-3.853099590491));
#8466=CARTESIAN_POINT('',(12.34920501247,-2.142111379225,-3.813315135773));
#8467=CARTESIAN_POINT('',(12.388936325,-2.06,-3.770209484811));
#8468=CARTESIAN_POINT('',(12.388936325,-2.06,-3.261734753656));
#8469=VECTOR('',#9397,0.5084747311554);
#8470=AXIS2_PLACEMENT_3D('',#9398,#9399,#9400);
#8471=AXIS2_PLACEMENT_3D('',#9401,#9402,#9403);
#8472=AXIS2_PLACEMENT_3D('',#9404,#9405,#9406);
#8473=AXIS2_PLACEMENT_3D('',#9407,#9408,#9409);
#8474=AXIS2_PLACEMENT_3D('',#9410,#9411,#9412);
#8475=CARTESIAN_POINT('',(9.7,4.8,-3.403629380496));
#8476=VECTOR('',#9413,2.1);
#8477=CARTESIAN_POINT('',(9.7,4.8,-1.576370619504));
#8478=VECTOR('',#9414,2.1);
#8479=AXIS2_PLACEMENT_3D('',#9415,#9416,#9417);
#8480=AXIS2_PLACEMENT_3D('',#9418,#9419,#9420);
#8481=CARTESIAN_POINT('',(-9.7,2.7,-1.576370619504));
#8482=AXIS2_PLACEMENT_3D('',#9421,#9422,#9423);
#8483=CARTESIAN_POINT('',(-9.7,2.7,-3.403629380496));
#8484=CARTESIAN_POINT('',(-9.7,2.7,-1.576370619504));
#8485=VECTOR('',#9424,1.827258760993);
#8486=AXIS2_PLACEMENT_3D('',#9425,#9426,#9427);
#8487=CARTESIAN_POINT('',(-9.7,4.8,-3.403629380496));
#8488=VECTOR('',#9428,2.1);
#8489=CARTESIAN_POINT('',(-12.388936325,-2.06,-1.718265246344));
#8490=CARTESIAN_POINT('',(-12.388936325,4.8,-1.718265246344));
#8491=VECTOR('',#9429,6.86);
#8492=CARTESIAN_POINT('',(-9.7,-2.06,-1.576370619504));
#8493=AXIS2_PLACEMENT_3D('',#9430,#9431,#9432);
#8494=CARTESIAN_POINT('',(-9.7,2.7,-1.576370619504));
#8495=VECTOR('',#9433,4.76);
#8496=CARTESIAN_POINT('',(-9.7,4.8,-1.576370619504));
#8497=VECTOR('',#9434,2.1);
#8498=CARTESIAN_POINT('',(-9.7,-2.06,-3.403629380496));
#8499=CARTESIAN_POINT('',(-9.7,2.7,-3.403629380496));
#8500=VECTOR('',#9435,4.76);
#8501=CARTESIAN_POINT('',(-12.388936325,-2.06,-3.261734753656));
#8502=AXIS2_PLACEMENT_3D('',#9436,#9437,#9438);
#8503=CARTESIAN_POINT('',(-12.388936325,4.8,-3.261734753656));
#8504=VECTOR('',#9439,6.86);
#8505=CARTESIAN_POINT('',(-9.7,-2.06,-3.09));
#8506=CARTESIAN_POINT('',(-9.7,1.3,-3.09));
#8507=CARTESIAN_POINT('',(-9.7,-2.06,-3.09));
#8508=VECTOR('',#9440,3.36);
#8509=CARTESIAN_POINT('',(-9.7,-2.06,-3.09));
#8510=VECTOR('',#9441,0.3136293804963);
#8511=CARTESIAN_POINT('',(-9.7,-2.06,-1.89));
#8512=CARTESIAN_POINT('',(-9.7,-2.06,-1.576370619504));
#8513=VECTOR('',#9442,0.3136293804963);
#8514=CARTESIAN_POINT('',(-9.7,1.3,-1.89));
#8515=CARTESIAN_POINT('',(-9.7,-2.06,-1.89));
#8516=VECTOR('',#9443,3.36);
#8517=AXIS2_PLACEMENT_3D('',#9444,#9445,#9446);
#8518=CARTESIAN_POINT('',(-12.388936325,1.3,-1.89));
#8519=CARTESIAN_POINT('',(-9.7,1.3,-1.89));
#8520=VECTOR('',#9447,2.688936325);
#8521=CARTESIAN_POINT('',(-12.388936325,1.3,-3.09));
#8522=AXIS2_PLACEMENT_3D('',#9448,#9449,#9450);
#8523=CARTESIAN_POINT('',(-9.7,1.3,-3.09));
#8524=VECTOR('',#9451,2.688936325);
#8525=CARTESIAN_POINT('',(-9.7,-2.06,-3.09));
#8526=VECTOR('',#9452,1.34118830889);
#8527=CARTESIAN_POINT('',(-12.388936325,-2.06,-3.09));
#8528=CARTESIAN_POINT('',(-12.388936325,-2.06,-3.09));
#8529=VECTOR('',#9453,3.36);
#8530=CARTESIAN_POINT('',(-11.788936325,-3.3,-3.09));
#8531=VECTOR('',#9454,1.377534028618);
#8532=CARTESIAN_POINT('',(-12.26796858306,-2.31,-1.089879965051));
#8533=CARTESIAN_POINT('',(-11.788936325,-3.3,-1.110761760971));
#8534=CARTESIAN_POINT('',(-11.94847187296,-2.970293200891,-1.086915939673));
#8535=CARTESIAN_POINT('',(-12.1081511613,-2.640289338321,-1.080177783593));
#8536=CARTESIAN_POINT('',(-12.26796858306,-2.31,-1.089879965051));
#8537=CARTESIAN_POINT('',(-12.388936325,-2.06,-1.209790515189));
#8538=CARTESIAN_POINT('',(-12.26796858306,-2.31,-1.089879965051));
#8539=CARTESIAN_POINT('',(-12.3088474082,-2.225517094713,-1.126900409509));
#8540=CARTESIAN_POINT('',(-12.34920501247,-2.142111379225,-1.166684864227));
#8541=CARTESIAN_POINT('',(-12.388936325,-2.06,-1.209790515189));
#8542=CARTESIAN_POINT('',(-12.388936325,-2.06,-1.209790515189));
#8543=VECTOR('',#9455,0.5084747311554);
#8544=CARTESIAN_POINT('',(-12.388936325,-2.06,-1.89));
#8545=CARTESIAN_POINT('',(-12.388936325,-2.06,-1.718265246344));
#8546=VECTOR('',#9456,0.1717347536558);
#8547=CARTESIAN_POINT('',(-11.788936325,-3.3,-1.89));
#8548=VECTOR('',#9457,1.377534028618);
#8549=CARTESIAN_POINT('',(-12.388936325,-2.06,-3.09));
#8550=VECTOR('',#9458,0.1717347536558);
#8551=CARTESIAN_POINT('',(-12.388936325,-2.06,-3.770209484811));
#8552=CARTESIAN_POINT('',(-12.388936325,-2.06,-3.261734753656));
#8553=VECTOR('',#9459,0.5084747311554);
#8554=CARTESIAN_POINT('',(-12.26796858306,-2.31,-3.890120034949));
#8555=CARTESIAN_POINT('',(-12.388936325,-2.06,-3.770209484811));
#8556=CARTESIAN_POINT('',(-12.34920501247,-2.142111379225,-3.813315135773));
#8557=CARTESIAN_POINT('',(-12.3088474082,-2.225517094713,-3.853099590491));
#8558=CARTESIAN_POINT('',(-12.26796858306,-2.31,-3.890120034949));
#8559=CARTESIAN_POINT('',(-12.26796858306,-2.31,-3.890120034949));
#8560=CARTESIAN_POINT('',(-12.1081511613,-2.640289338321,-3.899822216407));
#8561=CARTESIAN_POINT('',(-11.94847187296,-2.970293200891,-3.893084060327));
#8562=CARTESIAN_POINT('',(-11.788936325,-3.3,-3.869238239029));
#8563=CARTESIAN_POINT('',(-12.388936325,-2.06,-1.89));
#8564=VECTOR('',#9460,3.36);
#8565=CARTESIAN_POINT('',(-9.7,-2.06,-1.89));
#8566=VECTOR('',#9461,1.34118830889);
#8567=CARTESIAN_POINT('',(-9.7,-2.06,-1.119569250233));
#8568=CARTESIAN_POINT('',(-9.7,-2.06,-1.119569250233));
#8569=VECTOR('',#9462,0.4568013692705);
#8570=CARTESIAN_POINT('',(-9.80303703125,-2.31,-1.028712864853));
#8571=CARTESIAN_POINT('',(-9.7,-2.06,-1.119569250233));
#8572=CARTESIAN_POINT('',(-9.734083226041,-2.142696545182,-1.087237668458));
#8573=CARTESIAN_POINT('',(-9.768441521702,-2.226060495123,-1.057050583579));
#8574=CARTESIAN_POINT('',(-9.80303703125,-2.31,-1.028712864853));
#8575=CARTESIAN_POINT('',(-9.80303703125,-2.31,-1.028712864853));
#8576=CARTESIAN_POINT('',(-9.939324616169,-2.640676222097,-1.046607714192));
#8577=CARTESIAN_POINT('',(-10.07534883618,-2.97071343871,-1.073436992072));
#8578=CARTESIAN_POINT('',(-10.211063675,-3.3,-1.110761760971));
#8579=CARTESIAN_POINT('',(-9.80303703125,-2.31,-3.951287135147));
#8580=CARTESIAN_POINT('',(-10.211063675,-3.3,-3.869238239029));
#8581=CARTESIAN_POINT('',(-10.07534883618,-2.97071343871,-3.906563007928));
#8582=CARTESIAN_POINT('',(-9.939324616169,-2.640676222097,-3.933392285808));
#8583=CARTESIAN_POINT('',(-9.80303703125,-2.31,-3.951287135147));
#8584=CARTESIAN_POINT('',(-9.7,-2.06,-3.860430749767));
#8585=CARTESIAN_POINT('',(-9.80303703125,-2.31,-3.951287135147));
#8586=CARTESIAN_POINT('',(-9.768441521702,-2.226060495123,-3.922949416421));
#8587=CARTESIAN_POINT('',(-9.734083226041,-2.142696545182,-3.892762331542));
#8588=CARTESIAN_POINT('',(-9.7,-2.06,-3.860430749767));
#8589=CARTESIAN_POINT('',(-9.7,-2.06,-3.403629380496));
#8590=VECTOR('',#9463,0.4568013692705);
#8591=AXIS2_PLACEMENT_3D('',#9464,#9465,#9466);
#8592=AXIS2_PLACEMENT_3D('',#9467,#9468,#9469);
#8593=AXIS2_PLACEMENT_3D('',#9470,#9471,#9472);
#8594=AXIS2_PLACEMENT_3D('',#9473,#9474,#9475);
#8595=AXIS2_PLACEMENT_3D('',#9476,#9477,#9478);
#8596=CARTESIAN_POINT('',(-9.4,12.8,-2.99));
#8597=VECTOR('',#9479,8.0);
#8598=DIRECTION('',(-0.0,-1.0,0.0));
#8599=CARTESIAN_POINT('',(9.0,12.8,2.6));
#8600=DIRECTION('',(0.0,-1.0,0.0));
#8601=DIRECTION('',(0.0,0.0,-1.0));
#8602=DIRECTION('',(0.0,-1.0,0.0));
#8603=CARTESIAN_POINT('',(9.0,0.2,2.6));
#8604=DIRECTION('',(0.0,-1.0,0.0));
#8605=DIRECTION('',(0.0,0.0,-1.0));
#8606=DIRECTION('',(0.0,1.0,0.0));
#8607=DIRECTION('',(0.0,0.0,-1.0));
#8608=DIRECTION('',(0.0,-1.0,0.0));
#8609=DIRECTION('',(0.0,0.0,1.0));
#8610=DIRECTION('',(0.0,1.0,0.0));
#8611=DIRECTION('',(0.0,0.0,1.0));
#8612=DIRECTION('',(0.0,-1.0,0.0));
#8613=DIRECTION('',(0.0,0.0,1.0));
#8614=DIRECTION('',(0.0,-1.0,0.0));
#8615=DIRECTION('',(0.0,0.0,1.0));
#8616=DIRECTION('',(0.0,1.0,0.0));
#8617=DIRECTION('',(0.0,0.0,1.0));
#8618=DIRECTION('',(0.0,1.0,0.0));
#8619=DIRECTION('',(0.0,0.0,-1.0));
#8620=DIRECTION('',(0.0,1.0,0.0));
#8621=DIRECTION('',(0.0,0.0,-1.0));
#8622=CARTESIAN_POINT('',(9.0,0.2,2.6));
#8623=DIRECTION('',(0.0,-1.0,0.0));
#8624=DIRECTION('',(0.0,0.0,-1.0));
#8625=DIRECTION('',(0.0,0.0,1.0));
#8626=DIRECTION('',(-1.0,0.0,0.0));
#8627=DIRECTION('',(0.0,0.0,1.0));
#8628=DIRECTION('',(1.0,0.0,0.0));
#8629=DIRECTION('',(0.0,0.0,-1.0));
#8630=DIRECTION('',(-1.0,0.0,0.0));
#8631=DIRECTION('',(0.0,0.0,1.0));
#8632=DIRECTION('',(1.0,0.0,0.0));
#8633=DIRECTION('',(0.0,0.0,1.0));
#8634=DIRECTION('',(1.0,0.0,0.0));
#8635=DIRECTION('',(0.0,0.0,1.0));
#8636=DIRECTION('',(-1.0,0.0,0.0));
#8637=DIRECTION('',(0.0,0.0,1.0));
#8638=DIRECTION('',(1.0,0.0,0.0));
#8639=DIRECTION('',(0.0,0.0,1.0));
#8640=DIRECTION('',(-1.0,0.0,0.0));
#8641=DIRECTION('',(0.0,1.0,0.0));
#8642=DIRECTION('',(0.0,0.0,-1.0));
#8643=DIRECTION('',(0.0,1.0,0.0));
#8644=DIRECTION('',(0.0,0.0,1.0));
#8645=DIRECTION('',(0.0,-1.0,0.0));
#8646=DIRECTION('',(0.0,0.0,1.0));
#8647=DIRECTION('',(0.0,-1.0,0.0));
#8648=DIRECTION('',(0.0,0.0,-1.0));
#8649=DIRECTION('',(0.0,-1.0,0.0));
#8650=DIRECTION('',(0.0,0.0,1.0));
#8651=DIRECTION('',(0.0,-1.0,0.0));
#8652=DIRECTION('',(0.0,0.0,-1.0));
#8653=DIRECTION('',(0.0,1.0,0.0));
#8654=CARTESIAN_POINT('',(9.0,12.8,2.6));
#8655=DIRECTION('',(0.0,-1.0,0.0));
#8656=DIRECTION('',(0.0,0.0,-1.0));
#8657=DIRECTION('',(1.0,0.0,0.0));
#8658=DIRECTION('',(0.707106781186548,0.0,-0.707106781186548));
#8659=DIRECTION('',(0.0,0.0,-1.0));
#8660=DIRECTION('',(-0.707106781186548,0.0,-0.707106781186548));
#8661=DIRECTION('',(1.0,0.0,0.0));
#8662=DIRECTION('',(1.0,0.0,0.0));
#8663=DIRECTION('',(1.0,0.0,0.0));
#8664=DIRECTION('',(1.0,0.0,0.0));
#8665=DIRECTION('',(0.0,0.0,1.0));
#8666=DIRECTION('',(-1.0,0.0,0.0));
#8667=DIRECTION('',(0.0,0.0,-1.0));
#8668=DIRECTION('',(0.707106781186548,0.0,-0.707106781186548));
#8669=DIRECTION('',(1.0,0.0,0.0));
#8670=DIRECTION('',(0.707106781186548,0.0,0.707106781186548));
#8671=DIRECTION('',(0.0,0.0,1.0));
#8672=DIRECTION('',(-1.0,0.0,0.0));
#8673=DIRECTION('',(0.0,0.0,-1.0));
#8674=DIRECTION('',(1.0,0.0,0.0));
#8675=DIRECTION('',(0.0,0.0,1.0));
#8676=DIRECTION('',(-1.0,0.0,0.0));
#8677=DIRECTION('',(0.0,0.0,-1.0));
#8678=DIRECTION('',(0.707106781186548,0.0,-0.707106781186548));
#8679=DIRECTION('',(1.0,0.0,0.0));
#8680=DIRECTION('',(0.707106781186548,0.0,0.707106781186548));
#8681=DIRECTION('',(0.0,0.0,1.0));
#8682=DIRECTION('',(-1.0,0.0,0.0));
#8683=DIRECTION('',(0.0,0.0,-1.0));
#8684=DIRECTION('',(-1.0,0.0,0.0));
#8685=DIRECTION('',(0.0,0.0,-1.0));
#8686=DIRECTION('',(1.0,0.0,0.0));
#8687=DIRECTION('',(0.0,0.0,1.0));
#8688=DIRECTION('',(-1.0,0.0,0.0));
#8689=DIRECTION('',(0.0,0.0,-1.0));
#8690=DIRECTION('',(0.707106781186548,0.0,-0.707106781186548));
#8691=DIRECTION('',(1.0,0.0,0.0));
#8692=DIRECTION('',(0.707106781186548,0.0,0.707106781186548));
#8693=DIRECTION('',(0.0,0.0,1.0));
#8694=DIRECTION('',(0.707106781186548,0.0,-0.707106781186548));
#8695=DIRECTION('',(1.0,0.0,0.0));
#8696=DIRECTION('',(0.707106781186548,0.0,0.707106781186548));
#8697=DIRECTION('',(0.0,0.0,1.0));
#8698=DIRECTION('',(-1.0,0.0,0.0));
#8699=DIRECTION('',(0.0,0.0,-1.0));
#8700=DIRECTION('',(1.0,0.0,0.0));
#8701=DIRECTION('',(0.0,0.0,1.0));
#8702=DIRECTION('',(-1.0,0.0,0.0));
#8703=DIRECTION('',(0.0,0.0,-1.0));
#8704=DIRECTION('',(0.0,0.859101543908758,0.511805175094575));
#8705=DIRECTION('',(1.0,0.0,0.0));
#8706=DIRECTION('',(0.0,0.859101543908758,0.511805175094575));
#8707=DIRECTION('',(0.0,1.0,0.0));
#8708=DIRECTION('',(0.0,0.0,-1.0));
#8709=DIRECTION('',(0.0,-1.0,0.0));
#8710=DIRECTION('',(1.0,0.0,0.0));
#8711=DIRECTION('',(0.0,-1.0,0.0));
#8712=DIRECTION('',(1.0,0.0,0.0));
#8713=DIRECTION('',(0.0,1.0,0.0));
#8714=DIRECTION('',(1.0,0.0,0.0));
#8715=DIRECTION('',(0.0,1.0,0.0));
#8716=DIRECTION('',(1.0,0.0,0.0));
#8717=DIRECTION('',(0.0,1.0,0.0));
#8718=DIRECTION('',(1.0,0.0,0.0));
#8719=DIRECTION('',(0.0,1.0,0.0));
#8720=DIRECTION('',(1.0,0.0,0.0));
#8721=DIRECTION('',(0.0,1.0,0.0));
#8722=DIRECTION('',(1.0,0.0,0.0));
#8723=DIRECTION('',(0.0,1.0,0.0));
#8724=DIRECTION('',(1.0,0.0,0.0));
#8725=DIRECTION('',(0.0,1.0,0.0));
#8726=DIRECTION('',(1.0,0.0,0.0));
#8727=DIRECTION('',(0.0,1.0,0.0));
#8728=DIRECTION('',(1.0,0.0,0.0));
#8729=DIRECTION('',(0.0,0.0,1.0));
#8730=DIRECTION('',(-1.0,0.0,0.0));
#8731=DIRECTION('',(0.0,0.0,-1.0));
#8732=DIRECTION('',(1.0,0.0,0.0));
#8733=DIRECTION('',(0.0,0.0,-1.0));
#8734=DIRECTION('',(1.0,0.0,0.0));
#8735=DIRECTION('',(1.0,0.0,0.0));
#8736=DIRECTION('',(1.0,0.0,0.0));
#8737=DIRECTION('',(0.0,0.0,1.0));
#8738=DIRECTION('',(0.0,0.0,-1.0));
#8739=DIRECTION('',(1.0,0.0,0.0));
#8740=DIRECTION('',(0.0,0.0,-1.0));
#8741=DIRECTION('',(1.0,0.0,0.0));
#8742=DIRECTION('',(0.0,0.0,1.0));
#8743=DIRECTION('',(1.0,0.0,0.0));
#8744=DIRECTION('',(0.0,0.0,1.0));
#8745=DIRECTION('',(0.0,0.0,-1.0));
#8746=DIRECTION('',(1.0,0.0,0.0));
#8747=DIRECTION('',(0.0,0.0,-1.0));
#8748=DIRECTION('',(1.0,0.0,0.0));
#8749=DIRECTION('',(0.0,0.0,1.0));
#8750=DIRECTION('',(1.0,0.0,0.0));
#8751=DIRECTION('',(0.0,0.0,1.0));
#8752=DIRECTION('',(1.0,0.0,0.0));
#8753=DIRECTION('',(0.0,0.0,-1.0));
#8754=DIRECTION('',(1.0,0.0,0.0));
#8755=DIRECTION('',(0.0,0.0,-1.0));
#8756=DIRECTION('',(1.0,0.0,0.0));
#8757=DIRECTION('',(0.0,0.0,-1.0));
#8758=DIRECTION('',(1.0,0.0,0.0));
#8759=DIRECTION('',(0.0,0.0,1.0));
#8760=DIRECTION('',(1.0,0.0,0.0));
#8761=DIRECTION('',(0.0,0.0,1.0));
#8762=DIRECTION('',(1.0,0.0,0.0));
#8763=DIRECTION('',(0.0,0.0,1.0));
#8764=DIRECTION('',(0.0,1.0,0.0));
#8765=DIRECTION('',(0.0,1.0,0.0));
#8766=DIRECTION('',(0.0,1.0,0.0));
#8767=DIRECTION('',(0.0,1.0,0.0));
#8768=DIRECTION('',(1.0,0.0,0.0));
#8769=DIRECTION('',(0.0,-1.0,0.0));
#8770=DIRECTION('',(1.0,0.0,0.0));
#8771=DIRECTION('',(0.0,1.0,0.0));
#8772=DIRECTION('',(-1.0,0.0,0.0));
#8773=DIRECTION('',(0.0,-1.0,0.0));
#8774=DIRECTION('',(-1.0,0.0,0.0));
#8775=DIRECTION('',(0.0,1.0,0.0));
#8776=DIRECTION('',(1.0,0.0,0.0));
#8777=DIRECTION('',(0.0,-1.0,0.0));
#8778=DIRECTION('',(1.0,0.0,0.0));
#8779=DIRECTION('',(0.0,1.0,0.0));
#8780=DIRECTION('',(1.0,0.0,0.0));
#8781=DIRECTION('',(0.0,-1.0,0.0));
#8782=DIRECTION('',(1.0,0.0,0.0));
#8783=DIRECTION('',(0.0,1.0,0.0));
#8784=DIRECTION('',(1.0,0.0,0.0));
#8785=DIRECTION('',(0.0,-1.0,0.0));
#8786=DIRECTION('',(1.0,0.0,0.0));
#8787=DIRECTION('',(0.0,1.0,0.0));
#8788=DIRECTION('',(1.0,0.0,0.0));
#8789=DIRECTION('',(0.0,-1.0,0.0));
#8790=DIRECTION('',(-1.0,0.0,0.0));
#8791=DIRECTION('',(0.0,1.0,0.0));
#8792=DIRECTION('',(1.0,0.0,0.0));
#8793=DIRECTION('',(0.0,0.0,-1.0));
#8794=DIRECTION('',(-1.0,0.0,0.0));
#8795=DIRECTION('',(0.0,0.0,1.0));
#8796=DIRECTION('',(1.0,0.0,0.0));
#8797=DIRECTION('',(0.0,0.0,-1.0));
#8798=DIRECTION('',(-1.0,0.0,0.0));
#8799=DIRECTION('',(0.0,0.0,-1.0));
#8800=DIRECTION('',(-1.0,0.0,0.0));
#8801=DIRECTION('',(0.0,0.0,1.0));
#8802=DIRECTION('',(-1.0,0.0,0.0));
#8803=DIRECTION('',(0.0,0.0,1.0));
#8804=DIRECTION('',(0.0,0.0,-1.0));
#8805=DIRECTION('',(-1.0,0.0,0.0));
#8806=DIRECTION('',(0.0,0.0,-1.0));
#8807=DIRECTION('',(1.0,0.0,0.0));
#8808=DIRECTION('',(0.0,0.0,-1.0));
#8809=DIRECTION('',(0.0,0.0,1.0));
#8810=DIRECTION('',(1.0,0.0,0.0));
#8811=DIRECTION('',(-1.0,0.0,0.0));
#8812=DIRECTION('',(0.0,0.0,1.0));
#8813=DIRECTION('',(-1.0,0.0,0.0));
#8814=DIRECTION('',(0.0,0.0,1.0));
#8815=DIRECTION('',(0.0,1.0,0.0));
#8816=DIRECTION('',(0.0,1.0,0.0));
#8817=DIRECTION('',(0.0,-1.0,0.0));
#8818=DIRECTION('',(-1.0,0.0,0.0));
#8819=DIRECTION('',(0.0,1.0,0.0));
#8820=DIRECTION('',(-1.0,0.0,0.0));
#8821=DIRECTION('',(0.0,1.0,0.0));
#8822=DIRECTION('',(-1.0,0.0,0.0));
#8823=DIRECTION('',(0.0,-1.0,0.0));
#8824=DIRECTION('',(-1.0,0.0,0.0));
#8825=DIRECTION('',(0.0,1.0,0.0));
#8826=DIRECTION('',(-1.0,0.0,0.0));
#8827=DIRECTION('',(0.0,1.0,0.0));
#8828=DIRECTION('',(0.0,-1.0,0.0));
#8829=DIRECTION('',(-1.0,0.0,0.0));
#8830=DIRECTION('',(0.0,-1.0,0.0));
#8831=DIRECTION('',(0.0,1.0,0.0));
#8832=DIRECTION('',(0.0,-1.0,0.0));
#8833=DIRECTION('',(-1.0,0.0,0.0));
#8834=DIRECTION('',(0.0,1.0,0.0));
#8835=DIRECTION('',(1.0,0.0,0.0));
#8836=DIRECTION('',(0.0,-1.0,0.0));
#8837=DIRECTION('',(1.0,0.0,0.0));
#8838=DIRECTION('',(0.0,1.0,0.0));
#8839=DIRECTION('',(1.0,0.0,0.0));
#8840=DIRECTION('',(0.0,-1.0,0.0));
#8841=DIRECTION('',(-1.0,0.0,0.0));
#8842=DIRECTION('',(0.0,1.0,0.0));
#8843=DIRECTION('',(0.0,-1.0,0.0));
#8844=DIRECTION('',(0.0,1.0,0.0));
#8845=DIRECTION('',(-1.0,0.0,0.0));
#8846=DIRECTION('',(0.0,-1.0,0.0));
#8847=DIRECTION('',(1.0,0.0,0.0));
#8848=DIRECTION('',(0.0,1.0,0.0));
#8849=DIRECTION('',(1.0,0.0,0.0));
#8850=DIRECTION('',(0.0,-1.0,0.0));
#8851=DIRECTION('',(-1.0,0.0,0.0));
#8852=DIRECTION('',(0.0,1.0,0.0));
#8853=DIRECTION('',(0.0,1.0,0.0));
#8854=DIRECTION('',(0.0,1.0,0.0));
#8855=DIRECTION('',(1.0,0.0,0.0));
#8856=DIRECTION('',(0.0,1.0,0.0));
#8857=DIRECTION('',(0.0,1.0,0.0));
#8858=DIRECTION('',(1.0,0.0,0.0));
#8859=DIRECTION('',(0.0,1.0,0.0));
#8860=DIRECTION('',(0.0,1.0,0.0));
#8861=DIRECTION('',(1.0,0.0,0.0));
#8862=DIRECTION('',(0.0,1.0,0.0));
#8863=DIRECTION('',(0.0,0.0,1.0));
#8864=DIRECTION('',(0.0,0.0,-1.0));
#8865=DIRECTION('',(0.0,0.0,1.0));
#8866=DIRECTION('',(0.0,0.0,-1.0));
#8867=DIRECTION('',(-1.0,0.0,0.0));
#8868=DIRECTION('',(0.0,0.0,1.0));
#8869=DIRECTION('',(-1.0,0.0,0.0));
#8870=DIRECTION('',(0.0,0.0,1.0));
#8871=DIRECTION('',(0.0,0.0,-1.0));
#8872=DIRECTION('',(1.0,0.0,0.0));
#8873=DIRECTION('',(0.0,0.0,-1.0));
#8874=DIRECTION('',(0.0,0.0,1.0));
#8875=DIRECTION('',(1.0,0.0,0.0));
#8876=DIRECTION('',(0.0,0.0,1.0));
#8877=DIRECTION('',(-1.0,0.0,0.0));
#8878=DIRECTION('',(-1.0,0.0,0.0));
#8879=DIRECTION('',(0.0,0.0,1.0));
#8880=DIRECTION('',(-1.0,0.0,0.0));
#8881=DIRECTION('',(0.0,0.0,1.0));
#8882=DIRECTION('',(0.0,0.0,-1.0));
#8883=DIRECTION('',(0.0,0.0,1.0));
#8884=DIRECTION('',(1.0,0.0,0.0));
#8885=DIRECTION('',(0.0,0.0,-1.0));
#8886=DIRECTION('',(-1.0,0.0,0.0));
#8887=DIRECTION('',(0.0,0.0,1.0));
#8888=DIRECTION('',(-1.0,0.0,0.0));
#8889=DIRECTION('',(0.0,0.0,1.0));
#8890=DIRECTION('',(-1.0,0.0,0.0));
#8891=DIRECTION('',(0.0,0.0,1.0));
#8892=DIRECTION('',(0.707106781186548,0.0,0.707106781186548));
#8893=DIRECTION('',(1.0,0.0,0.0));
#8894=DIRECTION('',(0.707106781186548,0.0,-0.707106781186548));
#8895=DIRECTION('',(0.0,0.0,-1.0));
#8896=DIRECTION('',(-1.0,0.0,0.0));
#8897=DIRECTION('',(0.0,0.0,1.0));
#8898=DIRECTION('',(1.0,0.0,0.0));
#8899=DIRECTION('',(0.0,0.0,-1.0));
#8900=DIRECTION('',(-1.0,0.0,0.0));
#8901=DIRECTION('',(0.0,0.0,1.0));
#8902=DIRECTION('',(-1.0,0.0,0.0));
#8903=DIRECTION('',(0.0,0.0,1.0));
#8904=DIRECTION('',(0.0,-1.0,0.0));
#8905=DIRECTION('',(0.0,-1.0,0.0));
#8906=DIRECTION('',(0.0,0.0,-1.0));
#8907=DIRECTION('',(0.0,0.0,1.0));
#8908=DIRECTION('',(0.0,0.0,1.0));
#8909=DIRECTION('',(0.0,-1.0,0.0));
#8910=DIRECTION('',(0.0,-1.0,0.0));
#8911=DIRECTION('',(0.0,0.0,-1.0));
#8912=DIRECTION('',(0.0,0.0,-1.0));
#8913=DIRECTION('',(0.707106781186548,0.0,0.707106781186548));
#8914=DIRECTION('',(1.0,0.0,0.0));
#8915=DIRECTION('',(0.707106781186548,0.0,-0.707106781186548));
#8916=DIRECTION('',(0.0,0.0,-1.0));
#8917=DIRECTION('',(-1.0,0.0,0.0));
#8918=DIRECTION('',(0.0,0.0,1.0));
#8919=DIRECTION('',(-1.0,0.0,0.0));
#8920=DIRECTION('',(0.0,0.0,1.0));
#8921=DIRECTION('',(-1.0,0.0,0.0));
#8922=DIRECTION('',(0.0,0.0,-1.0));
#8923=DIRECTION('',(0.0,0.0,-1.0));
#8924=DIRECTION('',(0.707106781186548,0.0,0.707106781186548));
#8925=DIRECTION('',(1.0,0.0,0.0));
#8926=DIRECTION('',(0.707106781186548,0.0,-0.707106781186548));
#8927=DIRECTION('',(0.0,0.0,-1.0));
#8928=DIRECTION('',(0.0,0.0,-1.0));
#8929=DIRECTION('',(-1.0,0.0,0.0));
#8930=DIRECTION('',(0.0,0.0,1.0));
#8931=DIRECTION('',(-1.0,0.0,0.0));
#8932=DIRECTION('',(0.0,0.0,1.0));
#8933=DIRECTION('',(-1.0,0.0,0.0));
#8934=DIRECTION('',(0.0,0.0,-1.0));
#8935=DIRECTION('',(0.0,0.0,1.0));
#8936=DIRECTION('',(1.0,0.0,0.0));
#8937=DIRECTION('',(0.0,0.0,-1.0));
#8938=DIRECTION('',(1.0,0.0,0.0));
#8939=DIRECTION('',(0.0,0.0,-1.0));
#8940=DIRECTION('',(-1.0,0.0,0.0));
#8941=DIRECTION('',(0.0,0.0,-1.0));
#8942=DIRECTION('',(-1.0,0.0,0.0));
#8943=DIRECTION('',(0.0,0.0,1.0));
#8944=DIRECTION('',(1.0,0.0,0.0));
#8945=DIRECTION('',(0.0,0.0,-1.0));
#8946=DIRECTION('',(1.0,0.0,0.0));
#8947=DIRECTION('',(-1.0,0.0,0.0));
#8948=DIRECTION('',(0.0,0.0,1.0));
#8949=DIRECTION('',(-1.0,0.0,0.0));
#8950=DIRECTION('',(0.0,0.0,-1.0));
#8951=DIRECTION('',(0.0,0.0,1.0));
#8952=DIRECTION('',(1.0,0.0,0.0));
#8953=DIRECTION('',(0.0,0.0,-1.0));
#8954=DIRECTION('',(1.0,0.0,0.0));
#8955=DIRECTION('',(0.0,0.0,-1.0));
#8956=DIRECTION('',(1.0,0.0,0.0));
#8957=DIRECTION('',(0.0,0.0,-1.0));
#8958=DIRECTION('',(-1.0,0.0,0.0));
#8959=DIRECTION('',(0.0,0.0,1.0));
#8960=DIRECTION('',(1.0,0.0,0.0));
#8961=DIRECTION('',(0.0,0.0,-1.0));
#8962=DIRECTION('',(1.0,0.0,0.0));
#8963=DIRECTION('',(-1.0,0.0,0.0));
#8964=DIRECTION('',(0.0,0.0,1.0));
#8965=DIRECTION('',(-1.0,0.0,0.0));
#8966=DIRECTION('',(0.0,0.0,-1.0));
#8967=DIRECTION('',(0.0,-1.0,0.0));
#8968=DIRECTION('',(0.0,-1.0,0.0));
#8969=DIRECTION('',(0.0,0.0,-1.0));
#8970=DIRECTION('',(0.0,0.0,-1.0));
#8971=DIRECTION('',(0.0,0.0,-1.0));
#8972=DIRECTION('',(0.0,-1.0,0.0));
#8973=DIRECTION('',(0.0,0.0,-1.0));
#8974=DIRECTION('',(0.0,-1.0,0.0));
#8975=DIRECTION('',(0.0,-1.0,0.0));
#8976=DIRECTION('',(-0.707106781186548,0.0,0.707106781186548));
#8977=DIRECTION('',(0.0,0.0,-1.0));
#8978=DIRECTION('',(0.0,0.0,-1.0));
#8979=DIRECTION('',(0.0,0.0,-1.0));
#8980=DIRECTION('',(0.0,0.0,1.0));
#8981=DIRECTION('',(0.0,0.0,-1.0));
#8982=DIRECTION('',(-1.0,0.0,0.0));
#8983=DIRECTION('',(0.0,0.0,1.0));
#8984=DIRECTION('',(-1.0,0.0,0.0));
#8985=DIRECTION('',(0.0,0.0,1.0));
#8986=DIRECTION('',(0.0,0.0,-1.0));
#8987=DIRECTION('',(1.0,0.0,0.0));
#8988=DIRECTION('',(0.0,0.0,-1.0));
#8989=DIRECTION('',(0.0,0.0,1.0));
#8990=DIRECTION('',(1.0,0.0,0.0));
#8991=DIRECTION('',(0.0,0.0,-1.0));
#8992=DIRECTION('',(-1.0,0.0,0.0));
#8993=DIRECTION('',(-1.0,0.0,0.0));
#8994=DIRECTION('',(0.0,0.0,1.0));
#8995=DIRECTION('',(-1.0,0.0,0.0));
#8996=DIRECTION('',(0.0,0.0,1.0));
#8997=DIRECTION('',(0.0,0.0,-1.0));
#8998=DIRECTION('',(0.0,0.0,-1.0));
#8999=DIRECTION('',(0.707106781186548,0.0,0.707106781186548));
#9000=DIRECTION('',(0.0,-1.0,0.0));
#9001=DIRECTION('',(0.0,-1.0,0.0));
#9002=DIRECTION('',(0.0,-1.0,0.0));
#9003=DIRECTION('',(0.0,0.0,-1.0));
#9004=DIRECTION('',(0.0,0.0,-1.0));
#9005=DIRECTION('',(0.0,-1.0,0.0));
#9006=DIRECTION('',(0.0,-1.0,0.0));
#9007=DIRECTION('',(0.0,0.0,-1.0));
#9008=DIRECTION('',(0.0,0.0,-1.0));
#9009=DIRECTION('',(0.0,0.0,-1.0));
#9010=DIRECTION('',(-1.0,0.0,0.0));
#9011=DIRECTION('',(0.0,0.0,1.0));
#9012=DIRECTION('',(1.0,0.0,0.0));
#9013=DIRECTION('',(-1.0,0.0,0.0));
#9014=DIRECTION('',(0.0,0.0,1.0));
#9015=DIRECTION('',(-1.0,0.0,0.0));
#9016=DIRECTION('',(0.0,0.0,-1.0));
#9017=DIRECTION('',(0.0,0.0,-1.0));
#9018=DIRECTION('',(-1.0,0.0,0.0));
#9019=DIRECTION('',(0.0,0.0,1.0));
#9020=DIRECTION('',(0.707106781186548,0.0,0.707106781186548));
#9021=DIRECTION('',(1.0,0.0,0.0));
#9022=DIRECTION('',(0.707106781186548,0.0,-0.707106781186548));
#9023=DIRECTION('',(0.0,0.0,-1.0));
#9024=DIRECTION('',(-1.0,0.0,0.0));
#9025=DIRECTION('',(-1.0,0.0,0.0));
#9026=DIRECTION('',(0.0,0.0,1.0));
#9027=DIRECTION('',(-1.0,0.0,0.0));
#9028=DIRECTION('',(0.0,0.0,-1.0));
#9029=DIRECTION('',(0.0,-1.0,0.0));
#9030=DIRECTION('',(0.0,-1.0,0.0));
#9031=DIRECTION('',(0.0,-1.0,0.0));
#9032=DIRECTION('',(0.0,1.0,0.0));
#9033=DIRECTION('',(0.0,1.0,0.0));
#9034=DIRECTION('',(0.0,1.0,0.0));
#9035=DIRECTION('',(0.0,1.0,0.0));
#9036=DIRECTION('',(-1.0,0.0,0.0));
#9037=DIRECTION('',(0.0,-1.0,0.0));
#9038=DIRECTION('',(0.0,1.0,0.0));
#9039=DIRECTION('',(1.0,0.0,0.0));
#9040=DIRECTION('',(0.0,1.0,0.0));
#9041=DIRECTION('',(0.0,-1.0,0.0));
#9042=DIRECTION('',(0.0,-1.0,0.0));
#9043=DIRECTION('',(0.0,1.0,0.0));
#9044=DIRECTION('',(0.0,-1.0,0.0));
#9045=DIRECTION('',(1.0,0.0,0.0));
#9046=DIRECTION('',(0.0,-1.0,0.0));
#9047=DIRECTION('',(0.0,1.0,0.0));
#9048=DIRECTION('',(1.0,0.0,0.0));
#9049=DIRECTION('',(0.0,-1.0,0.0));
#9050=DIRECTION('',(0.0,1.0,0.0));
#9051=DIRECTION('',(0.0,1.0,0.0));
#9052=DIRECTION('',(0.0,-1.0,0.0));
#9053=DIRECTION('',(0.0,-1.0,0.0));
#9054=DIRECTION('',(0.0,1.0,0.0));
#9055=DIRECTION('',(1.0,0.0,0.0));
#9056=DIRECTION('',(0.0,-1.0,0.0));
#9057=DIRECTION('',(0.0,1.0,0.0));
#9058=DIRECTION('',(0.0,1.0,0.0));
#9059=DIRECTION('',(0.0,1.0,0.0));
#9060=DIRECTION('',(0.0,-1.0,0.0));
#9061=DIRECTION('',(1.0,0.0,0.0));
#9062=DIRECTION('',(0.0,1.0,0.0));
#9063=DIRECTION('',(0.0,-1.0,0.0));
#9064=DIRECTION('',(-1.0,0.0,0.0));
#9065=DIRECTION('',(0.0,-1.0,0.0));
#9066=DIRECTION('',(0.0,1.0,0.0));
#9067=DIRECTION('',(-1.0,0.0,0.0));
#9068=DIRECTION('',(0.0,-1.0,0.0));
#9069=DIRECTION('',(-1.0,0.0,0.0));
#9070=DIRECTION('',(0.0,1.0,0.0));
#9071=DIRECTION('',(0.0,1.0,0.0));
#9072=DIRECTION('',(0.0,1.0,0.0));
#9073=DIRECTION('',(0.0,1.0,0.0));
#9074=DIRECTION('',(0.0,1.0,0.0));
#9075=DIRECTION('',(1.0,0.0,0.0));
#9076=DIRECTION('',(0.0,-1.0,0.0));
#9077=DIRECTION('',(1.0,0.0,0.0));
#9078=DIRECTION('',(0.0,1.0,0.0));
#9079=DIRECTION('',(0.0,-1.0,0.0));
#9080=DIRECTION('',(0.0,-1.0,0.0));
#9081=DIRECTION('',(0.0,-1.0,0.0));
#9082=DIRECTION('',(0.0,0.0,-1.0));
#9083=DIRECTION('',(0.0,0.0,-1.0));
#9084=DIRECTION('',(0.0,-1.0,0.0));
#9085=DIRECTION('',(0.0,0.0,-1.0));
#9086=DIRECTION('',(0.0,-1.0,0.0));
#9087=DIRECTION('',(0.0,-1.0,0.0));
#9088=DIRECTION('',(-0.707106781186548,0.0,0.707106781186548));
#9089=DIRECTION('',(0.0,0.0,-1.0));
#9090=DIRECTION('',(0.0,-1.0,0.0));
#9091=DIRECTION('',(0.0,-1.0,0.0));
#9092=DIRECTION('',(0.0,-1.0,0.0));
#9093=DIRECTION('',(0.0,-1.0,0.0));
#9094=DIRECTION('',(0.0,-1.0,0.0));
#9095=DIRECTION('',(0.0,0.0,-1.0));
#9096=DIRECTION('',(0.0,0.0,-1.0));
#9097=DIRECTION('',(0.0,-1.0,0.0));
#9098=DIRECTION('',(0.0,-1.0,0.0));
#9099=DIRECTION('',(0.0,-1.0,0.0));
#9100=DIRECTION('',(0.0,0.0,1.0));
#9101=DIRECTION('',(0.0,-1.0,0.0));
#9102=DIRECTION('',(0.0,0.0,-1.0));
#9103=DIRECTION('',(0.0,-1.0,0.0));
#9104=DIRECTION('',(0.0,-1.0,0.0));
#9105=DIRECTION('',(0.0,0.0,1.0));
#9106=DIRECTION('',(0.707106781186548,0.0,0.707106781186548));
#9107=DIRECTION('',(0.0,0.0,-1.0));
#9108=DIRECTION('',(0.0,-1.0,0.0));
#9109=DIRECTION('',(0.0,-1.0,0.0));
#9110=DIRECTION('',(0.0,-1.0,0.0));
#9111=DIRECTION('',(0.0,-1.0,0.0));
#9112=DIRECTION('',(0.0,0.0,-1.0));
#9113=DIRECTION('',(0.0,0.0,-1.0));
#9114=DIRECTION('',(0.0,0.0,-1.0));
#9115=DIRECTION('',(0.0,0.0,1.0));
#9116=DIRECTION('',(0.0,0.0,-1.0));
#9117=DIRECTION('',(-1.0,0.0,0.0));
#9118=DIRECTION('',(0.0,0.0,1.0));
#9119=DIRECTION('',(-1.0,0.0,0.0));
#9120=DIRECTION('',(0.0,0.0,1.0));
#9121=DIRECTION('',(0.0,0.0,-1.0));
#9122=DIRECTION('',(0.0,0.0,1.0));
#9123=DIRECTION('',(0.0,0.0,-1.0));
#9124=DIRECTION('',(-1.0,0.0,0.0));
#9125=DIRECTION('',(0.0,0.0,1.0));
#9126=DIRECTION('',(-1.0,0.0,0.0));
#9127=DIRECTION('',(0.0,0.0,1.0));
#9128=DIRECTION('',(0.0,0.0,1.0));
#9129=DIRECTION('',(0.707106781186548,0.0,-0.707106781186548));
#9130=DIRECTION('',(0.0,-1.0,0.0));
#9131=DIRECTION('',(0.0,-1.0,0.0));
#9132=DIRECTION('',(0.707106781186548,0.0,0.707106781186548));
#9133=DIRECTION('',(0.0,0.0,-1.0));
#9134=DIRECTION('',(0.0,-0.832050294337844,-0.554700196225229));
#9135=DIRECTION('',(0.0,-1.0,0.0));
#9136=DIRECTION('',(0.0,0.0,-1.0));
#9137=DIRECTION('',(0.0,1.0,0.0));
#9138=DIRECTION('',(0.0,-1.0,0.0));
#9139=DIRECTION('',(0.0,0.0,-1.0));
#9140=DIRECTION('',(0.0,1.0,0.0));
#9141=DIRECTION('',(0.0,0.832050294337844,-0.554700196225229));
#9142=DIRECTION('',(0.0,1.0,0.0));
#9143=DIRECTION('',(0.0,0.942578556478323,0.333984527886008));
#9144=DIRECTION('',(0.0,0.0,1.0));
#9145=DIRECTION('',(0.0,-1.0,0.0));
#9146=DIRECTION('',(0.0,1.0,0.0));
#9147=DIRECTION('',(0.0,0.0,1.0));
#9148=DIRECTION('',(0.0,-0.942578556478323,0.333984527886008));
#9149=DIRECTION('',(0.0,-1.0,0.0));
#9150=DIRECTION('',(-1.0,0.0,0.0));
#9151=DIRECTION('',(0.0,1.0,0.0));
#9152=DIRECTION('',(0.0,0.0,-1.0));
#9153=DIRECTION('',(0.0,-1.0,0.0));
#9154=DIRECTION('',(0.0,-0.832050294337844,-0.554700196225229));
#9155=DIRECTION('',(0.0,0.832050294337844,-0.554700196225229));
#9156=DIRECTION('',(0.0,1.0,0.0));
#9157=DIRECTION('',(0.0,0.0,-1.0));
#9158=DIRECTION('',(0.0,-1.0,0.0));
#9159=DIRECTION('',(0.0,-1.0,0.0));
#9160=DIRECTION('',(0.0,0.0,1.0));
#9161=DIRECTION('',(0.0,0.942578556478323,0.333984527886008));
#9162=DIRECTION('',(0.0,1.0,0.0));
#9163=DIRECTION('',(0.0,-1.0,0.0));
#9164=DIRECTION('',(0.0,-0.942578556478323,0.333984527886008));
#9165=DIRECTION('',(0.0,0.0,1.0));
#9166=DIRECTION('',(0.0,1.0,0.0));
#9167=DIRECTION('',(-1.0,0.0,0.0));
#9168=DIRECTION('',(-1.0,0.0,0.0));
#9169=DIRECTION('',(-1.0,0.0,0.0));
#9170=DIRECTION('',(-1.0,0.0,0.0));
#9171=DIRECTION('',(-1.0,0.0,0.0));
#9172=DIRECTION('',(-1.0,0.0,0.0));
#9173=DIRECTION('',(-1.0,0.0,0.0));
#9174=DIRECTION('',(-1.0,0.0,0.0));
#9175=DIRECTION('',(-1.0,0.0,0.0));
#9176=DIRECTION('',(-1.0,0.0,0.0));
#9177=DIRECTION('',(-1.0,0.0,0.0));
#9178=DIRECTION('',(0.0,1.0,0.0));
#9179=DIRECTION('',(0.0,0.942578556478323,0.333984527886008));
#9180=DIRECTION('',(0.0,0.0,1.0));
#9181=DIRECTION('',(0.0,-1.0,0.0));
#9182=DIRECTION('',(0.0,1.0,0.0));
#9183=DIRECTION('',(0.0,0.0,1.0));
#9184=DIRECTION('',(0.0,-0.942578556478323,0.333984527886008));
#9185=DIRECTION('',(0.0,-1.0,0.0));
#9186=DIRECTION('',(0.0,-1.0,0.0));
#9187=DIRECTION('',(0.0,0.0,-1.0));
#9188=DIRECTION('',(0.0,1.0,0.0));
#9189=DIRECTION('',(0.0,0.832050294337844,-0.554700196225229));
#9190=DIRECTION('',(0.0,-0.832050294337844,-0.554700196225229));
#9191=DIRECTION('',(0.0,-1.0,0.0));
#9192=DIRECTION('',(0.0,0.0,-1.0));
#9193=DIRECTION('',(0.0,1.0,0.0));
#9194=DIRECTION('',(-1.0,0.0,0.0));
#9195=DIRECTION('',(0.0,-1.0,0.0));
#9196=DIRECTION('',(0.0,0.0,1.0));
#9197=DIRECTION('',(0.0,0.942578556478323,0.333984527886008));
#9198=DIRECTION('',(0.0,1.0,0.0));
#9199=DIRECTION('',(0.0,-1.0,0.0));
#9200=DIRECTION('',(0.0,-0.942578556478323,0.333984527886008));
#9201=DIRECTION('',(0.0,0.0,1.0));
#9202=DIRECTION('',(0.0,1.0,0.0));
#9203=DIRECTION('',(0.0,1.0,0.0));
#9204=DIRECTION('',(0.0,0.0,-1.0));
#9205=DIRECTION('',(0.0,-1.0,0.0));
#9206=DIRECTION('',(0.0,0.832050294337844,-0.554700196225229));
#9207=DIRECTION('',(0.0,0.0,-1.0));
#9208=DIRECTION('',(0.0,-1.0,0.0));
#9209=DIRECTION('',(0.0,-0.832050294337844,-0.554700196225229));
#9210=DIRECTION('',(0.0,1.0,0.0));
#9211=DIRECTION('',(-1.0,0.0,0.0));
#9212=DIRECTION('',(-1.0,0.0,0.0));
#9213=DIRECTION('',(-1.0,0.0,0.0));
#9214=DIRECTION('',(-1.0,0.0,0.0));
#9215=DIRECTION('',(-1.0,0.0,0.0));
#9216=DIRECTION('',(-1.0,0.0,0.0));
#9217=DIRECTION('',(-1.0,0.0,0.0));
#9218=DIRECTION('',(-1.0,0.0,0.0));
#9219=DIRECTION('',(-1.0,0.0,0.0));
#9220=DIRECTION('',(-1.0,0.0,0.0));
#9221=DIRECTION('',(-1.0,0.0,0.0));
#9222=DIRECTION('',(0.0,-0.832050294337844,-0.554700196225229));
#9223=DIRECTION('',(0.0,-1.0,0.0));
#9224=DIRECTION('',(0.0,0.0,-1.0));
#9225=DIRECTION('',(0.0,1.0,0.0));
#9226=DIRECTION('',(0.0,-1.0,0.0));
#9227=DIRECTION('',(0.0,0.0,-1.0));
#9228=DIRECTION('',(0.0,1.0,0.0));
#9229=DIRECTION('',(0.0,0.832050294337844,-0.554700196225229));
#9230=DIRECTION('',(0.0,1.0,0.0));
#9231=DIRECTION('',(0.0,0.942578556478323,0.333984527886008));
#9232=DIRECTION('',(0.0,0.0,1.0));
#9233=DIRECTION('',(0.0,-1.0,0.0));
#9234=DIRECTION('',(0.0,1.0,0.0));
#9235=DIRECTION('',(0.0,0.0,1.0));
#9236=DIRECTION('',(0.0,-0.942578556478323,0.333984527886008));
#9237=DIRECTION('',(0.0,-1.0,0.0));
#9238=DIRECTION('',(-1.0,0.0,0.0));
#9239=DIRECTION('',(0.0,1.0,0.0));
#9240=DIRECTION('',(0.0,0.0,-1.0));
#9241=DIRECTION('',(0.0,-1.0,0.0));
#9242=DIRECTION('',(0.0,-0.832050294337844,-0.554700196225229));
#9243=DIRECTION('',(0.0,0.832050294337844,-0.554700196225229));
#9244=DIRECTION('',(0.0,1.0,0.0));
#9245=DIRECTION('',(0.0,0.0,-1.0));
#9246=DIRECTION('',(0.0,-1.0,0.0));
#9247=DIRECTION('',(0.0,-1.0,0.0));
#9248=DIRECTION('',(0.0,0.0,1.0));
#9249=DIRECTION('',(0.0,0.942578556478323,0.333984527886008));
#9250=DIRECTION('',(0.0,1.0,0.0));
#9251=DIRECTION('',(0.0,-1.0,0.0));
#9252=DIRECTION('',(0.0,-0.942578556478323,0.333984527886008));
#9253=DIRECTION('',(0.0,0.0,1.0));
#9254=DIRECTION('',(0.0,1.0,0.0));
#9255=DIRECTION('',(-1.0,0.0,0.0));
#9256=DIRECTION('',(-1.0,0.0,0.0));
#9257=DIRECTION('',(-1.0,0.0,0.0));
#9258=DIRECTION('',(-1.0,0.0,0.0));
#9259=DIRECTION('',(-1.0,0.0,0.0));
#9260=DIRECTION('',(-1.0,0.0,0.0));
#9261=DIRECTION('',(-1.0,0.0,0.0));
#9262=DIRECTION('',(-1.0,0.0,0.0));
#9263=DIRECTION('',(-1.0,0.0,0.0));
#9264=DIRECTION('',(-1.0,0.0,0.0));
#9265=DIRECTION('',(-1.0,0.0,0.0));
#9266=DIRECTION('',(0.0,-1.0,0.0));
#9267=DIRECTION('',(0.0,-1.0,0.0));
#9268=DIRECTION('',(0.0,-0.832050294337844,-0.554700196225229));
#9269=DIRECTION('',(0.0,-1.0,0.0));
#9270=DIRECTION('',(0.0,0.0,-1.0));
#9271=DIRECTION('',(0.0,1.0,0.0));
#9272=DIRECTION('',(0.0,-1.0,0.0));
#9273=DIRECTION('',(0.0,0.0,-1.0));
#9274=DIRECTION('',(0.0,1.0,0.0));
#9275=DIRECTION('',(0.0,0.832050294337844,-0.554700196225229));
#9276=DIRECTION('',(0.0,1.0,0.0));
#9277=DIRECTION('',(0.0,0.0,1.0));
#9278=DIRECTION('',(0.0,-0.942578556478323,0.333984527886008));
#9279=DIRECTION('',(0.0,-1.0,0.0));
#9280=DIRECTION('',(0.0,1.0,0.0));
#9281=DIRECTION('',(0.0,0.942578556478323,0.333984527886008));
#9282=DIRECTION('',(0.0,0.0,1.0));
#9283=DIRECTION('',(0.0,-1.0,0.0));
#9284=DIRECTION('',(-1.0,0.0,0.0));
#9285=DIRECTION('',(0.0,1.0,0.0));
#9286=DIRECTION('',(0.0,0.0,-1.0));
#9287=DIRECTION('',(0.0,-1.0,0.0));
#9288=DIRECTION('',(0.0,-0.832050294337844,-0.554700196225229));
#9289=DIRECTION('',(0.0,0.832050294337844,-0.554700196225229));
#9290=DIRECTION('',(0.0,1.0,0.0));
#9291=DIRECTION('',(0.0,0.0,-1.0));
#9292=DIRECTION('',(0.0,-1.0,0.0));
#9293=DIRECTION('',(0.0,-0.942578556478323,0.333984527886008));
#9294=DIRECTION('',(0.0,0.0,1.0));
#9295=DIRECTION('',(0.0,1.0,0.0));
#9296=DIRECTION('',(0.0,-1.0,0.0));
#9297=DIRECTION('',(0.0,-1.0,0.0));
#9298=DIRECTION('',(0.0,0.0,1.0));
#9299=DIRECTION('',(0.0,0.942578556478323,0.333984527886008));
#9300=DIRECTION('',(0.0,1.0,0.0));
#9301=DIRECTION('',(-1.0,0.0,0.0));
#9302=DIRECTION('',(-1.0,0.0,0.0));
#9303=DIRECTION('',(-1.0,0.0,0.0));
#9304=DIRECTION('',(-1.0,0.0,0.0));
#9305=DIRECTION('',(-1.0,0.0,0.0));
#9306=DIRECTION('',(-1.0,0.0,0.0));
#9307=DIRECTION('',(-1.0,0.0,0.0));
#9308=DIRECTION('',(-1.0,0.0,0.0));
#9309=DIRECTION('',(-1.0,0.0,0.0));
#9310=DIRECTION('',(-1.0,0.0,0.0));
#9311=DIRECTION('',(-1.0,0.0,0.0));
#9312=DIRECTION('',(0.0,0.0,-1.0));
#9313=DIRECTION('',(0.0,1.0,0.0));
#9314=DIRECTION('',(1.0,0.0,0.0));
#9315=DIRECTION('',(0.0,-1.0,0.0));
#9316=DIRECTION('',(-0.707106781186548,0.0,-0.707106781186548));
#9317=CARTESIAN_POINT('',(11.0,4.8,-2.49));
#9318=DIRECTION('',(0.0,-1.0,-0.0));
#9319=DIRECTION('',(-0.81815739217847,0.0,-0.574994331818779));
#9320=CARTESIAN_POINT('',(9.385005172276,4.8,-3.625005172276));
#9321=DIRECTION('',(0.0,1.0,0.0));
#9322=DIRECTION('',(-1.0,0.0,0.0));
#9323=CARTESIAN_POINT('',(9.385005172276,4.8,-1.354994827724));
#9324=DIRECTION('',(0.0,1.0,0.0));
#9325=DIRECTION('',(0.818157392178437,0.0,-0.574994331818826));
#9326=CARTESIAN_POINT('',(11.0,4.8,-2.49));
#9327=DIRECTION('',(0.0,-1.0,0.0));
#9328=DIRECTION('',(0.87412963197252,0.0,0.485692687311211));
#9329=DIRECTION('',(0.0,0.0,1.0));
#9330=CARTESIAN_POINT('',(-9.385005172276,4.8,-1.354994827724));
#9331=DIRECTION('',(-0.0,1.0,0.0));
#9332=DIRECTION('',(1.0,0.0,0.0));
#9333=DIRECTION('',(0.0,0.0,-1.0));
#9334=DIRECTION('',(0.707106781186548,0.0,-0.707106781186548));
#9335=CARTESIAN_POINT('',(-9.385005172276,4.8,-3.625005172276));
#9336=DIRECTION('',(0.0,1.0,0.0));
#9337=DIRECTION('',(-0.81815739217847,0.0,0.574994331818779));
#9338=CARTESIAN_POINT('',(-11.0,4.8,-2.49));
#9339=DIRECTION('',(0.0,-1.0,-0.0));
#9340=DIRECTION('',(-0.87412963197252,0.0,-0.485692687311211));
#9341=DIRECTION('',(0.0,0.0,1.0));
#9342=CARTESIAN_POINT('',(-11.0,4.8,-2.49));
#9343=DIRECTION('',(0.0,-1.0,0.0));
#9344=DIRECTION('',(0.81815739217847,0.0,0.574994331818779));
#9345=CARTESIAN_POINT('',(12.388936325,1.3,-2.49));
#9346=DIRECTION('',(-1.0,0.0,0.0));
#9347=DIRECTION('',(0.0,0.0,1.0));
#9348=DIRECTION('',(0.0,1.0,0.0));
#9349=DIRECTION('',(0.0,0.0,-1.0));
#9350=DIRECTION('',(0.0,-1.0,0.0));
#9351=DIRECTION('',(0.0,-1.0,0.0));
#9352=DIRECTION('',(0.0,0.0,-1.0));
#9353=DIRECTION('',(0.0,1.0,0.0));
#9354=DIRECTION('',(-0.381052885423978,0.924553242658345,0.0));
#9355=DIRECTION('',(0.0,1.0,0.0));
#9356=DIRECTION('',(1.0,0.0,0.0));
#9357=DIRECTION('',(-0.435560928104302,-0.900159251415503,0.0));
#9358=DIRECTION('',(-1.0,0.0,0.0));
#9359=DIRECTION('',(0.0,0.0,-1.0));
#9360=CARTESIAN_POINT('',(11.0,-3.3,-2.49));
#9361=DIRECTION('',(0.0,1.0,0.0));
#9362=DIRECTION('',(-0.496518527890198,0.0,0.868026123720796));
#9363=DIRECTION('',(0.0,0.0,-1.0));
#9364=DIRECTION('',(0.0,0.0,-1.0));
#9365=CARTESIAN_POINT('',(11.0,-3.3,-2.49));
#9366=DIRECTION('',(0.0,1.0,0.0));
#9367=DIRECTION('',(0.496518527890198,0.0,-0.868026123720796));
#9368=DIRECTION('',(0.0,0.0,-1.0));
#9369=DIRECTION('',(-1.0,0.0,0.0));
#9370=DIRECTION('',(0.0,0.0,-1.0));
#9371=CARTESIAN_POINT('',(-11.0,-3.3,-2.49));
#9372=DIRECTION('',(0.0,1.0,0.0));
#9373=DIRECTION('',(-0.496518527890198,0.0,0.868026123720796));
#9374=DIRECTION('',(0.0,0.0,-1.0));
#9375=DIRECTION('',(1.0,0.0,0.0));
#9376=DIRECTION('',(0.0,0.0,-1.0));
#9377=CARTESIAN_POINT('',(-11.0,-3.3,-2.49));
#9378=DIRECTION('',(0.0,1.0,0.0));
#9379=DIRECTION('',(0.496518527890198,0.0,-0.868026123720796));
#9380=DIRECTION('',(0.0,0.0,-1.0));
#9381=DIRECTION('',(1.0,0.0,0.0));
#9382=DIRECTION('',(0.0,0.0,-1.0));
#9383=DIRECTION('',(0.0,1.132774510213E-14,-1.0));
#9384=DIRECTION('',(0.0,-1.132774510213E-14,-1.0));
#9385=DIRECTION('',(0.0,0.0,-1.0));
#9386=DIRECTION('',(-0.381052885423978,0.924553242658345,0.0));
#9387=DIRECTION('',(0.0,-1.0,0.0));
#9388=DIRECTION('',(0.0,0.0,-1.0));
#9389=DIRECTION('',(0.0,-1.0,0.0));
#9390=DIRECTION('',(0.0,1.0,0.0));
#9391=CARTESIAN_POINT('',(9.7,1.3,-2.49));
#9392=DIRECTION('',(-1.0,0.0,0.0));
#9393=DIRECTION('',(0.0,0.0,1.0));
#9394=DIRECTION('',(1.0,0.0,0.0));
#9395=DIRECTION('',(-0.435560928104302,-0.900159251415503,0.0));
#9396=DIRECTION('',(0.0,0.0,-1.0));
#9397=DIRECTION('',(0.0,0.0,-1.0));
#9398=CARTESIAN_POINT('',(11.0,-2.31,-2.49));
#9399=DIRECTION('',(0.0,-1.0,0.0));
#9400=DIRECTION('',(0.671260627625783,0.0,0.741221404034881));
#9401=CARTESIAN_POINT('',(11.0,-2.06,-2.49));
#9402=DIRECTION('',(0.0,-1.0,0.0));
#9403=DIRECTION('',(0.73530076510128,0.0,0.677740942279181));
#9404=CARTESIAN_POINT('',(11.0,-2.06,-2.49));
#9405=DIRECTION('',(0.0,-1.0,0.0));
#9406=DIRECTION('',(0.87412963197252,0.0,0.485692687311211));
#9407=CARTESIAN_POINT('',(11.0,-2.06,-2.49));
#9408=DIRECTION('',(0.0,-1.0,-0.0));
#9409=DIRECTION('',(-0.81815739217847,0.0,-0.574994331818779));
#9410=CARTESIAN_POINT('',(11.0,-2.06,-2.49));
#9411=DIRECTION('',(0.0,1.0,0.0));
#9412=DIRECTION('',(0.73530076510128,0.0,-0.677740942279181));
#9413=DIRECTION('',(0.0,-1.0,0.0));
#9414=DIRECTION('',(0.0,-1.0,0.0));
#9415=CARTESIAN_POINT('',(9.385005172276,2.7,-3.625005172276));
#9416=DIRECTION('',(0.0,-1.0,0.0));
#9417=DIRECTION('',(0.81815739217847,0.0,0.574994331818779));
#9418=CARTESIAN_POINT('',(9.385005172276,2.7,-1.354994827724));
#9419=DIRECTION('',(0.0,-1.0,0.0));
#9420=DIRECTION('',(-1.0,0.0,0.0));
#9421=CARTESIAN_POINT('',(-9.385005172276,2.7,-1.354994827724));
#9422=DIRECTION('',(0.0,-1.0,-0.0));
#9423=DIRECTION('',(-0.81815739217847,0.0,-0.574994331818779));
#9424=DIRECTION('',(0.0,0.0,-1.0));
#9425=CARTESIAN_POINT('',(-9.385005172276,2.7,-3.625005172276));
#9426=DIRECTION('',(0.0,-1.0,0.0));
#9427=DIRECTION('',(1.0,0.0,0.0));
#9428=DIRECTION('',(0.0,-1.0,0.0));
#9429=DIRECTION('',(0.0,-1.0,0.0));
#9430=CARTESIAN_POINT('',(-11.0,-2.06,-2.49));
#9431=DIRECTION('',(0.0,-1.0,0.0));
#9432=DIRECTION('',(0.81815739217847,0.0,0.574994331818779));
#9433=DIRECTION('',(0.0,-1.0,0.0));
#9434=DIRECTION('',(0.0,-1.0,0.0));
#9435=DIRECTION('',(0.0,-1.0,0.0));
#9436=CARTESIAN_POINT('',(-11.0,-2.06,-2.49));
#9437=DIRECTION('',(0.0,-1.0,-0.0));
#9438=DIRECTION('',(-0.87412963197252,0.0,-0.485692687311211));
#9439=DIRECTION('',(0.0,-1.0,0.0));
#9440=DIRECTION('',(0.0,1.0,0.0));
#9441=DIRECTION('',(0.0,0.0,-1.0));
#9442=DIRECTION('',(0.0,0.0,-1.0));
#9443=DIRECTION('',(0.0,1.0,0.0));
#9444=CARTESIAN_POINT('',(-9.7,1.3,-2.49));
#9445=DIRECTION('',(1.0,0.0,0.0));
#9446=DIRECTION('',(0.0,0.0,-1.0));
#9447=DIRECTION('',(-1.0,0.0,0.0));
#9448=CARTESIAN_POINT('',(-12.388936325,1.3,-2.49));
#9449=DIRECTION('',(1.0,0.0,0.0));
#9450=DIRECTION('',(0.0,0.0,-1.0));
#9451=DIRECTION('',(-1.0,0.0,0.0));
#9452=DIRECTION('',(-0.381052885423978,-0.924553242658345,0.0));
#9453=DIRECTION('',(0.0,1.0,0.0));
#9454=DIRECTION('',(-0.435560928104302,0.900159251415503,0.0));
#9455=DIRECTION('',(0.0,0.0,-1.0));
#9456=DIRECTION('',(0.0,0.0,-1.0));
#9457=DIRECTION('',(-0.435560928104302,0.900159251415503,0.0));
#9458=DIRECTION('',(0.0,0.0,-1.0));
#9459=DIRECTION('',(0.0,0.0,-1.0));
#9460=DIRECTION('',(0.0,1.0,0.0));
#9461=DIRECTION('',(-0.381052885423978,-0.924553242658345,0.0));
#9462=DIRECTION('',(0.0,0.0,-1.0));
#9463=DIRECTION('',(0.0,0.0,-1.0));
#9464=CARTESIAN_POINT('',(-11.0,-2.31,-2.49));
#9465=DIRECTION('',(0.0,-1.0,0.0));
#9466=DIRECTION('',(0.633670364060474,0.0,0.773603173281668));
#9467=CARTESIAN_POINT('',(-11.0,-2.06,-2.49));
#9468=DIRECTION('',(0.0,-1.0,0.0));
#9469=DIRECTION('',(0.688218010736641,0.0,0.725503941889843));
#9470=CARTESIAN_POINT('',(-11.0,-2.06,-2.49));
#9471=DIRECTION('',(0.0,1.0,0.0));
#9472=DIRECTION('',(0.688218010736641,0.0,-0.725503941889843));
#9473=CARTESIAN_POINT('',(-11.0,-2.31,-2.49));
#9474=DIRECTION('',(0.0,1.0,0.0));
#9475=DIRECTION('',(0.633670364060474,0.0,-0.773603173281668));
#9476=CARTESIAN_POINT('',(11.0,-2.31,-2.49));
#9477=DIRECTION('',(0.0,1.0,0.0));
#9478=DIRECTION('',(0.671260627625783,0.0,-0.741221404034881));
#9479=DIRECTION('',(0.0,-1.0,0.0));
ENDSEC;
END-ISO-10303-21;
