ISO-10303-21;
HEADER;
FILE_DESCRIPTION(('STEP AP242'),'1');
FILE_NAME('0039289108.stp','2025-01-29T08:03:40',('TraceParts'),('TraceParts S.A.'),'Spatial InterOp 3D',' ',' ');
FILE_SCHEMA(('AP242_MANAGED_MODEL_BASED_3D_ENGINEERING_MIM_LF  {1 0 10303 442 1 1 4}'));
ENDSEC;
DATA;
#1=PRODUCT_DEFINITION_CONTEXT('',#10,'design');
#2=APPLICATION_PROTOCOL_DEFINITION('INTERNATIONAL STANDARD','ap242_managed_model_based_3d_engineering',2014,#10);
#3=PRODUCT_CATEGORY_RELATIONSHIP('NONE','NONE',#11,#12);
#4=SHAPE_DEFINITION_REPRESENTATION(#13,#14);
#5=SHAPE_DEFINITION_REPRESENTATION(#13,#15);
#6= (GEOMETRIC_REPRESENTATION_CONTEXT(3)GLOBAL_UNCERTAINTY_ASSIGNED_CONTEXT((#18))GLOBAL_UNIT_ASSIGNED_CONTEXT((#20,#21,#22))REPRESENTATION_CONTEXT('NONE','WORKSPACE'));
#10=APPLICATION_CONTEXT('managed model based 3d engineering');
#11=PRODUCT_CATEGORY('part','NONE');
#12=PRODUCT_RELATED_PRODUCT_CATEGORY('detail',' ',(#24));
#13=PRODUCT_DEFINITION_SHAPE('NONE','NONE',#25);
#14=ADVANCED_BREP_SHAPE_REPRESENTATION('0039289108_1',(#26,#27),#6);
#15=GEOMETRICALLY_BOUNDED_SURFACE_SHAPE_REPRESENTATION('1',(#28,#29),#6);
#18=UNCERTAINTY_MEASURE_WITH_UNIT(LENGTH_MEASURE(1.0E-06),#20,'','');
#20= (CONVERSION_BASED_UNIT('MILLIMETRE',#32)LENGTH_UNIT()NAMED_UNIT(#35));
#21= (NAMED_UNIT(#37)PLANE_ANGLE_UNIT()SI_UNIT($,.RADIAN.));
#22= (NAMED_UNIT(#37)SOLID_ANGLE_UNIT()SI_UNIT($,.STERADIAN.));
#24=PRODUCT('0039289108_1','0039289108_1','PART-0039289108_1-DESC',(#43));
#25=PRODUCT_DEFINITION('','NONE',#44,#1);
#26=MANIFOLD_SOLID_BREP('0039289108_1',#45);
#27=AXIS2_PLACEMENT_3D('',#46,#47,#48);
#28=GEOMETRIC_SET('1',(#49,#50,#51,#52,#53,#54,#55,#56,#57,#58,#59,#60,#61,#62,#63,#64,#65,#66,#67,#68,#69,#70,#71,#72,#73,#74));
#29=AXIS2_PLACEMENT_3D('',#75,#76,#77);
#32=LENGTH_MEASURE_WITH_UNIT(LENGTH_MEASURE(1.0),#78);
#35=DIMENSIONAL_EXPONENTS(1.0,0.0,0.0,0.0,0.0,0.0,0.0);
#37=DIMENSIONAL_EXPONENTS(0.0,0.0,0.0,0.0,0.0,0.0,0.0);
#43=PRODUCT_CONTEXT('',#10,'mechanical');
#44=PRODUCT_DEFINITION_FORMATION_WITH_SPECIFIED_SOURCE(' ','NONE',#24,.NOT_KNOWN.);
#45=CLOSED_SHELL('',(#79,#80,#81,#82,#83,#84,#85,#86,#87,#88,#89,#90,#91,#92,#93,#94,#95,#96,#97,#98,#99,#100,#101,#102,#103,#104,#105,#106,#107,#108,#109,#110,#111,#112,#113,#114,#115,#116,#117,#118,#119,#120,#121,#122,#123,#124,#125,#126,#127,#128,#129,#130,#131,#132,#133,#134,#135,#136,#137,#138,#139,#140,#141,#142,#143,#144,#145,#146,#147,#148,#149,#150,#151,#152,#153,#154,#155,#156,#157,#158,#159,#160,#161,#162,#163,#164,#165,#166,#167,#168,#169,#170,#171,#172,#173,#174,#175,#176,#177,#178,#179,#180,#181,#182,#183,#184,#185,#186,#187,#188,#189,#190,#191,#192,#193,#194,#195,#196,#197,#198,#199,#200,#201,#202,#203,#204,#205,#206,#207,#208,#209,#210,#211,#212,#213,#214,#215,#216,#217,#218,#219,#220,#221,#222,#223,#224,#225,#226,#227,#228,#229,#230,#231,#232,#233,#234,#235,#236,#237,#238,#239,#240,#241,#242,#243,#244,#245,#246,#247,#248,#249,#250,#251,#252,#253,#254,#255,#256,#257,#258,#259,#260,#261,#262,#263,#264,#265,#266,#267,#268,#269,#270,#271,#272,#273,#274,#275,#276,#277,#278,#279,#280,#281,#282,#283,#284,#285,#286,#287,#288,#289,#290,#291,#292,#293,#294,#295,#296,#297,#298,#299,#300,#301,#302,#303,#304,#305,#306,#307,#308,#309,#310,#311,#312,#313,#314,#315,#316,#317,#318,#319,#320,#321,#322,#323,#324,#325,#326,#327,#328,#329,#330,#331,#332,#333,#334,#335,#336,#337,#338,#339,#340,#341,#342,#343,#344,#345,#346,#347,#348,#349,#350,#351,#352,#353,#354,#355,#356,#357,#358,#359,#360,#361,#362,#363,#364,#365,#366,#367,#368,#369,#370,#371,#372,#373,#374,#375,#376,#377,#378,#379,#380,#381,#382,#383,#384,#385,#386,#387,#388,#389,#390,#391,#392,#393,#394,#395,#396,#397,#398,#399,#400,#401,#402,#403,#404,#405,#406,#407,#408,#409,#410,#411,#412,#413,#414,#415,#416,#417));
#46=CARTESIAN_POINT('',(0.0,0.0,0.0));
#47=DIRECTION('',(0.0,0.0,1.0));
#48=DIRECTION('',(1.0,0.0,0.0));
#49=COMPOSITE_CURVE('0039289108_2',(#418),.U.);
#50=COMPOSITE_CURVE('0039289108_3',(#419),.U.);
#51=COMPOSITE_CURVE('0039289108_4',(#420),.U.);
#52=COMPOSITE_CURVE('0039289108_5',(#421),.U.);
#53=COMPOSITE_CURVE('0039289108_6',(#422),.U.);
#54=COMPOSITE_CURVE('0039289108_7',(#423),.U.);
#55=COMPOSITE_CURVE('0039289108_8',(#424),.U.);
#56=COMPOSITE_CURVE('0039289108_9',(#425),.U.);
#57=COMPOSITE_CURVE('0039289108_10',(#426),.U.);
#58=COMPOSITE_CURVE('0039289108_11',(#427),.U.);
#59=COMPOSITE_CURVE('0039289108_12',(#428),.U.);
#60=COMPOSITE_CURVE('0039289108_13',(#429),.U.);
#61=COMPOSITE_CURVE('0039289108_14',(#430),.U.);
#62=COMPOSITE_CURVE('0039289108_15',(#431),.U.);
#63=COMPOSITE_CURVE('0039289108_16',(#432),.U.);
#64=COMPOSITE_CURVE('0039289108_17',(#433),.U.);
#65=COMPOSITE_CURVE('0039289108_18',(#434),.U.);
#66=COMPOSITE_CURVE('0039289108_19',(#435),.U.);
#67=COMPOSITE_CURVE('0039289108_20',(#436),.U.);
#68=COMPOSITE_CURVE('0039289108_21',(#437),.U.);
#69=COMPOSITE_CURVE('0039289108_22',(#438),.U.);
#70=COMPOSITE_CURVE('0039289108_23',(#439),.U.);
#71=COMPOSITE_CURVE('0039289108_24',(#440),.U.);
#72=COMPOSITE_CURVE('0039289108_25',(#441),.U.);
#73=COMPOSITE_CURVE('0039289108_26',(#442),.U.);
#74=COMPOSITE_CURVE('0039289108_27',(#443),.U.);
#75=CARTESIAN_POINT('',(0.0,0.0,0.0));
#76=DIRECTION('',(0.0,0.0,1.0));
#77=DIRECTION('',(1.0,0.0,0.0));
#78= (NAMED_UNIT(#35)LENGTH_UNIT()SI_UNIT(.MILLI.,.METRE.));
#79=ADVANCED_FACE('',(#445),#446,.T.);
#80=ADVANCED_FACE('',(#447),#448,.F.);
#81=ADVANCED_FACE('',(#449),#450,.T.);
#82=ADVANCED_FACE('',(#451),#452,.T.);
#83=ADVANCED_FACE('',(#453,#454),#455,.T.);
#84=ADVANCED_FACE('',(#456),#457,.T.);
#85=ADVANCED_FACE('',(#458),#459,.T.);
#86=ADVANCED_FACE('',(#460,#461,#462,#463,#464,#465,#466,#467,#468,#469,#470),#471,.T.);
#87=ADVANCED_FACE('',(#472),#473,.T.);
#88=ADVANCED_FACE('',(#474),#475,.F.);
#89=ADVANCED_FACE('',(#476),#477,.T.);
#90=ADVANCED_FACE('',(#478),#479,.T.);
#91=ADVANCED_FACE('',(#480),#481,.T.);
#92=ADVANCED_FACE('',(#482),#483,.T.);
#93=ADVANCED_FACE('',(#484),#485,.T.);
#94=ADVANCED_FACE('',(#486),#487,.T.);
#95=ADVANCED_FACE('',(#488),#489,.T.);
#96=ADVANCED_FACE('',(#490),#491,.T.);
#97=ADVANCED_FACE('',(#492),#493,.T.);
#98=ADVANCED_FACE('',(#494),#495,.T.);
#99=ADVANCED_FACE('',(#496),#497,.T.);
#100=ADVANCED_FACE('',(#498),#499,.T.);
#101=ADVANCED_FACE('',(#500),#501,.T.);
#102=ADVANCED_FACE('',(#502),#503,.T.);
#103=ADVANCED_FACE('',(#504),#505,.F.);
#104=ADVANCED_FACE('',(#506,#507),#508,.T.);
#105=ADVANCED_FACE('',(#509,#510),#511,.T.);
#106=ADVANCED_FACE('',(#512),#513,.F.);
#107=ADVANCED_FACE('',(#514),#515,.T.);
#108=ADVANCED_FACE('',(#516),#517,.T.);
#109=ADVANCED_FACE('',(#518),#519,.T.);
#110=ADVANCED_FACE('',(#520),#521,.T.);
#111=ADVANCED_FACE('',(#522),#523,.T.);
#112=ADVANCED_FACE('',(#524),#525,.T.);
#113=ADVANCED_FACE('',(#526),#527,.F.);
#114=ADVANCED_FACE('',(#528),#529,.T.);
#115=ADVANCED_FACE('',(#530),#531,.F.);
#116=ADVANCED_FACE('',(#532,#533),#534,.T.);
#117=ADVANCED_FACE('',(#535,#536),#537,.T.);
#118=ADVANCED_FACE('',(#538),#539,.F.);
#119=ADVANCED_FACE('',(#540),#541,.F.);
#120=ADVANCED_FACE('',(#542),#543,.F.);
#121=ADVANCED_FACE('',(#544,#545),#546,.T.);
#122=ADVANCED_FACE('',(#547,#548),#549,.T.);
#123=ADVANCED_FACE('',(#550),#551,.F.);
#124=ADVANCED_FACE('',(#552),#553,.F.);
#125=ADVANCED_FACE('',(#554),#555,.F.);
#126=ADVANCED_FACE('',(#556,#557),#558,.T.);
#127=ADVANCED_FACE('',(#559,#560),#561,.T.);
#128=ADVANCED_FACE('',(#562,#563),#564,.T.);
#129=ADVANCED_FACE('',(#565,#566),#567,.T.);
#130=ADVANCED_FACE('',(#568),#569,.F.);
#131=ADVANCED_FACE('',(#570),#571,.F.);
#132=ADVANCED_FACE('',(#572),#573,.F.);
#133=ADVANCED_FACE('',(#574),#575,.F.);
#134=ADVANCED_FACE('',(#576),#577,.F.);
#135=ADVANCED_FACE('',(#578),#579,.F.);
#136=ADVANCED_FACE('',(#580,#581),#582,.T.);
#137=ADVANCED_FACE('',(#583,#584),#585,.T.);
#138=ADVANCED_FACE('',(#586),#587,.F.);
#139=ADVANCED_FACE('',(#588),#589,.F.);
#140=ADVANCED_FACE('',(#590),#591,.F.);
#141=ADVANCED_FACE('',(#592),#593,.F.);
#142=ADVANCED_FACE('',(#594),#595,.F.);
#143=ADVANCED_FACE('',(#596),#597,.F.);
#144=ADVANCED_FACE('',(#598),#599,.F.);
#145=ADVANCED_FACE('',(#600),#601,.F.);
#146=ADVANCED_FACE('',(#602),#603,.F.);
#147=ADVANCED_FACE('',(#604,#605),#606,.T.);
#148=ADVANCED_FACE('',(#607,#608),#609,.T.);
#149=ADVANCED_FACE('',(#610,#611),#612,.T.);
#150=ADVANCED_FACE('',(#613,#614),#615,.T.);
#151=ADVANCED_FACE('',(#616),#617,.F.);
#152=ADVANCED_FACE('',(#618),#619,.F.);
#153=ADVANCED_FACE('',(#620),#621,.F.);
#154=ADVANCED_FACE('',(#622),#623,.F.);
#155=ADVANCED_FACE('',(#624),#625,.F.);
#156=ADVANCED_FACE('',(#626),#627,.F.);
#157=ADVANCED_FACE('',(#628),#629,.F.);
#158=ADVANCED_FACE('',(#630),#631,.F.);
#159=ADVANCED_FACE('',(#632),#633,.F.);
#160=ADVANCED_FACE('',(#634),#635,.F.);
#161=ADVANCED_FACE('',(#636,#637),#638,.T.);
#162=ADVANCED_FACE('',(#639,#640),#641,.T.);
#163=ADVANCED_FACE('',(#642),#643,.F.);
#164=ADVANCED_FACE('',(#644),#645,.F.);
#165=ADVANCED_FACE('',(#646),#647,.F.);
#166=ADVANCED_FACE('',(#648),#649,.T.);
#167=ADVANCED_FACE('',(#650),#651,.F.);
#168=ADVANCED_FACE('',(#652),#653,.F.);
#169=ADVANCED_FACE('',(#654),#655,.F.);
#170=ADVANCED_FACE('',(#656),#657,.F.);
#171=ADVANCED_FACE('',(#658),#659,.F.);
#172=ADVANCED_FACE('',(#660),#661,.F.);
#173=ADVANCED_FACE('',(#662),#663,.F.);
#174=ADVANCED_FACE('',(#664),#665,.F.);
#175=ADVANCED_FACE('',(#666),#667,.F.);
#176=ADVANCED_FACE('',(#668),#669,.F.);
#177=ADVANCED_FACE('',(#670),#671,.F.);
#178=ADVANCED_FACE('',(#672),#673,.F.);
#179=ADVANCED_FACE('',(#674),#675,.F.);
#180=ADVANCED_FACE('',(#676),#677,.F.);
#181=ADVANCED_FACE('',(#678),#679,.F.);
#182=ADVANCED_FACE('',(#680),#681,.F.);
#183=ADVANCED_FACE('',(#682),#683,.F.);
#184=ADVANCED_FACE('',(#684),#685,.F.);
#185=ADVANCED_FACE('',(#686),#687,.F.);
#186=ADVANCED_FACE('',(#688),#689,.F.);
#187=ADVANCED_FACE('',(#690),#691,.F.);
#188=ADVANCED_FACE('',(#692),#693,.F.);
#189=ADVANCED_FACE('',(#694),#695,.F.);
#190=ADVANCED_FACE('',(#696),#697,.F.);
#191=ADVANCED_FACE('',(#698),#699,.F.);
#192=ADVANCED_FACE('',(#700),#701,.F.);
#193=ADVANCED_FACE('',(#702),#703,.F.);
#194=ADVANCED_FACE('',(#704),#705,.F.);
#195=ADVANCED_FACE('',(#706),#707,.F.);
#196=ADVANCED_FACE('',(#708),#709,.F.);
#197=ADVANCED_FACE('',(#710),#711,.F.);
#198=ADVANCED_FACE('',(#712),#713,.F.);
#199=ADVANCED_FACE('',(#714),#715,.F.);
#200=ADVANCED_FACE('',(#716),#717,.F.);
#201=ADVANCED_FACE('',(#718),#719,.F.);
#202=ADVANCED_FACE('',(#720),#721,.F.);
#203=ADVANCED_FACE('',(#722),#723,.F.);
#204=ADVANCED_FACE('',(#724),#725,.F.);
#205=ADVANCED_FACE('',(#726),#727,.F.);
#206=ADVANCED_FACE('',(#728),#729,.F.);
#207=ADVANCED_FACE('',(#730),#731,.F.);
#208=ADVANCED_FACE('',(#732),#733,.F.);
#209=ADVANCED_FACE('',(#734),#735,.F.);
#210=ADVANCED_FACE('',(#736),#737,.F.);
#211=ADVANCED_FACE('',(#738),#739,.F.);
#212=ADVANCED_FACE('',(#740),#741,.F.);
#213=ADVANCED_FACE('',(#742),#743,.F.);
#214=ADVANCED_FACE('',(#744),#745,.F.);
#215=ADVANCED_FACE('',(#746),#747,.F.);
#216=ADVANCED_FACE('',(#748),#749,.F.);
#217=ADVANCED_FACE('',(#750,#751),#752,.T.);
#218=ADVANCED_FACE('',(#753,#754),#755,.T.);
#219=ADVANCED_FACE('',(#756),#757,.F.);
#220=ADVANCED_FACE('',(#758),#759,.F.);
#221=ADVANCED_FACE('',(#760),#761,.F.);
#222=ADVANCED_FACE('',(#762),#763,.F.);
#223=ADVANCED_FACE('',(#764),#765,.F.);
#224=ADVANCED_FACE('',(#766),#767,.F.);
#225=ADVANCED_FACE('',(#768),#769,.F.);
#226=ADVANCED_FACE('',(#770),#771,.F.);
#227=ADVANCED_FACE('',(#772),#773,.F.);
#228=ADVANCED_FACE('',(#774),#775,.F.);
#229=ADVANCED_FACE('',(#776),#777,.F.);
#230=ADVANCED_FACE('',(#778),#779,.F.);
#231=ADVANCED_FACE('',(#780),#781,.F.);
#232=ADVANCED_FACE('',(#782),#783,.F.);
#233=ADVANCED_FACE('',(#784),#785,.F.);
#234=ADVANCED_FACE('',(#786),#787,.F.);
#235=ADVANCED_FACE('',(#788),#789,.T.);
#236=ADVANCED_FACE('',(#790),#791,.T.);
#237=ADVANCED_FACE('',(#792),#793,.T.);
#238=ADVANCED_FACE('',(#794),#795,.T.);
#239=ADVANCED_FACE('',(#796),#797,.T.);
#240=ADVANCED_FACE('',(#798),#799,.T.);
#241=ADVANCED_FACE('',(#800),#801,.T.);
#242=ADVANCED_FACE('',(#802),#803,.T.);
#243=ADVANCED_FACE('',(#804),#805,.T.);
#244=ADVANCED_FACE('',(#806),#807,.T.);
#245=ADVANCED_FACE('',(#808),#809,.T.);
#246=ADVANCED_FACE('',(#810),#811,.T.);
#247=ADVANCED_FACE('',(#812),#813,.T.);
#248=ADVANCED_FACE('',(#814),#815,.T.);
#249=ADVANCED_FACE('',(#816),#817,.T.);
#250=ADVANCED_FACE('',(#818),#819,.T.);
#251=ADVANCED_FACE('',(#820),#821,.T.);
#252=ADVANCED_FACE('',(#822),#823,.T.);
#253=ADVANCED_FACE('',(#824),#825,.T.);
#254=ADVANCED_FACE('',(#826),#827,.T.);
#255=ADVANCED_FACE('',(#828),#829,.F.);
#256=ADVANCED_FACE('',(#830),#831,.F.);
#257=ADVANCED_FACE('',(#832),#833,.F.);
#258=ADVANCED_FACE('',(#834),#835,.F.);
#259=ADVANCED_FACE('',(#836),#837,.F.);
#260=ADVANCED_FACE('',(#838),#839,.F.);
#261=ADVANCED_FACE('',(#840),#841,.F.);
#262=ADVANCED_FACE('',(#842),#843,.F.);
#263=ADVANCED_FACE('',(#844),#845,.F.);
#264=ADVANCED_FACE('',(#846),#847,.F.);
#265=ADVANCED_FACE('',(#848),#849,.F.);
#266=ADVANCED_FACE('',(#850),#851,.F.);
#267=ADVANCED_FACE('',(#852),#853,.F.);
#268=ADVANCED_FACE('',(#854),#855,.T.);
#269=ADVANCED_FACE('',(#856),#857,.T.);
#270=ADVANCED_FACE('',(#858),#859,.T.);
#271=ADVANCED_FACE('',(#860),#861,.T.);
#272=ADVANCED_FACE('',(#862),#863,.T.);
#273=ADVANCED_FACE('',(#864),#865,.T.);
#274=ADVANCED_FACE('',(#866),#867,.T.);
#275=ADVANCED_FACE('',(#868),#869,.T.);
#276=ADVANCED_FACE('',(#870),#871,.T.);
#277=ADVANCED_FACE('',(#872),#873,.T.);
#278=ADVANCED_FACE('',(#874),#875,.T.);
#279=ADVANCED_FACE('',(#876),#877,.T.);
#280=ADVANCED_FACE('',(#878),#879,.T.);
#281=ADVANCED_FACE('',(#880),#881,.T.);
#282=ADVANCED_FACE('',(#882),#883,.T.);
#283=ADVANCED_FACE('',(#884),#885,.T.);
#284=ADVANCED_FACE('',(#886),#887,.T.);
#285=ADVANCED_FACE('',(#888),#889,.T.);
#286=ADVANCED_FACE('',(#890),#891,.T.);
#287=ADVANCED_FACE('',(#892),#893,.T.);
#288=ADVANCED_FACE('',(#894),#895,.F.);
#289=ADVANCED_FACE('',(#896),#897,.F.);
#290=ADVANCED_FACE('',(#898),#899,.F.);
#291=ADVANCED_FACE('',(#900),#901,.F.);
#292=ADVANCED_FACE('',(#902),#903,.T.);
#293=ADVANCED_FACE('',(#904),#905,.T.);
#294=ADVANCED_FACE('',(#906),#907,.T.);
#295=ADVANCED_FACE('',(#908),#909,.T.);
#296=ADVANCED_FACE('',(#910),#911,.T.);
#297=ADVANCED_FACE('',(#912),#913,.T.);
#298=ADVANCED_FACE('',(#914),#915,.T.);
#299=ADVANCED_FACE('',(#916),#917,.T.);
#300=ADVANCED_FACE('',(#918),#919,.T.);
#301=ADVANCED_FACE('',(#920),#921,.T.);
#302=ADVANCED_FACE('',(#922),#923,.T.);
#303=ADVANCED_FACE('',(#924),#925,.T.);
#304=ADVANCED_FACE('',(#926),#927,.T.);
#305=ADVANCED_FACE('',(#928),#929,.T.);
#306=ADVANCED_FACE('',(#930),#931,.T.);
#307=ADVANCED_FACE('',(#932),#933,.T.);
#308=ADVANCED_FACE('',(#934),#935,.T.);
#309=ADVANCED_FACE('',(#936),#937,.T.);
#310=ADVANCED_FACE('',(#938),#939,.T.);
#311=ADVANCED_FACE('',(#940),#941,.T.);
#312=ADVANCED_FACE('',(#942),#943,.F.);
#313=ADVANCED_FACE('',(#944),#945,.F.);
#314=ADVANCED_FACE('',(#946),#947,.F.);
#315=ADVANCED_FACE('',(#948),#949,.F.);
#316=ADVANCED_FACE('',(#950),#951,.F.);
#317=ADVANCED_FACE('',(#952),#953,.T.);
#318=ADVANCED_FACE('',(#954),#955,.T.);
#319=ADVANCED_FACE('',(#956),#957,.T.);
#320=ADVANCED_FACE('',(#958),#959,.T.);
#321=ADVANCED_FACE('',(#960),#961,.T.);
#322=ADVANCED_FACE('',(#962),#963,.T.);
#323=ADVANCED_FACE('',(#964),#965,.T.);
#324=ADVANCED_FACE('',(#966),#967,.T.);
#325=ADVANCED_FACE('',(#968),#969,.T.);
#326=ADVANCED_FACE('',(#970),#971,.T.);
#327=ADVANCED_FACE('',(#972),#973,.T.);
#328=ADVANCED_FACE('',(#974),#975,.T.);
#329=ADVANCED_FACE('',(#976),#977,.T.);
#330=ADVANCED_FACE('',(#978),#979,.T.);
#331=ADVANCED_FACE('',(#980),#981,.T.);
#332=ADVANCED_FACE('',(#982),#983,.T.);
#333=ADVANCED_FACE('',(#984),#985,.T.);
#334=ADVANCED_FACE('',(#986),#987,.T.);
#335=ADVANCED_FACE('',(#988),#989,.T.);
#336=ADVANCED_FACE('',(#990),#991,.T.);
#337=ADVANCED_FACE('',(#992),#993,.F.);
#338=ADVANCED_FACE('',(#994),#995,.F.);
#339=ADVANCED_FACE('',(#996),#997,.F.);
#340=ADVANCED_FACE('',(#998),#999,.F.);
#341=ADVANCED_FACE('',(#1000),#1001,.F.);
#342=ADVANCED_FACE('',(#1002),#1003,.F.);
#343=ADVANCED_FACE('',(#1004),#1005,.F.);
#344=ADVANCED_FACE('',(#1006),#1007,.F.);
#345=ADVANCED_FACE('',(#1008),#1009,.T.);
#346=ADVANCED_FACE('',(#1010),#1011,.T.);
#347=ADVANCED_FACE('',(#1012),#1013,.T.);
#348=ADVANCED_FACE('',(#1014),#1015,.T.);
#349=ADVANCED_FACE('',(#1016),#1017,.T.);
#350=ADVANCED_FACE('',(#1018),#1019,.T.);
#351=ADVANCED_FACE('',(#1020),#1021,.T.);
#352=ADVANCED_FACE('',(#1022),#1023,.T.);
#353=ADVANCED_FACE('',(#1024),#1025,.T.);
#354=ADVANCED_FACE('',(#1026),#1027,.T.);
#355=ADVANCED_FACE('',(#1028),#1029,.T.);
#356=ADVANCED_FACE('',(#1030),#1031,.T.);
#357=ADVANCED_FACE('',(#1032),#1033,.T.);
#358=ADVANCED_FACE('',(#1034),#1035,.T.);
#359=ADVANCED_FACE('',(#1036),#1037,.T.);
#360=ADVANCED_FACE('',(#1038),#1039,.T.);
#361=ADVANCED_FACE('',(#1040),#1041,.T.);
#362=ADVANCED_FACE('',(#1042),#1043,.T.);
#363=ADVANCED_FACE('',(#1044),#1045,.T.);
#364=ADVANCED_FACE('',(#1046),#1047,.T.);
#365=ADVANCED_FACE('',(#1048),#1049,.F.);
#366=ADVANCED_FACE('',(#1050),#1051,.T.);
#367=ADVANCED_FACE('',(#1052),#1053,.T.);
#368=ADVANCED_FACE('',(#1054),#1055,.T.);
#369=ADVANCED_FACE('',(#1056),#1057,.T.);
#370=ADVANCED_FACE('',(#1058),#1059,.F.);
#371=ADVANCED_FACE('',(#1060),#1061,.F.);
#372=ADVANCED_FACE('',(#1062),#1063,.F.);
#373=ADVANCED_FACE('',(#1064),#1065,.F.);
#374=ADVANCED_FACE('',(#1066),#1067,.T.);
#375=ADVANCED_FACE('',(#1068),#1069,.T.);
#376=ADVANCED_FACE('',(#1070),#1071,.T.);
#377=ADVANCED_FACE('',(#1072),#1073,.T.);
#378=ADVANCED_FACE('',(#1074),#1075,.F.);
#379=ADVANCED_FACE('',(#1076),#1077,.F.);
#380=ADVANCED_FACE('',(#1078),#1079,.F.);
#381=ADVANCED_FACE('',(#1080),#1081,.F.);
#382=ADVANCED_FACE('',(#1082),#1083,.F.);
#383=ADVANCED_FACE('',(#1084),#1085,.F.);
#384=ADVANCED_FACE('',(#1086),#1087,.F.);
#385=ADVANCED_FACE('',(#1088),#1089,.T.);
#386=ADVANCED_FACE('',(#1090),#1091,.T.);
#387=ADVANCED_FACE('',(#1092),#1093,.F.);
#388=ADVANCED_FACE('',(#1094),#1095,.F.);
#389=ADVANCED_FACE('',(#1096),#1097,.T.);
#390=ADVANCED_FACE('',(#1098),#1099,.T.);
#391=ADVANCED_FACE('',(#1100),#1101,.F.);
#392=ADVANCED_FACE('',(#1102),#1103,.T.);
#393=ADVANCED_FACE('',(#1104),#1105,.T.);
#394=ADVANCED_FACE('',(#1106),#1107,.F.);
#395=ADVANCED_FACE('',(#1108),#1109,.F.);
#396=ADVANCED_FACE('',(#1110),#1111,.T.);
#397=ADVANCED_FACE('',(#1112),#1113,.T.);
#398=ADVANCED_FACE('',(#1114),#1115,.F.);
#399=ADVANCED_FACE('',(#1116),#1117,.F.);
#400=ADVANCED_FACE('',(#1118),#1119,.F.);
#401=ADVANCED_FACE('',(#1120),#1121,.F.);
#402=ADVANCED_FACE('',(#1122),#1123,.F.);
#403=ADVANCED_FACE('',(#1124),#1125,.F.);
#404=ADVANCED_FACE('',(#1126),#1127,.F.);
#405=ADVANCED_FACE('',(#1128),#1129,.F.);
#406=ADVANCED_FACE('',(#1130),#1131,.F.);
#407=ADVANCED_FACE('',(#1132),#1133,.T.);
#408=ADVANCED_FACE('',(#1134),#1135,.T.);
#409=ADVANCED_FACE('',(#1136),#1137,.F.);
#410=ADVANCED_FACE('',(#1138),#1139,.F.);
#411=ADVANCED_FACE('',(#1140),#1141,.T.);
#412=ADVANCED_FACE('',(#1142),#1143,.T.);
#413=ADVANCED_FACE('',(#1144),#1145,.F.);
#414=ADVANCED_FACE('',(#1146),#1147,.T.);
#415=ADVANCED_FACE('',(#1148),#1149,.T.);
#416=ADVANCED_FACE('',(#1150),#1151,.T.);
#417=ADVANCED_FACE('',(#1152),#1153,.T.);
#418=COMPOSITE_CURVE_SEGMENT(.CONTINUOUS.,.T.,#1154);
#419=COMPOSITE_CURVE_SEGMENT(.CONTINUOUS.,.T.,#1155);
#420=COMPOSITE_CURVE_SEGMENT(.CONTINUOUS.,.T.,#1156);
#421=COMPOSITE_CURVE_SEGMENT(.CONTINUOUS.,.T.,#1157);
#422=COMPOSITE_CURVE_SEGMENT(.CONTINUOUS.,.T.,#1158);
#423=COMPOSITE_CURVE_SEGMENT(.CONTINUOUS.,.T.,#1159);
#424=COMPOSITE_CURVE_SEGMENT(.CONTINUOUS.,.T.,#1160);
#425=COMPOSITE_CURVE_SEGMENT(.CONTINUOUS.,.T.,#1161);
#426=COMPOSITE_CURVE_SEGMENT(.CONTINUOUS.,.T.,#1162);
#427=COMPOSITE_CURVE_SEGMENT(.CONTINUOUS.,.T.,#1163);
#428=COMPOSITE_CURVE_SEGMENT(.CONTINUOUS.,.T.,#1164);
#429=COMPOSITE_CURVE_SEGMENT(.CONTINUOUS.,.T.,#1165);
#430=COMPOSITE_CURVE_SEGMENT(.CONTINUOUS.,.T.,#1166);
#431=COMPOSITE_CURVE_SEGMENT(.CONTINUOUS.,.T.,#1167);
#432=COMPOSITE_CURVE_SEGMENT(.CONTINUOUS.,.T.,#1168);
#433=COMPOSITE_CURVE_SEGMENT(.CONTINUOUS.,.T.,#1169);
#434=COMPOSITE_CURVE_SEGMENT(.CONTINUOUS.,.T.,#1170);
#435=COMPOSITE_CURVE_SEGMENT(.CONTINUOUS.,.T.,#1171);
#436=COMPOSITE_CURVE_SEGMENT(.CONTINUOUS.,.T.,#1172);
#437=COMPOSITE_CURVE_SEGMENT(.CONTINUOUS.,.T.,#1173);
#438=COMPOSITE_CURVE_SEGMENT(.CONTINUOUS.,.T.,#1174);
#439=COMPOSITE_CURVE_SEGMENT(.CONTINUOUS.,.T.,#1175);
#440=COMPOSITE_CURVE_SEGMENT(.CONTINUOUS.,.T.,#1176);
#441=COMPOSITE_CURVE_SEGMENT(.CONTINUOUS.,.T.,#1177);
#442=COMPOSITE_CURVE_SEGMENT(.CONTINUOUS.,.T.,#1178);
#443=COMPOSITE_CURVE_SEGMENT(.CONTINUOUS.,.T.,#1179);
#445=FACE_OUTER_BOUND('',#1180,.T.);
#446=CYLINDRICAL_SURFACE('',#1181,0.4);
#447=FACE_OUTER_BOUND('',#1182,.T.);
#448=PLANE('',#1183);
#449=FACE_OUTER_BOUND('',#1184,.T.);
#450=PLANE('',#1185);
#451=FACE_OUTER_BOUND('',#1186,.T.);
#452=PLANE('',#1187);
#453=FACE_OUTER_BOUND('',#1188,.T.);
#454=FACE_BOUND('',#1189,.T.);
#455=PLANE('',#1190);
#456=FACE_OUTER_BOUND('',#1191,.T.);
#457=PLANE('',#1192);
#458=FACE_OUTER_BOUND('',#1193,.T.);
#459=CYLINDRICAL_SURFACE('',#1194,0.4);
#460=FACE_OUTER_BOUND('',#1195,.T.);
#461=FACE_BOUND('',#1196,.T.);
#462=FACE_BOUND('',#1197,.T.);
#463=FACE_BOUND('',#1198,.T.);
#464=FACE_BOUND('',#1199,.T.);
#465=FACE_BOUND('',#1200,.T.);
#466=FACE_BOUND('',#1201,.T.);
#467=FACE_BOUND('',#1202,.T.);
#468=FACE_BOUND('',#1203,.T.);
#469=FACE_BOUND('',#1204,.T.);
#470=FACE_BOUND('',#1205,.T.);
#471=PLANE('',#1206);
#472=FACE_OUTER_BOUND('',#1207,.T.);
#473=PLANE('',#1208);
#474=FACE_OUTER_BOUND('',#1209,.T.);
#475=PLANE('',#1210);
#476=FACE_OUTER_BOUND('',#1211,.T.);
#477=PLANE('',#1212);
#478=FACE_OUTER_BOUND('',#1213,.T.);
#479=PLANE('',#1214);
#480=FACE_OUTER_BOUND('',#1215,.T.);
#481=PLANE('',#1216);
#482=FACE_OUTER_BOUND('',#1217,.T.);
#483=PLANE('',#1218);
#484=FACE_OUTER_BOUND('',#1219,.T.);
#485=PLANE('',#1220);
#486=FACE_OUTER_BOUND('',#1221,.T.);
#487=PLANE('',#1222);
#488=FACE_OUTER_BOUND('',#1223,.T.);
#489=PLANE('',#1224);
#490=FACE_OUTER_BOUND('',#1225,.T.);
#491=PLANE('',#1226);
#492=FACE_OUTER_BOUND('',#1227,.T.);
#493=PLANE('',#1228);
#494=FACE_OUTER_BOUND('',#1229,.T.);
#495=PLANE('',#1230);
#496=FACE_OUTER_BOUND('',#1231,.T.);
#497=PLANE('',#1232);
#498=FACE_OUTER_BOUND('',#1233,.T.);
#499=PLANE('',#1234);
#500=FACE_OUTER_BOUND('',#1235,.T.);
#501=PLANE('',#1236);
#502=FACE_OUTER_BOUND('',#1237,.T.);
#503=PLANE('',#1238);
#504=FACE_OUTER_BOUND('',#1239,.T.);
#505=PLANE('',#1240);
#506=FACE_OUTER_BOUND('',#1241,.T.);
#507=FACE_BOUND('',#1242,.T.);
#508=PLANE('',#1243);
#509=FACE_OUTER_BOUND('',#1244,.T.);
#510=FACE_BOUND('',#1245,.T.);
#511=PLANE('',#1246);
#512=FACE_OUTER_BOUND('',#1247,.T.);
#513=PLANE('',#1248);
#514=FACE_OUTER_BOUND('',#1249,.T.);
#515=PLANE('',#1250);
#516=FACE_OUTER_BOUND('',#1251,.T.);
#517=PLANE('',#1252);
#518=FACE_OUTER_BOUND('',#1253,.T.);
#519=PLANE('',#1254);
#520=FACE_OUTER_BOUND('',#1255,.T.);
#521=PLANE('',#1256);
#522=FACE_OUTER_BOUND('',#1257,.T.);
#523=PLANE('',#1258);
#524=FACE_OUTER_BOUND('',#1259,.T.);
#525=PLANE('',#1260);
#526=FACE_OUTER_BOUND('',#1261,.T.);
#527=PLANE('',#1262);
#528=FACE_OUTER_BOUND('',#1263,.T.);
#529=PLANE('',#1264);
#530=FACE_OUTER_BOUND('',#1265,.T.);
#531=PLANE('',#1266);
#532=FACE_OUTER_BOUND('',#1267,.T.);
#533=FACE_BOUND('',#1268,.T.);
#534=PLANE('',#1269);
#535=FACE_OUTER_BOUND('',#1270,.T.);
#536=FACE_BOUND('',#1271,.T.);
#537=PLANE('',#1272);
#538=FACE_OUTER_BOUND('',#1273,.T.);
#539=PLANE('',#1274);
#540=FACE_OUTER_BOUND('',#1275,.T.);
#541=PLANE('',#1276);
#542=FACE_OUTER_BOUND('',#1277,.T.);
#543=PLANE('',#1278);
#544=FACE_OUTER_BOUND('',#1279,.T.);
#545=FACE_BOUND('',#1280,.T.);
#546=PLANE('',#1281);
#547=FACE_OUTER_BOUND('',#1282,.T.);
#548=FACE_BOUND('',#1283,.T.);
#549=PLANE('',#1284);
#550=FACE_OUTER_BOUND('',#1285,.T.);
#551=PLANE('',#1286);
#552=FACE_OUTER_BOUND('',#1287,.T.);
#553=PLANE('',#1288);
#554=FACE_OUTER_BOUND('',#1289,.T.);
#555=PLANE('',#1290);
#556=FACE_OUTER_BOUND('',#1291,.T.);
#557=FACE_BOUND('',#1292,.T.);
#558=PLANE('',#1293);
#559=FACE_OUTER_BOUND('',#1294,.T.);
#560=FACE_BOUND('',#1295,.T.);
#561=PLANE('',#1296);
#562=FACE_OUTER_BOUND('',#1297,.T.);
#563=FACE_BOUND('',#1298,.T.);
#564=PLANE('',#1299);
#565=FACE_OUTER_BOUND('',#1300,.T.);
#566=FACE_BOUND('',#1301,.T.);
#567=PLANE('',#1302);
#568=FACE_OUTER_BOUND('',#1303,.T.);
#569=PLANE('',#1304);
#570=FACE_OUTER_BOUND('',#1305,.T.);
#571=PLANE('',#1306);
#572=FACE_OUTER_BOUND('',#1307,.T.);
#573=PLANE('',#1308);
#574=FACE_OUTER_BOUND('',#1309,.T.);
#575=PLANE('',#1310);
#576=FACE_OUTER_BOUND('',#1311,.T.);
#577=PLANE('',#1312);
#578=FACE_OUTER_BOUND('',#1313,.T.);
#579=PLANE('',#1314);
#580=FACE_OUTER_BOUND('',#1315,.T.);
#581=FACE_BOUND('',#1316,.T.);
#582=PLANE('',#1317);
#583=FACE_OUTER_BOUND('',#1318,.T.);
#584=FACE_BOUND('',#1319,.T.);
#585=PLANE('',#1320);
#586=FACE_OUTER_BOUND('',#1321,.T.);
#587=PLANE('',#1322);
#588=FACE_OUTER_BOUND('',#1323,.T.);
#589=PLANE('',#1324);
#590=FACE_OUTER_BOUND('',#1325,.T.);
#591=PLANE('',#1326);
#592=FACE_OUTER_BOUND('',#1327,.T.);
#593=PLANE('',#1328);
#594=FACE_OUTER_BOUND('',#1329,.T.);
#595=PLANE('',#1330);
#596=FACE_OUTER_BOUND('',#1331,.T.);
#597=PLANE('',#1332);
#598=FACE_OUTER_BOUND('',#1333,.T.);
#599=PLANE('',#1334);
#600=FACE_OUTER_BOUND('',#1335,.T.);
#601=PLANE('',#1336);
#602=FACE_OUTER_BOUND('',#1337,.T.);
#603=PLANE('',#1338);
#604=FACE_OUTER_BOUND('',#1339,.T.);
#605=FACE_BOUND('',#1340,.T.);
#606=PLANE('',#1341);
#607=FACE_OUTER_BOUND('',#1342,.T.);
#608=FACE_BOUND('',#1343,.T.);
#609=PLANE('',#1344);
#610=FACE_OUTER_BOUND('',#1345,.T.);
#611=FACE_BOUND('',#1346,.T.);
#612=PLANE('',#1347);
#613=FACE_OUTER_BOUND('',#1348,.T.);
#614=FACE_BOUND('',#1349,.T.);
#615=PLANE('',#1350);
#616=FACE_OUTER_BOUND('',#1351,.T.);
#617=PLANE('',#1352);
#618=FACE_OUTER_BOUND('',#1353,.T.);
#619=PLANE('',#1354);
#620=FACE_OUTER_BOUND('',#1355,.T.);
#621=PLANE('',#1356);
#622=FACE_OUTER_BOUND('',#1357,.T.);
#623=PLANE('',#1358);
#624=FACE_OUTER_BOUND('',#1359,.T.);
#625=PLANE('',#1360);
#626=FACE_OUTER_BOUND('',#1361,.T.);
#627=PLANE('',#1362);
#628=FACE_OUTER_BOUND('',#1363,.T.);
#629=PLANE('',#1364);
#630=FACE_OUTER_BOUND('',#1365,.T.);
#631=PLANE('',#1366);
#632=FACE_OUTER_BOUND('',#1367,.T.);
#633=PLANE('',#1368);
#634=FACE_OUTER_BOUND('',#1369,.T.);
#635=PLANE('',#1370);
#636=FACE_OUTER_BOUND('',#1371,.T.);
#637=FACE_BOUND('',#1372,.T.);
#638=PLANE('',#1373);
#639=FACE_OUTER_BOUND('',#1374,.T.);
#640=FACE_BOUND('',#1375,.T.);
#641=PLANE('',#1376);
#642=FACE_OUTER_BOUND('',#1377,.T.);
#643=PLANE('',#1378);
#644=FACE_OUTER_BOUND('',#1379,.T.);
#645=PLANE('',#1380);
#646=FACE_OUTER_BOUND('',#1381,.T.);
#647=PLANE('',#1382);
#648=FACE_OUTER_BOUND('',#1383,.T.);
#649=PLANE('',#1384);
#650=FACE_OUTER_BOUND('',#1385,.T.);
#651=PLANE('',#1386);
#652=FACE_OUTER_BOUND('',#1387,.T.);
#653=PLANE('',#1388);
#654=FACE_OUTER_BOUND('',#1389,.T.);
#655=PLANE('',#1390);
#656=FACE_OUTER_BOUND('',#1391,.T.);
#657=PLANE('',#1392);
#658=FACE_OUTER_BOUND('',#1393,.T.);
#659=PLANE('',#1394);
#660=FACE_OUTER_BOUND('',#1395,.T.);
#661=PLANE('',#1396);
#662=FACE_OUTER_BOUND('',#1397,.T.);
#663=PLANE('',#1398);
#664=FACE_OUTER_BOUND('',#1399,.T.);
#665=PLANE('',#1400);
#666=FACE_OUTER_BOUND('',#1401,.T.);
#667=PLANE('',#1402);
#668=FACE_OUTER_BOUND('',#1403,.T.);
#669=PLANE('',#1404);
#670=FACE_OUTER_BOUND('',#1405,.T.);
#671=PLANE('',#1406);
#672=FACE_OUTER_BOUND('',#1407,.T.);
#673=PLANE('',#1408);
#674=FACE_OUTER_BOUND('',#1409,.T.);
#675=PLANE('',#1410);
#676=FACE_OUTER_BOUND('',#1411,.T.);
#677=PLANE('',#1412);
#678=FACE_OUTER_BOUND('',#1413,.T.);
#679=PLANE('',#1414);
#680=FACE_OUTER_BOUND('',#1415,.T.);
#681=PLANE('',#1416);
#682=FACE_OUTER_BOUND('',#1417,.T.);
#683=PLANE('',#1418);
#684=FACE_OUTER_BOUND('',#1419,.T.);
#685=PLANE('',#1420);
#686=FACE_OUTER_BOUND('',#1421,.T.);
#687=PLANE('',#1422);
#688=FACE_OUTER_BOUND('',#1423,.T.);
#689=PLANE('',#1424);
#690=FACE_OUTER_BOUND('',#1425,.T.);
#691=PLANE('',#1426);
#692=FACE_OUTER_BOUND('',#1427,.T.);
#693=PLANE('',#1428);
#694=FACE_OUTER_BOUND('',#1429,.T.);
#695=PLANE('',#1430);
#696=FACE_OUTER_BOUND('',#1431,.T.);
#697=PLANE('',#1432);
#698=FACE_OUTER_BOUND('',#1433,.T.);
#699=PLANE('',#1434);
#700=FACE_OUTER_BOUND('',#1435,.T.);
#701=PLANE('',#1436);
#702=FACE_OUTER_BOUND('',#1437,.T.);
#703=PLANE('',#1438);
#704=FACE_OUTER_BOUND('',#1439,.T.);
#705=PLANE('',#1440);
#706=FACE_OUTER_BOUND('',#1441,.T.);
#707=PLANE('',#1442);
#708=FACE_OUTER_BOUND('',#1443,.T.);
#709=PLANE('',#1444);
#710=FACE_OUTER_BOUND('',#1445,.T.);
#711=PLANE('',#1446);
#712=FACE_OUTER_BOUND('',#1447,.T.);
#713=PLANE('',#1448);
#714=FACE_OUTER_BOUND('',#1449,.T.);
#715=PLANE('',#1450);
#716=FACE_OUTER_BOUND('',#1451,.T.);
#717=PLANE('',#1452);
#718=FACE_OUTER_BOUND('',#1453,.T.);
#719=PLANE('',#1454);
#720=FACE_OUTER_BOUND('',#1455,.T.);
#721=PLANE('',#1456);
#722=FACE_OUTER_BOUND('',#1457,.T.);
#723=PLANE('',#1458);
#724=FACE_OUTER_BOUND('',#1459,.T.);
#725=PLANE('',#1460);
#726=FACE_OUTER_BOUND('',#1461,.T.);
#727=PLANE('',#1462);
#728=FACE_OUTER_BOUND('',#1463,.T.);
#729=PLANE('',#1464);
#730=FACE_OUTER_BOUND('',#1465,.T.);
#731=PLANE('',#1466);
#732=FACE_OUTER_BOUND('',#1467,.T.);
#733=PLANE('',#1468);
#734=FACE_OUTER_BOUND('',#1469,.T.);
#735=PLANE('',#1470);
#736=FACE_OUTER_BOUND('',#1471,.T.);
#737=PLANE('',#1472);
#738=FACE_OUTER_BOUND('',#1473,.T.);
#739=PLANE('',#1474);
#740=FACE_OUTER_BOUND('',#1475,.T.);
#741=PLANE('',#1476);
#742=FACE_OUTER_BOUND('',#1477,.T.);
#743=PLANE('',#1478);
#744=FACE_OUTER_BOUND('',#1479,.T.);
#745=PLANE('',#1480);
#746=FACE_OUTER_BOUND('',#1481,.T.);
#747=PLANE('',#1482);
#748=FACE_OUTER_BOUND('',#1483,.T.);
#749=PLANE('',#1484);
#750=FACE_OUTER_BOUND('',#1485,.T.);
#751=FACE_BOUND('',#1486,.T.);
#752=PLANE('',#1487);
#753=FACE_OUTER_BOUND('',#1488,.T.);
#754=FACE_BOUND('',#1489,.T.);
#755=PLANE('',#1490);
#756=FACE_OUTER_BOUND('',#1491,.T.);
#757=PLANE('',#1492);
#758=FACE_OUTER_BOUND('',#1493,.T.);
#759=PLANE('',#1494);
#760=FACE_OUTER_BOUND('',#1495,.T.);
#761=PLANE('',#1496);
#762=FACE_OUTER_BOUND('',#1497,.T.);
#763=PLANE('',#1498);
#764=FACE_OUTER_BOUND('',#1499,.T.);
#765=PLANE('',#1500);
#766=FACE_OUTER_BOUND('',#1501,.T.);
#767=PLANE('',#1502);
#768=FACE_OUTER_BOUND('',#1503,.T.);
#769=PLANE('',#1504);
#770=FACE_OUTER_BOUND('',#1505,.T.);
#771=PLANE('',#1506);
#772=FACE_OUTER_BOUND('',#1507,.T.);
#773=PLANE('',#1508);
#774=FACE_OUTER_BOUND('',#1509,.T.);
#775=PLANE('',#1510);
#776=FACE_OUTER_BOUND('',#1511,.T.);
#777=PLANE('',#1512);
#778=FACE_OUTER_BOUND('',#1513,.T.);
#779=PLANE('',#1514);
#780=FACE_OUTER_BOUND('',#1515,.T.);
#781=PLANE('',#1516);
#782=FACE_OUTER_BOUND('',#1517,.T.);
#783=PLANE('',#1518);
#784=FACE_OUTER_BOUND('',#1519,.T.);
#785=PLANE('',#1520);
#786=FACE_OUTER_BOUND('',#1521,.T.);
#787=PLANE('',#1522);
#788=FACE_OUTER_BOUND('',#1523,.T.);
#789=PLANE('',#1524);
#790=FACE_OUTER_BOUND('',#1525,.T.);
#791=PLANE('',#1526);
#792=FACE_OUTER_BOUND('',#1527,.T.);
#793=PLANE('',#1528);
#794=FACE_OUTER_BOUND('',#1529,.T.);
#795=PLANE('',#1530);
#796=FACE_OUTER_BOUND('',#1531,.T.);
#797=PLANE('',#1532);
#798=FACE_OUTER_BOUND('',#1533,.T.);
#799=PLANE('',#1534);
#800=FACE_OUTER_BOUND('',#1535,.T.);
#801=PLANE('',#1536);
#802=FACE_OUTER_BOUND('',#1537,.T.);
#803=PLANE('',#1538);
#804=FACE_OUTER_BOUND('',#1539,.T.);
#805=PLANE('',#1540);
#806=FACE_OUTER_BOUND('',#1541,.T.);
#807=PLANE('',#1542);
#808=FACE_OUTER_BOUND('',#1543,.T.);
#809=PLANE('',#1544);
#810=FACE_OUTER_BOUND('',#1545,.T.);
#811=PLANE('',#1546);
#812=FACE_OUTER_BOUND('',#1547,.T.);
#813=PLANE('',#1548);
#814=FACE_OUTER_BOUND('',#1549,.T.);
#815=PLANE('',#1550);
#816=FACE_OUTER_BOUND('',#1551,.T.);
#817=PLANE('',#1552);
#818=FACE_OUTER_BOUND('',#1553,.T.);
#819=PLANE('',#1554);
#820=FACE_OUTER_BOUND('',#1555,.T.);
#821=PLANE('',#1556);
#822=FACE_OUTER_BOUND('',#1557,.T.);
#823=PLANE('',#1558);
#824=FACE_OUTER_BOUND('',#1559,.T.);
#825=PLANE('',#1560);
#826=FACE_OUTER_BOUND('',#1561,.T.);
#827=PLANE('',#1562);
#828=FACE_OUTER_BOUND('',#1563,.T.);
#829=PLANE('',#1564);
#830=FACE_OUTER_BOUND('',#1565,.T.);
#831=PLANE('',#1566);
#832=FACE_OUTER_BOUND('',#1567,.T.);
#833=PLANE('',#1568);
#834=FACE_OUTER_BOUND('',#1569,.T.);
#835=PLANE('',#1570);
#836=FACE_OUTER_BOUND('',#1571,.T.);
#837=PLANE('',#1572);
#838=FACE_OUTER_BOUND('',#1573,.T.);
#839=PLANE('',#1574);
#840=FACE_OUTER_BOUND('',#1575,.T.);
#841=PLANE('',#1576);
#842=FACE_OUTER_BOUND('',#1577,.T.);
#843=PLANE('',#1578);
#844=FACE_OUTER_BOUND('',#1579,.T.);
#845=PLANE('',#1580);
#846=FACE_OUTER_BOUND('',#1581,.T.);
#847=PLANE('',#1582);
#848=FACE_OUTER_BOUND('',#1583,.T.);
#849=PLANE('',#1584);
#850=FACE_OUTER_BOUND('',#1585,.T.);
#851=PLANE('',#1586);
#852=FACE_OUTER_BOUND('',#1587,.T.);
#853=PLANE('',#1588);
#854=FACE_OUTER_BOUND('',#1589,.T.);
#855=PLANE('',#1590);
#856=FACE_OUTER_BOUND('',#1591,.T.);
#857=PLANE('',#1592);
#858=FACE_OUTER_BOUND('',#1593,.T.);
#859=PLANE('',#1594);
#860=FACE_OUTER_BOUND('',#1595,.T.);
#861=PLANE('',#1596);
#862=FACE_OUTER_BOUND('',#1597,.T.);
#863=PLANE('',#1598);
#864=FACE_OUTER_BOUND('',#1599,.T.);
#865=PLANE('',#1600);
#866=FACE_OUTER_BOUND('',#1601,.T.);
#867=PLANE('',#1602);
#868=FACE_OUTER_BOUND('',#1603,.T.);
#869=PLANE('',#1604);
#870=FACE_OUTER_BOUND('',#1605,.T.);
#871=PLANE('',#1606);
#872=FACE_OUTER_BOUND('',#1607,.T.);
#873=PLANE('',#1608);
#874=FACE_OUTER_BOUND('',#1609,.T.);
#875=PLANE('',#1610);
#876=FACE_OUTER_BOUND('',#1611,.T.);
#877=PLANE('',#1612);
#878=FACE_OUTER_BOUND('',#1613,.T.);
#879=PLANE('',#1614);
#880=FACE_OUTER_BOUND('',#1615,.T.);
#881=PLANE('',#1616);
#882=FACE_OUTER_BOUND('',#1617,.T.);
#883=PLANE('',#1618);
#884=FACE_OUTER_BOUND('',#1619,.T.);
#885=PLANE('',#1620);
#886=FACE_OUTER_BOUND('',#1621,.T.);
#887=PLANE('',#1622);
#888=FACE_OUTER_BOUND('',#1623,.T.);
#889=PLANE('',#1624);
#890=FACE_OUTER_BOUND('',#1625,.T.);
#891=PLANE('',#1626);
#892=FACE_OUTER_BOUND('',#1627,.T.);
#893=PLANE('',#1628);
#894=FACE_OUTER_BOUND('',#1629,.T.);
#895=PLANE('',#1630);
#896=FACE_OUTER_BOUND('',#1631,.T.);
#897=PLANE('',#1632);
#898=FACE_OUTER_BOUND('',#1633,.T.);
#899=PLANE('',#1634);
#900=FACE_OUTER_BOUND('',#1635,.T.);
#901=PLANE('',#1636);
#902=FACE_OUTER_BOUND('',#1637,.T.);
#903=PLANE('',#1638);
#904=FACE_OUTER_BOUND('',#1639,.T.);
#905=PLANE('',#1640);
#906=FACE_OUTER_BOUND('',#1641,.T.);
#907=PLANE('',#1642);
#908=FACE_OUTER_BOUND('',#1643,.T.);
#909=PLANE('',#1644);
#910=FACE_OUTER_BOUND('',#1645,.T.);
#911=PLANE('',#1646);
#912=FACE_OUTER_BOUND('',#1647,.T.);
#913=PLANE('',#1648);
#914=FACE_OUTER_BOUND('',#1649,.T.);
#915=PLANE('',#1650);
#916=FACE_OUTER_BOUND('',#1651,.T.);
#917=PLANE('',#1652);
#918=FACE_OUTER_BOUND('',#1653,.T.);
#919=PLANE('',#1654);
#920=FACE_OUTER_BOUND('',#1655,.T.);
#921=PLANE('',#1656);
#922=FACE_OUTER_BOUND('',#1657,.T.);
#923=PLANE('',#1658);
#924=FACE_OUTER_BOUND('',#1659,.T.);
#925=PLANE('',#1660);
#926=FACE_OUTER_BOUND('',#1661,.T.);
#927=PLANE('',#1662);
#928=FACE_OUTER_BOUND('',#1663,.T.);
#929=PLANE('',#1664);
#930=FACE_OUTER_BOUND('',#1665,.T.);
#931=PLANE('',#1666);
#932=FACE_OUTER_BOUND('',#1667,.T.);
#933=PLANE('',#1668);
#934=FACE_OUTER_BOUND('',#1669,.T.);
#935=PLANE('',#1670);
#936=FACE_OUTER_BOUND('',#1671,.T.);
#937=PLANE('',#1672);
#938=FACE_OUTER_BOUND('',#1673,.T.);
#939=PLANE('',#1674);
#940=FACE_OUTER_BOUND('',#1675,.T.);
#941=PLANE('',#1676);
#942=FACE_OUTER_BOUND('',#1677,.T.);
#943=PLANE('',#1678);
#944=FACE_OUTER_BOUND('',#1679,.T.);
#945=PLANE('',#1680);
#946=FACE_OUTER_BOUND('',#1681,.T.);
#947=PLANE('',#1682);
#948=FACE_OUTER_BOUND('',#1683,.T.);
#949=PLANE('',#1684);
#950=FACE_OUTER_BOUND('',#1685,.T.);
#951=PLANE('',#1686);
#952=FACE_OUTER_BOUND('',#1687,.T.);
#953=PLANE('',#1688);
#954=FACE_OUTER_BOUND('',#1689,.T.);
#955=PLANE('',#1690);
#956=FACE_OUTER_BOUND('',#1691,.T.);
#957=PLANE('',#1692);
#958=FACE_OUTER_BOUND('',#1693,.T.);
#959=PLANE('',#1694);
#960=FACE_OUTER_BOUND('',#1695,.T.);
#961=PLANE('',#1696);
#962=FACE_OUTER_BOUND('',#1697,.T.);
#963=PLANE('',#1698);
#964=FACE_OUTER_BOUND('',#1699,.T.);
#965=PLANE('',#1700);
#966=FACE_OUTER_BOUND('',#1701,.T.);
#967=PLANE('',#1702);
#968=FACE_OUTER_BOUND('',#1703,.T.);
#969=PLANE('',#1704);
#970=FACE_OUTER_BOUND('',#1705,.T.);
#971=PLANE('',#1706);
#972=FACE_OUTER_BOUND('',#1707,.T.);
#973=PLANE('',#1708);
#974=FACE_OUTER_BOUND('',#1709,.T.);
#975=PLANE('',#1710);
#976=FACE_OUTER_BOUND('',#1711,.T.);
#977=PLANE('',#1712);
#978=FACE_OUTER_BOUND('',#1713,.T.);
#979=PLANE('',#1714);
#980=FACE_OUTER_BOUND('',#1715,.T.);
#981=PLANE('',#1716);
#982=FACE_OUTER_BOUND('',#1717,.T.);
#983=PLANE('',#1718);
#984=FACE_OUTER_BOUND('',#1719,.T.);
#985=PLANE('',#1720);
#986=FACE_OUTER_BOUND('',#1721,.T.);
#987=PLANE('',#1722);
#988=FACE_OUTER_BOUND('',#1723,.T.);
#989=PLANE('',#1724);
#990=FACE_OUTER_BOUND('',#1725,.T.);
#991=PLANE('',#1726);
#992=FACE_OUTER_BOUND('',#1727,.T.);
#993=PLANE('',#1728);
#994=FACE_OUTER_BOUND('',#1729,.T.);
#995=PLANE('',#1730);
#996=FACE_OUTER_BOUND('',#1731,.T.);
#997=PLANE('',#1732);
#998=FACE_OUTER_BOUND('',#1733,.T.);
#999=PLANE('',#1734);
#1000=FACE_OUTER_BOUND('',#1735,.T.);
#1001=PLANE('',#1736);
#1002=FACE_OUTER_BOUND('',#1737,.T.);
#1003=PLANE('',#1738);
#1004=FACE_OUTER_BOUND('',#1739,.T.);
#1005=PLANE('',#1740);
#1006=FACE_OUTER_BOUND('',#1741,.T.);
#1007=PLANE('',#1742);
#1008=FACE_OUTER_BOUND('',#1743,.T.);
#1009=PLANE('',#1744);
#1010=FACE_OUTER_BOUND('',#1745,.T.);
#1011=PLANE('',#1746);
#1012=FACE_OUTER_BOUND('',#1747,.T.);
#1013=PLANE('',#1748);
#1014=FACE_OUTER_BOUND('',#1749,.T.);
#1015=PLANE('',#1750);
#1016=FACE_OUTER_BOUND('',#1751,.T.);
#1017=PLANE('',#1752);
#1018=FACE_OUTER_BOUND('',#1753,.T.);
#1019=PLANE('',#1754);
#1020=FACE_OUTER_BOUND('',#1755,.T.);
#1021=PLANE('',#1756);
#1022=FACE_OUTER_BOUND('',#1757,.T.);
#1023=PLANE('',#1758);
#1024=FACE_OUTER_BOUND('',#1759,.T.);
#1025=PLANE('',#1760);
#1026=FACE_OUTER_BOUND('',#1761,.T.);
#1027=PLANE('',#1762);
#1028=FACE_OUTER_BOUND('',#1763,.T.);
#1029=PLANE('',#1764);
#1030=FACE_OUTER_BOUND('',#1765,.T.);
#1031=PLANE('',#1766);
#1032=FACE_OUTER_BOUND('',#1767,.T.);
#1033=PLANE('',#1768);
#1034=FACE_OUTER_BOUND('',#1769,.T.);
#1035=PLANE('',#1770);
#1036=FACE_OUTER_BOUND('',#1771,.T.);
#1037=PLANE('',#1772);
#1038=FACE_OUTER_BOUND('',#1773,.T.);
#1039=PLANE('',#1774);
#1040=FACE_OUTER_BOUND('',#1775,.T.);
#1041=PLANE('',#1776);
#1042=FACE_OUTER_BOUND('',#1777,.T.);
#1043=PLANE('',#1778);
#1044=FACE_OUTER_BOUND('',#1779,.T.);
#1045=PLANE('',#1780);
#1046=FACE_OUTER_BOUND('',#1781,.T.);
#1047=PLANE('',#1782);
#1048=FACE_OUTER_BOUND('',#1783,.T.);
#1049=PLANE('',#1784);
#1050=FACE_OUTER_BOUND('',#1785,.T.);
#1051=PLANE('',#1786);
#1052=FACE_OUTER_BOUND('',#1787,.T.);
#1053=PLANE('',#1788);
#1054=FACE_OUTER_BOUND('',#1789,.T.);
#1055=PLANE('',#1790);
#1056=FACE_OUTER_BOUND('',#1791,.T.);
#1057=PLANE('',#1792);
#1058=FACE_OUTER_BOUND('',#1793,.T.);
#1059=PLANE('',#1794);
#1060=FACE_OUTER_BOUND('',#1795,.T.);
#1061=PLANE('',#1796);
#1062=FACE_OUTER_BOUND('',#1797,.T.);
#1063=PLANE('',#1798);
#1064=FACE_OUTER_BOUND('',#1799,.T.);
#1065=PLANE('',#1800);
#1066=FACE_OUTER_BOUND('',#1801,.T.);
#1067=PLANE('',#1802);
#1068=FACE_OUTER_BOUND('',#1803,.T.);
#1069=PLANE('',#1804);
#1070=FACE_OUTER_BOUND('',#1805,.T.);
#1071=PLANE('',#1806);
#1072=FACE_OUTER_BOUND('',#1807,.T.);
#1073=PLANE('',#1808);
#1074=FACE_OUTER_BOUND('',#1809,.T.);
#1075=PLANE('',#1810);
#1076=FACE_OUTER_BOUND('',#1811,.T.);
#1077=PLANE('',#1812);
#1078=FACE_OUTER_BOUND('',#1813,.T.);
#1079=PLANE('',#1814);
#1080=FACE_OUTER_BOUND('',#1815,.T.);
#1081=CYLINDRICAL_SURFACE('',#1816,0.6);
#1082=FACE_OUTER_BOUND('',#1817,.T.);
#1083=PLANE('',#1818);
#1084=FACE_OUTER_BOUND('',#1819,.T.);
#1085=PLANE('',#1820);
#1086=FACE_OUTER_BOUND('',#1821,.T.);
#1087=PLANE('',#1822);
#1088=FACE_OUTER_BOUND('',#1823,.T.);
#1089=CONICAL_SURFACE('',#1824,1.738936325,0.294234565111162);
#1090=FACE_OUTER_BOUND('',#1825,.T.);
#1091=CYLINDRICAL_SURFACE('',#1826,1.888936325);
#1092=FACE_OUTER_BOUND('',#1827,.T.);
#1093=PLANE('',#1828);
#1094=FACE_OUTER_BOUND('',#1829,.T.);
#1095=PLANE('',#1830);
#1096=FACE_OUTER_BOUND('',#1831,.T.);
#1097=CYLINDRICAL_SURFACE('',#1832,1.588936325);
#1098=FACE_OUTER_BOUND('',#1833,.T.);
#1099=CYLINDRICAL_SURFACE('',#1834,1.588936325);
#1100=FACE_OUTER_BOUND('',#1835,.T.);
#1101=CYLINDRICAL_SURFACE('',#1836,0.3850051722757);
#1102=FACE_OUTER_BOUND('',#1837,.T.);
#1103=PLANE('',#1838);
#1104=FACE_OUTER_BOUND('',#1839,.T.);
#1105=PLANE('',#1840);
#1106=FACE_OUTER_BOUND('',#1841,.T.);
#1107=CYLINDRICAL_SURFACE('',#1842,0.3850051722757);
#1108=FACE_OUTER_BOUND('',#1843,.T.);
#1109=CYLINDRICAL_SURFACE('',#1844,0.3850051722757);
#1110=FACE_OUTER_BOUND('',#1845,.T.);
#1111=CYLINDRICAL_SURFACE('',#1846,1.588936325);
#1112=FACE_OUTER_BOUND('',#1847,.T.);
#1113=CYLINDRICAL_SURFACE('',#1848,1.588936325);
#1114=FACE_OUTER_BOUND('',#1849,.T.);
#1115=CYLINDRICAL_SURFACE('',#1850,0.3850051722757);
#1116=FACE_OUTER_BOUND('',#1851,.T.);
#1117=PLANE('',#1852);
#1118=FACE_OUTER_BOUND('',#1853,.T.);
#1119=CYLINDRICAL_SURFACE('',#1854,0.6);
#1120=FACE_OUTER_BOUND('',#1855,.T.);
#1121=PLANE('',#1856);
#1122=FACE_OUTER_BOUND('',#1857,.T.);
#1123=PLANE('',#1858);
#1124=FACE_OUTER_BOUND('',#1859,.T.);
#1125=PLANE('',#1860);
#1126=FACE_OUTER_BOUND('',#1861,.T.);
#1127=PLANE('',#1862);
#1128=FACE_OUTER_BOUND('',#1863,.T.);
#1129=PLANE('',#1864);
#1130=FACE_OUTER_BOUND('',#1865,.T.);
#1131=PLANE('',#1866);
#1132=FACE_OUTER_BOUND('',#1867,.T.);
#1133=CONICAL_SURFACE('',#1868,1.738936325,0.294234565111162);
#1134=FACE_OUTER_BOUND('',#1869,.T.);
#1135=CYLINDRICAL_SURFACE('',#1870,1.888936325);
#1136=FACE_OUTER_BOUND('',#1871,.T.);
#1137=PLANE('',#1872);
#1138=FACE_OUTER_BOUND('',#1873,.T.);
#1139=PLANE('',#1874);
#1140=FACE_OUTER_BOUND('',#1875,.T.);
#1141=CYLINDRICAL_SURFACE('',#1876,1.888936325);
#1142=FACE_OUTER_BOUND('',#1877,.T.);
#1143=CONICAL_SURFACE('',#1878,1.738936325,0.294234565111162);
#1144=FACE_OUTER_BOUND('',#1879,.T.);
#1145=PLANE('',#1880);
#1146=FACE_OUTER_BOUND('',#1881,.T.);
#1147=CYLINDRICAL_SURFACE('',#1882,1.888936325);
#1148=FACE_OUTER_BOUND('',#1883,.T.);
#1149=CONICAL_SURFACE('',#1884,1.738936325,0.294234565111162);
#1150=FACE_OUTER_BOUND('',#1885,.T.);
#1151=PLANE('',#1886);
#1152=FACE_OUTER_BOUND('',#1887,.T.);
#1153=PLANE('',#1888);
#1154=TRIMMED_CURVE('',#1889,(PARAMETER_VALUE(0.0)),(PARAMETER_VALUE(3.1415926535892)),.T.,.UNSPECIFIED.);
#1155=TRIMMED_CURVE('',#1890,(PARAMETER_VALUE(0.0)),(PARAMETER_VALUE(3.1415926535892)),.T.,.UNSPECIFIED.);
#1156=TRIMMED_CURVE('',#1891,(PARAMETER_VALUE(0.0)),(PARAMETER_VALUE(3.1415926535892)),.T.,.UNSPECIFIED.);
#1157=TRIMMED_CURVE('',#1892,(PARAMETER_VALUE(0.0)),(PARAMETER_VALUE(3.1415926535892)),.T.,.UNSPECIFIED.);
#1158=TRIMMED_CURVE('',#1893,(PARAMETER_VALUE(0.0)),(PARAMETER_VALUE(3.1415926535892)),.T.,.UNSPECIFIED.);
#1159=TRIMMED_CURVE('',#1894,(PARAMETER_VALUE(0.0)),(PARAMETER_VALUE(3.1415926535892)),.T.,.UNSPECIFIED.);
#1160=TRIMMED_CURVE('',#1895,(PARAMETER_VALUE(0.0)),(PARAMETER_VALUE(3.1415926535892)),.T.,.UNSPECIFIED.);
#1161=TRIMMED_CURVE('',#1896,(PARAMETER_VALUE(0.0)),(PARAMETER_VALUE(3.1415926535892)),.T.,.UNSPECIFIED.);
#1162=TRIMMED_CURVE('',#1897,(PARAMETER_VALUE(0.0)),(PARAMETER_VALUE(3.1415926535892)),.T.,.UNSPECIFIED.);
#1163=TRIMMED_CURVE('',#1898,(PARAMETER_VALUE(0.0)),(PARAMETER_VALUE(3.1415926535892)),.T.,.UNSPECIFIED.);
#1164=TRIMMED_CURVE('',#1899,(PARAMETER_VALUE(0.0)),(PARAMETER_VALUE(3.1415926535892)),.T.,.UNSPECIFIED.);
#1165=TRIMMED_CURVE('',#1900,(PARAMETER_VALUE(0.0)),(PARAMETER_VALUE(3.1415926535892)),.T.,.UNSPECIFIED.);
#1166=TRIMMED_CURVE('',#1901,(PARAMETER_VALUE(0.0)),(PARAMETER_VALUE(3.1415926535892)),.T.,.UNSPECIFIED.);
#1167=TRIMMED_CURVE('',#1902,(PARAMETER_VALUE(0.0)),(PARAMETER_VALUE(3.1415926535892)),.T.,.UNSPECIFIED.);
#1168=TRIMMED_CURVE('',#1903,(PARAMETER_VALUE(0.0)),(PARAMETER_VALUE(3.1415926535892)),.T.,.UNSPECIFIED.);
#1169=TRIMMED_CURVE('',#1904,(PARAMETER_VALUE(0.0)),(PARAMETER_VALUE(3.1415926535892)),.T.,.UNSPECIFIED.);
#1170=TRIMMED_CURVE('',#1905,(PARAMETER_VALUE(0.0)),(PARAMETER_VALUE(3.1415926535892)),.T.,.UNSPECIFIED.);
#1171=TRIMMED_CURVE('',#1906,(PARAMETER_VALUE(0.0)),(PARAMETER_VALUE(3.1415926535892)),.T.,.UNSPECIFIED.);
#1172=TRIMMED_CURVE('',#1907,(PARAMETER_VALUE(0.0)),(PARAMETER_VALUE(3.1415926535892)),.T.,.UNSPECIFIED.);
#1173=TRIMMED_CURVE('',#1908,(PARAMETER_VALUE(0.0)),(PARAMETER_VALUE(3.1415926535892)),.T.,.UNSPECIFIED.);
#1174=TRIMMED_CURVE('',#1909,(PARAMETER_VALUE(0.0)),(PARAMETER_VALUE(3.1415926535892)),.T.,.UNSPECIFIED.);
#1175=TRIMMED_CURVE('',#1910,(PARAMETER_VALUE(0.0)),(PARAMETER_VALUE(3.1415926535892)),.T.,.UNSPECIFIED.);
#1176=TRIMMED_CURVE('',#1911,(PARAMETER_VALUE(0.0)),(PARAMETER_VALUE(3.1415926535892)),.T.,.UNSPECIFIED.);
#1177=TRIMMED_CURVE('',#1912,(PARAMETER_VALUE(0.0)),(PARAMETER_VALUE(3.1415926535892)),.T.,.UNSPECIFIED.);
#1178=TRIMMED_CURVE('A_4',#1913,(PARAMETER_VALUE(0.0)),(PARAMETER_VALUE(1.0)),.T.,.UNSPECIFIED.);
#1179=TRIMMED_CURVE('A_5',#1914,(PARAMETER_VALUE(0.0)),(PARAMETER_VALUE(1.0)),.T.,.UNSPECIFIED.);
#1180=EDGE_LOOP('',(#1915,#1916,#1917,#1918));
#1181=AXIS2_PLACEMENT_3D('',#1919,#1920,#1921);
#1182=EDGE_LOOP('',(#1922,#1923,#1924,#1925,#1926,#1927,#1928,#1929,#1930,#1931,#1932,#1933,#1934,#1935,#1936,#1937));
#1183=AXIS2_PLACEMENT_3D('',#1938,#1939,#1940);
#1184=EDGE_LOOP('',(#1941,#1942,#1943,#1944,#1945,#1946,#1947,#1948,#1949,#1950,#1951));
#1185=AXIS2_PLACEMENT_3D('',#1952,#1953,#1954);
#1186=EDGE_LOOP('',(#1955,#1956,#1957,#1958,#1959,#1960,#1961,#1962));
#1187=AXIS2_PLACEMENT_3D('',#1963,#1964,#1965);
#1188=EDGE_LOOP('',(#1966,#1967,#1968,#1969,#1970,#1971));
#1189=EDGE_LOOP('',(#1972,#1973,#1974,#1975));
#1190=AXIS2_PLACEMENT_3D('',#1976,#1977,#1978);
#1191=EDGE_LOOP('',(#1979,#1980,#1981,#1982,#1983,#1984));
#1192=AXIS2_PLACEMENT_3D('',#1985,#1986,#1987);
#1193=EDGE_LOOP('',(#1988,#1989,#1990,#1991));
#1194=AXIS2_PLACEMENT_3D('',#1992,#1993,#1994);
#1195=EDGE_LOOP('',(#1995,#1996,#1997,#1998,#1999,#2000,#2001,#2002,#2003,#2004,#2005,#2006,#2007));
#1196=EDGE_LOOP('',(#2008,#2009,#2010,#2011));
#1197=EDGE_LOOP('',(#2012,#2013,#2014,#2015,#2016,#2017));
#1198=EDGE_LOOP('',(#2018,#2019,#2020,#2021));
#1199=EDGE_LOOP('',(#2022,#2023,#2024,#2025,#2026,#2027));
#1200=EDGE_LOOP('',(#2028,#2029,#2030,#2031,#2032,#2033));
#1201=EDGE_LOOP('',(#2034,#2035,#2036,#2037));
#1202=EDGE_LOOP('',(#2038,#2039,#2040,#2041));
#1203=EDGE_LOOP('',(#2042,#2043,#2044,#2045,#2046,#2047));
#1204=EDGE_LOOP('',(#2048,#2049,#2050,#2051,#2052,#2053));
#1205=EDGE_LOOP('',(#2054,#2055,#2056,#2057));
#1206=AXIS2_PLACEMENT_3D('',#2058,#2059,#2060);
#1207=EDGE_LOOP('',(#2061,#2062,#2063,#2064));
#1208=AXIS2_PLACEMENT_3D('',#2065,#2066,#2067);
#1209=EDGE_LOOP('',(#2068,#2069,#2070,#2071));
#1210=AXIS2_PLACEMENT_3D('',#2072,#2073,#2074);
#1211=EDGE_LOOP('',(#2075,#2076,#2077,#2078,#2079,#2080,#2081,#2082,#2083,#2084,#2085,#2086,#2087,#2088,#2089,#2090,#2091,#2092,#2093,#2094,#2095,#2096,#2097,#2098,#2099,#2100,#2101,#2102));
#1212=AXIS2_PLACEMENT_3D('',#2103,#2104,#2105);
#1213=EDGE_LOOP('',(#2106,#2107,#2108,#2109));
#1214=AXIS2_PLACEMENT_3D('',#2110,#2111,#2112);
#1215=EDGE_LOOP('',(#2113,#2114,#2115,#2116));
#1216=AXIS2_PLACEMENT_3D('',#2117,#2118,#2119);
#1217=EDGE_LOOP('',(#2120,#2121,#2122,#2123));
#1218=AXIS2_PLACEMENT_3D('',#2124,#2125,#2126);
#1219=EDGE_LOOP('',(#2127,#2128,#2129,#2130));
#1220=AXIS2_PLACEMENT_3D('',#2131,#2132,#2133);
#1221=EDGE_LOOP('',(#2134,#2135,#2136,#2137));
#1222=AXIS2_PLACEMENT_3D('',#2138,#2139,#2140);
#1223=EDGE_LOOP('',(#2141,#2142,#2143,#2144));
#1224=AXIS2_PLACEMENT_3D('',#2145,#2146,#2147);
#1225=EDGE_LOOP('',(#2148,#2149,#2150,#2151));
#1226=AXIS2_PLACEMENT_3D('',#2152,#2153,#2154);
#1227=EDGE_LOOP('',(#2155,#2156,#2157,#2158));
#1228=AXIS2_PLACEMENT_3D('',#2159,#2160,#2161);
#1229=EDGE_LOOP('',(#2162,#2163,#2164,#2165));
#1230=AXIS2_PLACEMENT_3D('',#2166,#2167,#2168);
#1231=EDGE_LOOP('',(#2169,#2170,#2171,#2172));
#1232=AXIS2_PLACEMENT_3D('',#2173,#2174,#2175);
#1233=EDGE_LOOP('',(#2176,#2177,#2178,#2179));
#1234=AXIS2_PLACEMENT_3D('',#2180,#2181,#2182);
#1235=EDGE_LOOP('',(#2183,#2184,#2185,#2186));
#1236=AXIS2_PLACEMENT_3D('',#2187,#2188,#2189);
#1237=EDGE_LOOP('',(#2190,#2191,#2192,#2193));
#1238=AXIS2_PLACEMENT_3D('',#2194,#2195,#2196);
#1239=EDGE_LOOP('',(#2197,#2198,#2199,#2200,#2201,#2202,#2203,#2204,#2205,#2206,#2207,#2208,#2209,#2210,#2211,#2212,#2213,#2214,#2215,#2216,#2217,#2218,#2219,#2220,#2221,#2222,#2223,#2224,#2225,#2226,#2227,#2228,#2229,#2230,#2231,#2232,#2233,#2234,#2235,#2236));
#1240=AXIS2_PLACEMENT_3D('',#2237,#2238,#2239);
#1241=EDGE_LOOP('',(#2240,#2241,#2242,#2243,#2244,#2245,#2246,#2247));
#1242=EDGE_LOOP('',(#2248,#2249,#2250,#2251));
#1243=AXIS2_PLACEMENT_3D('',#2252,#2253,#2254);
#1244=EDGE_LOOP('',(#2255,#2256,#2257,#2258,#2259,#2260,#2261,#2262));
#1245=EDGE_LOOP('',(#2263,#2264,#2265,#2266));
#1246=AXIS2_PLACEMENT_3D('',#2267,#2268,#2269);
#1247=EDGE_LOOP('',(#2270,#2271,#2272,#2273));
#1248=AXIS2_PLACEMENT_3D('',#2274,#2275,#2276);
#1249=EDGE_LOOP('',(#2277,#2278,#2279,#2280,#2281,#2282));
#1250=AXIS2_PLACEMENT_3D('',#2283,#2284,#2285);
#1251=EDGE_LOOP('',(#2286,#2287,#2288,#2289,#2290,#2291));
#1252=AXIS2_PLACEMENT_3D('',#2292,#2293,#2294);
#1253=EDGE_LOOP('',(#2295,#2296,#2297,#2298,#2299,#2300,#2301,#2302,#2303,#2304,#2305,#2306));
#1254=AXIS2_PLACEMENT_3D('',#2307,#2308,#2309);
#1255=EDGE_LOOP('',(#2310,#2311,#2312,#2313,#2314,#2315,#2316,#2317,#2318,#2319,#2320,#2321));
#1256=AXIS2_PLACEMENT_3D('',#2322,#2323,#2324);
#1257=EDGE_LOOP('',(#2325,#2326,#2327,#2328,#2329,#2330,#2331,#2332,#2333,#2334,#2335,#2336));
#1258=AXIS2_PLACEMENT_3D('',#2337,#2338,#2339);
#1259=EDGE_LOOP('',(#2340,#2341,#2342,#2343,#2344,#2345,#2346,#2347,#2348,#2349,#2350,#2351));
#1260=AXIS2_PLACEMENT_3D('',#2352,#2353,#2354);
#1261=EDGE_LOOP('',(#2355,#2356,#2357,#2358));
#1262=AXIS2_PLACEMENT_3D('',#2359,#2360,#2361);
#1263=EDGE_LOOP('',(#2362,#2363,#2364,#2365,#2366,#2367,#2368,#2369,#2370,#2371,#2372,#2373,#2374,#2375,#2376,#2377,#2378,#2379,#2380,#2381,#2382,#2383,#2384,#2385));
#1264=AXIS2_PLACEMENT_3D('',#2386,#2387,#2388);
#1265=EDGE_LOOP('',(#2389,#2390,#2391,#2392));
#1266=AXIS2_PLACEMENT_3D('',#2393,#2394,#2395);
#1267=EDGE_LOOP('',(#2396,#2397,#2398,#2399,#2400,#2401,#2402,#2403));
#1268=EDGE_LOOP('',(#2404,#2405,#2406,#2407));
#1269=AXIS2_PLACEMENT_3D('',#2408,#2409,#2410);
#1270=EDGE_LOOP('',(#2411,#2412,#2413,#2414,#2415,#2416,#2417,#2418));
#1271=EDGE_LOOP('',(#2419,#2420,#2421,#2422));
#1272=AXIS2_PLACEMENT_3D('',#2423,#2424,#2425);
#1273=EDGE_LOOP('',(#2426,#2427,#2428,#2429));
#1274=AXIS2_PLACEMENT_3D('',#2430,#2431,#2432);
#1275=EDGE_LOOP('',(#2433,#2434,#2435,#2436));
#1276=AXIS2_PLACEMENT_3D('',#2437,#2438,#2439);
#1277=EDGE_LOOP('',(#2440,#2441,#2442,#2443));
#1278=AXIS2_PLACEMENT_3D('',#2444,#2445,#2446);
#1279=EDGE_LOOP('',(#2447,#2448,#2449,#2450,#2451,#2452,#2453,#2454));
#1280=EDGE_LOOP('',(#2455,#2456,#2457,#2458));
#1281=AXIS2_PLACEMENT_3D('',#2459,#2460,#2461);
#1282=EDGE_LOOP('',(#2462,#2463,#2464,#2465,#2466,#2467,#2468,#2469));
#1283=EDGE_LOOP('',(#2470,#2471,#2472,#2473));
#1284=AXIS2_PLACEMENT_3D('',#2474,#2475,#2476);
#1285=EDGE_LOOP('',(#2477,#2478,#2479,#2480,#2481,#2482,#2483,#2484));
#1286=AXIS2_PLACEMENT_3D('',#2485,#2486,#2487);
#1287=EDGE_LOOP('',(#2488,#2489,#2490,#2491));
#1288=AXIS2_PLACEMENT_3D('',#2492,#2493,#2494);
#1289=EDGE_LOOP('',(#2495,#2496,#2497,#2498,#2499,#2500,#2501,#2502));
#1290=AXIS2_PLACEMENT_3D('',#2503,#2504,#2505);
#1291=EDGE_LOOP('',(#2506,#2507,#2508,#2509,#2510,#2511,#2512,#2513,#2514,#2515));
#1292=EDGE_LOOP('',(#2516,#2517,#2518,#2519));
#1293=AXIS2_PLACEMENT_3D('',#2520,#2521,#2522);
#1294=EDGE_LOOP('',(#2523,#2524,#2525,#2526,#2527,#2528,#2529,#2530,#2531,#2532));
#1295=EDGE_LOOP('',(#2533,#2534,#2535,#2536));
#1296=AXIS2_PLACEMENT_3D('',#2537,#2538,#2539);
#1297=EDGE_LOOP('',(#2540,#2541,#2542,#2543,#2544,#2545,#2546,#2547,#2548,#2549,#2550,#2551));
#1298=EDGE_LOOP('',(#2552,#2553,#2554,#2555));
#1299=AXIS2_PLACEMENT_3D('',#2556,#2557,#2558);
#1300=EDGE_LOOP('',(#2559,#2560,#2561,#2562,#2563,#2564,#2565,#2566,#2567,#2568,#2569,#2570));
#1301=EDGE_LOOP('',(#2571,#2572,#2573,#2574));
#1302=AXIS2_PLACEMENT_3D('',#2575,#2576,#2577);
#1303=EDGE_LOOP('',(#2578,#2579,#2580,#2581,#2582,#2583,#2584,#2585));
#1304=AXIS2_PLACEMENT_3D('',#2586,#2587,#2588);
#1305=EDGE_LOOP('',(#2589,#2590,#2591,#2592));
#1306=AXIS2_PLACEMENT_3D('',#2593,#2594,#2595);
#1307=EDGE_LOOP('',(#2596,#2597,#2598,#2599,#2600,#2601,#2602,#2603));
#1308=AXIS2_PLACEMENT_3D('',#2604,#2605,#2606);
#1309=EDGE_LOOP('',(#2607,#2608,#2609,#2610,#2611));
#1310=AXIS2_PLACEMENT_3D('',#2612,#2613,#2614);
#1311=EDGE_LOOP('',(#2615,#2616,#2617,#2618));
#1312=AXIS2_PLACEMENT_3D('',#2619,#2620,#2621);
#1313=EDGE_LOOP('',(#2622,#2623,#2624,#2625,#2626));
#1314=AXIS2_PLACEMENT_3D('',#2627,#2628,#2629);
#1315=EDGE_LOOP('',(#2630,#2631,#2632,#2633,#2634,#2635,#2636,#2637));
#1316=EDGE_LOOP('',(#2638,#2639,#2640,#2641));
#1317=AXIS2_PLACEMENT_3D('',#2642,#2643,#2644);
#1318=EDGE_LOOP('',(#2645,#2646,#2647,#2648,#2649,#2650,#2651,#2652));
#1319=EDGE_LOOP('',(#2653,#2654,#2655,#2656));
#1320=AXIS2_PLACEMENT_3D('',#2657,#2658,#2659);
#1321=EDGE_LOOP('',(#2660,#2661,#2662,#2663));
#1322=AXIS2_PLACEMENT_3D('',#2664,#2665,#2666);
#1323=EDGE_LOOP('',(#2667,#2668,#2669,#2670));
#1324=AXIS2_PLACEMENT_3D('',#2671,#2672,#2673);
#1325=EDGE_LOOP('',(#2674,#2675,#2676,#2677,#2678));
#1326=AXIS2_PLACEMENT_3D('',#2679,#2680,#2681);
#1327=EDGE_LOOP('',(#2682,#2683,#2684,#2685));
#1328=AXIS2_PLACEMENT_3D('',#2686,#2687,#2688);
#1329=EDGE_LOOP('',(#2689,#2690,#2691,#2692,#2693));
#1330=AXIS2_PLACEMENT_3D('',#2694,#2695,#2696);
#1331=EDGE_LOOP('',(#2697,#2698,#2699,#2700));
#1332=AXIS2_PLACEMENT_3D('',#2701,#2702,#2703);
#1333=EDGE_LOOP('',(#2704,#2705,#2706,#2707,#2708,#2709,#2710,#2711));
#1334=AXIS2_PLACEMENT_3D('',#2712,#2713,#2714);
#1335=EDGE_LOOP('',(#2715,#2716,#2717,#2718));
#1336=AXIS2_PLACEMENT_3D('',#2719,#2720,#2721);
#1337=EDGE_LOOP('',(#2722,#2723,#2724,#2725,#2726,#2727,#2728,#2729));
#1338=AXIS2_PLACEMENT_3D('',#2730,#2731,#2732);
#1339=EDGE_LOOP('',(#2733,#2734,#2735,#2736,#2737,#2738,#2739,#2740));
#1340=EDGE_LOOP('',(#2741,#2742,#2743,#2744));
#1341=AXIS2_PLACEMENT_3D('',#2745,#2746,#2747);
#1342=EDGE_LOOP('',(#2748,#2749,#2750,#2751,#2752,#2753,#2754,#2755,#2756,#2757,#2758,#2759));
#1343=EDGE_LOOP('',(#2760,#2761,#2762,#2763));
#1344=AXIS2_PLACEMENT_3D('',#2764,#2765,#2766);
#1345=EDGE_LOOP('',(#2767,#2768,#2769,#2770,#2771,#2772,#2773,#2774));
#1346=EDGE_LOOP('',(#2775,#2776,#2777,#2778));
#1347=AXIS2_PLACEMENT_3D('',#2779,#2780,#2781);
#1348=EDGE_LOOP('',(#2782,#2783,#2784,#2785,#2786,#2787,#2788,#2789,#2790,#2791));
#1349=EDGE_LOOP('',(#2792,#2793,#2794,#2795));
#1350=AXIS2_PLACEMENT_3D('',#2796,#2797,#2798);
#1351=EDGE_LOOP('',(#2799,#2800,#2801,#2802,#2803,#2804,#2805,#2806));
#1352=AXIS2_PLACEMENT_3D('',#2807,#2808,#2809);
#1353=EDGE_LOOP('',(#2810,#2811,#2812,#2813));
#1354=AXIS2_PLACEMENT_3D('',#2814,#2815,#2816);
#1355=EDGE_LOOP('',(#2817,#2818,#2819,#2820,#2821,#2822,#2823,#2824));
#1356=AXIS2_PLACEMENT_3D('',#2825,#2826,#2827);
#1357=EDGE_LOOP('',(#2828,#2829,#2830,#2831));
#1358=AXIS2_PLACEMENT_3D('',#2832,#2833,#2834);
#1359=EDGE_LOOP('',(#2835,#2836,#2837,#2838));
#1360=AXIS2_PLACEMENT_3D('',#2839,#2840,#2841);
#1361=EDGE_LOOP('',(#2842,#2843,#2844,#2845));
#1362=AXIS2_PLACEMENT_3D('',#2846,#2847,#2848);
#1363=EDGE_LOOP('',(#2849,#2850,#2851,#2852));
#1364=AXIS2_PLACEMENT_3D('',#2853,#2854,#2855);
#1365=EDGE_LOOP('',(#2856,#2857,#2858,#2859));
#1366=AXIS2_PLACEMENT_3D('',#2860,#2861,#2862);
#1367=EDGE_LOOP('',(#2863,#2864,#2865,#2866));
#1368=AXIS2_PLACEMENT_3D('',#2867,#2868,#2869);
#1369=EDGE_LOOP('',(#2870,#2871,#2872,#2873));
#1370=AXIS2_PLACEMENT_3D('',#2874,#2875,#2876);
#1371=EDGE_LOOP('',(#2877,#2878,#2879,#2880,#2881,#2882,#2883,#2884));
#1372=EDGE_LOOP('',(#2885,#2886,#2887,#2888));
#1373=AXIS2_PLACEMENT_3D('',#2889,#2890,#2891);
#1374=EDGE_LOOP('',(#2892,#2893,#2894,#2895,#2896,#2897,#2898,#2899));
#1375=EDGE_LOOP('',(#2900,#2901,#2902,#2903));
#1376=AXIS2_PLACEMENT_3D('',#2904,#2905,#2906);
#1377=EDGE_LOOP('',(#2907,#2908,#2909,#2910));
#1378=AXIS2_PLACEMENT_3D('',#2911,#2912,#2913);
#1379=EDGE_LOOP('',(#2914,#2915,#2916,#2917));
#1380=AXIS2_PLACEMENT_3D('',#2918,#2919,#2920);
#1381=EDGE_LOOP('',(#2921,#2922,#2923,#2924));
#1382=AXIS2_PLACEMENT_3D('',#2925,#2926,#2927);
#1383=EDGE_LOOP('',(#2928,#2929,#2930,#2931,#2932,#2933,#2934,#2935,#2936,#2937,#2938,#2939,#2940,#2941,#2942,#2943,#2944,#2945,#2946,#2947,#2948,#2949,#2950,#2951,#2952,#2953,#2954,#2955,#2956,#2957,#2958,#2959,#2960,#2961,#2962,#2963,#2964,#2965,#2966,#2967));
#1384=AXIS2_PLACEMENT_3D('',#2968,#2969,#2970);
#1385=EDGE_LOOP('',(#2971,#2972,#2973,#2974,#2975));
#1386=AXIS2_PLACEMENT_3D('',#2976,#2977,#2978);
#1387=EDGE_LOOP('',(#2979,#2980,#2981,#2982));
#1388=AXIS2_PLACEMENT_3D('',#2983,#2984,#2985);
#1389=EDGE_LOOP('',(#2986,#2987,#2988,#2989,#2990));
#1390=AXIS2_PLACEMENT_3D('',#2991,#2992,#2993);
#1391=EDGE_LOOP('',(#2994,#2995,#2996,#2997));
#1392=AXIS2_PLACEMENT_3D('',#2998,#2999,#3000);
#1393=EDGE_LOOP('',(#3001,#3002,#3003,#3004,#3005));
#1394=AXIS2_PLACEMENT_3D('',#3006,#3007,#3008);
#1395=EDGE_LOOP('',(#3009,#3010,#3011,#3012));
#1396=AXIS2_PLACEMENT_3D('',#3013,#3014,#3015);
#1397=EDGE_LOOP('',(#3016,#3017,#3018,#3019,#3020));
#1398=AXIS2_PLACEMENT_3D('',#3021,#3022,#3023);
#1399=EDGE_LOOP('',(#3024,#3025,#3026,#3027,#3028,#3029));
#1400=AXIS2_PLACEMENT_3D('',#3030,#3031,#3032);
#1401=EDGE_LOOP('',(#3033,#3034,#3035,#3036,#3037,#3038));
#1402=AXIS2_PLACEMENT_3D('',#3039,#3040,#3041);
#1403=EDGE_LOOP('',(#3042,#3043,#3044,#3045,#3046,#3047,#3048,#3049,#3050,#3051,#3052,#3053));
#1404=AXIS2_PLACEMENT_3D('',#3054,#3055,#3056);
#1405=EDGE_LOOP('',(#3057,#3058,#3059,#3060,#3061,#3062,#3063,#3064,#3065,#3066,#3067,#3068));
#1406=AXIS2_PLACEMENT_3D('',#3069,#3070,#3071);
#1407=EDGE_LOOP('',(#3072,#3073,#3074,#3075,#3076,#3077,#3078,#3079,#3080,#3081,#3082,#3083));
#1408=AXIS2_PLACEMENT_3D('',#3084,#3085,#3086);
#1409=EDGE_LOOP('',(#3087,#3088,#3089,#3090,#3091,#3092,#3093,#3094,#3095,#3096,#3097,#3098));
#1410=AXIS2_PLACEMENT_3D('',#3099,#3100,#3101);
#1411=EDGE_LOOP('',(#3102,#3103,#3104,#3105));
#1412=AXIS2_PLACEMENT_3D('',#3106,#3107,#3108);
#1413=EDGE_LOOP('',(#3109,#3110,#3111,#3112));
#1414=AXIS2_PLACEMENT_3D('',#3113,#3114,#3115);
#1415=EDGE_LOOP('',(#3116,#3117,#3118,#3119));
#1416=AXIS2_PLACEMENT_3D('',#3120,#3121,#3122);
#1417=EDGE_LOOP('',(#3123,#3124,#3125,#3126));
#1418=AXIS2_PLACEMENT_3D('',#3127,#3128,#3129);
#1419=EDGE_LOOP('',(#3130,#3131,#3132,#3133,#3134));
#1420=AXIS2_PLACEMENT_3D('',#3135,#3136,#3137);
#1421=EDGE_LOOP('',(#3138,#3139,#3140,#3141));
#1422=AXIS2_PLACEMENT_3D('',#3142,#3143,#3144);
#1423=EDGE_LOOP('',(#3145,#3146,#3147,#3148,#3149,#3150,#3151,#3152));
#1424=AXIS2_PLACEMENT_3D('',#3153,#3154,#3155);
#1425=EDGE_LOOP('',(#3156,#3157,#3158,#3159));
#1426=AXIS2_PLACEMENT_3D('',#3160,#3161,#3162);
#1427=EDGE_LOOP('',(#3163,#3164,#3165,#3166,#3167,#3168,#3169,#3170));
#1428=AXIS2_PLACEMENT_3D('',#3171,#3172,#3173);
#1429=EDGE_LOOP('',(#3174,#3175,#3176,#3177));
#1430=AXIS2_PLACEMENT_3D('',#3178,#3179,#3180);
#1431=EDGE_LOOP('',(#3181,#3182,#3183,#3184,#3185,#3186,#3187,#3188));
#1432=AXIS2_PLACEMENT_3D('',#3189,#3190,#3191);
#1433=EDGE_LOOP('',(#3192,#3193,#3194,#3195));
#1434=AXIS2_PLACEMENT_3D('',#3196,#3197,#3198);
#1435=EDGE_LOOP('',(#3199,#3200,#3201,#3202,#3203,#3204,#3205,#3206));
#1436=AXIS2_PLACEMENT_3D('',#3207,#3208,#3209);
#1437=EDGE_LOOP('',(#3210,#3211,#3212,#3213));
#1438=AXIS2_PLACEMENT_3D('',#3214,#3215,#3216);
#1439=EDGE_LOOP('',(#3217,#3218,#3219,#3220,#3221,#3222,#3223,#3224));
#1440=AXIS2_PLACEMENT_3D('',#3225,#3226,#3227);
#1441=EDGE_LOOP('',(#3228,#3229,#3230,#3231));
#1442=AXIS2_PLACEMENT_3D('',#3232,#3233,#3234);
#1443=EDGE_LOOP('',(#3235,#3236,#3237,#3238,#3239,#3240,#3241,#3242));
#1444=AXIS2_PLACEMENT_3D('',#3243,#3244,#3245);
#1445=EDGE_LOOP('',(#3246,#3247,#3248,#3249));
#1446=AXIS2_PLACEMENT_3D('',#3250,#3251,#3252);
#1447=EDGE_LOOP('',(#3253,#3254,#3255,#3256,#3257,#3258,#3259,#3260));
#1448=AXIS2_PLACEMENT_3D('',#3261,#3262,#3263);
#1449=EDGE_LOOP('',(#3264,#3265,#3266,#3267));
#1450=AXIS2_PLACEMENT_3D('',#3268,#3269,#3270);
#1451=EDGE_LOOP('',(#3271,#3272,#3273,#3274,#3275,#3276,#3277,#3278));
#1452=AXIS2_PLACEMENT_3D('',#3279,#3280,#3281);
#1453=EDGE_LOOP('',(#3282,#3283,#3284,#3285,#3286));
#1454=AXIS2_PLACEMENT_3D('',#3287,#3288,#3289);
#1455=EDGE_LOOP('',(#3290,#3291,#3292,#3293));
#1456=AXIS2_PLACEMENT_3D('',#3294,#3295,#3296);
#1457=EDGE_LOOP('',(#3297,#3298,#3299,#3300,#3301));
#1458=AXIS2_PLACEMENT_3D('',#3302,#3303,#3304);
#1459=EDGE_LOOP('',(#3305,#3306,#3307,#3308));
#1460=AXIS2_PLACEMENT_3D('',#3309,#3310,#3311);
#1461=EDGE_LOOP('',(#3312,#3313,#3314,#3315));
#1462=AXIS2_PLACEMENT_3D('',#3316,#3317,#3318);
#1463=EDGE_LOOP('',(#3319,#3320,#3321,#3322));
#1464=AXIS2_PLACEMENT_3D('',#3323,#3324,#3325);
#1465=EDGE_LOOP('',(#3326,#3327,#3328,#3329));
#1466=AXIS2_PLACEMENT_3D('',#3330,#3331,#3332);
#1467=EDGE_LOOP('',(#3333,#3334,#3335,#3336));
#1468=AXIS2_PLACEMENT_3D('',#3337,#3338,#3339);
#1469=EDGE_LOOP('',(#3340,#3341,#3342,#3343));
#1470=AXIS2_PLACEMENT_3D('',#3344,#3345,#3346);
#1471=EDGE_LOOP('',(#3347,#3348,#3349,#3350,#3351));
#1472=AXIS2_PLACEMENT_3D('',#3352,#3353,#3354);
#1473=EDGE_LOOP('',(#3355,#3356,#3357,#3358));
#1474=AXIS2_PLACEMENT_3D('',#3359,#3360,#3361);
#1475=EDGE_LOOP('',(#3362,#3363,#3364,#3365));
#1476=AXIS2_PLACEMENT_3D('',#3366,#3367,#3368);
#1477=EDGE_LOOP('',(#3369,#3370,#3371,#3372));
#1478=AXIS2_PLACEMENT_3D('',#3373,#3374,#3375);
#1479=EDGE_LOOP('',(#3376,#3377,#3378,#3379));
#1480=AXIS2_PLACEMENT_3D('',#3380,#3381,#3382);
#1481=EDGE_LOOP('',(#3383,#3384,#3385,#3386));
#1482=AXIS2_PLACEMENT_3D('',#3387,#3388,#3389);
#1483=EDGE_LOOP('',(#3390,#3391,#3392,#3393));
#1484=AXIS2_PLACEMENT_3D('',#3394,#3395,#3396);
#1485=EDGE_LOOP('',(#3397,#3398,#3399,#3400,#3401,#3402,#3403,#3404));
#1486=EDGE_LOOP('',(#3405,#3406,#3407,#3408));
#1487=AXIS2_PLACEMENT_3D('',#3409,#3410,#3411);
#1488=EDGE_LOOP('',(#3412,#3413,#3414,#3415,#3416,#3417,#3418,#3419));
#1489=EDGE_LOOP('',(#3420,#3421,#3422,#3423));
#1490=AXIS2_PLACEMENT_3D('',#3424,#3425,#3426);
#1491=EDGE_LOOP('',(#3427,#3428,#3429,#3430));
#1492=AXIS2_PLACEMENT_3D('',#3431,#3432,#3433);
#1493=EDGE_LOOP('',(#3434,#3435,#3436,#3437));
#1494=AXIS2_PLACEMENT_3D('',#3438,#3439,#3440);
#1495=EDGE_LOOP('',(#3441,#3442,#3443,#3444,#3445));
#1496=AXIS2_PLACEMENT_3D('',#3446,#3447,#3448);
#1497=EDGE_LOOP('',(#3449,#3450,#3451,#3452));
#1498=AXIS2_PLACEMENT_3D('',#3453,#3454,#3455);
#1499=EDGE_LOOP('',(#3456,#3457,#3458,#3459,#3460));
#1500=AXIS2_PLACEMENT_3D('',#3461,#3462,#3463);
#1501=EDGE_LOOP('',(#3464,#3465,#3466,#3467));
#1502=AXIS2_PLACEMENT_3D('',#3468,#3469,#3470);
#1503=EDGE_LOOP('',(#3471,#3472,#3473,#3474,#3475));
#1504=AXIS2_PLACEMENT_3D('',#3476,#3477,#3478);
#1505=EDGE_LOOP('',(#3479,#3480,#3481,#3482));
#1506=AXIS2_PLACEMENT_3D('',#3483,#3484,#3485);
#1507=EDGE_LOOP('',(#3486,#3487,#3488,#3489,#3490));
#1508=AXIS2_PLACEMENT_3D('',#3491,#3492,#3493);
#1509=EDGE_LOOP('',(#3494,#3495,#3496,#3497));
#1510=AXIS2_PLACEMENT_3D('',#3498,#3499,#3500);
#1511=EDGE_LOOP('',(#3501,#3502,#3503,#3504));
#1512=AXIS2_PLACEMENT_3D('',#3505,#3506,#3507);
#1513=EDGE_LOOP('',(#3508,#3509,#3510,#3511));
#1514=AXIS2_PLACEMENT_3D('',#3512,#3513,#3514);
#1515=EDGE_LOOP('',(#3515,#3516,#3517,#3518,#3519));
#1516=AXIS2_PLACEMENT_3D('',#3520,#3521,#3522);
#1517=EDGE_LOOP('',(#3523,#3524,#3525,#3526,#3527));
#1518=AXIS2_PLACEMENT_3D('',#3528,#3529,#3530);
#1519=EDGE_LOOP('',(#3531,#3532,#3533,#3534,#3535));
#1520=AXIS2_PLACEMENT_3D('',#3536,#3537,#3538);
#1521=EDGE_LOOP('',(#3539,#3540,#3541,#3542,#3543));
#1522=AXIS2_PLACEMENT_3D('',#3544,#3545,#3546);
#1523=EDGE_LOOP('',(#3547,#3548,#3549,#3550));
#1524=AXIS2_PLACEMENT_3D('',#3551,#3552,#3553);
#1525=EDGE_LOOP('',(#3554,#3555,#3556,#3557,#3558));
#1526=AXIS2_PLACEMENT_3D('',#3559,#3560,#3561);
#1527=EDGE_LOOP('',(#3562,#3563,#3564,#3565,#3566));
#1528=AXIS2_PLACEMENT_3D('',#3567,#3568,#3569);
#1529=EDGE_LOOP('',(#3570,#3571,#3572,#3573,#3574));
#1530=AXIS2_PLACEMENT_3D('',#3575,#3576,#3577);
#1531=EDGE_LOOP('',(#3578,#3579,#3580,#3581,#3582));
#1532=AXIS2_PLACEMENT_3D('',#3583,#3584,#3585);
#1533=EDGE_LOOP('',(#3586,#3587,#3588,#3589));
#1534=AXIS2_PLACEMENT_3D('',#3590,#3591,#3592);
#1535=EDGE_LOOP('',(#3593,#3594,#3595,#3596));
#1536=AXIS2_PLACEMENT_3D('',#3597,#3598,#3599);
#1537=EDGE_LOOP('',(#3600,#3601,#3602,#3603));
#1538=AXIS2_PLACEMENT_3D('',#3604,#3605,#3606);
#1539=EDGE_LOOP('',(#3607,#3608,#3609,#3610));
#1540=AXIS2_PLACEMENT_3D('',#3611,#3612,#3613);
#1541=EDGE_LOOP('',(#3614,#3615,#3616,#3617));
#1542=AXIS2_PLACEMENT_3D('',#3618,#3619,#3620);
#1543=EDGE_LOOP('',(#3621,#3622,#3623,#3624));
#1544=AXIS2_PLACEMENT_3D('',#3625,#3626,#3627);
#1545=EDGE_LOOP('',(#3628,#3629,#3630,#3631));
#1546=AXIS2_PLACEMENT_3D('',#3632,#3633,#3634);
#1547=EDGE_LOOP('',(#3635,#3636,#3637,#3638));
#1548=AXIS2_PLACEMENT_3D('',#3639,#3640,#3641);
#1549=EDGE_LOOP('',(#3642,#3643,#3644,#3645));
#1550=AXIS2_PLACEMENT_3D('',#3646,#3647,#3648);
#1551=EDGE_LOOP('',(#3649,#3650,#3651,#3652));
#1552=AXIS2_PLACEMENT_3D('',#3653,#3654,#3655);
#1553=EDGE_LOOP('',(#3656,#3657,#3658,#3659));
#1554=AXIS2_PLACEMENT_3D('',#3660,#3661,#3662);
#1555=EDGE_LOOP('',(#3663,#3664,#3665,#3666));
#1556=AXIS2_PLACEMENT_3D('',#3667,#3668,#3669);
#1557=EDGE_LOOP('',(#3670,#3671,#3672,#3673));
#1558=AXIS2_PLACEMENT_3D('',#3674,#3675,#3676);
#1559=EDGE_LOOP('',(#3677,#3678,#3679,#3680));
#1560=AXIS2_PLACEMENT_3D('',#3681,#3682,#3683);
#1561=EDGE_LOOP('',(#3684,#3685,#3686,#3687));
#1562=AXIS2_PLACEMENT_3D('',#3688,#3689,#3690);
#1563=EDGE_LOOP('',(#3691,#3692,#3693,#3694));
#1564=AXIS2_PLACEMENT_3D('',#3695,#3696,#3697);
#1565=EDGE_LOOP('',(#3698,#3699,#3700,#3701));
#1566=AXIS2_PLACEMENT_3D('',#3702,#3703,#3704);
#1567=EDGE_LOOP('',(#3705,#3706,#3707,#3708));
#1568=AXIS2_PLACEMENT_3D('',#3709,#3710,#3711);
#1569=EDGE_LOOP('',(#3712,#3713,#3714,#3715));
#1570=AXIS2_PLACEMENT_3D('',#3716,#3717,#3718);
#1571=EDGE_LOOP('',(#3719,#3720,#3721,#3722));
#1572=AXIS2_PLACEMENT_3D('',#3723,#3724,#3725);
#1573=EDGE_LOOP('',(#3726,#3727,#3728,#3729));
#1574=AXIS2_PLACEMENT_3D('',#3730,#3731,#3732);
#1575=EDGE_LOOP('',(#3733,#3734,#3735,#3736));
#1576=AXIS2_PLACEMENT_3D('',#3737,#3738,#3739);
#1577=EDGE_LOOP('',(#3740,#3741,#3742,#3743));
#1578=AXIS2_PLACEMENT_3D('',#3744,#3745,#3746);
#1579=EDGE_LOOP('',(#3747,#3748,#3749,#3750));
#1580=AXIS2_PLACEMENT_3D('',#3751,#3752,#3753);
#1581=EDGE_LOOP('',(#3754,#3755,#3756,#3757,#3758));
#1582=AXIS2_PLACEMENT_3D('',#3759,#3760,#3761);
#1583=EDGE_LOOP('',(#3762,#3763,#3764,#3765,#3766));
#1584=AXIS2_PLACEMENT_3D('',#3767,#3768,#3769);
#1585=EDGE_LOOP('',(#3770,#3771,#3772,#3773,#3774));
#1586=AXIS2_PLACEMENT_3D('',#3775,#3776,#3777);
#1587=EDGE_LOOP('',(#3778,#3779,#3780,#3781,#3782));
#1588=AXIS2_PLACEMENT_3D('',#3783,#3784,#3785);
#1589=EDGE_LOOP('',(#3786,#3787,#3788,#3789));
#1590=AXIS2_PLACEMENT_3D('',#3790,#3791,#3792);
#1591=EDGE_LOOP('',(#3793,#3794,#3795,#3796,#3797));
#1592=AXIS2_PLACEMENT_3D('',#3798,#3799,#3800);
#1593=EDGE_LOOP('',(#3801,#3802,#3803,#3804,#3805));
#1594=AXIS2_PLACEMENT_3D('',#3806,#3807,#3808);
#1595=EDGE_LOOP('',(#3809,#3810,#3811,#3812,#3813));
#1596=AXIS2_PLACEMENT_3D('',#3814,#3815,#3816);
#1597=EDGE_LOOP('',(#3817,#3818,#3819,#3820,#3821));
#1598=AXIS2_PLACEMENT_3D('',#3822,#3823,#3824);
#1599=EDGE_LOOP('',(#3825,#3826,#3827,#3828));
#1600=AXIS2_PLACEMENT_3D('',#3829,#3830,#3831);
#1601=EDGE_LOOP('',(#3832,#3833,#3834,#3835));
#1602=AXIS2_PLACEMENT_3D('',#3836,#3837,#3838);
#1603=EDGE_LOOP('',(#3839,#3840,#3841,#3842));
#1604=AXIS2_PLACEMENT_3D('',#3843,#3844,#3845);
#1605=EDGE_LOOP('',(#3846,#3847,#3848,#3849));
#1606=AXIS2_PLACEMENT_3D('',#3850,#3851,#3852);
#1607=EDGE_LOOP('',(#3853,#3854,#3855,#3856));
#1608=AXIS2_PLACEMENT_3D('',#3857,#3858,#3859);
#1609=EDGE_LOOP('',(#3860,#3861,#3862,#3863));
#1610=AXIS2_PLACEMENT_3D('',#3864,#3865,#3866);
#1611=EDGE_LOOP('',(#3867,#3868,#3869,#3870));
#1612=AXIS2_PLACEMENT_3D('',#3871,#3872,#3873);
#1613=EDGE_LOOP('',(#3874,#3875,#3876,#3877));
#1614=AXIS2_PLACEMENT_3D('',#3878,#3879,#3880);
#1615=EDGE_LOOP('',(#3881,#3882,#3883,#3884));
#1616=AXIS2_PLACEMENT_3D('',#3885,#3886,#3887);
#1617=EDGE_LOOP('',(#3888,#3889,#3890,#3891));
#1618=AXIS2_PLACEMENT_3D('',#3892,#3893,#3894);
#1619=EDGE_LOOP('',(#3895,#3896,#3897,#3898));
#1620=AXIS2_PLACEMENT_3D('',#3899,#3900,#3901);
#1621=EDGE_LOOP('',(#3902,#3903,#3904,#3905));
#1622=AXIS2_PLACEMENT_3D('',#3906,#3907,#3908);
#1623=EDGE_LOOP('',(#3909,#3910,#3911,#3912));
#1624=AXIS2_PLACEMENT_3D('',#3913,#3914,#3915);
#1625=EDGE_LOOP('',(#3916,#3917,#3918,#3919));
#1626=AXIS2_PLACEMENT_3D('',#3920,#3921,#3922);
#1627=EDGE_LOOP('',(#3923,#3924,#3925,#3926));
#1628=AXIS2_PLACEMENT_3D('',#3927,#3928,#3929);
#1629=EDGE_LOOP('',(#3930,#3931,#3932,#3933,#3934));
#1630=AXIS2_PLACEMENT_3D('',#3935,#3936,#3937);
#1631=EDGE_LOOP('',(#3938,#3939,#3940,#3941,#3942));
#1632=AXIS2_PLACEMENT_3D('',#3943,#3944,#3945);
#1633=EDGE_LOOP('',(#3946,#3947,#3948,#3949,#3950));
#1634=AXIS2_PLACEMENT_3D('',#3951,#3952,#3953);
#1635=EDGE_LOOP('',(#3954,#3955,#3956,#3957,#3958));
#1636=AXIS2_PLACEMENT_3D('',#3959,#3960,#3961);
#1637=EDGE_LOOP('',(#3962,#3963,#3964,#3965));
#1638=AXIS2_PLACEMENT_3D('',#3966,#3967,#3968);
#1639=EDGE_LOOP('',(#3969,#3970,#3971,#3972,#3973));
#1640=AXIS2_PLACEMENT_3D('',#3974,#3975,#3976);
#1641=EDGE_LOOP('',(#3977,#3978,#3979,#3980,#3981));
#1642=AXIS2_PLACEMENT_3D('',#3982,#3983,#3984);
#1643=EDGE_LOOP('',(#3985,#3986,#3987,#3988,#3989));
#1644=AXIS2_PLACEMENT_3D('',#3990,#3991,#3992);
#1645=EDGE_LOOP('',(#3993,#3994,#3995,#3996,#3997));
#1646=AXIS2_PLACEMENT_3D('',#3998,#3999,#4000);
#1647=EDGE_LOOP('',(#4001,#4002,#4003,#4004));
#1648=AXIS2_PLACEMENT_3D('',#4005,#4006,#4007);
#1649=EDGE_LOOP('',(#4008,#4009,#4010,#4011));
#1650=AXIS2_PLACEMENT_3D('',#4012,#4013,#4014);
#1651=EDGE_LOOP('',(#4015,#4016,#4017,#4018));
#1652=AXIS2_PLACEMENT_3D('',#4019,#4020,#4021);
#1653=EDGE_LOOP('',(#4022,#4023,#4024,#4025));
#1654=AXIS2_PLACEMENT_3D('',#4026,#4027,#4028);
#1655=EDGE_LOOP('',(#4029,#4030,#4031,#4032));
#1656=AXIS2_PLACEMENT_3D('',#4033,#4034,#4035);
#1657=EDGE_LOOP('',(#4036,#4037,#4038,#4039));
#1658=AXIS2_PLACEMENT_3D('',#4040,#4041,#4042);
#1659=EDGE_LOOP('',(#4043,#4044,#4045,#4046));
#1660=AXIS2_PLACEMENT_3D('',#4047,#4048,#4049);
#1661=EDGE_LOOP('',(#4050,#4051,#4052,#4053));
#1662=AXIS2_PLACEMENT_3D('',#4054,#4055,#4056);
#1663=EDGE_LOOP('',(#4057,#4058,#4059,#4060));
#1664=AXIS2_PLACEMENT_3D('',#4061,#4062,#4063);
#1665=EDGE_LOOP('',(#4064,#4065,#4066,#4067));
#1666=AXIS2_PLACEMENT_3D('',#4068,#4069,#4070);
#1667=EDGE_LOOP('',(#4071,#4072,#4073,#4074));
#1668=AXIS2_PLACEMENT_3D('',#4075,#4076,#4077);
#1669=EDGE_LOOP('',(#4078,#4079,#4080,#4081));
#1670=AXIS2_PLACEMENT_3D('',#4082,#4083,#4084);
#1671=EDGE_LOOP('',(#4085,#4086,#4087,#4088));
#1672=AXIS2_PLACEMENT_3D('',#4089,#4090,#4091);
#1673=EDGE_LOOP('',(#4092,#4093,#4094,#4095));
#1674=AXIS2_PLACEMENT_3D('',#4096,#4097,#4098);
#1675=EDGE_LOOP('',(#4099,#4100,#4101,#4102));
#1676=AXIS2_PLACEMENT_3D('',#4103,#4104,#4105);
#1677=EDGE_LOOP('',(#4106,#4107,#4108,#4109));
#1678=AXIS2_PLACEMENT_3D('',#4110,#4111,#4112);
#1679=EDGE_LOOP('',(#4113,#4114,#4115,#4116,#4117));
#1680=AXIS2_PLACEMENT_3D('',#4118,#4119,#4120);
#1681=EDGE_LOOP('',(#4121,#4122,#4123,#4124,#4125));
#1682=AXIS2_PLACEMENT_3D('',#4126,#4127,#4128);
#1683=EDGE_LOOP('',(#4129,#4130,#4131,#4132,#4133));
#1684=AXIS2_PLACEMENT_3D('',#4134,#4135,#4136);
#1685=EDGE_LOOP('',(#4137,#4138,#4139,#4140,#4141));
#1686=AXIS2_PLACEMENT_3D('',#4142,#4143,#4144);
#1687=EDGE_LOOP('',(#4145,#4146,#4147,#4148));
#1688=AXIS2_PLACEMENT_3D('',#4149,#4150,#4151);
#1689=EDGE_LOOP('',(#4152,#4153,#4154,#4155,#4156));
#1690=AXIS2_PLACEMENT_3D('',#4157,#4158,#4159);
#1691=EDGE_LOOP('',(#4160,#4161,#4162,#4163,#4164));
#1692=AXIS2_PLACEMENT_3D('',#4165,#4166,#4167);
#1693=EDGE_LOOP('',(#4168,#4169,#4170,#4171,#4172));
#1694=AXIS2_PLACEMENT_3D('',#4173,#4174,#4175);
#1695=EDGE_LOOP('',(#4176,#4177,#4178,#4179,#4180));
#1696=AXIS2_PLACEMENT_3D('',#4181,#4182,#4183);
#1697=EDGE_LOOP('',(#4184,#4185,#4186,#4187));
#1698=AXIS2_PLACEMENT_3D('',#4188,#4189,#4190);
#1699=EDGE_LOOP('',(#4191,#4192,#4193,#4194));
#1700=AXIS2_PLACEMENT_3D('',#4195,#4196,#4197);
#1701=EDGE_LOOP('',(#4198,#4199,#4200,#4201));
#1702=AXIS2_PLACEMENT_3D('',#4202,#4203,#4204);
#1703=EDGE_LOOP('',(#4205,#4206,#4207,#4208));
#1704=AXIS2_PLACEMENT_3D('',#4209,#4210,#4211);
#1705=EDGE_LOOP('',(#4212,#4213,#4214,#4215));
#1706=AXIS2_PLACEMENT_3D('',#4216,#4217,#4218);
#1707=EDGE_LOOP('',(#4219,#4220,#4221,#4222));
#1708=AXIS2_PLACEMENT_3D('',#4223,#4224,#4225);
#1709=EDGE_LOOP('',(#4226,#4227,#4228,#4229));
#1710=AXIS2_PLACEMENT_3D('',#4230,#4231,#4232);
#1711=EDGE_LOOP('',(#4233,#4234,#4235,#4236));
#1712=AXIS2_PLACEMENT_3D('',#4237,#4238,#4239);
#1713=EDGE_LOOP('',(#4240,#4241,#4242,#4243));
#1714=AXIS2_PLACEMENT_3D('',#4244,#4245,#4246);
#1715=EDGE_LOOP('',(#4247,#4248,#4249,#4250));
#1716=AXIS2_PLACEMENT_3D('',#4251,#4252,#4253);
#1717=EDGE_LOOP('',(#4254,#4255,#4256,#4257));
#1718=AXIS2_PLACEMENT_3D('',#4258,#4259,#4260);
#1719=EDGE_LOOP('',(#4261,#4262,#4263,#4264));
#1720=AXIS2_PLACEMENT_3D('',#4265,#4266,#4267);
#1721=EDGE_LOOP('',(#4268,#4269,#4270,#4271));
#1722=AXIS2_PLACEMENT_3D('',#4272,#4273,#4274);
#1723=EDGE_LOOP('',(#4275,#4276,#4277,#4278));
#1724=AXIS2_PLACEMENT_3D('',#4279,#4280,#4281);
#1725=EDGE_LOOP('',(#4282,#4283,#4284,#4285));
#1726=AXIS2_PLACEMENT_3D('',#4286,#4287,#4288);
#1727=EDGE_LOOP('',(#4289,#4290,#4291,#4292));
#1728=AXIS2_PLACEMENT_3D('',#4293,#4294,#4295);
#1729=EDGE_LOOP('',(#4296,#4297,#4298,#4299));
#1730=AXIS2_PLACEMENT_3D('',#4300,#4301,#4302);
#1731=EDGE_LOOP('',(#4303,#4304,#4305,#4306));
#1732=AXIS2_PLACEMENT_3D('',#4307,#4308,#4309);
#1733=EDGE_LOOP('',(#4310,#4311,#4312,#4313));
#1734=AXIS2_PLACEMENT_3D('',#4314,#4315,#4316);
#1735=EDGE_LOOP('',(#4317,#4318,#4319,#4320,#4321));
#1736=AXIS2_PLACEMENT_3D('',#4322,#4323,#4324);
#1737=EDGE_LOOP('',(#4325,#4326,#4327,#4328,#4329));
#1738=AXIS2_PLACEMENT_3D('',#4330,#4331,#4332);
#1739=EDGE_LOOP('',(#4333,#4334,#4335,#4336,#4337));
#1740=AXIS2_PLACEMENT_3D('',#4338,#4339,#4340);
#1741=EDGE_LOOP('',(#4341,#4342,#4343,#4344,#4345));
#1742=AXIS2_PLACEMENT_3D('',#4346,#4347,#4348);
#1743=EDGE_LOOP('',(#4349,#4350,#4351,#4352));
#1744=AXIS2_PLACEMENT_3D('',#4353,#4354,#4355);
#1745=EDGE_LOOP('',(#4356,#4357,#4358,#4359,#4360));
#1746=AXIS2_PLACEMENT_3D('',#4361,#4362,#4363);
#1747=EDGE_LOOP('',(#4364,#4365,#4366,#4367,#4368));
#1748=AXIS2_PLACEMENT_3D('',#4369,#4370,#4371);
#1749=EDGE_LOOP('',(#4372,#4373,#4374,#4375,#4376));
#1750=AXIS2_PLACEMENT_3D('',#4377,#4378,#4379);
#1751=EDGE_LOOP('',(#4380,#4381,#4382,#4383,#4384));
#1752=AXIS2_PLACEMENT_3D('',#4385,#4386,#4387);
#1753=EDGE_LOOP('',(#4388,#4389,#4390,#4391));
#1754=AXIS2_PLACEMENT_3D('',#4392,#4393,#4394);
#1755=EDGE_LOOP('',(#4395,#4396,#4397,#4398));
#1756=AXIS2_PLACEMENT_3D('',#4399,#4400,#4401);
#1757=EDGE_LOOP('',(#4402,#4403,#4404,#4405));
#1758=AXIS2_PLACEMENT_3D('',#4406,#4407,#4408);
#1759=EDGE_LOOP('',(#4409,#4410,#4411,#4412));
#1760=AXIS2_PLACEMENT_3D('',#4413,#4414,#4415);
#1761=EDGE_LOOP('',(#4416,#4417,#4418,#4419));
#1762=AXIS2_PLACEMENT_3D('',#4420,#4421,#4422);
#1763=EDGE_LOOP('',(#4423,#4424,#4425,#4426));
#1764=AXIS2_PLACEMENT_3D('',#4427,#4428,#4429);
#1765=EDGE_LOOP('',(#4430,#4431,#4432,#4433));
#1766=AXIS2_PLACEMENT_3D('',#4434,#4435,#4436);
#1767=EDGE_LOOP('',(#4437,#4438,#4439,#4440));
#1768=AXIS2_PLACEMENT_3D('',#4441,#4442,#4443);
#1769=EDGE_LOOP('',(#4444,#4445,#4446,#4447));
#1770=AXIS2_PLACEMENT_3D('',#4448,#4449,#4450);
#1771=EDGE_LOOP('',(#4451,#4452,#4453,#4454));
#1772=AXIS2_PLACEMENT_3D('',#4455,#4456,#4457);
#1773=EDGE_LOOP('',(#4458,#4459,#4460,#4461));
#1774=AXIS2_PLACEMENT_3D('',#4462,#4463,#4464);
#1775=EDGE_LOOP('',(#4465,#4466,#4467,#4468));
#1776=AXIS2_PLACEMENT_3D('',#4469,#4470,#4471);
#1777=EDGE_LOOP('',(#4472,#4473,#4474,#4475));
#1778=AXIS2_PLACEMENT_3D('',#4476,#4477,#4478);
#1779=EDGE_LOOP('',(#4479,#4480,#4481,#4482));
#1780=AXIS2_PLACEMENT_3D('',#4483,#4484,#4485);
#1781=EDGE_LOOP('',(#4486,#4487,#4488,#4489));
#1782=AXIS2_PLACEMENT_3D('',#4490,#4491,#4492);
#1783=EDGE_LOOP('',(#4493,#4494,#4495,#4496));
#1784=AXIS2_PLACEMENT_3D('',#4497,#4498,#4499);
#1785=EDGE_LOOP('',(#4500,#4501,#4502,#4503));
#1786=AXIS2_PLACEMENT_3D('',#4504,#4505,#4506);
#1787=EDGE_LOOP('',(#4507,#4508,#4509,#4510));
#1788=AXIS2_PLACEMENT_3D('',#4511,#4512,#4513);
#1789=EDGE_LOOP('',(#4514,#4515,#4516,#4517));
#1790=AXIS2_PLACEMENT_3D('',#4518,#4519,#4520);
#1791=EDGE_LOOP('',(#4521,#4522,#4523,#4524));
#1792=AXIS2_PLACEMENT_3D('',#4525,#4526,#4527);
#1793=EDGE_LOOP('',(#4528,#4529,#4530,#4531,#4532,#4533));
#1794=AXIS2_PLACEMENT_3D('',#4534,#4535,#4536);
#1795=EDGE_LOOP('',(#4537,#4538,#4539,#4540,#4541,#4542,#4543,#4544,#4545,#4546));
#1796=AXIS2_PLACEMENT_3D('',#4547,#4548,#4549);
#1797=EDGE_LOOP('',(#4550,#4551,#4552,#4553,#4554,#4555,#4556,#4557));
#1798=AXIS2_PLACEMENT_3D('',#4558,#4559,#4560);
#1799=EDGE_LOOP('',(#4561,#4562,#4563,#4564,#4565,#4566));
#1800=AXIS2_PLACEMENT_3D('',#4567,#4568,#4569);
#1801=EDGE_LOOP('',(#4570,#4571,#4572,#4573));
#1802=AXIS2_PLACEMENT_3D('',#4574,#4575,#4576);
#1803=EDGE_LOOP('',(#4577,#4578,#4579,#4580));
#1804=AXIS2_PLACEMENT_3D('',#4581,#4582,#4583);
#1805=EDGE_LOOP('',(#4584,#4585,#4586,#4587));
#1806=AXIS2_PLACEMENT_3D('',#4588,#4589,#4590);
#1807=EDGE_LOOP('',(#4591,#4592,#4593,#4594));
#1808=AXIS2_PLACEMENT_3D('',#4595,#4596,#4597);
#1809=EDGE_LOOP('',(#4598,#4599,#4600,#4601,#4602,#4603));
#1810=AXIS2_PLACEMENT_3D('',#4604,#4605,#4606);
#1811=EDGE_LOOP('',(#4607,#4608,#4609,#4610,#4611,#4612));
#1812=AXIS2_PLACEMENT_3D('',#4613,#4614,#4615);
#1813=EDGE_LOOP('',(#4616,#4617,#4618,#4619,#4620,#4621,#4622,#4623));
#1814=AXIS2_PLACEMENT_3D('',#4624,#4625,#4626);
#1815=EDGE_LOOP('',(#4627,#4628,#4629,#4630));
#1816=AXIS2_PLACEMENT_3D('',#4631,#4632,#4633);
#1817=EDGE_LOOP('',(#4634,#4635,#4636,#4637,#4638,#4639));
#1818=AXIS2_PLACEMENT_3D('',#4640,#4641,#4642);
#1819=EDGE_LOOP('',(#4643,#4644,#4645,#4646,#4647,#4648));
#1820=AXIS2_PLACEMENT_3D('',#4649,#4650,#4651);
#1821=EDGE_LOOP('',(#4652,#4653,#4654,#4655,#4656,#4657));
#1822=AXIS2_PLACEMENT_3D('',#4658,#4659,#4660);
#1823=EDGE_LOOP('',(#4661,#4662,#4663,#4664));
#1824=AXIS2_PLACEMENT_3D('',#4665,#4666,#4667);
#1825=EDGE_LOOP('',(#4668,#4669,#4670,#4671));
#1826=AXIS2_PLACEMENT_3D('',#4672,#4673,#4674);
#1827=EDGE_LOOP('',(#4675,#4676,#4677,#4678));
#1828=AXIS2_PLACEMENT_3D('',#4679,#4680,#4681);
#1829=EDGE_LOOP('',(#4682,#4683,#4684,#4685));
#1830=AXIS2_PLACEMENT_3D('',#4686,#4687,#4688);
#1831=EDGE_LOOP('',(#4689,#4690,#4691,#4692,#4693));
#1832=AXIS2_PLACEMENT_3D('',#4694,#4695,#4696);
#1833=EDGE_LOOP('',(#4697,#4698,#4699,#4700,#4701));
#1834=AXIS2_PLACEMENT_3D('',#4702,#4703,#4704);
#1835=EDGE_LOOP('',(#4705,#4706,#4707,#4708));
#1836=AXIS2_PLACEMENT_3D('',#4709,#4710,#4711);
#1837=EDGE_LOOP('',(#4712,#4713,#4714,#4715));
#1838=AXIS2_PLACEMENT_3D('',#4716,#4717,#4718);
#1839=EDGE_LOOP('',(#4719,#4720,#4721,#4722));
#1840=AXIS2_PLACEMENT_3D('',#4723,#4724,#4725);
#1841=EDGE_LOOP('',(#4726,#4727,#4728,#4729));
#1842=AXIS2_PLACEMENT_3D('',#4730,#4731,#4732);
#1843=EDGE_LOOP('',(#4733,#4734,#4735,#4736));
#1844=AXIS2_PLACEMENT_3D('',#4737,#4738,#4739);
#1845=EDGE_LOOP('',(#4740,#4741,#4742,#4743,#4744));
#1846=AXIS2_PLACEMENT_3D('',#4745,#4746,#4747);
#1847=EDGE_LOOP('',(#4748,#4749,#4750,#4751,#4752));
#1848=AXIS2_PLACEMENT_3D('',#4753,#4754,#4755);
#1849=EDGE_LOOP('',(#4756,#4757,#4758,#4759));
#1850=AXIS2_PLACEMENT_3D('',#4760,#4761,#4762);
#1851=EDGE_LOOP('',(#4763,#4764,#4765,#4766,#4767,#4768,#4769,#4770));
#1852=AXIS2_PLACEMENT_3D('',#4771,#4772,#4773);
#1853=EDGE_LOOP('',(#4774,#4775,#4776,#4777));
#1854=AXIS2_PLACEMENT_3D('',#4778,#4779,#4780);
#1855=EDGE_LOOP('',(#4781,#4782,#4783,#4784,#4785,#4786));
#1856=AXIS2_PLACEMENT_3D('',#4787,#4788,#4789);
#1857=EDGE_LOOP('',(#4790,#4791,#4792,#4793,#4794,#4795));
#1858=AXIS2_PLACEMENT_3D('',#4796,#4797,#4798);
#1859=EDGE_LOOP('',(#4799,#4800,#4801,#4802,#4803,#4804));
#1860=AXIS2_PLACEMENT_3D('',#4805,#4806,#4807);
#1861=EDGE_LOOP('',(#4808,#4809,#4810,#4811,#4812,#4813));
#1862=AXIS2_PLACEMENT_3D('',#4814,#4815,#4816);
#1863=EDGE_LOOP('',(#4817,#4818,#4819,#4820,#4821,#4822));
#1864=AXIS2_PLACEMENT_3D('',#4823,#4824,#4825);
#1865=EDGE_LOOP('',(#4826,#4827,#4828,#4829,#4830,#4831));
#1866=AXIS2_PLACEMENT_3D('',#4832,#4833,#4834);
#1867=EDGE_LOOP('',(#4835,#4836,#4837,#4838));
#1868=AXIS2_PLACEMENT_3D('',#4839,#4840,#4841);
#1869=EDGE_LOOP('',(#4842,#4843,#4844,#4845));
#1870=AXIS2_PLACEMENT_3D('',#4846,#4847,#4848);
#1871=EDGE_LOOP('',(#4849,#4850,#4851,#4852));
#1872=AXIS2_PLACEMENT_3D('',#4853,#4854,#4855);
#1873=EDGE_LOOP('',(#4856,#4857,#4858,#4859));
#1874=AXIS2_PLACEMENT_3D('',#4860,#4861,#4862);
#1875=EDGE_LOOP('',(#4863,#4864,#4865,#4866));
#1876=AXIS2_PLACEMENT_3D('',#4867,#4868,#4869);
#1877=EDGE_LOOP('',(#4870,#4871,#4872,#4873));
#1878=AXIS2_PLACEMENT_3D('',#4874,#4875,#4876);
#1879=EDGE_LOOP('',(#4877,#4878,#4879,#4880,#4881,#4882,#4883,#4884));
#1880=AXIS2_PLACEMENT_3D('',#4885,#4886,#4887);
#1881=EDGE_LOOP('',(#4888,#4889,#4890,#4891));
#1882=AXIS2_PLACEMENT_3D('',#4892,#4893,#4894);
#1883=EDGE_LOOP('',(#4895,#4896,#4897,#4898));
#1884=AXIS2_PLACEMENT_3D('',#4899,#4900,#4901);
#1885=EDGE_LOOP('',(#4902,#4903,#4904,#4905));
#1886=AXIS2_PLACEMENT_3D('',#4906,#4907,#4908);
#1887=EDGE_LOOP('',(#4909,#4910,#4911,#4912));
#1888=AXIS2_PLACEMENT_3D('',#4913,#4914,#4915);
#1889=CIRCLE('',#4916,0.7);
#1890=CIRCLE('',#4917,0.7);
#1891=CIRCLE('',#4918,0.7);
#1892=CIRCLE('',#4919,0.7);
#1893=CIRCLE('',#4920,0.7);
#1894=CIRCLE('',#4921,0.7);
#1895=CIRCLE('',#4922,0.7);
#1896=CIRCLE('',#4923,0.7);
#1897=CIRCLE('',#4924,0.7);
#1898=CIRCLE('',#4925,0.7);
#1899=CIRCLE('',#4926,0.7);
#1900=CIRCLE('',#4927,0.7);
#1901=CIRCLE('',#4928,0.7);
#1902=CIRCLE('',#4929,0.7);
#1903=CIRCLE('',#4930,0.7);
#1904=CIRCLE('',#4931,0.7);
#1905=CIRCLE('',#4932,0.7);
#1906=CIRCLE('',#4933,0.7);
#1907=CIRCLE('',#4934,0.7);
#1908=CIRCLE('',#4935,0.7);
#1909=CIRCLE('',#4936,1.5);
#1910=CIRCLE('',#4937,1.5);
#1911=CIRCLE('',#4938,1.5);
#1912=CIRCLE('',#4939,1.5);
#1913=LINE('',#4940,#4941);
#1914=LINE('',#4942,#4943);
#1915=ORIENTED_EDGE('',*,*,#4944,.F.);
#1916=ORIENTED_EDGE('',*,*,#4945,.T.);
#1917=ORIENTED_EDGE('',*,*,#4946,.T.);
#1918=ORIENTED_EDGE('',*,*,#4947,.F.);
#1919=CARTESIAN_POINT('',(11.1,12.8,2.6));
#1920=DIRECTION('',(0.0,1.0,-0.0));
#1921=DIRECTION('',(1.0,0.0,0.0));
#1922=ORIENTED_EDGE('',*,*,#4948,.F.);
#1923=ORIENTED_EDGE('',*,*,#4949,.F.);
#1924=ORIENTED_EDGE('',*,*,#4950,.F.);
#1925=ORIENTED_EDGE('',*,*,#4951,.F.);
#1926=ORIENTED_EDGE('',*,*,#4952,.F.);
#1927=ORIENTED_EDGE('',*,*,#4953,.T.);
#1928=ORIENTED_EDGE('',*,*,#4954,.T.);
#1929=ORIENTED_EDGE('',*,*,#4955,.F.);
#1930=ORIENTED_EDGE('',*,*,#4956,.F.);
#1931=ORIENTED_EDGE('',*,*,#4957,.T.);
#1932=ORIENTED_EDGE('',*,*,#4958,.T.);
#1933=ORIENTED_EDGE('',*,*,#4959,.F.);
#1934=ORIENTED_EDGE('',*,*,#4960,.F.);
#1935=ORIENTED_EDGE('',*,*,#4961,.F.);
#1936=ORIENTED_EDGE('',*,*,#4962,.T.);
#1937=ORIENTED_EDGE('',*,*,#4963,.F.);
#1938=CARTESIAN_POINT('',(-11.1,0.0,0.0));
#1939=DIRECTION('',(1.0,0.0,0.0));
#1940=DIRECTION('',(0.0,1.0,0.0));
#1941=ORIENTED_EDGE('',*,*,#4964,.T.);
#1942=ORIENTED_EDGE('',*,*,#4947,.T.);
#1943=ORIENTED_EDGE('',*,*,#4965,.T.);
#1944=ORIENTED_EDGE('',*,*,#4966,.T.);
#1945=ORIENTED_EDGE('',*,*,#4967,.F.);
#1946=ORIENTED_EDGE('',*,*,#4968,.T.);
#1947=ORIENTED_EDGE('',*,*,#4969,.T.);
#1948=ORIENTED_EDGE('',*,*,#4970,.T.);
#1949=ORIENTED_EDGE('',*,*,#4971,.F.);
#1950=ORIENTED_EDGE('',*,*,#4972,.T.);
#1951=ORIENTED_EDGE('',*,*,#4973,.T.);
#1952=CARTESIAN_POINT('',(-11.1,0.2,0.0));
#1953=DIRECTION('',(0.0,-1.0,0.0));
#1954=DIRECTION('',(0.0,0.0,-1.0));
#1955=ORIENTED_EDGE('',*,*,#4974,.T.);
#1956=ORIENTED_EDGE('',*,*,#4975,.T.);
#1957=ORIENTED_EDGE('',*,*,#4976,.T.);
#1958=ORIENTED_EDGE('',*,*,#4977,.T.);
#1959=ORIENTED_EDGE('',*,*,#4978,.T.);
#1960=ORIENTED_EDGE('',*,*,#4979,.T.);
#1961=ORIENTED_EDGE('',*,*,#4980,.T.);
#1962=ORIENTED_EDGE('',*,*,#4963,.T.);
#1963=CARTESIAN_POINT('',(-11.1,0.2,0.0));
#1964=DIRECTION('',(0.0,-1.0,0.0));
#1965=DIRECTION('',(0.0,0.0,-1.0));
#1966=ORIENTED_EDGE('',*,*,#4981,.F.);
#1967=ORIENTED_EDGE('',*,*,#4982,.T.);
#1968=ORIENTED_EDGE('',*,*,#4983,.T.);
#1969=ORIENTED_EDGE('',*,*,#4984,.T.);
#1970=ORIENTED_EDGE('',*,*,#4985,.T.);
#1971=ORIENTED_EDGE('',*,*,#4973,.F.);
#1972=ORIENTED_EDGE('',*,*,#4986,.F.);
#1973=ORIENTED_EDGE('',*,*,#4987,.T.);
#1974=ORIENTED_EDGE('',*,*,#4988,.F.);
#1975=ORIENTED_EDGE('',*,*,#4989,.F.);
#1976=CARTESIAN_POINT('',(11.1,0.0,0.0));
#1977=DIRECTION('',(1.0,0.0,0.0));
#1978=DIRECTION('',(0.0,1.0,0.0));
#1979=ORIENTED_EDGE('',*,*,#4990,.T.);
#1980=ORIENTED_EDGE('',*,*,#4991,.T.);
#1981=ORIENTED_EDGE('',*,*,#4992,.T.);
#1982=ORIENTED_EDGE('',*,*,#4993,.T.);
#1983=ORIENTED_EDGE('',*,*,#4965,.F.);
#1984=ORIENTED_EDGE('',*,*,#4946,.F.);
#1985=CARTESIAN_POINT('',(11.1,0.0,0.0));
#1986=DIRECTION('',(1.0,0.0,0.0));
#1987=DIRECTION('',(0.0,1.0,0.0));
#1988=ORIENTED_EDGE('',*,*,#4944,.T.);
#1989=ORIENTED_EDGE('',*,*,#4964,.F.);
#1990=ORIENTED_EDGE('',*,*,#4985,.F.);
#1991=ORIENTED_EDGE('',*,*,#4994,.T.);
#1992=CARTESIAN_POINT('',(11.1,12.8,2.6));
#1993=DIRECTION('',(0.0,1.0,-0.0));
#1994=DIRECTION('',(1.0,0.0,0.0));
#1995=ORIENTED_EDGE('',*,*,#4995,.F.);
#1996=ORIENTED_EDGE('',*,*,#4959,.T.);
#1997=ORIENTED_EDGE('',*,*,#4996,.F.);
#1998=ORIENTED_EDGE('',*,*,#4997,.F.);
#1999=ORIENTED_EDGE('',*,*,#4998,.F.);
#2000=ORIENTED_EDGE('',*,*,#4951,.T.);
#2001=ORIENTED_EDGE('',*,*,#4999,.T.);
#2002=ORIENTED_EDGE('',*,*,#4990,.F.);
#2003=ORIENTED_EDGE('',*,*,#4945,.F.);
#2004=ORIENTED_EDGE('',*,*,#4994,.F.);
#2005=ORIENTED_EDGE('',*,*,#4984,.F.);
#2006=ORIENTED_EDGE('',*,*,#5000,.F.);
#2007=ORIENTED_EDGE('',*,*,#5001,.F.);
#2008=ORIENTED_EDGE('',*,*,#5002,.F.);
#2009=ORIENTED_EDGE('',*,*,#5003,.F.);
#2010=ORIENTED_EDGE('',*,*,#5004,.F.);
#2011=ORIENTED_EDGE('',*,*,#5005,.F.);
#2012=ORIENTED_EDGE('',*,*,#5006,.F.);
#2013=ORIENTED_EDGE('',*,*,#5007,.F.);
#2014=ORIENTED_EDGE('',*,*,#5008,.F.);
#2015=ORIENTED_EDGE('',*,*,#5009,.F.);
#2016=ORIENTED_EDGE('',*,*,#5010,.F.);
#2017=ORIENTED_EDGE('',*,*,#5011,.F.);
#2018=ORIENTED_EDGE('',*,*,#5012,.F.);
#2019=ORIENTED_EDGE('',*,*,#5013,.F.);
#2020=ORIENTED_EDGE('',*,*,#5014,.F.);
#2021=ORIENTED_EDGE('',*,*,#5015,.F.);
#2022=ORIENTED_EDGE('',*,*,#5016,.F.);
#2023=ORIENTED_EDGE('',*,*,#5017,.F.);
#2024=ORIENTED_EDGE('',*,*,#5018,.F.);
#2025=ORIENTED_EDGE('',*,*,#5019,.F.);
#2026=ORIENTED_EDGE('',*,*,#5020,.F.);
#2027=ORIENTED_EDGE('',*,*,#5021,.F.);
#2028=ORIENTED_EDGE('',*,*,#5022,.F.);
#2029=ORIENTED_EDGE('',*,*,#5023,.F.);
#2030=ORIENTED_EDGE('',*,*,#5024,.F.);
#2031=ORIENTED_EDGE('',*,*,#5025,.F.);
#2032=ORIENTED_EDGE('',*,*,#5026,.F.);
#2033=ORIENTED_EDGE('',*,*,#5027,.F.);
#2034=ORIENTED_EDGE('',*,*,#5028,.F.);
#2035=ORIENTED_EDGE('',*,*,#5029,.F.);
#2036=ORIENTED_EDGE('',*,*,#5030,.F.);
#2037=ORIENTED_EDGE('',*,*,#5031,.F.);
#2038=ORIENTED_EDGE('',*,*,#5032,.F.);
#2039=ORIENTED_EDGE('',*,*,#5033,.F.);
#2040=ORIENTED_EDGE('',*,*,#5034,.F.);
#2041=ORIENTED_EDGE('',*,*,#5035,.F.);
#2042=ORIENTED_EDGE('',*,*,#5036,.F.);
#2043=ORIENTED_EDGE('',*,*,#5037,.F.);
#2044=ORIENTED_EDGE('',*,*,#5038,.F.);
#2045=ORIENTED_EDGE('',*,*,#5039,.F.);
#2046=ORIENTED_EDGE('',*,*,#5040,.F.);
#2047=ORIENTED_EDGE('',*,*,#5041,.F.);
#2048=ORIENTED_EDGE('',*,*,#5042,.F.);
#2049=ORIENTED_EDGE('',*,*,#5043,.F.);
#2050=ORIENTED_EDGE('',*,*,#5044,.F.);
#2051=ORIENTED_EDGE('',*,*,#5045,.F.);
#2052=ORIENTED_EDGE('',*,*,#5046,.F.);
#2053=ORIENTED_EDGE('',*,*,#5047,.F.);
#2054=ORIENTED_EDGE('',*,*,#5048,.F.);
#2055=ORIENTED_EDGE('',*,*,#5049,.F.);
#2056=ORIENTED_EDGE('',*,*,#5050,.F.);
#2057=ORIENTED_EDGE('',*,*,#5051,.F.);
#2058=CARTESIAN_POINT('',(-11.1,12.8,-4.8));
#2059=DIRECTION('',(-0.0,1.0,0.0));
#2060=DIRECTION('',(1.0,0.0,0.0));
#2061=ORIENTED_EDGE('',*,*,#5052,.F.);
#2062=ORIENTED_EDGE('',*,*,#5053,.F.);
#2063=ORIENTED_EDGE('',*,*,#5054,.T.);
#2064=ORIENTED_EDGE('',*,*,#5001,.T.);
#2065=CARTESIAN_POINT('',(-1.7,10.45,-6.2));
#2066=DIRECTION('',(0.0,0.511805175094575,-0.859101543908758));
#2067=DIRECTION('',(-1.0,0.0,0.0));
#2068=ORIENTED_EDGE('',*,*,#5054,.F.);
#2069=ORIENTED_EDGE('',*,*,#5055,.F.);
#2070=ORIENTED_EDGE('',*,*,#5056,.F.);
#2071=ORIENTED_EDGE('',*,*,#5057,.F.);
#2072=CARTESIAN_POINT('',(-1.7,0.0,0.0));
#2073=DIRECTION('',(1.0,0.0,0.0));
#2074=DIRECTION('',(0.0,1.0,0.0));
#2075=ORIENTED_EDGE('',*,*,#4960,.T.);
#2076=ORIENTED_EDGE('',*,*,#4995,.T.);
#2077=ORIENTED_EDGE('',*,*,#5057,.T.);
#2078=ORIENTED_EDGE('',*,*,#5058,.T.);
#2079=ORIENTED_EDGE('',*,*,#5059,.F.);
#2080=ORIENTED_EDGE('',*,*,#5000,.T.);
#2081=ORIENTED_EDGE('',*,*,#4983,.F.);
#2082=ORIENTED_EDGE('',*,*,#5060,.F.);
#2083=ORIENTED_EDGE('',*,*,#5061,.T.);
#2084=ORIENTED_EDGE('',*,*,#5062,.F.);
#2085=ORIENTED_EDGE('',*,*,#5063,.F.);
#2086=ORIENTED_EDGE('',*,*,#5064,.F.);
#2087=ORIENTED_EDGE('',*,*,#5065,.T.);
#2088=ORIENTED_EDGE('',*,*,#5066,.F.);
#2089=ORIENTED_EDGE('',*,*,#5067,.F.);
#2090=ORIENTED_EDGE('',*,*,#5068,.F.);
#2091=ORIENTED_EDGE('',*,*,#5069,.T.);
#2092=ORIENTED_EDGE('',*,*,#5070,.F.);
#2093=ORIENTED_EDGE('',*,*,#5071,.F.);
#2094=ORIENTED_EDGE('',*,*,#5072,.F.);
#2095=ORIENTED_EDGE('',*,*,#5073,.T.);
#2096=ORIENTED_EDGE('',*,*,#5074,.F.);
#2097=ORIENTED_EDGE('',*,*,#5075,.F.);
#2098=ORIENTED_EDGE('',*,*,#5076,.F.);
#2099=ORIENTED_EDGE('',*,*,#5077,.T.);
#2100=ORIENTED_EDGE('',*,*,#5078,.F.);
#2101=ORIENTED_EDGE('',*,*,#5079,.F.);
#2102=ORIENTED_EDGE('',*,*,#5080,.F.);
#2103=CARTESIAN_POINT('',(-11.1,0.0,-4.8));
#2104=DIRECTION('',(0.0,0.0,-1.0));
#2105=DIRECTION('',(0.0,-1.0,0.0));
#2106=ORIENTED_EDGE('',*,*,#5081,.F.);
#2107=ORIENTED_EDGE('',*,*,#5082,.F.);
#2108=ORIENTED_EDGE('',*,*,#5083,.F.);
#2109=ORIENTED_EDGE('',*,*,#5084,.F.);
#2110=CARTESIAN_POINT('',(-11.1,0.0,4.8));
#2111=DIRECTION('',(0.0,-1.0,0.0));
#2112=DIRECTION('',(0.0,0.0,-1.0));
#2113=ORIENTED_EDGE('',*,*,#5085,.T.);
#2114=ORIENTED_EDGE('',*,*,#5086,.T.);
#2115=ORIENTED_EDGE('',*,*,#4992,.F.);
#2116=ORIENTED_EDGE('',*,*,#5087,.F.);
#2117=CARTESIAN_POINT('',(-11.1,0.0,4.8));
#2118=DIRECTION('',(0.0,-1.0,0.0));
#2119=DIRECTION('',(0.0,0.0,-1.0));
#2120=ORIENTED_EDGE('',*,*,#4982,.F.);
#2121=ORIENTED_EDGE('',*,*,#5088,.F.);
#2122=ORIENTED_EDGE('',*,*,#5089,.F.);
#2123=ORIENTED_EDGE('',*,*,#5060,.T.);
#2124=CARTESIAN_POINT('',(-11.1,0.0,4.8));
#2125=DIRECTION('',(0.0,-1.0,0.0));
#2126=DIRECTION('',(0.0,0.0,-1.0));
#2127=ORIENTED_EDGE('',*,*,#5090,.T.);
#2128=ORIENTED_EDGE('',*,*,#5091,.T.);
#2129=ORIENTED_EDGE('',*,*,#5092,.F.);
#2130=ORIENTED_EDGE('',*,*,#5093,.F.);
#2131=CARTESIAN_POINT('',(-11.1,0.0,4.8));
#2132=DIRECTION('',(0.0,-1.0,0.0));
#2133=DIRECTION('',(0.0,0.0,-1.0));
#2134=ORIENTED_EDGE('',*,*,#5094,.T.);
#2135=ORIENTED_EDGE('',*,*,#5095,.F.);
#2136=ORIENTED_EDGE('',*,*,#5096,.F.);
#2137=ORIENTED_EDGE('',*,*,#5064,.T.);
#2138=CARTESIAN_POINT('',(-11.1,0.0,4.8));
#2139=DIRECTION('',(0.0,-1.0,0.0));
#2140=DIRECTION('',(0.0,0.0,-1.0));
#2141=ORIENTED_EDGE('',*,*,#5097,.T.);
#2142=ORIENTED_EDGE('',*,*,#5098,.T.);
#2143=ORIENTED_EDGE('',*,*,#5099,.F.);
#2144=ORIENTED_EDGE('',*,*,#5100,.F.);
#2145=CARTESIAN_POINT('',(-11.1,0.0,4.8));
#2146=DIRECTION('',(0.0,-1.0,0.0));
#2147=DIRECTION('',(0.0,0.0,-1.0));
#2148=ORIENTED_EDGE('',*,*,#5101,.T.);
#2149=ORIENTED_EDGE('',*,*,#5102,.F.);
#2150=ORIENTED_EDGE('',*,*,#5103,.F.);
#2151=ORIENTED_EDGE('',*,*,#5068,.T.);
#2152=CARTESIAN_POINT('',(-11.1,0.0,4.8));
#2153=DIRECTION('',(0.0,-1.0,0.0));
#2154=DIRECTION('',(0.0,0.0,-1.0));
#2155=ORIENTED_EDGE('',*,*,#5104,.T.);
#2156=ORIENTED_EDGE('',*,*,#5105,.T.);
#2157=ORIENTED_EDGE('',*,*,#5106,.F.);
#2158=ORIENTED_EDGE('',*,*,#5107,.F.);
#2159=CARTESIAN_POINT('',(-11.1,0.0,4.8));
#2160=DIRECTION('',(0.0,-1.0,0.0));
#2161=DIRECTION('',(0.0,0.0,-1.0));
#2162=ORIENTED_EDGE('',*,*,#5108,.T.);
#2163=ORIENTED_EDGE('',*,*,#5109,.F.);
#2164=ORIENTED_EDGE('',*,*,#5110,.F.);
#2165=ORIENTED_EDGE('',*,*,#5072,.T.);
#2166=CARTESIAN_POINT('',(-11.1,0.0,4.8));
#2167=DIRECTION('',(0.0,-1.0,0.0));
#2168=DIRECTION('',(0.0,0.0,-1.0));
#2169=ORIENTED_EDGE('',*,*,#4949,.T.);
#2170=ORIENTED_EDGE('',*,*,#5111,.T.);
#2171=ORIENTED_EDGE('',*,*,#5112,.F.);
#2172=ORIENTED_EDGE('',*,*,#5113,.F.);
#2173=CARTESIAN_POINT('',(-11.1,0.0,4.8));
#2174=DIRECTION('',(0.0,-1.0,0.0));
#2175=DIRECTION('',(0.0,0.0,-1.0));
#2176=ORIENTED_EDGE('',*,*,#5114,.T.);
#2177=ORIENTED_EDGE('',*,*,#5115,.T.);
#2178=ORIENTED_EDGE('',*,*,#5116,.F.);
#2179=ORIENTED_EDGE('',*,*,#5117,.F.);
#2180=CARTESIAN_POINT('',(-11.1,0.0,4.8));
#2181=DIRECTION('',(0.0,-1.0,0.0));
#2182=DIRECTION('',(0.0,0.0,-1.0));
#2183=ORIENTED_EDGE('',*,*,#5118,.T.);
#2184=ORIENTED_EDGE('',*,*,#5119,.F.);
#2185=ORIENTED_EDGE('',*,*,#4961,.T.);
#2186=ORIENTED_EDGE('',*,*,#5080,.T.);
#2187=CARTESIAN_POINT('',(-11.1,0.0,4.8));
#2188=DIRECTION('',(0.0,-1.0,0.0));
#2189=DIRECTION('',(0.0,0.0,-1.0));
#2190=ORIENTED_EDGE('',*,*,#5120,.T.);
#2191=ORIENTED_EDGE('',*,*,#5121,.F.);
#2192=ORIENTED_EDGE('',*,*,#5122,.F.);
#2193=ORIENTED_EDGE('',*,*,#5076,.T.);
#2194=CARTESIAN_POINT('',(-11.1,0.0,4.8));
#2195=DIRECTION('',(0.0,-1.0,0.0));
#2196=DIRECTION('',(0.0,0.0,-1.0));
#2197=ORIENTED_EDGE('',*,*,#5123,.F.);
#2198=ORIENTED_EDGE('',*,*,#4978,.F.);
#2199=ORIENTED_EDGE('',*,*,#5124,.F.);
#2200=ORIENTED_EDGE('',*,*,#5084,.T.);
#2201=ORIENTED_EDGE('',*,*,#5125,.T.);
#2202=ORIENTED_EDGE('',*,*,#4968,.F.);
#2203=ORIENTED_EDGE('',*,*,#5126,.T.);
#2204=ORIENTED_EDGE('',*,*,#5127,.F.);
#2205=ORIENTED_EDGE('',*,*,#5128,.F.);
#2206=ORIENTED_EDGE('',*,*,#5129,.F.);
#2207=ORIENTED_EDGE('',*,*,#5130,.F.);
#2208=ORIENTED_EDGE('',*,*,#5131,.T.);
#2209=ORIENTED_EDGE('',*,*,#5132,.F.);
#2210=ORIENTED_EDGE('',*,*,#5133,.T.);
#2211=ORIENTED_EDGE('',*,*,#5134,.F.);
#2212=ORIENTED_EDGE('',*,*,#5135,.F.);
#2213=ORIENTED_EDGE('',*,*,#5136,.F.);
#2214=ORIENTED_EDGE('',*,*,#5137,.F.);
#2215=ORIENTED_EDGE('',*,*,#5138,.F.);
#2216=ORIENTED_EDGE('',*,*,#5139,.F.);
#2217=ORIENTED_EDGE('',*,*,#5140,.F.);
#2218=ORIENTED_EDGE('',*,*,#5141,.F.);
#2219=ORIENTED_EDGE('',*,*,#5142,.F.);
#2220=ORIENTED_EDGE('',*,*,#5143,.F.);
#2221=ORIENTED_EDGE('',*,*,#5144,.F.);
#2222=ORIENTED_EDGE('',*,*,#5145,.F.);
#2223=ORIENTED_EDGE('',*,*,#5146,.F.);
#2224=ORIENTED_EDGE('',*,*,#5147,.F.);
#2225=ORIENTED_EDGE('',*,*,#5148,.F.);
#2226=ORIENTED_EDGE('',*,*,#5149,.T.);
#2227=ORIENTED_EDGE('',*,*,#5150,.F.);
#2228=ORIENTED_EDGE('',*,*,#5151,.F.);
#2229=ORIENTED_EDGE('',*,*,#5152,.F.);
#2230=ORIENTED_EDGE('',*,*,#5153,.F.);
#2231=ORIENTED_EDGE('',*,*,#5154,.F.);
#2232=ORIENTED_EDGE('',*,*,#5155,.F.);
#2233=ORIENTED_EDGE('',*,*,#5156,.F.);
#2234=ORIENTED_EDGE('',*,*,#5157,.F.);
#2235=ORIENTED_EDGE('',*,*,#5158,.F.);
#2236=ORIENTED_EDGE('',*,*,#5159,.F.);
#2237=CARTESIAN_POINT('',(7.4,0.0,0.5));
#2238=DIRECTION('',(0.0,0.0,-1.0));
#2239=DIRECTION('',(0.0,-1.0,0.0));
#2240=ORIENTED_EDGE('',*,*,#5160,.F.);
#2241=ORIENTED_EDGE('',*,*,#5161,.T.);
#2242=ORIENTED_EDGE('',*,*,#5162,.T.);
#2243=ORIENTED_EDGE('',*,*,#5163,.F.);
#2244=ORIENTED_EDGE('',*,*,#5164,.T.);
#2245=ORIENTED_EDGE('',*,*,#5165,.T.);
#2246=ORIENTED_EDGE('',*,*,#5166,.T.);
#2247=ORIENTED_EDGE('',*,*,#5159,.T.);
#2248=ORIENTED_EDGE('',*,*,#5167,.T.);
#2249=ORIENTED_EDGE('',*,*,#5168,.T.);
#2250=ORIENTED_EDGE('',*,*,#5169,.F.);
#2251=ORIENTED_EDGE('',*,*,#5170,.F.);
#2252=CARTESIAN_POINT('',(-11.1,0.8,4.8));
#2253=DIRECTION('',(0.0,-1.0,0.0));
#2254=DIRECTION('',(0.0,0.0,-1.0));
#2255=ORIENTED_EDGE('',*,*,#5171,.F.);
#2256=ORIENTED_EDGE('',*,*,#5172,.T.);
#2257=ORIENTED_EDGE('',*,*,#5173,.T.);
#2258=ORIENTED_EDGE('',*,*,#5174,.T.);
#2259=ORIENTED_EDGE('',*,*,#5175,.T.);
#2260=ORIENTED_EDGE('',*,*,#5078,.T.);
#2261=ORIENTED_EDGE('',*,*,#5176,.T.);
#2262=ORIENTED_EDGE('',*,*,#5177,.T.);
#2263=ORIENTED_EDGE('',*,*,#5178,.T.);
#2264=ORIENTED_EDGE('',*,*,#5179,.T.);
#2265=ORIENTED_EDGE('',*,*,#5180,.F.);
#2266=ORIENTED_EDGE('',*,*,#5181,.F.);
#2267=CARTESIAN_POINT('',(-11.1,0.8,4.8));
#2268=DIRECTION('',(0.0,-1.0,0.0));
#2269=DIRECTION('',(0.0,0.0,-1.0));
#2270=ORIENTED_EDGE('',*,*,#5123,.T.);
#2271=ORIENTED_EDGE('',*,*,#5166,.F.);
#2272=ORIENTED_EDGE('',*,*,#5182,.F.);
#2273=ORIENTED_EDGE('',*,*,#4979,.F.);
#2274=CARTESIAN_POINT('',(-9.7,0.0,3.8));
#2275=DIRECTION('',(-1.0,0.0,0.0));
#2276=DIRECTION('',(0.0,0.0,1.0));
#2277=ORIENTED_EDGE('',*,*,#5111,.F.);
#2278=ORIENTED_EDGE('',*,*,#4948,.T.);
#2279=ORIENTED_EDGE('',*,*,#4980,.F.);
#2280=ORIENTED_EDGE('',*,*,#5182,.T.);
#2281=ORIENTED_EDGE('',*,*,#5165,.F.);
#2282=ORIENTED_EDGE('',*,*,#5183,.F.);
#2283=CARTESIAN_POINT('',(7.4,0.0,3.8));
#2284=DIRECTION('',(0.0,0.0,-1.0));
#2285=DIRECTION('',(0.0,-1.0,0.0));
#2286=ORIENTED_EDGE('',*,*,#4993,.F.);
#2287=ORIENTED_EDGE('',*,*,#5086,.F.);
#2288=ORIENTED_EDGE('',*,*,#5184,.F.);
#2289=ORIENTED_EDGE('',*,*,#5185,.F.);
#2290=ORIENTED_EDGE('',*,*,#5186,.F.);
#2291=ORIENTED_EDGE('',*,*,#4966,.F.);
#2292=CARTESIAN_POINT('',(7.4,0.0,3.8));
#2293=DIRECTION('',(0.0,0.0,-1.0));
#2294=DIRECTION('',(0.0,-1.0,0.0));
#2295=ORIENTED_EDGE('',*,*,#5187,.F.);
#2296=ORIENTED_EDGE('',*,*,#5188,.F.);
#2297=ORIENTED_EDGE('',*,*,#5189,.F.);
#2298=ORIENTED_EDGE('',*,*,#5190,.F.);
#2299=ORIENTED_EDGE('',*,*,#5191,.F.);
#2300=ORIENTED_EDGE('',*,*,#5192,.F.);
#2301=ORIENTED_EDGE('',*,*,#5193,.F.);
#2302=ORIENTED_EDGE('',*,*,#5194,.F.);
#2303=ORIENTED_EDGE('',*,*,#5091,.F.);
#2304=ORIENTED_EDGE('',*,*,#5195,.F.);
#2305=ORIENTED_EDGE('',*,*,#5196,.F.);
#2306=ORIENTED_EDGE('',*,*,#5197,.F.);
#2307=CARTESIAN_POINT('',(7.4,0.0,3.8));
#2308=DIRECTION('',(0.0,0.0,-1.0));
#2309=DIRECTION('',(0.0,-1.0,0.0));
#2310=ORIENTED_EDGE('',*,*,#5198,.F.);
#2311=ORIENTED_EDGE('',*,*,#5098,.F.);
#2312=ORIENTED_EDGE('',*,*,#5199,.F.);
#2313=ORIENTED_EDGE('',*,*,#5200,.F.);
#2314=ORIENTED_EDGE('',*,*,#5201,.T.);
#2315=ORIENTED_EDGE('',*,*,#5202,.T.);
#2316=ORIENTED_EDGE('',*,*,#5203,.T.);
#2317=ORIENTED_EDGE('',*,*,#5204,.T.);
#2318=ORIENTED_EDGE('',*,*,#5205,.T.);
#2319=ORIENTED_EDGE('',*,*,#5206,.T.);
#2320=ORIENTED_EDGE('',*,*,#5207,.T.);
#2321=ORIENTED_EDGE('',*,*,#5208,.F.);
#2322=CARTESIAN_POINT('',(7.4,0.0,3.8));
#2323=DIRECTION('',(0.0,0.0,-1.0));
#2324=DIRECTION('',(0.0,-1.0,0.0));
#2325=ORIENTED_EDGE('',*,*,#5209,.F.);
#2326=ORIENTED_EDGE('',*,*,#5105,.F.);
#2327=ORIENTED_EDGE('',*,*,#5210,.F.);
#2328=ORIENTED_EDGE('',*,*,#5211,.F.);
#2329=ORIENTED_EDGE('',*,*,#5212,.T.);
#2330=ORIENTED_EDGE('',*,*,#5213,.F.);
#2331=ORIENTED_EDGE('',*,*,#5214,.T.);
#2332=ORIENTED_EDGE('',*,*,#5215,.T.);
#2333=ORIENTED_EDGE('',*,*,#5216,.T.);
#2334=ORIENTED_EDGE('',*,*,#5217,.T.);
#2335=ORIENTED_EDGE('',*,*,#5218,.T.);
#2336=ORIENTED_EDGE('',*,*,#5219,.F.);
#2337=CARTESIAN_POINT('',(7.4,0.0,3.8));
#2338=DIRECTION('',(0.0,0.0,-1.0));
#2339=DIRECTION('',(0.0,-1.0,0.0));
#2340=ORIENTED_EDGE('',*,*,#5220,.F.);
#2341=ORIENTED_EDGE('',*,*,#5115,.F.);
#2342=ORIENTED_EDGE('',*,*,#5221,.F.);
#2343=ORIENTED_EDGE('',*,*,#5161,.F.);
#2344=ORIENTED_EDGE('',*,*,#5222,.T.);
#2345=ORIENTED_EDGE('',*,*,#5223,.T.);
#2346=ORIENTED_EDGE('',*,*,#5224,.T.);
#2347=ORIENTED_EDGE('',*,*,#5225,.T.);
#2348=ORIENTED_EDGE('',*,*,#5226,.T.);
#2349=ORIENTED_EDGE('',*,*,#5227,.T.);
#2350=ORIENTED_EDGE('',*,*,#5228,.T.);
#2351=ORIENTED_EDGE('',*,*,#5229,.F.);
#2352=CARTESIAN_POINT('',(7.4,0.0,3.8));
#2353=DIRECTION('',(0.0,0.0,-1.0));
#2354=DIRECTION('',(0.0,-1.0,0.0));
#2355=ORIENTED_EDGE('',*,*,#5183,.T.);
#2356=ORIENTED_EDGE('',*,*,#5164,.F.);
#2357=ORIENTED_EDGE('',*,*,#5230,.F.);
#2358=ORIENTED_EDGE('',*,*,#5112,.T.);
#2359=CARTESIAN_POINT('',(-9.4,0.0,4.8));
#2360=DIRECTION('',(-1.0,0.0,0.0));
#2361=DIRECTION('',(0.0,0.0,1.0));
#2362=ORIENTED_EDGE('',*,*,#5230,.T.);
#2363=ORIENTED_EDGE('',*,*,#5163,.T.);
#2364=ORIENTED_EDGE('',*,*,#5231,.F.);
#2365=ORIENTED_EDGE('',*,*,#5117,.T.);
#2366=ORIENTED_EDGE('',*,*,#5232,.T.);
#2367=ORIENTED_EDGE('',*,*,#5233,.T.);
#2368=ORIENTED_EDGE('',*,*,#5234,.F.);
#2369=ORIENTED_EDGE('',*,*,#5107,.T.);
#2370=ORIENTED_EDGE('',*,*,#5235,.T.);
#2371=ORIENTED_EDGE('',*,*,#5236,.T.);
#2372=ORIENTED_EDGE('',*,*,#5237,.F.);
#2373=ORIENTED_EDGE('',*,*,#5100,.T.);
#2374=ORIENTED_EDGE('',*,*,#5238,.T.);
#2375=ORIENTED_EDGE('',*,*,#5239,.T.);
#2376=ORIENTED_EDGE('',*,*,#5240,.F.);
#2377=ORIENTED_EDGE('',*,*,#5093,.T.);
#2378=ORIENTED_EDGE('',*,*,#5241,.T.);
#2379=ORIENTED_EDGE('',*,*,#5242,.T.);
#2380=ORIENTED_EDGE('',*,*,#5243,.F.);
#2381=ORIENTED_EDGE('',*,*,#5087,.T.);
#2382=ORIENTED_EDGE('',*,*,#4991,.F.);
#2383=ORIENTED_EDGE('',*,*,#4999,.F.);
#2384=ORIENTED_EDGE('',*,*,#4950,.T.);
#2385=ORIENTED_EDGE('',*,*,#5113,.T.);
#2386=CARTESIAN_POINT('',(-11.1,12.8,4.8));
#2387=DIRECTION('',(0.0,0.0,1.0));
#2388=DIRECTION('',(1.0,0.0,0.0));
#2389=ORIENTED_EDGE('',*,*,#5243,.T.);
#2390=ORIENTED_EDGE('',*,*,#5244,.F.);
#2391=ORIENTED_EDGE('',*,*,#5184,.T.);
#2392=ORIENTED_EDGE('',*,*,#5085,.F.);
#2393=CARTESIAN_POINT('',(9.4,0.0,3.8));
#2394=DIRECTION('',(1.0,0.0,0.0));
#2395=DIRECTION('',(0.0,1.0,0.0));
#2396=ORIENTED_EDGE('',*,*,#5245,.T.);
#2397=ORIENTED_EDGE('',*,*,#5127,.T.);
#2398=ORIENTED_EDGE('',*,*,#5246,.T.);
#2399=ORIENTED_EDGE('',*,*,#5185,.T.);
#2400=ORIENTED_EDGE('',*,*,#5244,.T.);
#2401=ORIENTED_EDGE('',*,*,#5242,.F.);
#2402=ORIENTED_EDGE('',*,*,#5247,.T.);
#2403=ORIENTED_EDGE('',*,*,#5193,.T.);
#2404=ORIENTED_EDGE('',*,*,#5248,.T.);
#2405=ORIENTED_EDGE('',*,*,#5249,.T.);
#2406=ORIENTED_EDGE('',*,*,#5250,.F.);
#2407=ORIENTED_EDGE('',*,*,#5251,.F.);
#2408=CARTESIAN_POINT('',(-11.1,0.8,4.8));
#2409=DIRECTION('',(0.0,-1.0,0.0));
#2410=DIRECTION('',(0.0,0.0,-1.0));
#2411=ORIENTED_EDGE('',*,*,#5252,.T.);
#2412=ORIENTED_EDGE('',*,*,#5253,.T.);
#2413=ORIENTED_EDGE('',*,*,#5254,.T.);
#2414=ORIENTED_EDGE('',*,*,#5062,.T.);
#2415=ORIENTED_EDGE('',*,*,#5255,.T.);
#2416=ORIENTED_EDGE('',*,*,#5256,.T.);
#2417=ORIENTED_EDGE('',*,*,#5257,.T.);
#2418=ORIENTED_EDGE('',*,*,#5258,.T.);
#2419=ORIENTED_EDGE('',*,*,#5259,.T.);
#2420=ORIENTED_EDGE('',*,*,#5260,.T.);
#2421=ORIENTED_EDGE('',*,*,#5261,.F.);
#2422=ORIENTED_EDGE('',*,*,#5262,.F.);
#2423=CARTESIAN_POINT('',(-11.1,0.8,4.8));
#2424=DIRECTION('',(0.0,-1.0,0.0));
#2425=DIRECTION('',(0.0,0.0,-1.0));
#2426=ORIENTED_EDGE('',*,*,#5194,.T.);
#2427=ORIENTED_EDGE('',*,*,#5247,.F.);
#2428=ORIENTED_EDGE('',*,*,#5241,.F.);
#2429=ORIENTED_EDGE('',*,*,#5092,.T.);
#2430=CARTESIAN_POINT('',(7.4,0.0,4.8));
#2431=DIRECTION('',(-1.0,0.0,0.0));
#2432=DIRECTION('',(0.0,0.0,1.0));
#2433=ORIENTED_EDGE('',*,*,#5186,.T.);
#2434=ORIENTED_EDGE('',*,*,#5246,.F.);
#2435=ORIENTED_EDGE('',*,*,#5126,.F.);
#2436=ORIENTED_EDGE('',*,*,#4967,.T.);
#2437=CARTESIAN_POINT('',(9.7,0.0,0.5));
#2438=DIRECTION('',(1.0,0.0,0.0));
#2439=DIRECTION('',(0.0,1.0,0.0));
#2440=ORIENTED_EDGE('',*,*,#5128,.T.);
#2441=ORIENTED_EDGE('',*,*,#5245,.F.);
#2442=ORIENTED_EDGE('',*,*,#5192,.T.);
#2443=ORIENTED_EDGE('',*,*,#5263,.T.);
#2444=CARTESIAN_POINT('',(7.1,3.7,3.8));
#2445=DIRECTION('',(1.0,0.0,0.0));
#2446=DIRECTION('',(0.0,1.0,0.0));
#2447=ORIENTED_EDGE('',*,*,#5129,.T.);
#2448=ORIENTED_EDGE('',*,*,#5263,.F.);
#2449=ORIENTED_EDGE('',*,*,#5191,.T.);
#2450=ORIENTED_EDGE('',*,*,#5264,.T.);
#2451=ORIENTED_EDGE('',*,*,#5265,.T.);
#2452=ORIENTED_EDGE('',*,*,#5266,.T.);
#2453=ORIENTED_EDGE('',*,*,#5267,.T.);
#2454=ORIENTED_EDGE('',*,*,#5268,.T.);
#2455=ORIENTED_EDGE('',*,*,#5269,.T.);
#2456=ORIENTED_EDGE('',*,*,#5270,.F.);
#2457=ORIENTED_EDGE('',*,*,#5271,.F.);
#2458=ORIENTED_EDGE('',*,*,#5272,.T.);
#2459=CARTESIAN_POINT('',(-11.1,3.7,-4.8));
#2460=DIRECTION('',(-0.0,1.0,0.0));
#2461=DIRECTION('',(1.0,0.0,0.0));
#2462=ORIENTED_EDGE('',*,*,#5273,.T.);
#2463=ORIENTED_EDGE('',*,*,#5274,.T.);
#2464=ORIENTED_EDGE('',*,*,#5275,.T.);
#2465=ORIENTED_EDGE('',*,*,#5276,.T.);
#2466=ORIENTED_EDGE('',*,*,#5277,.T.);
#2467=ORIENTED_EDGE('',*,*,#5278,.T.);
#2468=ORIENTED_EDGE('',*,*,#5279,.T.);
#2469=ORIENTED_EDGE('',*,*,#5280,.F.);
#2470=ORIENTED_EDGE('',*,*,#5281,.T.);
#2471=ORIENTED_EDGE('',*,*,#5282,.F.);
#2472=ORIENTED_EDGE('',*,*,#5283,.F.);
#2473=ORIENTED_EDGE('',*,*,#5284,.T.);
#2474=CARTESIAN_POINT('',(-11.1,3.7,-4.8));
#2475=DIRECTION('',(-0.0,1.0,0.0));
#2476=DIRECTION('',(1.0,0.0,0.0));
#2477=ORIENTED_EDGE('',*,*,#5285,.F.);
#2478=ORIENTED_EDGE('',*,*,#5003,.T.);
#2479=ORIENTED_EDGE('',*,*,#5286,.T.);
#2480=ORIENTED_EDGE('',*,*,#5264,.F.);
#2481=ORIENTED_EDGE('',*,*,#5190,.T.);
#2482=ORIENTED_EDGE('',*,*,#5287,.T.);
#2483=ORIENTED_EDGE('',*,*,#5130,.T.);
#2484=ORIENTED_EDGE('',*,*,#5268,.F.);
#2485=CARTESIAN_POINT('',(6.6,12.8,0.3));
#2486=DIRECTION('',(-1.0,0.0,0.0));
#2487=DIRECTION('',(0.0,0.0,1.0));
#2488=ORIENTED_EDGE('',*,*,#5288,.F.);
#2489=ORIENTED_EDGE('',*,*,#5131,.F.);
#2490=ORIENTED_EDGE('',*,*,#5287,.F.);
#2491=ORIENTED_EDGE('',*,*,#5189,.T.);
#2492=CARTESIAN_POINT('',(6.0,2.7,3.8));
#2493=DIRECTION('',(-0.0,1.0,0.0));
#2494=DIRECTION('',(1.0,0.0,0.0));
#2495=ORIENTED_EDGE('',*,*,#5288,.T.);
#2496=ORIENTED_EDGE('',*,*,#5188,.T.);
#2497=ORIENTED_EDGE('',*,*,#5289,.F.);
#2498=ORIENTED_EDGE('',*,*,#5290,.F.);
#2499=ORIENTED_EDGE('',*,*,#5027,.T.);
#2500=ORIENTED_EDGE('',*,*,#5291,.T.);
#2501=ORIENTED_EDGE('',*,*,#5292,.F.);
#2502=ORIENTED_EDGE('',*,*,#5132,.T.);
#2503=CARTESIAN_POINT('',(6.0,3.7,3.8));
#2504=DIRECTION('',(1.0,0.0,0.0));
#2505=DIRECTION('',(0.0,1.0,0.0));
#2506=ORIENTED_EDGE('',*,*,#5293,.F.);
#2507=ORIENTED_EDGE('',*,*,#5294,.T.);
#2508=ORIENTED_EDGE('',*,*,#5295,.T.);
#2509=ORIENTED_EDGE('',*,*,#5296,.T.);
#2510=ORIENTED_EDGE('',*,*,#5297,.T.);
#2511=ORIENTED_EDGE('',*,*,#5133,.F.);
#2512=ORIENTED_EDGE('',*,*,#5292,.T.);
#2513=ORIENTED_EDGE('',*,*,#5298,.T.);
#2514=ORIENTED_EDGE('',*,*,#5299,.T.);
#2515=ORIENTED_EDGE('',*,*,#5137,.T.);
#2516=ORIENTED_EDGE('',*,*,#5300,.T.);
#2517=ORIENTED_EDGE('',*,*,#5301,.F.);
#2518=ORIENTED_EDGE('',*,*,#5302,.F.);
#2519=ORIENTED_EDGE('',*,*,#5303,.F.);
#2520=CARTESIAN_POINT('',(-11.1,3.7,-4.8));
#2521=DIRECTION('',(-0.0,1.0,0.0));
#2522=DIRECTION('',(1.0,0.0,0.0));
#2523=ORIENTED_EDGE('',*,*,#5304,.F.);
#2524=ORIENTED_EDGE('',*,*,#5305,.T.);
#2525=ORIENTED_EDGE('',*,*,#5306,.T.);
#2526=ORIENTED_EDGE('',*,*,#5307,.T.);
#2527=ORIENTED_EDGE('',*,*,#5308,.T.);
#2528=ORIENTED_EDGE('',*,*,#5141,.T.);
#2529=ORIENTED_EDGE('',*,*,#5309,.T.);
#2530=ORIENTED_EDGE('',*,*,#5310,.T.);
#2531=ORIENTED_EDGE('',*,*,#5311,.T.);
#2532=ORIENTED_EDGE('',*,*,#5145,.T.);
#2533=ORIENTED_EDGE('',*,*,#5312,.T.);
#2534=ORIENTED_EDGE('',*,*,#5313,.F.);
#2535=ORIENTED_EDGE('',*,*,#5314,.F.);
#2536=ORIENTED_EDGE('',*,*,#5315,.F.);
#2537=CARTESIAN_POINT('',(-11.1,3.7,-4.8));
#2538=DIRECTION('',(-0.0,1.0,0.0));
#2539=DIRECTION('',(1.0,0.0,0.0));
#2540=ORIENTED_EDGE('',*,*,#5316,.T.);
#2541=ORIENTED_EDGE('',*,*,#5317,.T.);
#2542=ORIENTED_EDGE('',*,*,#5318,.T.);
#2543=ORIENTED_EDGE('',*,*,#5319,.F.);
#2544=ORIENTED_EDGE('',*,*,#5320,.T.);
#2545=ORIENTED_EDGE('',*,*,#5321,.F.);
#2546=ORIENTED_EDGE('',*,*,#5322,.T.);
#2547=ORIENTED_EDGE('',*,*,#5323,.T.);
#2548=ORIENTED_EDGE('',*,*,#5324,.T.);
#2549=ORIENTED_EDGE('',*,*,#5325,.T.);
#2550=ORIENTED_EDGE('',*,*,#5326,.F.);
#2551=ORIENTED_EDGE('',*,*,#5327,.F.);
#2552=ORIENTED_EDGE('',*,*,#5328,.T.);
#2553=ORIENTED_EDGE('',*,*,#5329,.F.);
#2554=ORIENTED_EDGE('',*,*,#5330,.F.);
#2555=ORIENTED_EDGE('',*,*,#5331,.F.);
#2556=CARTESIAN_POINT('',(-11.1,3.7,-4.8));
#2557=DIRECTION('',(-0.0,1.0,0.0));
#2558=DIRECTION('',(1.0,0.0,0.0));
#2559=ORIENTED_EDGE('',*,*,#5332,.T.);
#2560=ORIENTED_EDGE('',*,*,#5333,.T.);
#2561=ORIENTED_EDGE('',*,*,#5334,.T.);
#2562=ORIENTED_EDGE('',*,*,#5335,.F.);
#2563=ORIENTED_EDGE('',*,*,#5336,.T.);
#2564=ORIENTED_EDGE('',*,*,#5337,.T.);
#2565=ORIENTED_EDGE('',*,*,#5338,.T.);
#2566=ORIENTED_EDGE('',*,*,#5339,.T.);
#2567=ORIENTED_EDGE('',*,*,#5340,.T.);
#2568=ORIENTED_EDGE('',*,*,#5341,.T.);
#2569=ORIENTED_EDGE('',*,*,#5342,.F.);
#2570=ORIENTED_EDGE('',*,*,#5343,.F.);
#2571=ORIENTED_EDGE('',*,*,#5344,.T.);
#2572=ORIENTED_EDGE('',*,*,#5345,.F.);
#2573=ORIENTED_EDGE('',*,*,#5346,.F.);
#2574=ORIENTED_EDGE('',*,*,#5347,.F.);
#2575=CARTESIAN_POINT('',(-11.1,3.7,-4.8));
#2576=DIRECTION('',(-0.0,1.0,0.0));
#2577=DIRECTION('',(1.0,0.0,0.0));
#2578=ORIENTED_EDGE('',*,*,#5348,.F.);
#2579=ORIENTED_EDGE('',*,*,#5025,.T.);
#2580=ORIENTED_EDGE('',*,*,#5349,.T.);
#2581=ORIENTED_EDGE('',*,*,#5350,.F.);
#2582=ORIENTED_EDGE('',*,*,#5205,.F.);
#2583=ORIENTED_EDGE('',*,*,#5351,.T.);
#2584=ORIENTED_EDGE('',*,*,#5138,.T.);
#2585=ORIENTED_EDGE('',*,*,#5299,.F.);
#2586=CARTESIAN_POINT('',(2.4,12.8,0.3));
#2587=DIRECTION('',(-1.0,0.0,0.0));
#2588=DIRECTION('',(0.0,0.0,1.0));
#2589=ORIENTED_EDGE('',*,*,#5352,.T.);
#2590=ORIENTED_EDGE('',*,*,#5139,.T.);
#2591=ORIENTED_EDGE('',*,*,#5351,.F.);
#2592=ORIENTED_EDGE('',*,*,#5204,.F.);
#2593=CARTESIAN_POINT('',(1.8,2.7,3.8));
#2594=DIRECTION('',(-0.0,1.0,0.0));
#2595=DIRECTION('',(1.0,0.0,0.0));
#2596=ORIENTED_EDGE('',*,*,#5017,.T.);
#2597=ORIENTED_EDGE('',*,*,#5353,.T.);
#2598=ORIENTED_EDGE('',*,*,#5309,.F.);
#2599=ORIENTED_EDGE('',*,*,#5140,.T.);
#2600=ORIENTED_EDGE('',*,*,#5352,.F.);
#2601=ORIENTED_EDGE('',*,*,#5203,.F.);
#2602=ORIENTED_EDGE('',*,*,#5354,.T.);
#2603=ORIENTED_EDGE('',*,*,#5355,.F.);
#2604=CARTESIAN_POINT('',(1.8,12.8,3.0));
#2605=DIRECTION('',(1.0,0.0,0.0));
#2606=DIRECTION('',(0.0,1.0,0.0));
#2607=ORIENTED_EDGE('',*,*,#5307,.F.);
#2608=ORIENTED_EDGE('',*,*,#5356,.F.);
#2609=ORIENTED_EDGE('',*,*,#5018,.T.);
#2610=ORIENTED_EDGE('',*,*,#5355,.T.);
#2611=ORIENTED_EDGE('',*,*,#5357,.T.);
#2612=CARTESIAN_POINT('',(0.9,12.8,3.9));
#2613=DIRECTION('',(0.707106781186548,0.0,0.707106781186548));
#2614=DIRECTION('',(0.0,-1.0,0.0));
#2615=ORIENTED_EDGE('',*,*,#5354,.F.);
#2616=ORIENTED_EDGE('',*,*,#5202,.F.);
#2617=ORIENTED_EDGE('',*,*,#5358,.T.);
#2618=ORIENTED_EDGE('',*,*,#5357,.F.);
#2619=CARTESIAN_POINT('',(1.3,3.7,3.8));
#2620=DIRECTION('',(-0.0,1.0,0.0));
#2621=DIRECTION('',(1.0,0.0,0.0));
#2622=ORIENTED_EDGE('',*,*,#5358,.F.);
#2623=ORIENTED_EDGE('',*,*,#5201,.F.);
#2624=ORIENTED_EDGE('',*,*,#5359,.T.);
#2625=ORIENTED_EDGE('',*,*,#5142,.T.);
#2626=ORIENTED_EDGE('',*,*,#5308,.F.);
#2627=CARTESIAN_POINT('',(1.3,0.0,3.8));
#2628=DIRECTION('',(-1.0,0.0,0.0));
#2629=DIRECTION('',(0.0,0.0,1.0));
#2630=ORIENTED_EDGE('',*,*,#5360,.T.);
#2631=ORIENTED_EDGE('',*,*,#5143,.T.);
#2632=ORIENTED_EDGE('',*,*,#5359,.F.);
#2633=ORIENTED_EDGE('',*,*,#5200,.T.);
#2634=ORIENTED_EDGE('',*,*,#5361,.T.);
#2635=ORIENTED_EDGE('',*,*,#5236,.F.);
#2636=ORIENTED_EDGE('',*,*,#5362,.T.);
#2637=ORIENTED_EDGE('',*,*,#5219,.T.);
#2638=ORIENTED_EDGE('',*,*,#5363,.T.);
#2639=ORIENTED_EDGE('',*,*,#5364,.T.);
#2640=ORIENTED_EDGE('',*,*,#5365,.F.);
#2641=ORIENTED_EDGE('',*,*,#5366,.F.);
#2642=CARTESIAN_POINT('',(-11.1,0.8,4.8));
#2643=DIRECTION('',(0.0,-1.0,0.0));
#2644=DIRECTION('',(0.0,0.0,-1.0));
#2645=ORIENTED_EDGE('',*,*,#5367,.T.);
#2646=ORIENTED_EDGE('',*,*,#5368,.T.);
#2647=ORIENTED_EDGE('',*,*,#5369,.T.);
#2648=ORIENTED_EDGE('',*,*,#5070,.T.);
#2649=ORIENTED_EDGE('',*,*,#5370,.T.);
#2650=ORIENTED_EDGE('',*,*,#5371,.T.);
#2651=ORIENTED_EDGE('',*,*,#5372,.F.);
#2652=ORIENTED_EDGE('',*,*,#5373,.T.);
#2653=ORIENTED_EDGE('',*,*,#5374,.T.);
#2654=ORIENTED_EDGE('',*,*,#5375,.T.);
#2655=ORIENTED_EDGE('',*,*,#5376,.F.);
#2656=ORIENTED_EDGE('',*,*,#5377,.F.);
#2657=CARTESIAN_POINT('',(-11.1,0.8,4.8));
#2658=DIRECTION('',(0.0,-1.0,0.0));
#2659=DIRECTION('',(0.0,0.0,-1.0));
#2660=ORIENTED_EDGE('',*,*,#5209,.T.);
#2661=ORIENTED_EDGE('',*,*,#5362,.F.);
#2662=ORIENTED_EDGE('',*,*,#5235,.F.);
#2663=ORIENTED_EDGE('',*,*,#5106,.T.);
#2664=CARTESIAN_POINT('',(-1.0,0.0,4.8));
#2665=DIRECTION('',(-1.0,0.0,0.0));
#2666=DIRECTION('',(0.0,0.0,1.0));
#2667=ORIENTED_EDGE('',*,*,#5237,.T.);
#2668=ORIENTED_EDGE('',*,*,#5361,.F.);
#2669=ORIENTED_EDGE('',*,*,#5199,.T.);
#2670=ORIENTED_EDGE('',*,*,#5097,.F.);
#2671=CARTESIAN_POINT('',(1.0,0.0,3.8));
#2672=DIRECTION('',(1.0,0.0,0.0));
#2673=DIRECTION('',(0.0,1.0,0.0));
#2674=ORIENTED_EDGE('',*,*,#5144,.T.);
#2675=ORIENTED_EDGE('',*,*,#5360,.F.);
#2676=ORIENTED_EDGE('',*,*,#5218,.F.);
#2677=ORIENTED_EDGE('',*,*,#5378,.T.);
#2678=ORIENTED_EDGE('',*,*,#5304,.T.);
#2679=CARTESIAN_POINT('',(-1.3,3.7,3.8));
#2680=DIRECTION('',(1.0,0.0,0.0));
#2681=DIRECTION('',(0.0,1.0,0.0));
#2682=ORIENTED_EDGE('',*,*,#5378,.F.);
#2683=ORIENTED_EDGE('',*,*,#5217,.F.);
#2684=ORIENTED_EDGE('',*,*,#5379,.T.);
#2685=ORIENTED_EDGE('',*,*,#5380,.T.);
#2686=CARTESIAN_POINT('',(-1.8,3.7,3.8));
#2687=DIRECTION('',(-0.0,1.0,0.0));
#2688=DIRECTION('',(1.0,0.0,0.0));
#2689=ORIENTED_EDGE('',*,*,#5381,.F.);
#2690=ORIENTED_EDGE('',*,*,#5020,.T.);
#2691=ORIENTED_EDGE('',*,*,#5382,.T.);
#2692=ORIENTED_EDGE('',*,*,#5305,.F.);
#2693=ORIENTED_EDGE('',*,*,#5380,.F.);
#2694=CARTESIAN_POINT('',(-1.8,12.8,3.0));
#2695=DIRECTION('',(-0.707106781186548,0.0,0.707106781186548));
#2696=DIRECTION('',(0.0,1.0,0.0));
#2697=ORIENTED_EDGE('',*,*,#5356,.T.);
#2698=ORIENTED_EDGE('',*,*,#5306,.F.);
#2699=ORIENTED_EDGE('',*,*,#5382,.F.);
#2700=ORIENTED_EDGE('',*,*,#5019,.T.);
#2701=CARTESIAN_POINT('',(-0.9,12.8,3.9));
#2702=DIRECTION('',(0.0,0.0,1.0));
#2703=DIRECTION('',(1.0,0.0,0.0));
#2704=ORIENTED_EDGE('',*,*,#5383,.F.);
#2705=ORIENTED_EDGE('',*,*,#5021,.T.);
#2706=ORIENTED_EDGE('',*,*,#5381,.T.);
#2707=ORIENTED_EDGE('',*,*,#5379,.F.);
#2708=ORIENTED_EDGE('',*,*,#5216,.F.);
#2709=ORIENTED_EDGE('',*,*,#5384,.T.);
#2710=ORIENTED_EDGE('',*,*,#5146,.T.);
#2711=ORIENTED_EDGE('',*,*,#5311,.F.);
#2712=CARTESIAN_POINT('',(-1.8,12.8,0.3));
#2713=DIRECTION('',(-1.0,0.0,0.0));
#2714=DIRECTION('',(0.0,0.0,1.0));
#2715=ORIENTED_EDGE('',*,*,#5385,.T.);
#2716=ORIENTED_EDGE('',*,*,#5147,.T.);
#2717=ORIENTED_EDGE('',*,*,#5384,.F.);
#2718=ORIENTED_EDGE('',*,*,#5215,.F.);
#2719=CARTESIAN_POINT('',(-2.4,2.7,3.8));
#2720=DIRECTION('',(-0.0,1.0,0.0));
#2721=DIRECTION('',(1.0,0.0,0.0));
#2722=ORIENTED_EDGE('',*,*,#5386,.F.);
#2723=ORIENTED_EDGE('',*,*,#5035,.T.);
#2724=ORIENTED_EDGE('',*,*,#5387,.T.);
#2725=ORIENTED_EDGE('',*,*,#5388,.F.);
#2726=ORIENTED_EDGE('',*,*,#5148,.T.);
#2727=ORIENTED_EDGE('',*,*,#5385,.F.);
#2728=ORIENTED_EDGE('',*,*,#5214,.F.);
#2729=ORIENTED_EDGE('',*,*,#5389,.F.);
#2730=CARTESIAN_POINT('',(-2.4,12.8,3.9));
#2731=DIRECTION('',(1.0,0.0,0.0));
#2732=DIRECTION('',(0.0,1.0,0.0));
#2733=ORIENTED_EDGE('',*,*,#5390,.T.);
#2734=ORIENTED_EDGE('',*,*,#5157,.T.);
#2735=ORIENTED_EDGE('',*,*,#5391,.T.);
#2736=ORIENTED_EDGE('',*,*,#5392,.T.);
#2737=ORIENTED_EDGE('',*,*,#5393,.T.);
#2738=ORIENTED_EDGE('',*,*,#5394,.T.);
#2739=ORIENTED_EDGE('',*,*,#5395,.T.);
#2740=ORIENTED_EDGE('',*,*,#5223,.F.);
#2741=ORIENTED_EDGE('',*,*,#5396,.T.);
#2742=ORIENTED_EDGE('',*,*,#5397,.F.);
#2743=ORIENTED_EDGE('',*,*,#5398,.F.);
#2744=ORIENTED_EDGE('',*,*,#5399,.F.);
#2745=CARTESIAN_POINT('',(-11.1,3.7,-4.8));
#2746=DIRECTION('',(-0.0,1.0,0.0));
#2747=DIRECTION('',(1.0,0.0,0.0));
#2748=ORIENTED_EDGE('',*,*,#5400,.T.);
#2749=ORIENTED_EDGE('',*,*,#5401,.T.);
#2750=ORIENTED_EDGE('',*,*,#5389,.T.);
#2751=ORIENTED_EDGE('',*,*,#5213,.T.);
#2752=ORIENTED_EDGE('',*,*,#5402,.T.);
#2753=ORIENTED_EDGE('',*,*,#5149,.F.);
#2754=ORIENTED_EDGE('',*,*,#5388,.T.);
#2755=ORIENTED_EDGE('',*,*,#5403,.T.);
#2756=ORIENTED_EDGE('',*,*,#5404,.T.);
#2757=ORIENTED_EDGE('',*,*,#5153,.T.);
#2758=ORIENTED_EDGE('',*,*,#5405,.F.);
#2759=ORIENTED_EDGE('',*,*,#5227,.F.);
#2760=ORIENTED_EDGE('',*,*,#5406,.T.);
#2761=ORIENTED_EDGE('',*,*,#5407,.F.);
#2762=ORIENTED_EDGE('',*,*,#5408,.F.);
#2763=ORIENTED_EDGE('',*,*,#5409,.F.);
#2764=CARTESIAN_POINT('',(-11.1,3.7,-4.8));
#2765=DIRECTION('',(-0.0,1.0,0.0));
#2766=DIRECTION('',(1.0,0.0,0.0));
#2767=ORIENTED_EDGE('',*,*,#5410,.T.);
#2768=ORIENTED_EDGE('',*,*,#5411,.T.);
#2769=ORIENTED_EDGE('',*,*,#5412,.T.);
#2770=ORIENTED_EDGE('',*,*,#5413,.T.);
#2771=ORIENTED_EDGE('',*,*,#5414,.T.);
#2772=ORIENTED_EDGE('',*,*,#5415,.T.);
#2773=ORIENTED_EDGE('',*,*,#5416,.T.);
#2774=ORIENTED_EDGE('',*,*,#5417,.T.);
#2775=ORIENTED_EDGE('',*,*,#5418,.T.);
#2776=ORIENTED_EDGE('',*,*,#5419,.F.);
#2777=ORIENTED_EDGE('',*,*,#5420,.F.);
#2778=ORIENTED_EDGE('',*,*,#5421,.F.);
#2779=CARTESIAN_POINT('',(-11.1,3.7,-4.8));
#2780=DIRECTION('',(-0.0,1.0,0.0));
#2781=DIRECTION('',(1.0,0.0,0.0));
#2782=ORIENTED_EDGE('',*,*,#5422,.T.);
#2783=ORIENTED_EDGE('',*,*,#5423,.T.);
#2784=ORIENTED_EDGE('',*,*,#5424,.T.);
#2785=ORIENTED_EDGE('',*,*,#5425,.T.);
#2786=ORIENTED_EDGE('',*,*,#5426,.F.);
#2787=ORIENTED_EDGE('',*,*,#5427,.T.);
#2788=ORIENTED_EDGE('',*,*,#5428,.T.);
#2789=ORIENTED_EDGE('',*,*,#5429,.T.);
#2790=ORIENTED_EDGE('',*,*,#5430,.T.);
#2791=ORIENTED_EDGE('',*,*,#5431,.F.);
#2792=ORIENTED_EDGE('',*,*,#5432,.T.);
#2793=ORIENTED_EDGE('',*,*,#5433,.F.);
#2794=ORIENTED_EDGE('',*,*,#5434,.F.);
#2795=ORIENTED_EDGE('',*,*,#5435,.F.);
#2796=CARTESIAN_POINT('',(-11.1,3.7,-4.8));
#2797=DIRECTION('',(-0.0,1.0,0.0));
#2798=DIRECTION('',(1.0,0.0,0.0));
#2799=ORIENTED_EDGE('',*,*,#5436,.F.);
#2800=ORIENTED_EDGE('',*,*,#5048,.T.);
#2801=ORIENTED_EDGE('',*,*,#5437,.T.);
#2802=ORIENTED_EDGE('',*,*,#5391,.F.);
#2803=ORIENTED_EDGE('',*,*,#5156,.T.);
#2804=ORIENTED_EDGE('',*,*,#5438,.F.);
#2805=ORIENTED_EDGE('',*,*,#5224,.F.);
#2806=ORIENTED_EDGE('',*,*,#5395,.F.);
#2807=CARTESIAN_POINT('',(-6.6,12.8,3.9));
#2808=DIRECTION('',(1.0,0.0,0.0));
#2809=DIRECTION('',(0.0,1.0,0.0));
#2810=ORIENTED_EDGE('',*,*,#5438,.T.);
#2811=ORIENTED_EDGE('',*,*,#5155,.T.);
#2812=ORIENTED_EDGE('',*,*,#5439,.F.);
#2813=ORIENTED_EDGE('',*,*,#5225,.F.);
#2814=CARTESIAN_POINT('',(-6.6,2.7,3.8));
#2815=DIRECTION('',(-0.0,1.0,0.0));
#2816=DIRECTION('',(1.0,0.0,0.0));
#2817=ORIENTED_EDGE('',*,*,#5440,.F.);
#2818=ORIENTED_EDGE('',*,*,#5033,.T.);
#2819=ORIENTED_EDGE('',*,*,#5441,.T.);
#2820=ORIENTED_EDGE('',*,*,#5400,.F.);
#2821=ORIENTED_EDGE('',*,*,#5226,.F.);
#2822=ORIENTED_EDGE('',*,*,#5439,.T.);
#2823=ORIENTED_EDGE('',*,*,#5154,.T.);
#2824=ORIENTED_EDGE('',*,*,#5404,.F.);
#2825=CARTESIAN_POINT('',(-6.0,12.8,0.3));
#2826=DIRECTION('',(-1.0,0.0,0.0));
#2827=DIRECTION('',(0.0,0.0,1.0));
#2828=ORIENTED_EDGE('',*,*,#5386,.T.);
#2829=ORIENTED_EDGE('',*,*,#5401,.F.);
#2830=ORIENTED_EDGE('',*,*,#5441,.F.);
#2831=ORIENTED_EDGE('',*,*,#5032,.T.);
#2832=CARTESIAN_POINT('',(-6.0,12.8,3.9));
#2833=DIRECTION('',(0.0,0.0,1.0));
#2834=DIRECTION('',(1.0,0.0,0.0));
#2835=ORIENTED_EDGE('',*,*,#5440,.T.);
#2836=ORIENTED_EDGE('',*,*,#5403,.F.);
#2837=ORIENTED_EDGE('',*,*,#5387,.F.);
#2838=ORIENTED_EDGE('',*,*,#5034,.T.);
#2839=CARTESIAN_POINT('',(-2.4,12.8,0.3));
#2840=DIRECTION('',(0.0,0.0,-1.0));
#2841=DIRECTION('',(0.0,-1.0,0.0));
#2842=ORIENTED_EDGE('',*,*,#5442,.T.);
#2843=ORIENTED_EDGE('',*,*,#5392,.F.);
#2844=ORIENTED_EDGE('',*,*,#5437,.F.);
#2845=ORIENTED_EDGE('',*,*,#5051,.T.);
#2846=CARTESIAN_POINT('',(-6.6,12.8,0.3));
#2847=DIRECTION('',(0.0,0.0,-1.0));
#2848=DIRECTION('',(0.0,-1.0,0.0));
#2849=ORIENTED_EDGE('',*,*,#5443,.T.);
#2850=ORIENTED_EDGE('',*,*,#5393,.F.);
#2851=ORIENTED_EDGE('',*,*,#5442,.F.);
#2852=ORIENTED_EDGE('',*,*,#5050,.T.);
#2853=CARTESIAN_POINT('',(-10.2,12.8,0.3));
#2854=DIRECTION('',(-1.0,0.0,0.0));
#2855=DIRECTION('',(0.0,0.0,1.0));
#2856=ORIENTED_EDGE('',*,*,#5436,.T.);
#2857=ORIENTED_EDGE('',*,*,#5394,.F.);
#2858=ORIENTED_EDGE('',*,*,#5443,.F.);
#2859=ORIENTED_EDGE('',*,*,#5049,.T.);
#2860=CARTESIAN_POINT('',(-10.2,12.8,3.9));
#2861=DIRECTION('',(0.0,0.0,1.0));
#2862=DIRECTION('',(1.0,0.0,0.0));
#2863=ORIENTED_EDGE('',*,*,#5222,.F.);
#2864=ORIENTED_EDGE('',*,*,#5160,.T.);
#2865=ORIENTED_EDGE('',*,*,#5158,.T.);
#2866=ORIENTED_EDGE('',*,*,#5390,.F.);
#2867=CARTESIAN_POINT('',(-7.1,0.0,3.8));
#2868=DIRECTION('',(-1.0,0.0,0.0));
#2869=DIRECTION('',(0.0,0.0,1.0));
#2870=ORIENTED_EDGE('',*,*,#5152,.T.);
#2871=ORIENTED_EDGE('',*,*,#5444,.F.);
#2872=ORIENTED_EDGE('',*,*,#5228,.F.);
#2873=ORIENTED_EDGE('',*,*,#5405,.T.);
#2874=CARTESIAN_POINT('',(-5.5,3.7,3.8));
#2875=DIRECTION('',(1.0,0.0,0.0));
#2876=DIRECTION('',(0.0,1.0,0.0));
#2877=ORIENTED_EDGE('',*,*,#5444,.T.);
#2878=ORIENTED_EDGE('',*,*,#5151,.T.);
#2879=ORIENTED_EDGE('',*,*,#5445,.F.);
#2880=ORIENTED_EDGE('',*,*,#5211,.T.);
#2881=ORIENTED_EDGE('',*,*,#5446,.T.);
#2882=ORIENTED_EDGE('',*,*,#5233,.F.);
#2883=ORIENTED_EDGE('',*,*,#5447,.T.);
#2884=ORIENTED_EDGE('',*,*,#5229,.T.);
#2885=ORIENTED_EDGE('',*,*,#5448,.T.);
#2886=ORIENTED_EDGE('',*,*,#5449,.T.);
#2887=ORIENTED_EDGE('',*,*,#5450,.F.);
#2888=ORIENTED_EDGE('',*,*,#5451,.F.);
#2889=CARTESIAN_POINT('',(-11.1,0.8,4.8));
#2890=DIRECTION('',(0.0,-1.0,0.0));
#2891=DIRECTION('',(0.0,0.0,-1.0));
#2892=ORIENTED_EDGE('',*,*,#5452,.T.);
#2893=ORIENTED_EDGE('',*,*,#5453,.T.);
#2894=ORIENTED_EDGE('',*,*,#5454,.T.);
#2895=ORIENTED_EDGE('',*,*,#5074,.T.);
#2896=ORIENTED_EDGE('',*,*,#5455,.T.);
#2897=ORIENTED_EDGE('',*,*,#5456,.T.);
#2898=ORIENTED_EDGE('',*,*,#5457,.F.);
#2899=ORIENTED_EDGE('',*,*,#5458,.T.);
#2900=ORIENTED_EDGE('',*,*,#5459,.T.);
#2901=ORIENTED_EDGE('',*,*,#5460,.T.);
#2902=ORIENTED_EDGE('',*,*,#5461,.F.);
#2903=ORIENTED_EDGE('',*,*,#5462,.F.);
#2904=CARTESIAN_POINT('',(-11.1,0.8,4.8));
#2905=DIRECTION('',(0.0,-1.0,0.0));
#2906=DIRECTION('',(0.0,0.0,-1.0));
#2907=ORIENTED_EDGE('',*,*,#5220,.T.);
#2908=ORIENTED_EDGE('',*,*,#5447,.F.);
#2909=ORIENTED_EDGE('',*,*,#5232,.F.);
#2910=ORIENTED_EDGE('',*,*,#5116,.T.);
#2911=CARTESIAN_POINT('',(-5.2,0.0,4.8));
#2912=DIRECTION('',(-1.0,0.0,0.0));
#2913=DIRECTION('',(0.0,0.0,1.0));
#2914=ORIENTED_EDGE('',*,*,#5234,.T.);
#2915=ORIENTED_EDGE('',*,*,#5446,.F.);
#2916=ORIENTED_EDGE('',*,*,#5210,.T.);
#2917=ORIENTED_EDGE('',*,*,#5104,.F.);
#2918=CARTESIAN_POINT('',(-3.2,0.0,3.8));
#2919=DIRECTION('',(1.0,0.0,0.0));
#2920=DIRECTION('',(0.0,1.0,0.0));
#2921=ORIENTED_EDGE('',*,*,#5212,.F.);
#2922=ORIENTED_EDGE('',*,*,#5445,.T.);
#2923=ORIENTED_EDGE('',*,*,#5150,.T.);
#2924=ORIENTED_EDGE('',*,*,#5402,.F.);
#2925=CARTESIAN_POINT('',(-2.9,0.0,3.8));
#2926=DIRECTION('',(-1.0,0.0,0.0));
#2927=DIRECTION('',(0.0,0.0,1.0));
#2928=ORIENTED_EDGE('',*,*,#5463,.T.);
#2929=ORIENTED_EDGE('',*,*,#5464,.T.);
#2930=ORIENTED_EDGE('',*,*,#5465,.T.);
#2931=ORIENTED_EDGE('',*,*,#5466,.T.);
#2932=ORIENTED_EDGE('',*,*,#5467,.T.);
#2933=ORIENTED_EDGE('',*,*,#5343,.T.);
#2934=ORIENTED_EDGE('',*,*,#5468,.T.);
#2935=ORIENTED_EDGE('',*,*,#5373,.F.);
#2936=ORIENTED_EDGE('',*,*,#5469,.T.);
#2937=ORIENTED_EDGE('',*,*,#5335,.T.);
#2938=ORIENTED_EDGE('',*,*,#5470,.T.);
#2939=ORIENTED_EDGE('',*,*,#5471,.T.);
#2940=ORIENTED_EDGE('',*,*,#5472,.T.);
#2941=ORIENTED_EDGE('',*,*,#5327,.T.);
#2942=ORIENTED_EDGE('',*,*,#5473,.T.);
#2943=ORIENTED_EDGE('',*,*,#5474,.F.);
#2944=ORIENTED_EDGE('',*,*,#5475,.F.);
#2945=ORIENTED_EDGE('',*,*,#5319,.T.);
#2946=ORIENTED_EDGE('',*,*,#5476,.F.);
#2947=ORIENTED_EDGE('',*,*,#5477,.F.);
#2948=ORIENTED_EDGE('',*,*,#5478,.F.);
#2949=ORIENTED_EDGE('',*,*,#5479,.F.);
#2950=ORIENTED_EDGE('',*,*,#5480,.F.);
#2951=ORIENTED_EDGE('',*,*,#5258,.F.);
#2952=ORIENTED_EDGE('',*,*,#5481,.F.);
#2953=ORIENTED_EDGE('',*,*,#4970,.F.);
#2954=ORIENTED_EDGE('',*,*,#5482,.F.);
#2955=ORIENTED_EDGE('',*,*,#5082,.T.);
#2956=ORIENTED_EDGE('',*,*,#5483,.T.);
#2957=ORIENTED_EDGE('',*,*,#4976,.F.);
#2958=ORIENTED_EDGE('',*,*,#5484,.T.);
#2959=ORIENTED_EDGE('',*,*,#5172,.F.);
#2960=ORIENTED_EDGE('',*,*,#5485,.T.);
#2961=ORIENTED_EDGE('',*,*,#5486,.T.);
#2962=ORIENTED_EDGE('',*,*,#5487,.T.);
#2963=ORIENTED_EDGE('',*,*,#5488,.T.);
#2964=ORIENTED_EDGE('',*,*,#5489,.T.);
#2965=ORIENTED_EDGE('',*,*,#5490,.T.);
#2966=ORIENTED_EDGE('',*,*,#5491,.T.);
#2967=ORIENTED_EDGE('',*,*,#5458,.F.);
#2968=CARTESIAN_POINT('',(9.7,0.0,-0.5));
#2969=DIRECTION('',(0.0,0.0,-1.0));
#2970=DIRECTION('',(0.0,-1.0,0.0));
#2971=ORIENTED_EDGE('',*,*,#5492,.T.);
#2972=ORIENTED_EDGE('',*,*,#5452,.F.);
#2973=ORIENTED_EDGE('',*,*,#5491,.F.);
#2974=ORIENTED_EDGE('',*,*,#5493,.T.);
#2975=ORIENTED_EDGE('',*,*,#5431,.T.);
#2976=CARTESIAN_POINT('',(-5.5,3.7,-0.5));
#2977=DIRECTION('',(1.0,0.0,0.0));
#2978=DIRECTION('',(0.0,1.0,0.0));
#2979=ORIENTED_EDGE('',*,*,#5493,.F.);
#2980=ORIENTED_EDGE('',*,*,#5490,.F.);
#2981=ORIENTED_EDGE('',*,*,#5494,.T.);
#2982=ORIENTED_EDGE('',*,*,#5495,.T.);
#2983=CARTESIAN_POINT('',(-6.0,3.7,-0.5));
#2984=DIRECTION('',(-0.0,1.0,0.0));
#2985=DIRECTION('',(1.0,0.0,0.0));
#2986=ORIENTED_EDGE('',*,*,#5496,.F.);
#2987=ORIENTED_EDGE('',*,*,#5038,.T.);
#2988=ORIENTED_EDGE('',*,*,#5497,.T.);
#2989=ORIENTED_EDGE('',*,*,#5422,.F.);
#2990=ORIENTED_EDGE('',*,*,#5495,.F.);
#2991=CARTESIAN_POINT('',(-6.0,12.8,-1.2));
#2992=DIRECTION('',(-0.707106781186598,0.0,0.707106781186498));
#2993=DIRECTION('',(0.0,1.0,0.0));
#2994=ORIENTED_EDGE('',*,*,#5498,.T.);
#2995=ORIENTED_EDGE('',*,*,#5423,.F.);
#2996=ORIENTED_EDGE('',*,*,#5497,.F.);
#2997=ORIENTED_EDGE('',*,*,#5037,.T.);
#2998=CARTESIAN_POINT('',(-5.1,12.8,-0.3));
#2999=DIRECTION('',(0.0,0.0,1.0));
#3000=DIRECTION('',(1.0,0.0,0.0));
#3001=ORIENTED_EDGE('',*,*,#5424,.F.);
#3002=ORIENTED_EDGE('',*,*,#5498,.F.);
#3003=ORIENTED_EDGE('',*,*,#5036,.T.);
#3004=ORIENTED_EDGE('',*,*,#5499,.T.);
#3005=ORIENTED_EDGE('',*,*,#5500,.T.);
#3006=CARTESIAN_POINT('',(-3.3,12.8,-0.3));
#3007=DIRECTION('',(0.707106781186598,0.0,0.707106781186498));
#3008=DIRECTION('',(0.0,-1.0,0.0));
#3009=ORIENTED_EDGE('',*,*,#5501,.F.);
#3010=ORIENTED_EDGE('',*,*,#5464,.F.);
#3011=ORIENTED_EDGE('',*,*,#5502,.T.);
#3012=ORIENTED_EDGE('',*,*,#5500,.F.);
#3013=CARTESIAN_POINT('',(-2.9,3.7,-0.5));
#3014=DIRECTION('',(-0.0,1.0,0.0));
#3015=DIRECTION('',(1.0,0.0,0.0));
#3016=ORIENTED_EDGE('',*,*,#5502,.F.);
#3017=ORIENTED_EDGE('',*,*,#5463,.F.);
#3018=ORIENTED_EDGE('',*,*,#5457,.T.);
#3019=ORIENTED_EDGE('',*,*,#5503,.T.);
#3020=ORIENTED_EDGE('',*,*,#5425,.F.);
#3021=CARTESIAN_POINT('',(-2.9,0.0,-0.5));
#3022=DIRECTION('',(-1.0,0.0,0.0));
#3023=DIRECTION('',(0.0,0.0,1.0));
#3024=ORIENTED_EDGE('',*,*,#4962,.F.);
#3025=ORIENTED_EDGE('',*,*,#5119,.T.);
#3026=ORIENTED_EDGE('',*,*,#5504,.F.);
#3027=ORIENTED_EDGE('',*,*,#5174,.F.);
#3028=ORIENTED_EDGE('',*,*,#5505,.F.);
#3029=ORIENTED_EDGE('',*,*,#4974,.F.);
#3030=CARTESIAN_POINT('',(9.7,0.0,-3.8));
#3031=DIRECTION('',(0.0,0.0,-1.0));
#3032=DIRECTION('',(0.0,-1.0,0.0));
#3033=ORIENTED_EDGE('',*,*,#5088,.T.);
#3034=ORIENTED_EDGE('',*,*,#4981,.T.);
#3035=ORIENTED_EDGE('',*,*,#4972,.F.);
#3036=ORIENTED_EDGE('',*,*,#5506,.T.);
#3037=ORIENTED_EDGE('',*,*,#5256,.F.);
#3038=ORIENTED_EDGE('',*,*,#5507,.F.);
#3039=CARTESIAN_POINT('',(9.7,0.0,-3.8));
#3040=DIRECTION('',(0.0,0.0,-1.0));
#3041=DIRECTION('',(0.0,-1.0,0.0));
#3042=ORIENTED_EDGE('',*,*,#5279,.F.);
#3043=ORIENTED_EDGE('',*,*,#5508,.F.);
#3044=ORIENTED_EDGE('',*,*,#5509,.T.);
#3045=ORIENTED_EDGE('',*,*,#5510,.F.);
#3046=ORIENTED_EDGE('',*,*,#5321,.T.);
#3047=ORIENTED_EDGE('',*,*,#5511,.F.);
#3048=ORIENTED_EDGE('',*,*,#5512,.F.);
#3049=ORIENTED_EDGE('',*,*,#5513,.F.);
#3050=ORIENTED_EDGE('',*,*,#5095,.T.);
#3051=ORIENTED_EDGE('',*,*,#5514,.F.);
#3052=ORIENTED_EDGE('',*,*,#5253,.F.);
#3053=ORIENTED_EDGE('',*,*,#5515,.F.);
#3054=CARTESIAN_POINT('',(9.7,0.0,-3.8));
#3055=DIRECTION('',(0.0,0.0,-1.0));
#3056=DIRECTION('',(0.0,-1.0,0.0));
#3057=ORIENTED_EDGE('',*,*,#5516,.F.);
#3058=ORIENTED_EDGE('',*,*,#5102,.T.);
#3059=ORIENTED_EDGE('',*,*,#5517,.F.);
#3060=ORIENTED_EDGE('',*,*,#5518,.F.);
#3061=ORIENTED_EDGE('',*,*,#5519,.F.);
#3062=ORIENTED_EDGE('',*,*,#5325,.F.);
#3063=ORIENTED_EDGE('',*,*,#5520,.F.);
#3064=ORIENTED_EDGE('',*,*,#5521,.F.);
#3065=ORIENTED_EDGE('',*,*,#5522,.F.);
#3066=ORIENTED_EDGE('',*,*,#5337,.F.);
#3067=ORIENTED_EDGE('',*,*,#5523,.F.);
#3068=ORIENTED_EDGE('',*,*,#5371,.F.);
#3069=CARTESIAN_POINT('',(9.7,0.0,-3.8));
#3070=DIRECTION('',(0.0,0.0,-1.0));
#3071=DIRECTION('',(0.0,-1.0,0.0));
#3072=ORIENTED_EDGE('',*,*,#5524,.F.);
#3073=ORIENTED_EDGE('',*,*,#5109,.T.);
#3074=ORIENTED_EDGE('',*,*,#5525,.F.);
#3075=ORIENTED_EDGE('',*,*,#5368,.F.);
#3076=ORIENTED_EDGE('',*,*,#5526,.F.);
#3077=ORIENTED_EDGE('',*,*,#5341,.F.);
#3078=ORIENTED_EDGE('',*,*,#5527,.F.);
#3079=ORIENTED_EDGE('',*,*,#5528,.F.);
#3080=ORIENTED_EDGE('',*,*,#5529,.F.);
#3081=ORIENTED_EDGE('',*,*,#5426,.T.);
#3082=ORIENTED_EDGE('',*,*,#5503,.F.);
#3083=ORIENTED_EDGE('',*,*,#5456,.F.);
#3084=CARTESIAN_POINT('',(9.7,0.0,-3.8));
#3085=DIRECTION('',(0.0,0.0,-1.0));
#3086=DIRECTION('',(0.0,-1.0,0.0));
#3087=ORIENTED_EDGE('',*,*,#5530,.F.);
#3088=ORIENTED_EDGE('',*,*,#5121,.T.);
#3089=ORIENTED_EDGE('',*,*,#5531,.F.);
#3090=ORIENTED_EDGE('',*,*,#5453,.F.);
#3091=ORIENTED_EDGE('',*,*,#5492,.F.);
#3092=ORIENTED_EDGE('',*,*,#5430,.F.);
#3093=ORIENTED_EDGE('',*,*,#5532,.F.);
#3094=ORIENTED_EDGE('',*,*,#5533,.F.);
#3095=ORIENTED_EDGE('',*,*,#5534,.F.);
#3096=ORIENTED_EDGE('',*,*,#5417,.F.);
#3097=ORIENTED_EDGE('',*,*,#5535,.F.);
#3098=ORIENTED_EDGE('',*,*,#5177,.F.);
#3099=CARTESIAN_POINT('',(9.7,0.0,-3.8));
#3100=DIRECTION('',(0.0,0.0,-1.0));
#3101=DIRECTION('',(0.0,-1.0,0.0));
#3102=ORIENTED_EDGE('',*,*,#5505,.T.);
#3103=ORIENTED_EDGE('',*,*,#5173,.F.);
#3104=ORIENTED_EDGE('',*,*,#5484,.F.);
#3105=ORIENTED_EDGE('',*,*,#4975,.F.);
#3106=CARTESIAN_POINT('',(-9.7,0.0,-0.5));
#3107=DIRECTION('',(-1.0,0.0,0.0));
#3108=DIRECTION('',(0.0,0.0,1.0));
#3109=ORIENTED_EDGE('',*,*,#5079,.T.);
#3110=ORIENTED_EDGE('',*,*,#5175,.F.);
#3111=ORIENTED_EDGE('',*,*,#5504,.T.);
#3112=ORIENTED_EDGE('',*,*,#5118,.F.);
#3113=CARTESIAN_POINT('',(-9.4,0.0,-3.8));
#3114=DIRECTION('',(-1.0,0.0,0.0));
#3115=DIRECTION('',(0.0,0.0,1.0));
#3116=ORIENTED_EDGE('',*,*,#5507,.T.);
#3117=ORIENTED_EDGE('',*,*,#5255,.F.);
#3118=ORIENTED_EDGE('',*,*,#5061,.F.);
#3119=ORIENTED_EDGE('',*,*,#5089,.T.);
#3120=CARTESIAN_POINT('',(9.4,0.0,-4.8));
#3121=DIRECTION('',(1.0,0.0,0.0));
#3122=DIRECTION('',(0.0,1.0,0.0));
#3123=ORIENTED_EDGE('',*,*,#5481,.T.);
#3124=ORIENTED_EDGE('',*,*,#5257,.F.);
#3125=ORIENTED_EDGE('',*,*,#5506,.F.);
#3126=ORIENTED_EDGE('',*,*,#4971,.T.);
#3127=CARTESIAN_POINT('',(9.7,0.0,-3.8));
#3128=DIRECTION('',(1.0,0.0,0.0));
#3129=DIRECTION('',(0.0,1.0,0.0));
#3130=ORIENTED_EDGE('',*,*,#5515,.T.);
#3131=ORIENTED_EDGE('',*,*,#5252,.F.);
#3132=ORIENTED_EDGE('',*,*,#5480,.T.);
#3133=ORIENTED_EDGE('',*,*,#5536,.T.);
#3134=ORIENTED_EDGE('',*,*,#5280,.T.);
#3135=CARTESIAN_POINT('',(7.1,3.7,-0.5));
#3136=DIRECTION('',(1.0,0.0,0.0));
#3137=DIRECTION('',(0.0,1.0,0.0));
#3138=ORIENTED_EDGE('',*,*,#5537,.T.);
#3139=ORIENTED_EDGE('',*,*,#5536,.F.);
#3140=ORIENTED_EDGE('',*,*,#5479,.T.);
#3141=ORIENTED_EDGE('',*,*,#5538,.F.);
#3142=CARTESIAN_POINT('',(6.6,3.7,-0.5));
#3143=DIRECTION('',(-0.0,1.0,0.0));
#3144=DIRECTION('',(1.0,0.0,0.0));
#3145=ORIENTED_EDGE('',*,*,#5539,.F.);
#3146=ORIENTED_EDGE('',*,*,#5009,.T.);
#3147=ORIENTED_EDGE('',*,*,#5540,.T.);
#3148=ORIENTED_EDGE('',*,*,#5538,.T.);
#3149=ORIENTED_EDGE('',*,*,#5478,.T.);
#3150=ORIENTED_EDGE('',*,*,#5541,.T.);
#3151=ORIENTED_EDGE('',*,*,#5508,.T.);
#3152=ORIENTED_EDGE('',*,*,#5278,.F.);
#3153=CARTESIAN_POINT('',(6.6,12.8,-3.9));
#3154=DIRECTION('',(-1.0,0.0,0.0));
#3155=DIRECTION('',(0.0,0.0,1.0));
#3156=ORIENTED_EDGE('',*,*,#5542,.F.);
#3157=ORIENTED_EDGE('',*,*,#5509,.F.);
#3158=ORIENTED_EDGE('',*,*,#5541,.F.);
#3159=ORIENTED_EDGE('',*,*,#5477,.T.);
#3160=CARTESIAN_POINT('',(6.0,2.7,-0.5));
#3161=DIRECTION('',(-0.0,1.0,0.0));
#3162=DIRECTION('',(1.0,0.0,0.0));
#3163=ORIENTED_EDGE('',*,*,#5542,.T.);
#3164=ORIENTED_EDGE('',*,*,#5476,.T.);
#3165=ORIENTED_EDGE('',*,*,#5318,.F.);
#3166=ORIENTED_EDGE('',*,*,#5543,.F.);
#3167=ORIENTED_EDGE('',*,*,#5031,.T.);
#3168=ORIENTED_EDGE('',*,*,#5544,.T.);
#3169=ORIENTED_EDGE('',*,*,#5322,.F.);
#3170=ORIENTED_EDGE('',*,*,#5510,.T.);
#3171=CARTESIAN_POINT('',(6.0,3.7,-0.5));
#3172=DIRECTION('',(1.0,0.0,0.0));
#3173=DIRECTION('',(0.0,1.0,0.0));
#3174=ORIENTED_EDGE('',*,*,#5545,.T.);
#3175=ORIENTED_EDGE('',*,*,#5323,.F.);
#3176=ORIENTED_EDGE('',*,*,#5544,.F.);
#3177=ORIENTED_EDGE('',*,*,#5030,.T.);
#3178=CARTESIAN_POINT('',(6.0,12.8,-3.9));
#3179=DIRECTION('',(0.0,0.0,-1.0));
#3180=DIRECTION('',(0.0,-1.0,0.0));
#3181=ORIENTED_EDGE('',*,*,#5545,.F.);
#3182=ORIENTED_EDGE('',*,*,#5029,.T.);
#3183=ORIENTED_EDGE('',*,*,#5546,.T.);
#3184=ORIENTED_EDGE('',*,*,#5316,.F.);
#3185=ORIENTED_EDGE('',*,*,#5472,.F.);
#3186=ORIENTED_EDGE('',*,*,#5547,.T.);
#3187=ORIENTED_EDGE('',*,*,#5520,.T.);
#3188=ORIENTED_EDGE('',*,*,#5324,.F.);
#3189=CARTESIAN_POINT('',(2.4,12.8,-3.9));
#3190=DIRECTION('',(-1.0,0.0,0.0));
#3191=DIRECTION('',(0.0,0.0,1.0));
#3192=ORIENTED_EDGE('',*,*,#5548,.T.);
#3193=ORIENTED_EDGE('',*,*,#5521,.T.);
#3194=ORIENTED_EDGE('',*,*,#5547,.F.);
#3195=ORIENTED_EDGE('',*,*,#5471,.F.);
#3196=CARTESIAN_POINT('',(1.8,2.7,-0.5));
#3197=DIRECTION('',(-0.0,1.0,0.0));
#3198=DIRECTION('',(1.0,0.0,0.0));
#3199=ORIENTED_EDGE('',*,*,#5549,.F.);
#3200=ORIENTED_EDGE('',*,*,#5013,.T.);
#3201=ORIENTED_EDGE('',*,*,#5550,.T.);
#3202=ORIENTED_EDGE('',*,*,#5338,.F.);
#3203=ORIENTED_EDGE('',*,*,#5522,.T.);
#3204=ORIENTED_EDGE('',*,*,#5548,.F.);
#3205=ORIENTED_EDGE('',*,*,#5470,.F.);
#3206=ORIENTED_EDGE('',*,*,#5334,.F.);
#3207=CARTESIAN_POINT('',(1.8,12.8,-0.3));
#3208=DIRECTION('',(1.0,0.0,0.0));
#3209=DIRECTION('',(0.0,1.0,0.0));
#3210=ORIENTED_EDGE('',*,*,#5551,.T.);
#3211=ORIENTED_EDGE('',*,*,#5339,.F.);
#3212=ORIENTED_EDGE('',*,*,#5550,.F.);
#3213=ORIENTED_EDGE('',*,*,#5012,.T.);
#3214=CARTESIAN_POINT('',(1.8,12.8,-3.9));
#3215=DIRECTION('',(0.0,0.0,-1.0));
#3216=DIRECTION('',(0.0,-1.0,0.0));
#3217=ORIENTED_EDGE('',*,*,#5551,.F.);
#3218=ORIENTED_EDGE('',*,*,#5015,.T.);
#3219=ORIENTED_EDGE('',*,*,#5552,.T.);
#3220=ORIENTED_EDGE('',*,*,#5332,.F.);
#3221=ORIENTED_EDGE('',*,*,#5467,.F.);
#3222=ORIENTED_EDGE('',*,*,#5553,.T.);
#3223=ORIENTED_EDGE('',*,*,#5527,.T.);
#3224=ORIENTED_EDGE('',*,*,#5340,.F.);
#3225=CARTESIAN_POINT('',(-1.8,12.8,-3.9));
#3226=DIRECTION('',(-1.0,0.0,0.0));
#3227=DIRECTION('',(0.0,0.0,1.0));
#3228=ORIENTED_EDGE('',*,*,#5554,.T.);
#3229=ORIENTED_EDGE('',*,*,#5528,.T.);
#3230=ORIENTED_EDGE('',*,*,#5553,.F.);
#3231=ORIENTED_EDGE('',*,*,#5466,.F.);
#3232=CARTESIAN_POINT('',(-2.4,2.7,-0.5));
#3233=DIRECTION('',(-0.0,1.0,0.0));
#3234=DIRECTION('',(1.0,0.0,0.0));
#3235=ORIENTED_EDGE('',*,*,#5041,.T.);
#3236=ORIENTED_EDGE('',*,*,#5555,.T.);
#3237=ORIENTED_EDGE('',*,*,#5427,.F.);
#3238=ORIENTED_EDGE('',*,*,#5529,.T.);
#3239=ORIENTED_EDGE('',*,*,#5554,.F.);
#3240=ORIENTED_EDGE('',*,*,#5465,.F.);
#3241=ORIENTED_EDGE('',*,*,#5501,.T.);
#3242=ORIENTED_EDGE('',*,*,#5499,.F.);
#3243=CARTESIAN_POINT('',(-2.4,12.8,-1.2));
#3244=DIRECTION('',(1.0,0.0,0.0));
#3245=DIRECTION('',(0.0,1.0,0.0));
#3246=ORIENTED_EDGE('',*,*,#5556,.T.);
#3247=ORIENTED_EDGE('',*,*,#5428,.F.);
#3248=ORIENTED_EDGE('',*,*,#5555,.F.);
#3249=ORIENTED_EDGE('',*,*,#5040,.T.);
#3250=CARTESIAN_POINT('',(-2.4,12.8,-3.9));
#3251=DIRECTION('',(0.0,0.0,-1.0));
#3252=DIRECTION('',(0.0,-1.0,0.0));
#3253=ORIENTED_EDGE('',*,*,#5556,.F.);
#3254=ORIENTED_EDGE('',*,*,#5039,.T.);
#3255=ORIENTED_EDGE('',*,*,#5496,.T.);
#3256=ORIENTED_EDGE('',*,*,#5494,.F.);
#3257=ORIENTED_EDGE('',*,*,#5489,.F.);
#3258=ORIENTED_EDGE('',*,*,#5557,.T.);
#3259=ORIENTED_EDGE('',*,*,#5532,.T.);
#3260=ORIENTED_EDGE('',*,*,#5429,.F.);
#3261=CARTESIAN_POINT('',(-6.0,12.8,-3.9));
#3262=DIRECTION('',(-1.0,0.0,0.0));
#3263=DIRECTION('',(0.0,0.0,1.0));
#3264=ORIENTED_EDGE('',*,*,#5558,.T.);
#3265=ORIENTED_EDGE('',*,*,#5533,.T.);
#3266=ORIENTED_EDGE('',*,*,#5557,.F.);
#3267=ORIENTED_EDGE('',*,*,#5488,.F.);
#3268=CARTESIAN_POINT('',(-6.6,2.7,-0.5));
#3269=DIRECTION('',(-0.0,1.0,0.0));
#3270=DIRECTION('',(1.0,0.0,0.0));
#3271=ORIENTED_EDGE('',*,*,#5042,.T.);
#3272=ORIENTED_EDGE('',*,*,#5559,.T.);
#3273=ORIENTED_EDGE('',*,*,#5410,.F.);
#3274=ORIENTED_EDGE('',*,*,#5534,.T.);
#3275=ORIENTED_EDGE('',*,*,#5558,.F.);
#3276=ORIENTED_EDGE('',*,*,#5487,.F.);
#3277=ORIENTED_EDGE('',*,*,#5560,.T.);
#3278=ORIENTED_EDGE('',*,*,#5561,.F.);
#3279=CARTESIAN_POINT('',(-6.6,12.8,-1.2));
#3280=DIRECTION('',(1.0,0.0,0.0));
#3281=DIRECTION('',(0.0,1.0,0.0));
#3282=ORIENTED_EDGE('',*,*,#5415,.F.);
#3283=ORIENTED_EDGE('',*,*,#5562,.F.);
#3284=ORIENTED_EDGE('',*,*,#5043,.T.);
#3285=ORIENTED_EDGE('',*,*,#5561,.T.);
#3286=ORIENTED_EDGE('',*,*,#5563,.T.);
#3287=CARTESIAN_POINT('',(-7.5,12.8,-0.3));
#3288=DIRECTION('',(0.707106781186598,0.0,0.707106781186498));
#3289=DIRECTION('',(0.0,-1.0,0.0));
#3290=ORIENTED_EDGE('',*,*,#5560,.F.);
#3291=ORIENTED_EDGE('',*,*,#5486,.F.);
#3292=ORIENTED_EDGE('',*,*,#5564,.T.);
#3293=ORIENTED_EDGE('',*,*,#5563,.F.);
#3294=CARTESIAN_POINT('',(-7.1,3.7,-0.5));
#3295=DIRECTION('',(-0.0,1.0,0.0));
#3296=DIRECTION('',(1.0,0.0,0.0));
#3297=ORIENTED_EDGE('',*,*,#5171,.T.);
#3298=ORIENTED_EDGE('',*,*,#5535,.T.);
#3299=ORIENTED_EDGE('',*,*,#5416,.F.);
#3300=ORIENTED_EDGE('',*,*,#5564,.F.);
#3301=ORIENTED_EDGE('',*,*,#5485,.F.);
#3302=CARTESIAN_POINT('',(-7.1,0.0,-0.5));
#3303=DIRECTION('',(-1.0,0.0,0.0));
#3304=DIRECTION('',(0.0,0.0,1.0));
#3305=ORIENTED_EDGE('',*,*,#5562,.T.);
#3306=ORIENTED_EDGE('',*,*,#5414,.F.);
#3307=ORIENTED_EDGE('',*,*,#5565,.F.);
#3308=ORIENTED_EDGE('',*,*,#5044,.T.);
#3309=CARTESIAN_POINT('',(-9.3,12.8,-0.3));
#3310=DIRECTION('',(0.0,0.0,1.0));
#3311=DIRECTION('',(1.0,0.0,0.0));
#3312=ORIENTED_EDGE('',*,*,#5565,.T.);
#3313=ORIENTED_EDGE('',*,*,#5413,.F.);
#3314=ORIENTED_EDGE('',*,*,#5566,.F.);
#3315=ORIENTED_EDGE('',*,*,#5045,.T.);
#3316=CARTESIAN_POINT('',(-10.2,12.8,-1.2));
#3317=DIRECTION('',(-0.707106781186598,0.0,0.707106781186498));
#3318=DIRECTION('',(0.0,1.0,0.0));
#3319=ORIENTED_EDGE('',*,*,#5566,.T.);
#3320=ORIENTED_EDGE('',*,*,#5412,.F.);
#3321=ORIENTED_EDGE('',*,*,#5567,.F.);
#3322=ORIENTED_EDGE('',*,*,#5046,.T.);
#3323=CARTESIAN_POINT('',(-10.2,12.8,-3.9));
#3324=DIRECTION('',(-1.0,0.0,0.0));
#3325=DIRECTION('',(0.0,0.0,1.0));
#3326=ORIENTED_EDGE('',*,*,#5567,.T.);
#3327=ORIENTED_EDGE('',*,*,#5411,.F.);
#3328=ORIENTED_EDGE('',*,*,#5559,.F.);
#3329=ORIENTED_EDGE('',*,*,#5047,.T.);
#3330=CARTESIAN_POINT('',(-6.6,12.8,-3.9));
#3331=DIRECTION('',(0.0,0.0,-1.0));
#3332=DIRECTION('',(0.0,-1.0,0.0));
#3333=ORIENTED_EDGE('',*,*,#5549,.T.);
#3334=ORIENTED_EDGE('',*,*,#5333,.F.);
#3335=ORIENTED_EDGE('',*,*,#5552,.F.);
#3336=ORIENTED_EDGE('',*,*,#5014,.T.);
#3337=CARTESIAN_POINT('',(-1.8,12.8,-0.3));
#3338=DIRECTION('',(0.0,0.0,1.0));
#3339=DIRECTION('',(1.0,0.0,0.0));
#3340=ORIENTED_EDGE('',*,*,#5543,.T.);
#3341=ORIENTED_EDGE('',*,*,#5317,.F.);
#3342=ORIENTED_EDGE('',*,*,#5546,.F.);
#3343=ORIENTED_EDGE('',*,*,#5028,.T.);
#3344=CARTESIAN_POINT('',(2.4,12.8,-0.3));
#3345=DIRECTION('',(0.0,0.0,1.0));
#3346=DIRECTION('',(1.0,0.0,0.0));
#3347=ORIENTED_EDGE('',*,*,#5540,.F.);
#3348=ORIENTED_EDGE('',*,*,#5008,.T.);
#3349=ORIENTED_EDGE('',*,*,#5568,.T.);
#3350=ORIENTED_EDGE('',*,*,#5273,.F.);
#3351=ORIENTED_EDGE('',*,*,#5537,.F.);
#3352=CARTESIAN_POINT('',(6.6,12.8,-1.2));
#3353=DIRECTION('',(-0.707106781186548,0.0,0.707106781186548));
#3354=DIRECTION('',(0.0,1.0,0.0));
#3355=ORIENTED_EDGE('',*,*,#5569,.T.);
#3356=ORIENTED_EDGE('',*,*,#5274,.F.);
#3357=ORIENTED_EDGE('',*,*,#5568,.F.);
#3358=ORIENTED_EDGE('',*,*,#5007,.T.);
#3359=CARTESIAN_POINT('',(7.5,12.8,-0.3));
#3360=DIRECTION('',(0.0,0.0,1.0));
#3361=DIRECTION('',(1.0,0.0,0.0));
#3362=ORIENTED_EDGE('',*,*,#5570,.T.);
#3363=ORIENTED_EDGE('',*,*,#5275,.F.);
#3364=ORIENTED_EDGE('',*,*,#5569,.F.);
#3365=ORIENTED_EDGE('',*,*,#5006,.T.);
#3366=CARTESIAN_POINT('',(9.3,12.8,-0.3));
#3367=DIRECTION('',(0.707106781186548,0.0,0.707106781186548));
#3368=DIRECTION('',(0.0,-1.0,0.0));
#3369=ORIENTED_EDGE('',*,*,#5571,.T.);
#3370=ORIENTED_EDGE('',*,*,#5276,.F.);
#3371=ORIENTED_EDGE('',*,*,#5570,.F.);
#3372=ORIENTED_EDGE('',*,*,#5011,.T.);
#3373=CARTESIAN_POINT('',(10.2,12.8,-1.2));
#3374=DIRECTION('',(1.0,0.0,0.0));
#3375=DIRECTION('',(0.0,1.0,0.0));
#3376=ORIENTED_EDGE('',*,*,#5539,.T.);
#3377=ORIENTED_EDGE('',*,*,#5277,.F.);
#3378=ORIENTED_EDGE('',*,*,#5571,.F.);
#3379=ORIENTED_EDGE('',*,*,#5010,.T.);
#3380=CARTESIAN_POINT('',(10.2,12.8,-3.9));
#3381=DIRECTION('',(0.0,0.0,-1.0));
#3382=DIRECTION('',(0.0,-1.0,0.0));
#3383=ORIENTED_EDGE('',*,*,#5063,.T.);
#3384=ORIENTED_EDGE('',*,*,#5254,.F.);
#3385=ORIENTED_EDGE('',*,*,#5514,.T.);
#3386=ORIENTED_EDGE('',*,*,#5094,.F.);
#3387=CARTESIAN_POINT('',(7.4,0.0,-3.8));
#3388=DIRECTION('',(-1.0,0.0,0.0));
#3389=DIRECTION('',(0.0,0.0,1.0));
#3390=ORIENTED_EDGE('',*,*,#5513,.T.);
#3391=ORIENTED_EDGE('',*,*,#5572,.F.);
#3392=ORIENTED_EDGE('',*,*,#5065,.F.);
#3393=ORIENTED_EDGE('',*,*,#5096,.T.);
#3394=CARTESIAN_POINT('',(5.2,0.0,-4.8));
#3395=DIRECTION('',(1.0,0.0,0.0));
#3396=DIRECTION('',(0.0,1.0,0.0));
#3397=ORIENTED_EDGE('',*,*,#5573,.T.);
#3398=ORIENTED_EDGE('',*,*,#5135,.T.);
#3399=ORIENTED_EDGE('',*,*,#5574,.F.);
#3400=ORIENTED_EDGE('',*,*,#5196,.T.);
#3401=ORIENTED_EDGE('',*,*,#5575,.T.);
#3402=ORIENTED_EDGE('',*,*,#5239,.F.);
#3403=ORIENTED_EDGE('',*,*,#5576,.T.);
#3404=ORIENTED_EDGE('',*,*,#5208,.T.);
#3405=ORIENTED_EDGE('',*,*,#5577,.T.);
#3406=ORIENTED_EDGE('',*,*,#5578,.T.);
#3407=ORIENTED_EDGE('',*,*,#5579,.F.);
#3408=ORIENTED_EDGE('',*,*,#5580,.F.);
#3409=CARTESIAN_POINT('',(-11.1,0.8,4.8));
#3410=DIRECTION('',(0.0,-1.0,0.0));
#3411=DIRECTION('',(0.0,0.0,-1.0));
#3412=ORIENTED_EDGE('',*,*,#5581,.T.);
#3413=ORIENTED_EDGE('',*,*,#5066,.T.);
#3414=ORIENTED_EDGE('',*,*,#5572,.T.);
#3415=ORIENTED_EDGE('',*,*,#5512,.T.);
#3416=ORIENTED_EDGE('',*,*,#5582,.F.);
#3417=ORIENTED_EDGE('',*,*,#5474,.T.);
#3418=ORIENTED_EDGE('',*,*,#5583,.T.);
#3419=ORIENTED_EDGE('',*,*,#5518,.T.);
#3420=ORIENTED_EDGE('',*,*,#5584,.T.);
#3421=ORIENTED_EDGE('',*,*,#5585,.T.);
#3422=ORIENTED_EDGE('',*,*,#5586,.F.);
#3423=ORIENTED_EDGE('',*,*,#5587,.F.);
#3424=CARTESIAN_POINT('',(-11.1,0.8,4.8));
#3425=DIRECTION('',(0.0,-1.0,0.0));
#3426=DIRECTION('',(0.0,0.0,-1.0));
#3427=ORIENTED_EDGE('',*,*,#5198,.T.);
#3428=ORIENTED_EDGE('',*,*,#5576,.F.);
#3429=ORIENTED_EDGE('',*,*,#5238,.F.);
#3430=ORIENTED_EDGE('',*,*,#5099,.T.);
#3431=CARTESIAN_POINT('',(3.2,0.0,4.8));
#3432=DIRECTION('',(-1.0,0.0,0.0));
#3433=DIRECTION('',(0.0,0.0,1.0));
#3434=ORIENTED_EDGE('',*,*,#5240,.T.);
#3435=ORIENTED_EDGE('',*,*,#5575,.F.);
#3436=ORIENTED_EDGE('',*,*,#5195,.T.);
#3437=ORIENTED_EDGE('',*,*,#5090,.F.);
#3438=CARTESIAN_POINT('',(5.2,0.0,3.8));
#3439=DIRECTION('',(1.0,0.0,0.0));
#3440=DIRECTION('',(0.0,1.0,0.0));
#3441=ORIENTED_EDGE('',*,*,#5574,.T.);
#3442=ORIENTED_EDGE('',*,*,#5134,.T.);
#3443=ORIENTED_EDGE('',*,*,#5297,.F.);
#3444=ORIENTED_EDGE('',*,*,#5588,.T.);
#3445=ORIENTED_EDGE('',*,*,#5197,.T.);
#3446=CARTESIAN_POINT('',(5.5,0.0,3.8));
#3447=DIRECTION('',(-1.0,0.0,0.0));
#3448=DIRECTION('',(0.0,0.0,1.0));
#3449=ORIENTED_EDGE('',*,*,#5589,.T.);
#3450=ORIENTED_EDGE('',*,*,#5289,.T.);
#3451=ORIENTED_EDGE('',*,*,#5187,.T.);
#3452=ORIENTED_EDGE('',*,*,#5588,.F.);
#3453=CARTESIAN_POINT('',(5.5,3.7,3.8));
#3454=DIRECTION('',(-0.0,1.0,0.0));
#3455=DIRECTION('',(1.0,0.0,0.0));
#3456=ORIENTED_EDGE('',*,*,#5296,.F.);
#3457=ORIENTED_EDGE('',*,*,#5590,.F.);
#3458=ORIENTED_EDGE('',*,*,#5022,.T.);
#3459=ORIENTED_EDGE('',*,*,#5290,.T.);
#3460=ORIENTED_EDGE('',*,*,#5589,.F.);
#3461=CARTESIAN_POINT('',(5.1,12.8,3.9));
#3462=DIRECTION('',(0.707106781186548,0.0,0.707106781186548));
#3463=DIRECTION('',(0.0,-1.0,0.0));
#3464=ORIENTED_EDGE('',*,*,#5590,.T.);
#3465=ORIENTED_EDGE('',*,*,#5295,.F.);
#3466=ORIENTED_EDGE('',*,*,#5591,.F.);
#3467=ORIENTED_EDGE('',*,*,#5023,.T.);
#3468=CARTESIAN_POINT('',(3.3,12.8,3.9));
#3469=DIRECTION('',(0.0,0.0,1.0));
#3470=DIRECTION('',(1.0,0.0,0.0));
#3471=ORIENTED_EDGE('',*,*,#5349,.F.);
#3472=ORIENTED_EDGE('',*,*,#5024,.T.);
#3473=ORIENTED_EDGE('',*,*,#5591,.T.);
#3474=ORIENTED_EDGE('',*,*,#5294,.F.);
#3475=ORIENTED_EDGE('',*,*,#5592,.F.);
#3476=CARTESIAN_POINT('',(2.4,12.8,3.0));
#3477=DIRECTION('',(-0.707106781186548,0.0,0.707106781186548));
#3478=DIRECTION('',(0.0,1.0,0.0));
#3479=ORIENTED_EDGE('',*,*,#5593,.F.);
#3480=ORIENTED_EDGE('',*,*,#5206,.F.);
#3481=ORIENTED_EDGE('',*,*,#5350,.T.);
#3482=ORIENTED_EDGE('',*,*,#5592,.T.);
#3483=CARTESIAN_POINT('',(2.4,3.7,3.8));
#3484=DIRECTION('',(-0.0,1.0,0.0));
#3485=DIRECTION('',(1.0,0.0,0.0));
#3486=ORIENTED_EDGE('',*,*,#5136,.T.);
#3487=ORIENTED_EDGE('',*,*,#5573,.F.);
#3488=ORIENTED_EDGE('',*,*,#5207,.F.);
#3489=ORIENTED_EDGE('',*,*,#5593,.T.);
#3490=ORIENTED_EDGE('',*,*,#5293,.T.);
#3491=CARTESIAN_POINT('',(2.9,3.7,3.8));
#3492=DIRECTION('',(1.0,0.0,0.0));
#3493=DIRECTION('',(0.0,1.0,0.0));
#3494=ORIENTED_EDGE('',*,*,#5519,.T.);
#3495=ORIENTED_EDGE('',*,*,#5583,.F.);
#3496=ORIENTED_EDGE('',*,*,#5473,.F.);
#3497=ORIENTED_EDGE('',*,*,#5326,.T.);
#3498=CARTESIAN_POINT('',(2.9,3.7,-0.5));
#3499=DIRECTION('',(1.0,0.0,0.0));
#3500=DIRECTION('',(0.0,1.0,0.0));
#3501=ORIENTED_EDGE('',*,*,#5475,.T.);
#3502=ORIENTED_EDGE('',*,*,#5582,.T.);
#3503=ORIENTED_EDGE('',*,*,#5511,.T.);
#3504=ORIENTED_EDGE('',*,*,#5320,.F.);
#3505=CARTESIAN_POINT('',(5.5,0.0,-0.5));
#3506=DIRECTION('',(-1.0,0.0,0.0));
#3507=DIRECTION('',(0.0,0.0,1.0));
#3508=ORIENTED_EDGE('',*,*,#5067,.T.);
#3509=ORIENTED_EDGE('',*,*,#5581,.F.);
#3510=ORIENTED_EDGE('',*,*,#5517,.T.);
#3511=ORIENTED_EDGE('',*,*,#5101,.F.);
#3512=CARTESIAN_POINT('',(3.2,0.0,-3.8));
#3513=DIRECTION('',(-1.0,0.0,0.0));
#3514=DIRECTION('',(0.0,0.0,1.0));
#3515=ORIENTED_EDGE('',*,*,#5594,.F.);
#3516=ORIENTED_EDGE('',*,*,#5595,.F.);
#3517=ORIENTED_EDGE('',*,*,#5596,.F.);
#3518=ORIENTED_EDGE('',*,*,#5597,.F.);
#3519=ORIENTED_EDGE('',*,*,#5331,.T.);
#3520=CARTESIAN_POINT('',(4.77,0.0,0.5));
#3521=DIRECTION('',(-1.0,0.0,0.0));
#3522=DIRECTION('',(0.0,0.0,1.0));
#3523=ORIENTED_EDGE('',*,*,#5598,.F.);
#3524=ORIENTED_EDGE('',*,*,#5599,.F.);
#3525=ORIENTED_EDGE('',*,*,#5600,.F.);
#3526=ORIENTED_EDGE('',*,*,#5601,.F.);
#3527=ORIENTED_EDGE('',*,*,#5303,.T.);
#3528=CARTESIAN_POINT('',(4.77,0.0,0.5));
#3529=DIRECTION('',(-1.0,0.0,0.0));
#3530=DIRECTION('',(0.0,0.0,1.0));
#3531=ORIENTED_EDGE('',*,*,#5602,.F.);
#3532=ORIENTED_EDGE('',*,*,#5603,.F.);
#3533=ORIENTED_EDGE('',*,*,#5604,.F.);
#3534=ORIENTED_EDGE('',*,*,#5605,.F.);
#3535=ORIENTED_EDGE('',*,*,#5587,.T.);
#3536=CARTESIAN_POINT('',(4.77,0.0,0.5));
#3537=DIRECTION('',(-1.0,0.0,0.0));
#3538=DIRECTION('',(0.0,0.0,1.0));
#3539=ORIENTED_EDGE('',*,*,#5606,.F.);
#3540=ORIENTED_EDGE('',*,*,#5607,.F.);
#3541=ORIENTED_EDGE('',*,*,#5608,.F.);
#3542=ORIENTED_EDGE('',*,*,#5609,.F.);
#3543=ORIENTED_EDGE('',*,*,#5580,.T.);
#3544=CARTESIAN_POINT('',(4.77,0.0,0.5));
#3545=DIRECTION('',(-1.0,0.0,0.0));
#3546=DIRECTION('',(0.0,0.0,1.0));
#3547=ORIENTED_EDGE('',*,*,#5597,.T.);
#3548=ORIENTED_EDGE('',*,*,#5610,.T.);
#3549=ORIENTED_EDGE('',*,*,#5611,.F.);
#3550=ORIENTED_EDGE('',*,*,#5328,.F.);
#3551=CARTESIAN_POINT('',(4.77,3.7,-1.71));
#3552=DIRECTION('',(0.0,0.0,1.0));
#3553=DIRECTION('',(1.0,0.0,0.0));
#3554=ORIENTED_EDGE('',*,*,#5611,.T.);
#3555=ORIENTED_EDGE('',*,*,#5612,.T.);
#3556=ORIENTED_EDGE('',*,*,#5613,.T.);
#3557=ORIENTED_EDGE('',*,*,#5614,.T.);
#3558=ORIENTED_EDGE('',*,*,#5329,.T.);
#3559=CARTESIAN_POINT('',(3.63,0.0,0.5));
#3560=DIRECTION('',(-1.0,0.0,0.0));
#3561=DIRECTION('',(0.0,0.0,1.0));
#3562=ORIENTED_EDGE('',*,*,#5615,.T.);
#3563=ORIENTED_EDGE('',*,*,#5616,.T.);
#3564=ORIENTED_EDGE('',*,*,#5617,.T.);
#3565=ORIENTED_EDGE('',*,*,#5618,.T.);
#3566=ORIENTED_EDGE('',*,*,#5301,.T.);
#3567=CARTESIAN_POINT('',(3.63,0.0,0.5));
#3568=DIRECTION('',(-1.0,0.0,0.0));
#3569=DIRECTION('',(0.0,0.0,1.0));
#3570=ORIENTED_EDGE('',*,*,#5619,.T.);
#3571=ORIENTED_EDGE('',*,*,#5620,.T.);
#3572=ORIENTED_EDGE('',*,*,#5621,.T.);
#3573=ORIENTED_EDGE('',*,*,#5622,.T.);
#3574=ORIENTED_EDGE('',*,*,#5585,.F.);
#3575=CARTESIAN_POINT('',(3.63,0.0,0.5));
#3576=DIRECTION('',(-1.0,0.0,0.0));
#3577=DIRECTION('',(0.0,0.0,1.0));
#3578=ORIENTED_EDGE('',*,*,#5623,.T.);
#3579=ORIENTED_EDGE('',*,*,#5624,.T.);
#3580=ORIENTED_EDGE('',*,*,#5625,.T.);
#3581=ORIENTED_EDGE('',*,*,#5626,.T.);
#3582=ORIENTED_EDGE('',*,*,#5578,.F.);
#3583=CARTESIAN_POINT('',(3.63,0.0,0.5));
#3584=DIRECTION('',(-1.0,0.0,0.0));
#3585=DIRECTION('',(0.0,0.0,1.0));
#3586=ORIENTED_EDGE('',*,*,#5614,.F.);
#3587=ORIENTED_EDGE('',*,*,#5627,.F.);
#3588=ORIENTED_EDGE('',*,*,#5594,.T.);
#3589=ORIENTED_EDGE('',*,*,#5330,.T.);
#3590=CARTESIAN_POINT('',(4.77,4.3,-2.85));
#3591=DIRECTION('',(0.0,0.554700196225229,-0.832050294337844));
#3592=DIRECTION('',(-1.0,0.0,0.0));
#3593=ORIENTED_EDGE('',*,*,#5627,.T.);
#3594=ORIENTED_EDGE('',*,*,#5613,.F.);
#3595=ORIENTED_EDGE('',*,*,#5628,.F.);
#3596=ORIENTED_EDGE('',*,*,#5595,.T.);
#3597=CARTESIAN_POINT('',(4.77,9.2,-2.85));
#3598=DIRECTION('',(0.0,0.0,-1.0));
#3599=DIRECTION('',(0.0,-1.0,0.0));
#3600=ORIENTED_EDGE('',*,*,#5628,.T.);
#3601=ORIENTED_EDGE('',*,*,#5612,.F.);
#3602=ORIENTED_EDGE('',*,*,#5610,.F.);
#3603=ORIENTED_EDGE('',*,*,#5596,.T.);
#3604=CARTESIAN_POINT('',(4.77,9.2,-1.71));
#3605=DIRECTION('',(-0.0,1.0,0.0));
#3606=DIRECTION('',(1.0,0.0,0.0));
#3607=ORIENTED_EDGE('',*,*,#5618,.F.);
#3608=ORIENTED_EDGE('',*,*,#5629,.F.);
#3609=ORIENTED_EDGE('',*,*,#5598,.T.);
#3610=ORIENTED_EDGE('',*,*,#5302,.T.);
#3611=CARTESIAN_POINT('',(4.77,9.2,1.31));
#3612=DIRECTION('',(0.0,0.0,-1.0));
#3613=DIRECTION('',(0.0,-1.0,0.0));
#3614=ORIENTED_EDGE('',*,*,#5629,.T.);
#3615=ORIENTED_EDGE('',*,*,#5617,.F.);
#3616=ORIENTED_EDGE('',*,*,#5630,.F.);
#3617=ORIENTED_EDGE('',*,*,#5599,.T.);
#3618=CARTESIAN_POINT('',(4.77,9.2,2.45));
#3619=DIRECTION('',(-0.0,1.0,0.0));
#3620=DIRECTION('',(1.0,0.0,0.0));
#3621=ORIENTED_EDGE('',*,*,#5630,.T.);
#3622=ORIENTED_EDGE('',*,*,#5616,.F.);
#3623=ORIENTED_EDGE('',*,*,#5631,.F.);
#3624=ORIENTED_EDGE('',*,*,#5600,.T.);
#3625=CARTESIAN_POINT('',(4.77,4.3,2.45));
#3626=DIRECTION('',(0.0,0.0,1.0));
#3627=DIRECTION('',(1.0,0.0,0.0));
#3628=ORIENTED_EDGE('',*,*,#5601,.T.);
#3629=ORIENTED_EDGE('',*,*,#5631,.T.);
#3630=ORIENTED_EDGE('',*,*,#5615,.F.);
#3631=ORIENTED_EDGE('',*,*,#5300,.F.);
#3632=CARTESIAN_POINT('',(4.77,3.7,2.85));
#3633=DIRECTION('',(0.0,0.554700196225229,0.832050294337844));
#3634=DIRECTION('',(1.0,-0.0,0.0));
#3635=ORIENTED_EDGE('',*,*,#5622,.F.);
#3636=ORIENTED_EDGE('',*,*,#5632,.F.);
#3637=ORIENTED_EDGE('',*,*,#5602,.T.);
#3638=ORIENTED_EDGE('',*,*,#5586,.T.);
#3639=CARTESIAN_POINT('',(4.77,-2.23,-2.65));
#3640=DIRECTION('',(0.0,0.0,1.0));
#3641=DIRECTION('',(1.0,0.0,0.0));
#3642=ORIENTED_EDGE('',*,*,#5632,.T.);
#3643=ORIENTED_EDGE('',*,*,#5621,.F.);
#3644=ORIENTED_EDGE('',*,*,#5633,.F.);
#3645=ORIENTED_EDGE('',*,*,#5603,.T.);
#3646=CARTESIAN_POINT('',(4.77,-3.5,-3.1));
#3647=DIRECTION('',(0.0,-0.333984527886008,0.942578556478324));
#3648=DIRECTION('',(-1.0,0.0,0.0));
#3649=ORIENTED_EDGE('',*,*,#5633,.T.);
#3650=ORIENTED_EDGE('',*,*,#5620,.F.);
#3651=ORIENTED_EDGE('',*,*,#5634,.F.);
#3652=ORIENTED_EDGE('',*,*,#5604,.T.);
#3653=CARTESIAN_POINT('',(4.77,-3.5,-3.25));
#3654=DIRECTION('',(0.0,-1.0,0.0));
#3655=DIRECTION('',(0.0,0.0,-1.0));
#3656=ORIENTED_EDGE('',*,*,#5605,.T.);
#3657=ORIENTED_EDGE('',*,*,#5634,.T.);
#3658=ORIENTED_EDGE('',*,*,#5619,.F.);
#3659=ORIENTED_EDGE('',*,*,#5584,.F.);
#3660=CARTESIAN_POINT('',(4.77,3.7,-3.25));
#3661=DIRECTION('',(0.0,0.0,-1.0));
#3662=DIRECTION('',(0.0,-1.0,0.0));
#3663=ORIENTED_EDGE('',*,*,#5626,.F.);
#3664=ORIENTED_EDGE('',*,*,#5635,.F.);
#3665=ORIENTED_EDGE('',*,*,#5606,.T.);
#3666=ORIENTED_EDGE('',*,*,#5579,.T.);
#3667=CARTESIAN_POINT('',(4.77,-3.5,2.85));
#3668=DIRECTION('',(0.0,0.0,1.0));
#3669=DIRECTION('',(1.0,0.0,0.0));
#3670=ORIENTED_EDGE('',*,*,#5635,.T.);
#3671=ORIENTED_EDGE('',*,*,#5625,.F.);
#3672=ORIENTED_EDGE('',*,*,#5636,.F.);
#3673=ORIENTED_EDGE('',*,*,#5607,.T.);
#3674=CARTESIAN_POINT('',(4.77,-3.5,2.7));
#3675=DIRECTION('',(0.0,-1.0,0.0));
#3676=DIRECTION('',(0.0,0.0,-1.0));
#3677=ORIENTED_EDGE('',*,*,#5636,.T.);
#3678=ORIENTED_EDGE('',*,*,#5624,.F.);
#3679=ORIENTED_EDGE('',*,*,#5637,.F.);
#3680=ORIENTED_EDGE('',*,*,#5608,.T.);
#3681=CARTESIAN_POINT('',(4.77,-2.23,2.25));
#3682=DIRECTION('',(0.0,-0.333984527886008,-0.942578556478324));
#3683=DIRECTION('',(0.0,-0.942578556478324,0.333984527886008));
#3684=ORIENTED_EDGE('',*,*,#5609,.T.);
#3685=ORIENTED_EDGE('',*,*,#5637,.T.);
#3686=ORIENTED_EDGE('',*,*,#5623,.F.);
#3687=ORIENTED_EDGE('',*,*,#5577,.F.);
#3688=CARTESIAN_POINT('',(4.77,3.7,2.25));
#3689=DIRECTION('',(0.0,0.0,-1.0));
#3690=DIRECTION('',(0.0,-1.0,0.0));
#3691=ORIENTED_EDGE('',*,*,#5469,.F.);
#3692=ORIENTED_EDGE('',*,*,#5372,.T.);
#3693=ORIENTED_EDGE('',*,*,#5523,.T.);
#3694=ORIENTED_EDGE('',*,*,#5336,.F.);
#3695=CARTESIAN_POINT('',(1.3,0.0,-0.5));
#3696=DIRECTION('',(-1.0,0.0,0.0));
#3697=DIRECTION('',(0.0,0.0,1.0));
#3698=ORIENTED_EDGE('',*,*,#5516,.T.);
#3699=ORIENTED_EDGE('',*,*,#5370,.F.);
#3700=ORIENTED_EDGE('',*,*,#5069,.F.);
#3701=ORIENTED_EDGE('',*,*,#5103,.T.);
#3702=CARTESIAN_POINT('',(1.0,0.0,-4.8));
#3703=DIRECTION('',(1.0,0.0,0.0));
#3704=DIRECTION('',(0.0,1.0,0.0));
#3705=ORIENTED_EDGE('',*,*,#5526,.T.);
#3706=ORIENTED_EDGE('',*,*,#5367,.F.);
#3707=ORIENTED_EDGE('',*,*,#5468,.F.);
#3708=ORIENTED_EDGE('',*,*,#5342,.T.);
#3709=CARTESIAN_POINT('',(-1.3,3.7,-0.5));
#3710=DIRECTION('',(1.0,0.0,0.0));
#3711=DIRECTION('',(0.0,1.0,0.0));
#3712=ORIENTED_EDGE('',*,*,#5071,.T.);
#3713=ORIENTED_EDGE('',*,*,#5369,.F.);
#3714=ORIENTED_EDGE('',*,*,#5525,.T.);
#3715=ORIENTED_EDGE('',*,*,#5108,.F.);
#3716=CARTESIAN_POINT('',(-1.0,0.0,-3.8));
#3717=DIRECTION('',(-1.0,0.0,0.0));
#3718=DIRECTION('',(0.0,0.0,1.0));
#3719=ORIENTED_EDGE('',*,*,#5524,.T.);
#3720=ORIENTED_EDGE('',*,*,#5455,.F.);
#3721=ORIENTED_EDGE('',*,*,#5073,.F.);
#3722=ORIENTED_EDGE('',*,*,#5110,.T.);
#3723=CARTESIAN_POINT('',(-3.2,0.0,-4.8));
#3724=DIRECTION('',(1.0,0.0,0.0));
#3725=DIRECTION('',(0.0,1.0,0.0));
#3726=ORIENTED_EDGE('',*,*,#5075,.T.);
#3727=ORIENTED_EDGE('',*,*,#5454,.F.);
#3728=ORIENTED_EDGE('',*,*,#5531,.T.);
#3729=ORIENTED_EDGE('',*,*,#5120,.F.);
#3730=CARTESIAN_POINT('',(-5.2,0.0,-3.8));
#3731=DIRECTION('',(-1.0,0.0,0.0));
#3732=DIRECTION('',(0.0,0.0,1.0));
#3733=ORIENTED_EDGE('',*,*,#5530,.T.);
#3734=ORIENTED_EDGE('',*,*,#5176,.F.);
#3735=ORIENTED_EDGE('',*,*,#5077,.F.);
#3736=ORIENTED_EDGE('',*,*,#5122,.T.);
#3737=CARTESIAN_POINT('',(-7.4,0.0,-4.8));
#3738=DIRECTION('',(1.0,0.0,0.0));
#3739=DIRECTION('',(0.0,1.0,0.0));
#3740=ORIENTED_EDGE('',*,*,#5124,.T.);
#3741=ORIENTED_EDGE('',*,*,#4977,.F.);
#3742=ORIENTED_EDGE('',*,*,#5483,.F.);
#3743=ORIENTED_EDGE('',*,*,#5081,.T.);
#3744=CARTESIAN_POINT('',(-10.1,0.0,-0.5));
#3745=DIRECTION('',(1.0,0.0,0.0));
#3746=DIRECTION('',(0.0,1.0,0.0));
#3747=ORIENTED_EDGE('',*,*,#5482,.T.);
#3748=ORIENTED_EDGE('',*,*,#4969,.F.);
#3749=ORIENTED_EDGE('',*,*,#5125,.F.);
#3750=ORIENTED_EDGE('',*,*,#5083,.T.);
#3751=CARTESIAN_POINT('',(10.1,0.0,0.5));
#3752=DIRECTION('',(-1.0,0.0,0.0));
#3753=DIRECTION('',(0.0,0.0,1.0));
#3754=ORIENTED_EDGE('',*,*,#5638,.F.);
#3755=ORIENTED_EDGE('',*,*,#5639,.F.);
#3756=ORIENTED_EDGE('',*,*,#5640,.F.);
#3757=ORIENTED_EDGE('',*,*,#5641,.F.);
#3758=ORIENTED_EDGE('',*,*,#5435,.T.);
#3759=CARTESIAN_POINT('',(-3.63,0.0,0.5));
#3760=DIRECTION('',(-1.0,0.0,0.0));
#3761=DIRECTION('',(0.0,0.0,1.0));
#3762=ORIENTED_EDGE('',*,*,#5642,.F.);
#3763=ORIENTED_EDGE('',*,*,#5643,.F.);
#3764=ORIENTED_EDGE('',*,*,#5644,.F.);
#3765=ORIENTED_EDGE('',*,*,#5645,.F.);
#3766=ORIENTED_EDGE('',*,*,#5409,.T.);
#3767=CARTESIAN_POINT('',(-3.63,0.0,0.5));
#3768=DIRECTION('',(-1.0,0.0,0.0));
#3769=DIRECTION('',(0.0,0.0,1.0));
#3770=ORIENTED_EDGE('',*,*,#5646,.F.);
#3771=ORIENTED_EDGE('',*,*,#5647,.F.);
#3772=ORIENTED_EDGE('',*,*,#5648,.F.);
#3773=ORIENTED_EDGE('',*,*,#5649,.F.);
#3774=ORIENTED_EDGE('',*,*,#5462,.T.);
#3775=CARTESIAN_POINT('',(-3.63,0.0,0.5));
#3776=DIRECTION('',(-1.0,0.0,0.0));
#3777=DIRECTION('',(0.0,0.0,1.0));
#3778=ORIENTED_EDGE('',*,*,#5650,.F.);
#3779=ORIENTED_EDGE('',*,*,#5651,.F.);
#3780=ORIENTED_EDGE('',*,*,#5652,.F.);
#3781=ORIENTED_EDGE('',*,*,#5653,.F.);
#3782=ORIENTED_EDGE('',*,*,#5451,.T.);
#3783=CARTESIAN_POINT('',(-3.63,0.0,0.5));
#3784=DIRECTION('',(-1.0,0.0,0.0));
#3785=DIRECTION('',(0.0,0.0,1.0));
#3786=ORIENTED_EDGE('',*,*,#5641,.T.);
#3787=ORIENTED_EDGE('',*,*,#5654,.T.);
#3788=ORIENTED_EDGE('',*,*,#5655,.F.);
#3789=ORIENTED_EDGE('',*,*,#5432,.F.);
#3790=CARTESIAN_POINT('',(-3.63,3.7,-1.71));
#3791=DIRECTION('',(0.0,0.0,1.0));
#3792=DIRECTION('',(1.0,0.0,0.0));
#3793=ORIENTED_EDGE('',*,*,#5655,.T.);
#3794=ORIENTED_EDGE('',*,*,#5656,.T.);
#3795=ORIENTED_EDGE('',*,*,#5657,.T.);
#3796=ORIENTED_EDGE('',*,*,#5658,.T.);
#3797=ORIENTED_EDGE('',*,*,#5433,.T.);
#3798=CARTESIAN_POINT('',(-4.77,0.0,0.5));
#3799=DIRECTION('',(-1.0,0.0,0.0));
#3800=DIRECTION('',(0.0,0.0,1.0));
#3801=ORIENTED_EDGE('',*,*,#5659,.T.);
#3802=ORIENTED_EDGE('',*,*,#5660,.T.);
#3803=ORIENTED_EDGE('',*,*,#5661,.T.);
#3804=ORIENTED_EDGE('',*,*,#5662,.T.);
#3805=ORIENTED_EDGE('',*,*,#5407,.T.);
#3806=CARTESIAN_POINT('',(-4.77,0.0,0.5));
#3807=DIRECTION('',(-1.0,0.0,0.0));
#3808=DIRECTION('',(0.0,0.0,1.0));
#3809=ORIENTED_EDGE('',*,*,#5663,.T.);
#3810=ORIENTED_EDGE('',*,*,#5664,.T.);
#3811=ORIENTED_EDGE('',*,*,#5665,.T.);
#3812=ORIENTED_EDGE('',*,*,#5666,.T.);
#3813=ORIENTED_EDGE('',*,*,#5460,.F.);
#3814=CARTESIAN_POINT('',(-4.77,0.0,0.5));
#3815=DIRECTION('',(-1.0,0.0,0.0));
#3816=DIRECTION('',(0.0,0.0,1.0));
#3817=ORIENTED_EDGE('',*,*,#5667,.T.);
#3818=ORIENTED_EDGE('',*,*,#5668,.T.);
#3819=ORIENTED_EDGE('',*,*,#5669,.T.);
#3820=ORIENTED_EDGE('',*,*,#5670,.T.);
#3821=ORIENTED_EDGE('',*,*,#5449,.F.);
#3822=CARTESIAN_POINT('',(-4.77,0.0,0.5));
#3823=DIRECTION('',(-1.0,0.0,0.0));
#3824=DIRECTION('',(0.0,0.0,1.0));
#3825=ORIENTED_EDGE('',*,*,#5658,.F.);
#3826=ORIENTED_EDGE('',*,*,#5671,.F.);
#3827=ORIENTED_EDGE('',*,*,#5638,.T.);
#3828=ORIENTED_EDGE('',*,*,#5434,.T.);
#3829=CARTESIAN_POINT('',(-3.63,4.3,-2.85));
#3830=DIRECTION('',(0.0,0.554700196225229,-0.832050294337844));
#3831=DIRECTION('',(-1.0,0.0,0.0));
#3832=ORIENTED_EDGE('',*,*,#5671,.T.);
#3833=ORIENTED_EDGE('',*,*,#5657,.F.);
#3834=ORIENTED_EDGE('',*,*,#5672,.F.);
#3835=ORIENTED_EDGE('',*,*,#5639,.T.);
#3836=CARTESIAN_POINT('',(-3.63,9.2,-2.85));
#3837=DIRECTION('',(0.0,0.0,-1.0));
#3838=DIRECTION('',(0.0,-1.0,0.0));
#3839=ORIENTED_EDGE('',*,*,#5672,.T.);
#3840=ORIENTED_EDGE('',*,*,#5656,.F.);
#3841=ORIENTED_EDGE('',*,*,#5654,.F.);
#3842=ORIENTED_EDGE('',*,*,#5640,.T.);
#3843=CARTESIAN_POINT('',(-3.63,9.2,-1.71));
#3844=DIRECTION('',(-0.0,1.0,0.0));
#3845=DIRECTION('',(1.0,0.0,0.0));
#3846=ORIENTED_EDGE('',*,*,#5662,.F.);
#3847=ORIENTED_EDGE('',*,*,#5673,.F.);
#3848=ORIENTED_EDGE('',*,*,#5642,.T.);
#3849=ORIENTED_EDGE('',*,*,#5408,.T.);
#3850=CARTESIAN_POINT('',(-3.63,9.2,1.31));
#3851=DIRECTION('',(0.0,0.0,-1.0));
#3852=DIRECTION('',(0.0,-1.0,0.0));
#3853=ORIENTED_EDGE('',*,*,#5673,.T.);
#3854=ORIENTED_EDGE('',*,*,#5661,.F.);
#3855=ORIENTED_EDGE('',*,*,#5674,.F.);
#3856=ORIENTED_EDGE('',*,*,#5643,.T.);
#3857=CARTESIAN_POINT('',(-3.63,9.2,2.45));
#3858=DIRECTION('',(-0.0,1.0,0.0));
#3859=DIRECTION('',(1.0,0.0,0.0));
#3860=ORIENTED_EDGE('',*,*,#5674,.T.);
#3861=ORIENTED_EDGE('',*,*,#5660,.F.);
#3862=ORIENTED_EDGE('',*,*,#5675,.F.);
#3863=ORIENTED_EDGE('',*,*,#5644,.T.);
#3864=CARTESIAN_POINT('',(-3.63,4.3,2.45));
#3865=DIRECTION('',(0.0,0.0,1.0));
#3866=DIRECTION('',(1.0,0.0,0.0));
#3867=ORIENTED_EDGE('',*,*,#5645,.T.);
#3868=ORIENTED_EDGE('',*,*,#5675,.T.);
#3869=ORIENTED_EDGE('',*,*,#5659,.F.);
#3870=ORIENTED_EDGE('',*,*,#5406,.F.);
#3871=CARTESIAN_POINT('',(-3.63,3.7,2.85));
#3872=DIRECTION('',(0.0,0.554700196225229,0.832050294337844));
#3873=DIRECTION('',(1.0,-0.0,0.0));
#3874=ORIENTED_EDGE('',*,*,#5666,.F.);
#3875=ORIENTED_EDGE('',*,*,#5676,.F.);
#3876=ORIENTED_EDGE('',*,*,#5646,.T.);
#3877=ORIENTED_EDGE('',*,*,#5461,.T.);
#3878=CARTESIAN_POINT('',(-3.63,-2.23,-2.65));
#3879=DIRECTION('',(0.0,0.0,1.0));
#3880=DIRECTION('',(1.0,0.0,0.0));
#3881=ORIENTED_EDGE('',*,*,#5676,.T.);
#3882=ORIENTED_EDGE('',*,*,#5665,.F.);
#3883=ORIENTED_EDGE('',*,*,#5677,.F.);
#3884=ORIENTED_EDGE('',*,*,#5647,.T.);
#3885=CARTESIAN_POINT('',(-3.63,-3.5,-3.1));
#3886=DIRECTION('',(0.0,-0.333984527886008,0.942578556478324));
#3887=DIRECTION('',(-1.0,0.0,0.0));
#3888=ORIENTED_EDGE('',*,*,#5677,.T.);
#3889=ORIENTED_EDGE('',*,*,#5664,.F.);
#3890=ORIENTED_EDGE('',*,*,#5678,.F.);
#3891=ORIENTED_EDGE('',*,*,#5648,.T.);
#3892=CARTESIAN_POINT('',(-3.63,-3.5,-3.25));
#3893=DIRECTION('',(0.0,-1.0,0.0));
#3894=DIRECTION('',(0.0,0.0,-1.0));
#3895=ORIENTED_EDGE('',*,*,#5649,.T.);
#3896=ORIENTED_EDGE('',*,*,#5678,.T.);
#3897=ORIENTED_EDGE('',*,*,#5663,.F.);
#3898=ORIENTED_EDGE('',*,*,#5459,.F.);
#3899=CARTESIAN_POINT('',(-3.63,3.7,-3.25));
#3900=DIRECTION('',(0.0,0.0,-1.0));
#3901=DIRECTION('',(0.0,-1.0,0.0));
#3902=ORIENTED_EDGE('',*,*,#5670,.F.);
#3903=ORIENTED_EDGE('',*,*,#5679,.F.);
#3904=ORIENTED_EDGE('',*,*,#5650,.T.);
#3905=ORIENTED_EDGE('',*,*,#5450,.T.);
#3906=CARTESIAN_POINT('',(-3.63,-3.5,2.85));
#3907=DIRECTION('',(0.0,0.0,1.0));
#3908=DIRECTION('',(1.0,0.0,0.0));
#3909=ORIENTED_EDGE('',*,*,#5679,.T.);
#3910=ORIENTED_EDGE('',*,*,#5669,.F.);
#3911=ORIENTED_EDGE('',*,*,#5680,.F.);
#3912=ORIENTED_EDGE('',*,*,#5651,.T.);
#3913=CARTESIAN_POINT('',(-3.63,-3.5,2.7));
#3914=DIRECTION('',(0.0,-1.0,0.0));
#3915=DIRECTION('',(0.0,0.0,-1.0));
#3916=ORIENTED_EDGE('',*,*,#5680,.T.);
#3917=ORIENTED_EDGE('',*,*,#5668,.F.);
#3918=ORIENTED_EDGE('',*,*,#5681,.F.);
#3919=ORIENTED_EDGE('',*,*,#5652,.T.);
#3920=CARTESIAN_POINT('',(-3.63,-2.23,2.25));
#3921=DIRECTION('',(0.0,-0.333984527886008,-0.942578556478324));
#3922=DIRECTION('',(0.0,-0.942578556478324,0.333984527886008));
#3923=ORIENTED_EDGE('',*,*,#5653,.T.);
#3924=ORIENTED_EDGE('',*,*,#5681,.T.);
#3925=ORIENTED_EDGE('',*,*,#5667,.F.);
#3926=ORIENTED_EDGE('',*,*,#5448,.F.);
#3927=CARTESIAN_POINT('',(-3.63,3.7,2.25));
#3928=DIRECTION('',(0.0,0.0,-1.0));
#3929=DIRECTION('',(0.0,-1.0,0.0));
#3930=ORIENTED_EDGE('',*,*,#5682,.F.);
#3931=ORIENTED_EDGE('',*,*,#5683,.F.);
#3932=ORIENTED_EDGE('',*,*,#5684,.F.);
#3933=ORIENTED_EDGE('',*,*,#5685,.F.);
#3934=ORIENTED_EDGE('',*,*,#5421,.T.);
#3935=CARTESIAN_POINT('',(-7.83,0.0,0.5));
#3936=DIRECTION('',(-1.0,0.0,0.0));
#3937=DIRECTION('',(0.0,0.0,1.0));
#3938=ORIENTED_EDGE('',*,*,#5686,.F.);
#3939=ORIENTED_EDGE('',*,*,#5687,.F.);
#3940=ORIENTED_EDGE('',*,*,#5688,.F.);
#3941=ORIENTED_EDGE('',*,*,#5689,.F.);
#3942=ORIENTED_EDGE('',*,*,#5399,.T.);
#3943=CARTESIAN_POINT('',(-7.83,0.0,0.5));
#3944=DIRECTION('',(-1.0,0.0,0.0));
#3945=DIRECTION('',(0.0,0.0,1.0));
#3946=ORIENTED_EDGE('',*,*,#5690,.F.);
#3947=ORIENTED_EDGE('',*,*,#5691,.F.);
#3948=ORIENTED_EDGE('',*,*,#5692,.F.);
#3949=ORIENTED_EDGE('',*,*,#5693,.F.);
#3950=ORIENTED_EDGE('',*,*,#5181,.T.);
#3951=CARTESIAN_POINT('',(-7.83,0.0,0.5));
#3952=DIRECTION('',(-1.0,0.0,0.0));
#3953=DIRECTION('',(0.0,0.0,1.0));
#3954=ORIENTED_EDGE('',*,*,#5694,.F.);
#3955=ORIENTED_EDGE('',*,*,#5695,.F.);
#3956=ORIENTED_EDGE('',*,*,#5696,.F.);
#3957=ORIENTED_EDGE('',*,*,#5697,.F.);
#3958=ORIENTED_EDGE('',*,*,#5170,.T.);
#3959=CARTESIAN_POINT('',(-7.83,0.0,0.5));
#3960=DIRECTION('',(-1.0,0.0,0.0));
#3961=DIRECTION('',(0.0,0.0,1.0));
#3962=ORIENTED_EDGE('',*,*,#5685,.T.);
#3963=ORIENTED_EDGE('',*,*,#5698,.T.);
#3964=ORIENTED_EDGE('',*,*,#5699,.F.);
#3965=ORIENTED_EDGE('',*,*,#5418,.F.);
#3966=CARTESIAN_POINT('',(-7.83,3.7,-1.71));
#3967=DIRECTION('',(0.0,0.0,1.0));
#3968=DIRECTION('',(1.0,0.0,0.0));
#3969=ORIENTED_EDGE('',*,*,#5699,.T.);
#3970=ORIENTED_EDGE('',*,*,#5700,.T.);
#3971=ORIENTED_EDGE('',*,*,#5701,.T.);
#3972=ORIENTED_EDGE('',*,*,#5702,.T.);
#3973=ORIENTED_EDGE('',*,*,#5419,.T.);
#3974=CARTESIAN_POINT('',(-8.97,0.0,0.5));
#3975=DIRECTION('',(-1.0,0.0,0.0));
#3976=DIRECTION('',(0.0,0.0,1.0));
#3977=ORIENTED_EDGE('',*,*,#5703,.T.);
#3978=ORIENTED_EDGE('',*,*,#5704,.T.);
#3979=ORIENTED_EDGE('',*,*,#5705,.T.);
#3980=ORIENTED_EDGE('',*,*,#5706,.T.);
#3981=ORIENTED_EDGE('',*,*,#5397,.T.);
#3982=CARTESIAN_POINT('',(-8.97,0.0,0.5));
#3983=DIRECTION('',(-1.0,0.0,0.0));
#3984=DIRECTION('',(0.0,0.0,1.0));
#3985=ORIENTED_EDGE('',*,*,#5707,.T.);
#3986=ORIENTED_EDGE('',*,*,#5708,.T.);
#3987=ORIENTED_EDGE('',*,*,#5709,.T.);
#3988=ORIENTED_EDGE('',*,*,#5710,.T.);
#3989=ORIENTED_EDGE('',*,*,#5179,.F.);
#3990=CARTESIAN_POINT('',(-8.97,0.0,0.5));
#3991=DIRECTION('',(-1.0,0.0,0.0));
#3992=DIRECTION('',(0.0,0.0,1.0));
#3993=ORIENTED_EDGE('',*,*,#5711,.T.);
#3994=ORIENTED_EDGE('',*,*,#5712,.T.);
#3995=ORIENTED_EDGE('',*,*,#5713,.T.);
#3996=ORIENTED_EDGE('',*,*,#5714,.T.);
#3997=ORIENTED_EDGE('',*,*,#5168,.F.);
#3998=CARTESIAN_POINT('',(-8.97,0.0,0.5));
#3999=DIRECTION('',(-1.0,0.0,0.0));
#4000=DIRECTION('',(0.0,0.0,1.0));
#4001=ORIENTED_EDGE('',*,*,#5702,.F.);
#4002=ORIENTED_EDGE('',*,*,#5715,.F.);
#4003=ORIENTED_EDGE('',*,*,#5682,.T.);
#4004=ORIENTED_EDGE('',*,*,#5420,.T.);
#4005=CARTESIAN_POINT('',(-7.83,4.3,-2.85));
#4006=DIRECTION('',(0.0,0.554700196225229,-0.832050294337844));
#4007=DIRECTION('',(-1.0,0.0,0.0));
#4008=ORIENTED_EDGE('',*,*,#5715,.T.);
#4009=ORIENTED_EDGE('',*,*,#5701,.F.);
#4010=ORIENTED_EDGE('',*,*,#5716,.F.);
#4011=ORIENTED_EDGE('',*,*,#5683,.T.);
#4012=CARTESIAN_POINT('',(-7.83,9.2,-2.85));
#4013=DIRECTION('',(0.0,0.0,-1.0));
#4014=DIRECTION('',(0.0,-1.0,0.0));
#4015=ORIENTED_EDGE('',*,*,#5716,.T.);
#4016=ORIENTED_EDGE('',*,*,#5700,.F.);
#4017=ORIENTED_EDGE('',*,*,#5698,.F.);
#4018=ORIENTED_EDGE('',*,*,#5684,.T.);
#4019=CARTESIAN_POINT('',(-7.83,9.2,-1.71));
#4020=DIRECTION('',(-0.0,1.0,0.0));
#4021=DIRECTION('',(1.0,0.0,0.0));
#4022=ORIENTED_EDGE('',*,*,#5706,.F.);
#4023=ORIENTED_EDGE('',*,*,#5717,.F.);
#4024=ORIENTED_EDGE('',*,*,#5686,.T.);
#4025=ORIENTED_EDGE('',*,*,#5398,.T.);
#4026=CARTESIAN_POINT('',(-7.83,9.2,1.31));
#4027=DIRECTION('',(0.0,0.0,-1.0));
#4028=DIRECTION('',(0.0,-1.0,0.0));
#4029=ORIENTED_EDGE('',*,*,#5717,.T.);
#4030=ORIENTED_EDGE('',*,*,#5705,.F.);
#4031=ORIENTED_EDGE('',*,*,#5718,.F.);
#4032=ORIENTED_EDGE('',*,*,#5687,.T.);
#4033=CARTESIAN_POINT('',(-7.83,9.2,2.45));
#4034=DIRECTION('',(-0.0,1.0,0.0));
#4035=DIRECTION('',(1.0,0.0,0.0));
#4036=ORIENTED_EDGE('',*,*,#5718,.T.);
#4037=ORIENTED_EDGE('',*,*,#5704,.F.);
#4038=ORIENTED_EDGE('',*,*,#5719,.F.);
#4039=ORIENTED_EDGE('',*,*,#5688,.T.);
#4040=CARTESIAN_POINT('',(-7.83,4.3,2.45));
#4041=DIRECTION('',(0.0,0.0,1.0));
#4042=DIRECTION('',(1.0,0.0,0.0));
#4043=ORIENTED_EDGE('',*,*,#5689,.T.);
#4044=ORIENTED_EDGE('',*,*,#5719,.T.);
#4045=ORIENTED_EDGE('',*,*,#5703,.F.);
#4046=ORIENTED_EDGE('',*,*,#5396,.F.);
#4047=CARTESIAN_POINT('',(-7.83,3.7,2.85));
#4048=DIRECTION('',(0.0,0.554700196225229,0.832050294337844));
#4049=DIRECTION('',(1.0,-0.0,0.0));
#4050=ORIENTED_EDGE('',*,*,#5710,.F.);
#4051=ORIENTED_EDGE('',*,*,#5720,.F.);
#4052=ORIENTED_EDGE('',*,*,#5690,.T.);
#4053=ORIENTED_EDGE('',*,*,#5180,.T.);
#4054=CARTESIAN_POINT('',(-7.83,-2.23,-2.65));
#4055=DIRECTION('',(0.0,0.0,1.0));
#4056=DIRECTION('',(1.0,0.0,0.0));
#4057=ORIENTED_EDGE('',*,*,#5720,.T.);
#4058=ORIENTED_EDGE('',*,*,#5709,.F.);
#4059=ORIENTED_EDGE('',*,*,#5721,.F.);
#4060=ORIENTED_EDGE('',*,*,#5691,.T.);
#4061=CARTESIAN_POINT('',(-7.83,-3.5,-3.1));
#4062=DIRECTION('',(0.0,-0.333984527886008,0.942578556478324));
#4063=DIRECTION('',(-1.0,0.0,0.0));
#4064=ORIENTED_EDGE('',*,*,#5721,.T.);
#4065=ORIENTED_EDGE('',*,*,#5708,.F.);
#4066=ORIENTED_EDGE('',*,*,#5722,.F.);
#4067=ORIENTED_EDGE('',*,*,#5692,.T.);
#4068=CARTESIAN_POINT('',(-7.83,-3.5,-3.25));
#4069=DIRECTION('',(0.0,-1.0,0.0));
#4070=DIRECTION('',(0.0,0.0,-1.0));
#4071=ORIENTED_EDGE('',*,*,#5693,.T.);
#4072=ORIENTED_EDGE('',*,*,#5722,.T.);
#4073=ORIENTED_EDGE('',*,*,#5707,.F.);
#4074=ORIENTED_EDGE('',*,*,#5178,.F.);
#4075=CARTESIAN_POINT('',(-7.83,3.7,-3.25));
#4076=DIRECTION('',(0.0,0.0,-1.0));
#4077=DIRECTION('',(0.0,-1.0,0.0));
#4078=ORIENTED_EDGE('',*,*,#5714,.F.);
#4079=ORIENTED_EDGE('',*,*,#5723,.F.);
#4080=ORIENTED_EDGE('',*,*,#5694,.T.);
#4081=ORIENTED_EDGE('',*,*,#5169,.T.);
#4082=CARTESIAN_POINT('',(-7.83,-3.5,2.85));
#4083=DIRECTION('',(0.0,0.0,1.0));
#4084=DIRECTION('',(1.0,0.0,0.0));
#4085=ORIENTED_EDGE('',*,*,#5723,.T.);
#4086=ORIENTED_EDGE('',*,*,#5713,.F.);
#4087=ORIENTED_EDGE('',*,*,#5724,.F.);
#4088=ORIENTED_EDGE('',*,*,#5695,.T.);
#4089=CARTESIAN_POINT('',(-7.83,-3.5,2.7));
#4090=DIRECTION('',(0.0,-1.0,0.0));
#4091=DIRECTION('',(0.0,0.0,-1.0));
#4092=ORIENTED_EDGE('',*,*,#5724,.T.);
#4093=ORIENTED_EDGE('',*,*,#5712,.F.);
#4094=ORIENTED_EDGE('',*,*,#5725,.F.);
#4095=ORIENTED_EDGE('',*,*,#5696,.T.);
#4096=CARTESIAN_POINT('',(-7.83,-2.23,2.25));
#4097=DIRECTION('',(0.0,-0.333984527886008,-0.942578556478324));
#4098=DIRECTION('',(0.0,-0.942578556478324,0.333984527886008));
#4099=ORIENTED_EDGE('',*,*,#5697,.T.);
#4100=ORIENTED_EDGE('',*,*,#5725,.T.);
#4101=ORIENTED_EDGE('',*,*,#5711,.F.);
#4102=ORIENTED_EDGE('',*,*,#5167,.F.);
#4103=CARTESIAN_POINT('',(-7.83,3.7,2.25));
#4104=DIRECTION('',(0.0,0.0,-1.0));
#4105=DIRECTION('',(0.0,-1.0,0.0));
#4106=ORIENTED_EDGE('',*,*,#5383,.T.);
#4107=ORIENTED_EDGE('',*,*,#5310,.F.);
#4108=ORIENTED_EDGE('',*,*,#5353,.F.);
#4109=ORIENTED_EDGE('',*,*,#5016,.T.);
#4110=CARTESIAN_POINT('',(1.8,12.8,0.3));
#4111=DIRECTION('',(0.0,0.0,-1.0));
#4112=DIRECTION('',(0.0,-1.0,0.0));
#4113=ORIENTED_EDGE('',*,*,#5726,.F.);
#4114=ORIENTED_EDGE('',*,*,#5727,.F.);
#4115=ORIENTED_EDGE('',*,*,#5728,.F.);
#4116=ORIENTED_EDGE('',*,*,#5729,.F.);
#4117=ORIENTED_EDGE('',*,*,#5347,.T.);
#4118=CARTESIAN_POINT('',(0.57,0.0,0.5));
#4119=DIRECTION('',(-1.0,0.0,0.0));
#4120=DIRECTION('',(0.0,0.0,1.0));
#4121=ORIENTED_EDGE('',*,*,#5730,.F.);
#4122=ORIENTED_EDGE('',*,*,#5731,.F.);
#4123=ORIENTED_EDGE('',*,*,#5732,.F.);
#4124=ORIENTED_EDGE('',*,*,#5733,.F.);
#4125=ORIENTED_EDGE('',*,*,#5315,.T.);
#4126=CARTESIAN_POINT('',(0.57,0.0,0.5));
#4127=DIRECTION('',(-1.0,0.0,0.0));
#4128=DIRECTION('',(0.0,0.0,1.0));
#4129=ORIENTED_EDGE('',*,*,#5734,.F.);
#4130=ORIENTED_EDGE('',*,*,#5735,.F.);
#4131=ORIENTED_EDGE('',*,*,#5736,.F.);
#4132=ORIENTED_EDGE('',*,*,#5737,.F.);
#4133=ORIENTED_EDGE('',*,*,#5377,.T.);
#4134=CARTESIAN_POINT('',(0.57,0.0,0.5));
#4135=DIRECTION('',(-1.0,0.0,0.0));
#4136=DIRECTION('',(0.0,0.0,1.0));
#4137=ORIENTED_EDGE('',*,*,#5738,.F.);
#4138=ORIENTED_EDGE('',*,*,#5739,.F.);
#4139=ORIENTED_EDGE('',*,*,#5740,.F.);
#4140=ORIENTED_EDGE('',*,*,#5741,.F.);
#4141=ORIENTED_EDGE('',*,*,#5366,.T.);
#4142=CARTESIAN_POINT('',(0.57,0.0,0.5));
#4143=DIRECTION('',(-1.0,0.0,0.0));
#4144=DIRECTION('',(0.0,0.0,1.0));
#4145=ORIENTED_EDGE('',*,*,#5729,.T.);
#4146=ORIENTED_EDGE('',*,*,#5742,.T.);
#4147=ORIENTED_EDGE('',*,*,#5743,.F.);
#4148=ORIENTED_EDGE('',*,*,#5344,.F.);
#4149=CARTESIAN_POINT('',(0.57,3.7,-1.71));
#4150=DIRECTION('',(0.0,0.0,1.0));
#4151=DIRECTION('',(1.0,0.0,0.0));
#4152=ORIENTED_EDGE('',*,*,#5743,.T.);
#4153=ORIENTED_EDGE('',*,*,#5744,.T.);
#4154=ORIENTED_EDGE('',*,*,#5745,.T.);
#4155=ORIENTED_EDGE('',*,*,#5746,.T.);
#4156=ORIENTED_EDGE('',*,*,#5345,.T.);
#4157=CARTESIAN_POINT('',(-0.57,0.0,0.5));
#4158=DIRECTION('',(-1.0,0.0,0.0));
#4159=DIRECTION('',(0.0,0.0,1.0));
#4160=ORIENTED_EDGE('',*,*,#5747,.T.);
#4161=ORIENTED_EDGE('',*,*,#5748,.T.);
#4162=ORIENTED_EDGE('',*,*,#5749,.T.);
#4163=ORIENTED_EDGE('',*,*,#5750,.T.);
#4164=ORIENTED_EDGE('',*,*,#5313,.T.);
#4165=CARTESIAN_POINT('',(-0.57,0.0,0.5));
#4166=DIRECTION('',(-1.0,0.0,0.0));
#4167=DIRECTION('',(0.0,0.0,1.0));
#4168=ORIENTED_EDGE('',*,*,#5751,.T.);
#4169=ORIENTED_EDGE('',*,*,#5752,.T.);
#4170=ORIENTED_EDGE('',*,*,#5753,.T.);
#4171=ORIENTED_EDGE('',*,*,#5754,.T.);
#4172=ORIENTED_EDGE('',*,*,#5375,.F.);
#4173=CARTESIAN_POINT('',(-0.57,0.0,0.5));
#4174=DIRECTION('',(-1.0,0.0,0.0));
#4175=DIRECTION('',(0.0,0.0,1.0));
#4176=ORIENTED_EDGE('',*,*,#5755,.T.);
#4177=ORIENTED_EDGE('',*,*,#5756,.T.);
#4178=ORIENTED_EDGE('',*,*,#5757,.T.);
#4179=ORIENTED_EDGE('',*,*,#5758,.T.);
#4180=ORIENTED_EDGE('',*,*,#5364,.F.);
#4181=CARTESIAN_POINT('',(-0.57,0.0,0.5));
#4182=DIRECTION('',(-1.0,0.0,0.0));
#4183=DIRECTION('',(0.0,0.0,1.0));
#4184=ORIENTED_EDGE('',*,*,#5746,.F.);
#4185=ORIENTED_EDGE('',*,*,#5759,.F.);
#4186=ORIENTED_EDGE('',*,*,#5726,.T.);
#4187=ORIENTED_EDGE('',*,*,#5346,.T.);
#4188=CARTESIAN_POINT('',(0.57,4.3,-2.85));
#4189=DIRECTION('',(0.0,0.554700196225229,-0.832050294337844));
#4190=DIRECTION('',(-1.0,0.0,0.0));
#4191=ORIENTED_EDGE('',*,*,#5759,.T.);
#4192=ORIENTED_EDGE('',*,*,#5745,.F.);
#4193=ORIENTED_EDGE('',*,*,#5760,.F.);
#4194=ORIENTED_EDGE('',*,*,#5727,.T.);
#4195=CARTESIAN_POINT('',(0.57,9.2,-2.85));
#4196=DIRECTION('',(0.0,0.0,-1.0));
#4197=DIRECTION('',(0.0,-1.0,0.0));
#4198=ORIENTED_EDGE('',*,*,#5760,.T.);
#4199=ORIENTED_EDGE('',*,*,#5744,.F.);
#4200=ORIENTED_EDGE('',*,*,#5742,.F.);
#4201=ORIENTED_EDGE('',*,*,#5728,.T.);
#4202=CARTESIAN_POINT('',(0.57,9.2,-1.71));
#4203=DIRECTION('',(-0.0,1.0,0.0));
#4204=DIRECTION('',(1.0,0.0,0.0));
#4205=ORIENTED_EDGE('',*,*,#5750,.F.);
#4206=ORIENTED_EDGE('',*,*,#5761,.F.);
#4207=ORIENTED_EDGE('',*,*,#5730,.T.);
#4208=ORIENTED_EDGE('',*,*,#5314,.T.);
#4209=CARTESIAN_POINT('',(0.57,9.2,1.31));
#4210=DIRECTION('',(0.0,0.0,-1.0));
#4211=DIRECTION('',(0.0,-1.0,0.0));
#4212=ORIENTED_EDGE('',*,*,#5761,.T.);
#4213=ORIENTED_EDGE('',*,*,#5749,.F.);
#4214=ORIENTED_EDGE('',*,*,#5762,.F.);
#4215=ORIENTED_EDGE('',*,*,#5731,.T.);
#4216=CARTESIAN_POINT('',(0.57,9.2,2.45));
#4217=DIRECTION('',(-0.0,1.0,0.0));
#4218=DIRECTION('',(1.0,0.0,0.0));
#4219=ORIENTED_EDGE('',*,*,#5762,.T.);
#4220=ORIENTED_EDGE('',*,*,#5748,.F.);
#4221=ORIENTED_EDGE('',*,*,#5763,.F.);
#4222=ORIENTED_EDGE('',*,*,#5732,.T.);
#4223=CARTESIAN_POINT('',(0.57,4.3,2.45));
#4224=DIRECTION('',(0.0,0.0,1.0));
#4225=DIRECTION('',(1.0,0.0,0.0));
#4226=ORIENTED_EDGE('',*,*,#5733,.T.);
#4227=ORIENTED_EDGE('',*,*,#5763,.T.);
#4228=ORIENTED_EDGE('',*,*,#5747,.F.);
#4229=ORIENTED_EDGE('',*,*,#5312,.F.);
#4230=CARTESIAN_POINT('',(0.57,3.7,2.85));
#4231=DIRECTION('',(0.0,0.554700196225229,0.832050294337844));
#4232=DIRECTION('',(1.0,-0.0,0.0));
#4233=ORIENTED_EDGE('',*,*,#5754,.F.);
#4234=ORIENTED_EDGE('',*,*,#5764,.F.);
#4235=ORIENTED_EDGE('',*,*,#5734,.T.);
#4236=ORIENTED_EDGE('',*,*,#5376,.T.);
#4237=CARTESIAN_POINT('',(0.57,-2.23,-2.65));
#4238=DIRECTION('',(0.0,0.0,1.0));
#4239=DIRECTION('',(1.0,0.0,0.0));
#4240=ORIENTED_EDGE('',*,*,#5764,.T.);
#4241=ORIENTED_EDGE('',*,*,#5753,.F.);
#4242=ORIENTED_EDGE('',*,*,#5765,.F.);
#4243=ORIENTED_EDGE('',*,*,#5735,.T.);
#4244=CARTESIAN_POINT('',(0.57,-3.5,-3.1));
#4245=DIRECTION('',(0.0,-0.333984527886008,0.942578556478324));
#4246=DIRECTION('',(-1.0,0.0,0.0));
#4247=ORIENTED_EDGE('',*,*,#5765,.T.);
#4248=ORIENTED_EDGE('',*,*,#5752,.F.);
#4249=ORIENTED_EDGE('',*,*,#5766,.F.);
#4250=ORIENTED_EDGE('',*,*,#5736,.T.);
#4251=CARTESIAN_POINT('',(0.57,-3.5,-3.25));
#4252=DIRECTION('',(0.0,-1.0,0.0));
#4253=DIRECTION('',(0.0,0.0,-1.0));
#4254=ORIENTED_EDGE('',*,*,#5737,.T.);
#4255=ORIENTED_EDGE('',*,*,#5766,.T.);
#4256=ORIENTED_EDGE('',*,*,#5751,.F.);
#4257=ORIENTED_EDGE('',*,*,#5374,.F.);
#4258=CARTESIAN_POINT('',(0.57,3.7,-3.25));
#4259=DIRECTION('',(0.0,0.0,-1.0));
#4260=DIRECTION('',(0.0,-1.0,0.0));
#4261=ORIENTED_EDGE('',*,*,#5758,.F.);
#4262=ORIENTED_EDGE('',*,*,#5767,.F.);
#4263=ORIENTED_EDGE('',*,*,#5738,.T.);
#4264=ORIENTED_EDGE('',*,*,#5365,.T.);
#4265=CARTESIAN_POINT('',(0.57,-3.5,2.85));
#4266=DIRECTION('',(0.0,0.0,1.0));
#4267=DIRECTION('',(1.0,0.0,0.0));
#4268=ORIENTED_EDGE('',*,*,#5767,.T.);
#4269=ORIENTED_EDGE('',*,*,#5757,.F.);
#4270=ORIENTED_EDGE('',*,*,#5768,.F.);
#4271=ORIENTED_EDGE('',*,*,#5739,.T.);
#4272=CARTESIAN_POINT('',(0.57,-3.5,2.7));
#4273=DIRECTION('',(0.0,-1.0,0.0));
#4274=DIRECTION('',(0.0,0.0,-1.0));
#4275=ORIENTED_EDGE('',*,*,#5768,.T.);
#4276=ORIENTED_EDGE('',*,*,#5756,.F.);
#4277=ORIENTED_EDGE('',*,*,#5769,.F.);
#4278=ORIENTED_EDGE('',*,*,#5740,.T.);
#4279=CARTESIAN_POINT('',(0.57,-2.23,2.25));
#4280=DIRECTION('',(0.0,-0.333984527886008,-0.942578556478324));
#4281=DIRECTION('',(0.0,-0.942578556478324,0.333984527886008));
#4282=ORIENTED_EDGE('',*,*,#5741,.T.);
#4283=ORIENTED_EDGE('',*,*,#5769,.T.);
#4284=ORIENTED_EDGE('',*,*,#5755,.F.);
#4285=ORIENTED_EDGE('',*,*,#5363,.F.);
#4286=CARTESIAN_POINT('',(0.57,3.7,2.25));
#4287=DIRECTION('',(0.0,0.0,-1.0));
#4288=DIRECTION('',(0.0,-1.0,0.0));
#4289=ORIENTED_EDGE('',*,*,#5348,.T.);
#4290=ORIENTED_EDGE('',*,*,#5298,.F.);
#4291=ORIENTED_EDGE('',*,*,#5291,.F.);
#4292=ORIENTED_EDGE('',*,*,#5026,.T.);
#4293=CARTESIAN_POINT('',(6.0,12.8,0.3));
#4294=DIRECTION('',(0.0,0.0,-1.0));
#4295=DIRECTION('',(0.0,-1.0,0.0));
#4296=ORIENTED_EDGE('',*,*,#5770,.T.);
#4297=ORIENTED_EDGE('',*,*,#5265,.F.);
#4298=ORIENTED_EDGE('',*,*,#5286,.F.);
#4299=ORIENTED_EDGE('',*,*,#5002,.T.);
#4300=CARTESIAN_POINT('',(6.6,12.8,3.9));
#4301=DIRECTION('',(0.0,0.0,1.0));
#4302=DIRECTION('',(1.0,0.0,0.0));
#4303=ORIENTED_EDGE('',*,*,#5771,.T.);
#4304=ORIENTED_EDGE('',*,*,#5266,.F.);
#4305=ORIENTED_EDGE('',*,*,#5770,.F.);
#4306=ORIENTED_EDGE('',*,*,#5005,.T.);
#4307=CARTESIAN_POINT('',(10.2,12.8,3.9));
#4308=DIRECTION('',(1.0,0.0,0.0));
#4309=DIRECTION('',(0.0,1.0,0.0));
#4310=ORIENTED_EDGE('',*,*,#5285,.T.);
#4311=ORIENTED_EDGE('',*,*,#5267,.F.);
#4312=ORIENTED_EDGE('',*,*,#5771,.F.);
#4313=ORIENTED_EDGE('',*,*,#5004,.T.);
#4314=CARTESIAN_POINT('',(10.2,12.8,0.3));
#4315=DIRECTION('',(0.0,0.0,-1.0));
#4316=DIRECTION('',(0.0,-1.0,0.0));
#4317=ORIENTED_EDGE('',*,*,#5772,.F.);
#4318=ORIENTED_EDGE('',*,*,#5773,.F.);
#4319=ORIENTED_EDGE('',*,*,#5774,.F.);
#4320=ORIENTED_EDGE('',*,*,#5775,.F.);
#4321=ORIENTED_EDGE('',*,*,#5284,.F.);
#4322=CARTESIAN_POINT('',(8.97,0.0,0.5));
#4323=DIRECTION('',(-1.0,0.0,0.0));
#4324=DIRECTION('',(0.0,0.0,1.0));
#4325=ORIENTED_EDGE('',*,*,#5776,.F.);
#4326=ORIENTED_EDGE('',*,*,#5777,.F.);
#4327=ORIENTED_EDGE('',*,*,#5778,.F.);
#4328=ORIENTED_EDGE('',*,*,#5779,.F.);
#4329=ORIENTED_EDGE('',*,*,#5272,.F.);
#4330=CARTESIAN_POINT('',(8.97,0.0,0.5));
#4331=DIRECTION('',(-1.0,0.0,0.0));
#4332=DIRECTION('',(0.0,0.0,1.0));
#4333=ORIENTED_EDGE('',*,*,#5251,.T.);
#4334=ORIENTED_EDGE('',*,*,#5780,.F.);
#4335=ORIENTED_EDGE('',*,*,#5781,.F.);
#4336=ORIENTED_EDGE('',*,*,#5782,.F.);
#4337=ORIENTED_EDGE('',*,*,#5783,.F.);
#4338=CARTESIAN_POINT('',(8.97,0.0,0.5));
#4339=DIRECTION('',(-1.0,0.0,0.0));
#4340=DIRECTION('',(0.0,0.0,1.0));
#4341=ORIENTED_EDGE('',*,*,#5784,.F.);
#4342=ORIENTED_EDGE('',*,*,#5785,.F.);
#4343=ORIENTED_EDGE('',*,*,#5786,.F.);
#4344=ORIENTED_EDGE('',*,*,#5787,.F.);
#4345=ORIENTED_EDGE('',*,*,#5262,.T.);
#4346=CARTESIAN_POINT('',(8.97,0.0,0.5));
#4347=DIRECTION('',(-1.0,0.0,0.0));
#4348=DIRECTION('',(0.0,0.0,1.0));
#4349=ORIENTED_EDGE('',*,*,#5775,.T.);
#4350=ORIENTED_EDGE('',*,*,#5788,.T.);
#4351=ORIENTED_EDGE('',*,*,#5789,.F.);
#4352=ORIENTED_EDGE('',*,*,#5281,.F.);
#4353=CARTESIAN_POINT('',(8.97,3.7,-1.71));
#4354=DIRECTION('',(0.0,0.0,1.0));
#4355=DIRECTION('',(1.0,0.0,0.0));
#4356=ORIENTED_EDGE('',*,*,#5789,.T.);
#4357=ORIENTED_EDGE('',*,*,#5790,.T.);
#4358=ORIENTED_EDGE('',*,*,#5791,.T.);
#4359=ORIENTED_EDGE('',*,*,#5792,.T.);
#4360=ORIENTED_EDGE('',*,*,#5282,.T.);
#4361=CARTESIAN_POINT('',(7.83,0.0,0.5));
#4362=DIRECTION('',(-1.0,0.0,0.0));
#4363=DIRECTION('',(0.0,0.0,1.0));
#4364=ORIENTED_EDGE('',*,*,#5793,.T.);
#4365=ORIENTED_EDGE('',*,*,#5794,.T.);
#4366=ORIENTED_EDGE('',*,*,#5795,.T.);
#4367=ORIENTED_EDGE('',*,*,#5796,.T.);
#4368=ORIENTED_EDGE('',*,*,#5270,.T.);
#4369=CARTESIAN_POINT('',(7.83,0.0,0.5));
#4370=DIRECTION('',(-1.0,0.0,0.0));
#4371=DIRECTION('',(0.0,0.0,1.0));
#4372=ORIENTED_EDGE('',*,*,#5797,.T.);
#4373=ORIENTED_EDGE('',*,*,#5798,.T.);
#4374=ORIENTED_EDGE('',*,*,#5799,.T.);
#4375=ORIENTED_EDGE('',*,*,#5249,.F.);
#4376=ORIENTED_EDGE('',*,*,#5800,.T.);
#4377=CARTESIAN_POINT('',(7.83,0.0,0.5));
#4378=DIRECTION('',(-1.0,0.0,0.0));
#4379=DIRECTION('',(0.0,0.0,1.0));
#4380=ORIENTED_EDGE('',*,*,#5801,.T.);
#4381=ORIENTED_EDGE('',*,*,#5802,.T.);
#4382=ORIENTED_EDGE('',*,*,#5803,.T.);
#4383=ORIENTED_EDGE('',*,*,#5804,.T.);
#4384=ORIENTED_EDGE('',*,*,#5260,.F.);
#4385=CARTESIAN_POINT('',(7.83,0.0,0.5));
#4386=DIRECTION('',(-1.0,0.0,0.0));
#4387=DIRECTION('',(0.0,0.0,1.0));
#4388=ORIENTED_EDGE('',*,*,#5792,.F.);
#4389=ORIENTED_EDGE('',*,*,#5805,.F.);
#4390=ORIENTED_EDGE('',*,*,#5772,.T.);
#4391=ORIENTED_EDGE('',*,*,#5283,.T.);
#4392=CARTESIAN_POINT('',(8.97,4.3,-2.85));
#4393=DIRECTION('',(0.0,0.554700196225229,-0.832050294337844));
#4394=DIRECTION('',(-1.0,0.0,0.0));
#4395=ORIENTED_EDGE('',*,*,#5805,.T.);
#4396=ORIENTED_EDGE('',*,*,#5791,.F.);
#4397=ORIENTED_EDGE('',*,*,#5806,.F.);
#4398=ORIENTED_EDGE('',*,*,#5773,.T.);
#4399=CARTESIAN_POINT('',(8.97,9.2,-2.85));
#4400=DIRECTION('',(0.0,0.0,-1.0));
#4401=DIRECTION('',(0.0,-1.0,0.0));
#4402=ORIENTED_EDGE('',*,*,#5806,.T.);
#4403=ORIENTED_EDGE('',*,*,#5790,.F.);
#4404=ORIENTED_EDGE('',*,*,#5788,.F.);
#4405=ORIENTED_EDGE('',*,*,#5774,.T.);
#4406=CARTESIAN_POINT('',(8.97,9.2,-1.71));
#4407=DIRECTION('',(-0.0,1.0,0.0));
#4408=DIRECTION('',(1.0,0.0,0.0));
#4409=ORIENTED_EDGE('',*,*,#5796,.F.);
#4410=ORIENTED_EDGE('',*,*,#5807,.F.);
#4411=ORIENTED_EDGE('',*,*,#5776,.T.);
#4412=ORIENTED_EDGE('',*,*,#5271,.T.);
#4413=CARTESIAN_POINT('',(8.97,9.2,1.31));
#4414=DIRECTION('',(0.0,0.0,-1.0));
#4415=DIRECTION('',(0.0,-1.0,0.0));
#4416=ORIENTED_EDGE('',*,*,#5807,.T.);
#4417=ORIENTED_EDGE('',*,*,#5795,.F.);
#4418=ORIENTED_EDGE('',*,*,#5808,.F.);
#4419=ORIENTED_EDGE('',*,*,#5777,.T.);
#4420=CARTESIAN_POINT('',(8.97,9.2,2.45));
#4421=DIRECTION('',(-0.0,1.0,0.0));
#4422=DIRECTION('',(1.0,0.0,0.0));
#4423=ORIENTED_EDGE('',*,*,#5808,.T.);
#4424=ORIENTED_EDGE('',*,*,#5794,.F.);
#4425=ORIENTED_EDGE('',*,*,#5809,.F.);
#4426=ORIENTED_EDGE('',*,*,#5778,.T.);
#4427=CARTESIAN_POINT('',(8.97,4.3,2.45));
#4428=DIRECTION('',(0.0,0.0,1.0));
#4429=DIRECTION('',(1.0,0.0,0.0));
#4430=ORIENTED_EDGE('',*,*,#5779,.T.);
#4431=ORIENTED_EDGE('',*,*,#5809,.T.);
#4432=ORIENTED_EDGE('',*,*,#5793,.F.);
#4433=ORIENTED_EDGE('',*,*,#5269,.F.);
#4434=CARTESIAN_POINT('',(8.97,3.7,2.85));
#4435=DIRECTION('',(0.0,0.554700196225229,0.832050294337844));
#4436=DIRECTION('',(1.0,-0.0,0.0));
#4437=ORIENTED_EDGE('',*,*,#5810,.T.);
#4438=ORIENTED_EDGE('',*,*,#5800,.F.);
#4439=ORIENTED_EDGE('',*,*,#5248,.F.);
#4440=ORIENTED_EDGE('',*,*,#5783,.T.);
#4441=CARTESIAN_POINT('',(8.97,3.7,2.25));
#4442=DIRECTION('',(0.0,0.0,-1.0));
#4443=DIRECTION('',(0.0,-1.0,0.0));
#4444=ORIENTED_EDGE('',*,*,#5811,.T.);
#4445=ORIENTED_EDGE('',*,*,#5797,.F.);
#4446=ORIENTED_EDGE('',*,*,#5810,.F.);
#4447=ORIENTED_EDGE('',*,*,#5782,.T.);
#4448=CARTESIAN_POINT('',(8.97,-2.23,2.25));
#4449=DIRECTION('',(0.0,-0.333984527886008,-0.942578556478324));
#4450=DIRECTION('',(0.0,-0.942578556478324,0.333984527886008));
#4451=ORIENTED_EDGE('',*,*,#5812,.T.);
#4452=ORIENTED_EDGE('',*,*,#5798,.F.);
#4453=ORIENTED_EDGE('',*,*,#5811,.F.);
#4454=ORIENTED_EDGE('',*,*,#5781,.T.);
#4455=CARTESIAN_POINT('',(8.97,-3.5,2.7));
#4456=DIRECTION('',(0.0,-1.0,0.0));
#4457=DIRECTION('',(0.0,0.0,-1.0));
#4458=ORIENTED_EDGE('',*,*,#5250,.T.);
#4459=ORIENTED_EDGE('',*,*,#5799,.F.);
#4460=ORIENTED_EDGE('',*,*,#5812,.F.);
#4461=ORIENTED_EDGE('',*,*,#5780,.T.);
#4462=CARTESIAN_POINT('',(8.97,-3.5,2.85));
#4463=DIRECTION('',(0.0,0.0,1.0));
#4464=DIRECTION('',(1.0,0.0,0.0));
#4465=ORIENTED_EDGE('',*,*,#5804,.F.);
#4466=ORIENTED_EDGE('',*,*,#5813,.F.);
#4467=ORIENTED_EDGE('',*,*,#5784,.T.);
#4468=ORIENTED_EDGE('',*,*,#5261,.T.);
#4469=CARTESIAN_POINT('',(8.97,-2.23,-2.65));
#4470=DIRECTION('',(0.0,0.0,1.0));
#4471=DIRECTION('',(1.0,0.0,0.0));
#4472=ORIENTED_EDGE('',*,*,#5813,.T.);
#4473=ORIENTED_EDGE('',*,*,#5803,.F.);
#4474=ORIENTED_EDGE('',*,*,#5814,.F.);
#4475=ORIENTED_EDGE('',*,*,#5785,.T.);
#4476=CARTESIAN_POINT('',(8.97,-3.5,-3.1));
#4477=DIRECTION('',(0.0,-0.333984527886008,0.942578556478324));
#4478=DIRECTION('',(-1.0,0.0,0.0));
#4479=ORIENTED_EDGE('',*,*,#5814,.T.);
#4480=ORIENTED_EDGE('',*,*,#5802,.F.);
#4481=ORIENTED_EDGE('',*,*,#5815,.F.);
#4482=ORIENTED_EDGE('',*,*,#5786,.T.);
#4483=CARTESIAN_POINT('',(8.97,-3.5,-3.25));
#4484=DIRECTION('',(0.0,-1.0,0.0));
#4485=DIRECTION('',(0.0,0.0,-1.0));
#4486=ORIENTED_EDGE('',*,*,#5787,.T.);
#4487=ORIENTED_EDGE('',*,*,#5815,.T.);
#4488=ORIENTED_EDGE('',*,*,#5801,.F.);
#4489=ORIENTED_EDGE('',*,*,#5259,.F.);
#4490=CARTESIAN_POINT('',(8.97,3.7,-3.25));
#4491=DIRECTION('',(0.0,0.0,-1.0));
#4492=DIRECTION('',(0.0,-1.0,0.0));
#4493=ORIENTED_EDGE('',*,*,#5231,.T.);
#4494=ORIENTED_EDGE('',*,*,#5162,.F.);
#4495=ORIENTED_EDGE('',*,*,#5221,.T.);
#4496=ORIENTED_EDGE('',*,*,#5114,.F.);
#4497=CARTESIAN_POINT('',(-7.4,0.0,3.8));
#4498=DIRECTION('',(1.0,0.0,0.0));
#4499=DIRECTION('',(0.0,1.0,0.0));
#4500=ORIENTED_EDGE('',*,*,#5816,.T.);
#4501=ORIENTED_EDGE('',*,*,#5817,.T.);
#4502=ORIENTED_EDGE('',*,*,#5052,.T.);
#4503=ORIENTED_EDGE('',*,*,#5059,.T.);
#4504=CARTESIAN_POINT('',(1.7,0.0,0.0));
#4505=DIRECTION('',(1.0,0.0,0.0));
#4506=DIRECTION('',(0.0,1.0,0.0));
#4507=ORIENTED_EDGE('',*,*,#5053,.T.);
#4508=ORIENTED_EDGE('',*,*,#5817,.F.);
#4509=ORIENTED_EDGE('',*,*,#5818,.F.);
#4510=ORIENTED_EDGE('',*,*,#5055,.T.);
#4511=CARTESIAN_POINT('',(-1.7,9.75,-6.2));
#4512=DIRECTION('',(0.0,0.0,-1.0));
#4513=DIRECTION('',(0.0,-1.0,0.0));
#4514=ORIENTED_EDGE('',*,*,#5056,.T.);
#4515=ORIENTED_EDGE('',*,*,#5818,.T.);
#4516=ORIENTED_EDGE('',*,*,#5816,.F.);
#4517=ORIENTED_EDGE('',*,*,#5058,.F.);
#4518=CARTESIAN_POINT('',(-1.7,9.75,-4.8));
#4519=DIRECTION('',(0.0,-1.0,0.0));
#4520=DIRECTION('',(0.0,0.0,-1.0));
#4521=ORIENTED_EDGE('',*,*,#4952,.T.);
#4522=ORIENTED_EDGE('',*,*,#4998,.T.);
#4523=ORIENTED_EDGE('',*,*,#5819,.T.);
#4524=ORIENTED_EDGE('',*,*,#5820,.F.);
#4525=CARTESIAN_POINT('',(-11.1,12.8,-1.59));
#4526=DIRECTION('',(-0.707106781186548,0.0,0.707106781186548));
#4527=DIRECTION('',(0.0,1.0,0.0));
#4528=ORIENTED_EDGE('',*,*,#5821,.F.);
#4529=ORIENTED_EDGE('',*,*,#5822,.F.);
#4530=ORIENTED_EDGE('',*,*,#4986,.T.);
#4531=ORIENTED_EDGE('',*,*,#5823,.F.);
#4532=ORIENTED_EDGE('',*,*,#5824,.F.);
#4533=ORIENTED_EDGE('',*,*,#5825,.F.);
#4534=CARTESIAN_POINT('',(-11.1,4.8,-4.8));
#4535=DIRECTION('',(0.0,-1.0,0.0));
#4536=DIRECTION('',(0.0,0.0,-1.0));
#4537=ORIENTED_EDGE('',*,*,#5826,.F.);
#4538=ORIENTED_EDGE('',*,*,#4953,.F.);
#4539=ORIENTED_EDGE('',*,*,#5820,.T.);
#4540=ORIENTED_EDGE('',*,*,#5827,.T.);
#4541=ORIENTED_EDGE('',*,*,#5828,.T.);
#4542=ORIENTED_EDGE('',*,*,#4957,.F.);
#4543=ORIENTED_EDGE('',*,*,#5829,.F.);
#4544=ORIENTED_EDGE('',*,*,#5830,.F.);
#4545=ORIENTED_EDGE('',*,*,#5831,.T.);
#4546=ORIENTED_EDGE('',*,*,#5832,.F.);
#4547=CARTESIAN_POINT('',(-11.1,4.8,-4.8));
#4548=DIRECTION('',(0.0,-1.0,0.0));
#4549=DIRECTION('',(0.0,0.0,-1.0));
#4550=ORIENTED_EDGE('',*,*,#5833,.T.);
#4551=ORIENTED_EDGE('',*,*,#5834,.F.);
#4552=ORIENTED_EDGE('',*,*,#5835,.T.);
#4553=ORIENTED_EDGE('',*,*,#5836,.F.);
#4554=ORIENTED_EDGE('',*,*,#5825,.T.);
#4555=ORIENTED_EDGE('',*,*,#5837,.T.);
#4556=ORIENTED_EDGE('',*,*,#5838,.T.);
#4557=ORIENTED_EDGE('',*,*,#5839,.T.);
#4558=CARTESIAN_POINT('',(14.488936325,4.8,5.9));
#4559=DIRECTION('',(-1.0,0.0,0.0));
#4560=DIRECTION('',(0.0,0.0,1.0));
#4561=ORIENTED_EDGE('',*,*,#5840,.T.);
#4562=ORIENTED_EDGE('',*,*,#5841,.T.);
#4563=ORIENTED_EDGE('',*,*,#5842,.T.);
#4564=ORIENTED_EDGE('',*,*,#5839,.F.);
#4565=ORIENTED_EDGE('',*,*,#5843,.T.);
#4566=ORIENTED_EDGE('',*,*,#5844,.T.);
#4567=CARTESIAN_POINT('',(11.1,-3.3,-1.89));
#4568=DIRECTION('',(0.0,0.0,1.0));
#4569=DIRECTION('',(1.0,0.0,0.0));
#4570=ORIENTED_EDGE('',*,*,#5845,.F.);
#4571=ORIENTED_EDGE('',*,*,#5846,.F.);
#4572=ORIENTED_EDGE('',*,*,#5847,.T.);
#4573=ORIENTED_EDGE('',*,*,#5844,.F.);
#4574=CARTESIAN_POINT('',(-11.1,-3.3,4.8));
#4575=DIRECTION('',(0.0,-1.0,0.0));
#4576=DIRECTION('',(0.0,0.0,-1.0));
#4577=ORIENTED_EDGE('',*,*,#5848,.T.);
#4578=ORIENTED_EDGE('',*,*,#5849,.F.);
#4579=ORIENTED_EDGE('',*,*,#5850,.F.);
#4580=ORIENTED_EDGE('',*,*,#5851,.T.);
#4581=CARTESIAN_POINT('',(-11.1,-3.3,4.8));
#4582=DIRECTION('',(0.0,-1.0,0.0));
#4583=DIRECTION('',(0.0,0.0,-1.0));
#4584=ORIENTED_EDGE('',*,*,#5852,.F.);
#4585=ORIENTED_EDGE('',*,*,#5853,.F.);
#4586=ORIENTED_EDGE('',*,*,#5854,.T.);
#4587=ORIENTED_EDGE('',*,*,#5855,.T.);
#4588=CARTESIAN_POINT('',(-11.1,-3.3,4.8));
#4589=DIRECTION('',(0.0,-1.0,0.0));
#4590=DIRECTION('',(0.0,0.0,-1.0));
#4591=ORIENTED_EDGE('',*,*,#5856,.T.);
#4592=ORIENTED_EDGE('',*,*,#5857,.F.);
#4593=ORIENTED_EDGE('',*,*,#5858,.F.);
#4594=ORIENTED_EDGE('',*,*,#5859,.F.);
#4595=CARTESIAN_POINT('',(-11.1,-3.3,4.8));
#4596=DIRECTION('',(0.0,-1.0,0.0));
#4597=DIRECTION('',(0.0,0.0,-1.0));
#4598=ORIENTED_EDGE('',*,*,#5847,.F.);
#4599=ORIENTED_EDGE('',*,*,#5860,.T.);
#4600=ORIENTED_EDGE('',*,*,#5861,.T.);
#4601=ORIENTED_EDGE('',*,*,#5862,.T.);
#4602=ORIENTED_EDGE('',*,*,#5863,.T.);
#4603=ORIENTED_EDGE('',*,*,#5840,.F.);
#4604=CARTESIAN_POINT('',(12.311063675,-3.3,5.9));
#4605=DIRECTION('',(0.924553242658331,0.381052885424013,0.0));
#4606=DIRECTION('',(0.0,0.0,-1.0));
#4607=ORIENTED_EDGE('',*,*,#5864,.T.);
#4608=ORIENTED_EDGE('',*,*,#5865,.T.);
#4609=ORIENTED_EDGE('',*,*,#5866,.T.);
#4610=ORIENTED_EDGE('',*,*,#5867,.T.);
#4611=ORIENTED_EDGE('',*,*,#5848,.F.);
#4612=ORIENTED_EDGE('',*,*,#5868,.T.);
#4613=CARTESIAN_POINT('',(12.311063675,-3.3,5.9));
#4614=DIRECTION('',(0.924553242658331,0.381052885424013,0.0));
#4615=DIRECTION('',(0.0,0.0,-1.0));
#4616=ORIENTED_EDGE('',*,*,#5863,.F.);
#4617=ORIENTED_EDGE('',*,*,#5869,.F.);
#4618=ORIENTED_EDGE('',*,*,#5870,.T.);
#4619=ORIENTED_EDGE('',*,*,#5871,.T.);
#4620=ORIENTED_EDGE('',*,*,#5864,.F.);
#4621=ORIENTED_EDGE('',*,*,#5872,.T.);
#4622=ORIENTED_EDGE('',*,*,#5873,.F.);
#4623=ORIENTED_EDGE('',*,*,#5841,.F.);
#4624=CARTESIAN_POINT('',(11.8,-2.06,5.9));
#4625=DIRECTION('',(1.0,0.0,0.0));
#4626=DIRECTION('',(0.0,1.0,0.0));
#4627=ORIENTED_EDGE('',*,*,#5842,.F.);
#4628=ORIENTED_EDGE('',*,*,#5873,.T.);
#4629=ORIENTED_EDGE('',*,*,#5874,.T.);
#4630=ORIENTED_EDGE('',*,*,#5833,.F.);
#4631=CARTESIAN_POINT('',(11.1,1.3,-2.49));
#4632=DIRECTION('',(1.0,-0.0,0.0));
#4633=DIRECTION('',(0.0,0.0,1.0));
#4634=ORIENTED_EDGE('',*,*,#5875,.F.);
#4635=ORIENTED_EDGE('',*,*,#5834,.T.);
#4636=ORIENTED_EDGE('',*,*,#5874,.F.);
#4637=ORIENTED_EDGE('',*,*,#5872,.F.);
#4638=ORIENTED_EDGE('',*,*,#5868,.F.);
#4639=ORIENTED_EDGE('',*,*,#5851,.F.);
#4640=CARTESIAN_POINT('',(11.1,1.3,-3.09));
#4641=DIRECTION('',(0.0,0.0,-1.0));
#4642=DIRECTION('',(0.0,-1.0,0.0));
#4643=ORIENTED_EDGE('',*,*,#5838,.F.);
#4644=ORIENTED_EDGE('',*,*,#5876,.F.);
#4645=ORIENTED_EDGE('',*,*,#5877,.T.);
#4646=ORIENTED_EDGE('',*,*,#5878,.T.);
#4647=ORIENTED_EDGE('',*,*,#5845,.T.);
#4648=ORIENTED_EDGE('',*,*,#5843,.F.);
#4649=CARTESIAN_POINT('',(14.488936325,-2.06,5.9));
#4650=DIRECTION('',(-0.900159251415503,0.435560928104302,0.0));
#4651=DIRECTION('',(0.0,0.0,1.0));
#4652=ORIENTED_EDGE('',*,*,#5850,.T.);
#4653=ORIENTED_EDGE('',*,*,#5879,.T.);
#4654=ORIENTED_EDGE('',*,*,#5880,.T.);
#4655=ORIENTED_EDGE('',*,*,#5881,.F.);
#4656=ORIENTED_EDGE('',*,*,#5835,.F.);
#4657=ORIENTED_EDGE('',*,*,#5875,.T.);
#4658=CARTESIAN_POINT('',(14.488936325,-2.06,5.9));
#4659=DIRECTION('',(-0.900159251415503,0.435560928104302,0.0));
#4660=DIRECTION('',(0.0,0.0,1.0));
#4661=ORIENTED_EDGE('',*,*,#5860,.F.);
#4662=ORIENTED_EDGE('',*,*,#5846,.T.);
#4663=ORIENTED_EDGE('',*,*,#5878,.F.);
#4664=ORIENTED_EDGE('',*,*,#5882,.T.);
#4665=CARTESIAN_POINT('',(13.1,-2.805,-2.49));
#4666=DIRECTION('',(-0.0,1.0,-0.0));
#4667=DIRECTION('',(1.0,0.0,0.0));
#4668=ORIENTED_EDGE('',*,*,#5877,.F.);
#4669=ORIENTED_EDGE('',*,*,#5883,.T.);
#4670=ORIENTED_EDGE('',*,*,#5861,.F.);
#4671=ORIENTED_EDGE('',*,*,#5882,.F.);
#4672=CARTESIAN_POINT('',(13.1,40.40231426545,-2.49));
#4673=DIRECTION('',(0.0,1.0,-0.0));
#4674=DIRECTION('',(-1.0,0.0,0.0));
#4675=ORIENTED_EDGE('',*,*,#5876,.T.);
#4676=ORIENTED_EDGE('',*,*,#5884,.T.);
#4677=ORIENTED_EDGE('',*,*,#5862,.F.);
#4678=ORIENTED_EDGE('',*,*,#5883,.F.);
#4679=CARTESIAN_POINT('',(13.1,-2.06,-2.49));
#4680=DIRECTION('',(0.0,-1.0,0.0));
#4681=DIRECTION('',(0.0,0.0,-1.0));
#4682=ORIENTED_EDGE('',*,*,#5865,.F.);
#4683=ORIENTED_EDGE('',*,*,#5885,.T.);
#4684=ORIENTED_EDGE('',*,*,#5881,.T.);
#4685=ORIENTED_EDGE('',*,*,#5886,.T.);
#4686=CARTESIAN_POINT('',(13.1,-2.06,-2.49));
#4687=DIRECTION('',(0.0,-1.0,0.0));
#4688=DIRECTION('',(0.0,0.0,-1.0));
#4689=ORIENTED_EDGE('',*,*,#5871,.F.);
#4690=ORIENTED_EDGE('',*,*,#5887,.F.);
#4691=ORIENTED_EDGE('',*,*,#5821,.T.);
#4692=ORIENTED_EDGE('',*,*,#5836,.T.);
#4693=ORIENTED_EDGE('',*,*,#5885,.F.);
#4694=CARTESIAN_POINT('',(13.1,4.8,-2.49));
#4695=DIRECTION('',(0.0,1.0,-0.0));
#4696=DIRECTION('',(1.0,0.0,0.0));
#4697=ORIENTED_EDGE('',*,*,#5837,.F.);
#4698=ORIENTED_EDGE('',*,*,#5824,.T.);
#4699=ORIENTED_EDGE('',*,*,#5888,.T.);
#4700=ORIENTED_EDGE('',*,*,#5869,.T.);
#4701=ORIENTED_EDGE('',*,*,#5884,.F.);
#4702=CARTESIAN_POINT('',(13.1,4.8,-2.49));
#4703=DIRECTION('',(0.0,1.0,-0.0));
#4704=DIRECTION('',(1.0,0.0,0.0));
#4705=ORIENTED_EDGE('',*,*,#4987,.F.);
#4706=ORIENTED_EDGE('',*,*,#5822,.T.);
#4707=ORIENTED_EDGE('',*,*,#5887,.T.);
#4708=ORIENTED_EDGE('',*,*,#5889,.T.);
#4709=CARTESIAN_POINT('',(11.48500517228,4.8,-3.625005172276));
#4710=DIRECTION('',(0.0,1.0,-0.0));
#4711=DIRECTION('',(1.0,0.0,0.0));
#4712=ORIENTED_EDGE('',*,*,#4988,.T.);
#4713=ORIENTED_EDGE('',*,*,#5889,.F.);
#4714=ORIENTED_EDGE('',*,*,#5870,.F.);
#4715=ORIENTED_EDGE('',*,*,#5890,.F.);
#4716=CARTESIAN_POINT('',(-11.1,2.7,4.8));
#4717=DIRECTION('',(0.0,-1.0,0.0));
#4718=DIRECTION('',(0.0,0.0,-1.0));
#4719=ORIENTED_EDGE('',*,*,#4955,.T.);
#4720=ORIENTED_EDGE('',*,*,#5891,.F.);
#4721=ORIENTED_EDGE('',*,*,#5892,.T.);
#4722=ORIENTED_EDGE('',*,*,#5893,.F.);
#4723=CARTESIAN_POINT('',(-11.1,2.7,4.8));
#4724=DIRECTION('',(0.0,-1.0,0.0));
#4725=DIRECTION('',(0.0,0.0,-1.0));
#4726=ORIENTED_EDGE('',*,*,#5888,.F.);
#4727=ORIENTED_EDGE('',*,*,#5823,.T.);
#4728=ORIENTED_EDGE('',*,*,#4989,.T.);
#4729=ORIENTED_EDGE('',*,*,#5890,.T.);
#4730=CARTESIAN_POINT('',(11.48500517228,4.8,-1.354994827724));
#4731=DIRECTION('',(0.0,1.0,-0.0));
#4732=DIRECTION('',(1.0,0.0,0.0));
#4733=ORIENTED_EDGE('',*,*,#5894,.F.);
#4734=ORIENTED_EDGE('',*,*,#5829,.T.);
#4735=ORIENTED_EDGE('',*,*,#4956,.T.);
#4736=ORIENTED_EDGE('',*,*,#5893,.T.);
#4737=CARTESIAN_POINT('',(-11.48500517228,4.8,-3.625005172276));
#4738=DIRECTION('',(0.0,1.0,-0.0));
#4739=DIRECTION('',(1.0,0.0,0.0));
#4740=ORIENTED_EDGE('',*,*,#5895,.T.);
#4741=ORIENTED_EDGE('',*,*,#5896,.F.);
#4742=ORIENTED_EDGE('',*,*,#5897,.F.);
#4743=ORIENTED_EDGE('',*,*,#5898,.F.);
#4744=ORIENTED_EDGE('',*,*,#5832,.T.);
#4745=CARTESIAN_POINT('',(-13.1,4.8,-2.49));
#4746=DIRECTION('',(0.0,1.0,-0.0));
#4747=DIRECTION('',(1.0,0.0,0.0));
#4748=ORIENTED_EDGE('',*,*,#5894,.T.);
#4749=ORIENTED_EDGE('',*,*,#5899,.T.);
#4750=ORIENTED_EDGE('',*,*,#5900,.F.);
#4751=ORIENTED_EDGE('',*,*,#5901,.F.);
#4752=ORIENTED_EDGE('',*,*,#5830,.T.);
#4753=CARTESIAN_POINT('',(-13.1,4.8,-2.49));
#4754=DIRECTION('',(0.0,1.0,-0.0));
#4755=DIRECTION('',(1.0,0.0,0.0));
#4756=ORIENTED_EDGE('',*,*,#4954,.F.);
#4757=ORIENTED_EDGE('',*,*,#5826,.T.);
#4758=ORIENTED_EDGE('',*,*,#5898,.T.);
#4759=ORIENTED_EDGE('',*,*,#5891,.T.);
#4760=CARTESIAN_POINT('',(-11.48500517228,4.8,-1.354994827724));
#4761=DIRECTION('',(0.0,1.0,-0.0));
#4762=DIRECTION('',(1.0,0.0,0.0));
#4763=ORIENTED_EDGE('',*,*,#5902,.F.);
#4764=ORIENTED_EDGE('',*,*,#5903,.T.);
#4765=ORIENTED_EDGE('',*,*,#5899,.F.);
#4766=ORIENTED_EDGE('',*,*,#5892,.F.);
#4767=ORIENTED_EDGE('',*,*,#5897,.T.);
#4768=ORIENTED_EDGE('',*,*,#5904,.T.);
#4769=ORIENTED_EDGE('',*,*,#5905,.T.);
#4770=ORIENTED_EDGE('',*,*,#5906,.F.);
#4771=CARTESIAN_POINT('',(-11.8,2.7,5.9));
#4772=DIRECTION('',(-1.0,0.0,0.0));
#4773=DIRECTION('',(0.0,0.0,1.0));
#4774=ORIENTED_EDGE('',*,*,#5906,.T.);
#4775=ORIENTED_EDGE('',*,*,#5907,.T.);
#4776=ORIENTED_EDGE('',*,*,#5908,.F.);
#4777=ORIENTED_EDGE('',*,*,#5909,.F.);
#4778=CARTESIAN_POINT('',(-11.1,1.3,-2.49));
#4779=DIRECTION('',(-1.0,0.0,-0.0));
#4780=DIRECTION('',(0.0,0.0,-1.0));
#4781=ORIENTED_EDGE('',*,*,#5910,.F.);
#4782=ORIENTED_EDGE('',*,*,#5902,.T.);
#4783=ORIENTED_EDGE('',*,*,#5909,.T.);
#4784=ORIENTED_EDGE('',*,*,#5911,.F.);
#4785=ORIENTED_EDGE('',*,*,#5912,.F.);
#4786=ORIENTED_EDGE('',*,*,#5859,.T.);
#4787=CARTESIAN_POINT('',(-11.1,-3.3,-3.09));
#4788=DIRECTION('',(0.0,0.0,-1.0));
#4789=DIRECTION('',(0.0,-1.0,0.0));
#4790=ORIENTED_EDGE('',*,*,#5854,.F.);
#4791=ORIENTED_EDGE('',*,*,#5913,.T.);
#4792=ORIENTED_EDGE('',*,*,#5914,.T.);
#4793=ORIENTED_EDGE('',*,*,#5915,.T.);
#4794=ORIENTED_EDGE('',*,*,#5916,.T.);
#4795=ORIENTED_EDGE('',*,*,#5917,.F.);
#4796=CARTESIAN_POINT('',(-13.888936325,-3.3,5.9));
#4797=DIRECTION('',(0.900159251415503,0.435560928104302,0.0));
#4798=DIRECTION('',(0.0,0.0,-1.0));
#4799=ORIENTED_EDGE('',*,*,#5918,.T.);
#4800=ORIENTED_EDGE('',*,*,#5919,.T.);
#4801=ORIENTED_EDGE('',*,*,#5920,.T.);
#4802=ORIENTED_EDGE('',*,*,#5921,.T.);
#4803=ORIENTED_EDGE('',*,*,#5856,.F.);
#4804=ORIENTED_EDGE('',*,*,#5912,.T.);
#4805=CARTESIAN_POINT('',(-13.888936325,-3.3,5.9));
#4806=DIRECTION('',(0.900159251415503,0.435560928104302,0.0));
#4807=DIRECTION('',(0.0,0.0,-1.0));
#4808=ORIENTED_EDGE('',*,*,#5917,.T.);
#4809=ORIENTED_EDGE('',*,*,#5922,.T.);
#4810=ORIENTED_EDGE('',*,*,#5907,.F.);
#4811=ORIENTED_EDGE('',*,*,#5905,.F.);
#4812=ORIENTED_EDGE('',*,*,#5923,.T.);
#4813=ORIENTED_EDGE('',*,*,#5855,.F.);
#4814=CARTESIAN_POINT('',(-11.1,1.3,-1.89));
#4815=DIRECTION('',(0.0,0.0,1.0));
#4816=DIRECTION('',(1.0,0.0,0.0));
#4817=ORIENTED_EDGE('',*,*,#5904,.F.);
#4818=ORIENTED_EDGE('',*,*,#5924,.F.);
#4819=ORIENTED_EDGE('',*,*,#5925,.T.);
#4820=ORIENTED_EDGE('',*,*,#5926,.T.);
#4821=ORIENTED_EDGE('',*,*,#5852,.T.);
#4822=ORIENTED_EDGE('',*,*,#5923,.F.);
#4823=CARTESIAN_POINT('',(-11.8,-2.06,5.9));
#4824=DIRECTION('',(-0.924553242658331,0.381052885424013,0.0));
#4825=DIRECTION('',(0.0,0.0,1.0));
#4826=ORIENTED_EDGE('',*,*,#5858,.T.);
#4827=ORIENTED_EDGE('',*,*,#5927,.T.);
#4828=ORIENTED_EDGE('',*,*,#5928,.T.);
#4829=ORIENTED_EDGE('',*,*,#5929,.F.);
#4830=ORIENTED_EDGE('',*,*,#5903,.F.);
#4831=ORIENTED_EDGE('',*,*,#5910,.T.);
#4832=CARTESIAN_POINT('',(-11.8,-2.06,5.9));
#4833=DIRECTION('',(-0.924553242658331,0.381052885424013,0.0));
#4834=DIRECTION('',(0.0,0.0,1.0));
#4835=ORIENTED_EDGE('',*,*,#5913,.F.);
#4836=ORIENTED_EDGE('',*,*,#5853,.T.);
#4837=ORIENTED_EDGE('',*,*,#5926,.F.);
#4838=ORIENTED_EDGE('',*,*,#5930,.T.);
#4839=CARTESIAN_POINT('',(-13.1,-2.805,-2.49));
#4840=DIRECTION('',(-0.0,1.0,-0.0));
#4841=DIRECTION('',(1.0,0.0,0.0));
#4842=ORIENTED_EDGE('',*,*,#5925,.F.);
#4843=ORIENTED_EDGE('',*,*,#5931,.T.);
#4844=ORIENTED_EDGE('',*,*,#5914,.F.);
#4845=ORIENTED_EDGE('',*,*,#5930,.F.);
#4846=CARTESIAN_POINT('',(-13.1,40.1534373097,-2.49));
#4847=DIRECTION('',(0.0,1.0,-0.0));
#4848=DIRECTION('',(-1.0,0.0,0.0));
#4849=ORIENTED_EDGE('',*,*,#5924,.T.);
#4850=ORIENTED_EDGE('',*,*,#5896,.T.);
#4851=ORIENTED_EDGE('',*,*,#5915,.F.);
#4852=ORIENTED_EDGE('',*,*,#5931,.F.);
#4853=CARTESIAN_POINT('',(-13.1,-2.06,-2.49));
#4854=DIRECTION('',(0.0,-1.0,0.0));
#4855=DIRECTION('',(0.0,0.0,-1.0));
#4856=ORIENTED_EDGE('',*,*,#5919,.F.);
#4857=ORIENTED_EDGE('',*,*,#5900,.T.);
#4858=ORIENTED_EDGE('',*,*,#5929,.T.);
#4859=ORIENTED_EDGE('',*,*,#5932,.T.);
#4860=CARTESIAN_POINT('',(-13.1,-2.06,-2.49));
#4861=DIRECTION('',(0.0,-1.0,0.0));
#4862=DIRECTION('',(0.0,0.0,-1.0));
#4863=ORIENTED_EDGE('',*,*,#5920,.F.);
#4864=ORIENTED_EDGE('',*,*,#5932,.F.);
#4865=ORIENTED_EDGE('',*,*,#5928,.F.);
#4866=ORIENTED_EDGE('',*,*,#5933,.T.);
#4867=CARTESIAN_POINT('',(-13.1,40.1534373097,-2.49));
#4868=DIRECTION('',(0.0,1.0,-0.0));
#4869=DIRECTION('',(-1.0,0.0,0.0));
#4870=ORIENTED_EDGE('',*,*,#5927,.F.);
#4871=ORIENTED_EDGE('',*,*,#5857,.T.);
#4872=ORIENTED_EDGE('',*,*,#5921,.F.);
#4873=ORIENTED_EDGE('',*,*,#5933,.F.);
#4874=CARTESIAN_POINT('',(-13.1,-2.805,-2.49));
#4875=DIRECTION('',(-0.0,1.0,-0.0));
#4876=DIRECTION('',(1.0,0.0,0.0));
#4877=ORIENTED_EDGE('',*,*,#5922,.F.);
#4878=ORIENTED_EDGE('',*,*,#5916,.F.);
#4879=ORIENTED_EDGE('',*,*,#5895,.F.);
#4880=ORIENTED_EDGE('',*,*,#5831,.F.);
#4881=ORIENTED_EDGE('',*,*,#5901,.T.);
#4882=ORIENTED_EDGE('',*,*,#5918,.F.);
#4883=ORIENTED_EDGE('',*,*,#5911,.T.);
#4884=ORIENTED_EDGE('',*,*,#5908,.T.);
#4885=CARTESIAN_POINT('',(-14.488936325,-2.06,5.9));
#4886=DIRECTION('',(1.0,0.0,0.0));
#4887=DIRECTION('',(0.0,1.0,0.0));
#4888=ORIENTED_EDGE('',*,*,#5866,.F.);
#4889=ORIENTED_EDGE('',*,*,#5886,.F.);
#4890=ORIENTED_EDGE('',*,*,#5880,.F.);
#4891=ORIENTED_EDGE('',*,*,#5934,.T.);
#4892=CARTESIAN_POINT('',(13.1,40.40231426545,-2.49));
#4893=DIRECTION('',(0.0,1.0,-0.0));
#4894=DIRECTION('',(-1.0,0.0,0.0));
#4895=ORIENTED_EDGE('',*,*,#5879,.F.);
#4896=ORIENTED_EDGE('',*,*,#5849,.T.);
#4897=ORIENTED_EDGE('',*,*,#5867,.F.);
#4898=ORIENTED_EDGE('',*,*,#5934,.F.);
#4899=CARTESIAN_POINT('',(13.1,-2.805,-2.49));
#4900=DIRECTION('',(-0.0,1.0,-0.0));
#4901=DIRECTION('',(1.0,0.0,0.0));
#4902=ORIENTED_EDGE('',*,*,#5935,.F.);
#4903=ORIENTED_EDGE('',*,*,#4996,.T.);
#4904=ORIENTED_EDGE('',*,*,#4958,.F.);
#4905=ORIENTED_EDGE('',*,*,#5828,.F.);
#4906=CARTESIAN_POINT('',(-11.5,12.8,-2.99));
#4907=DIRECTION('',(-0.707106781186548,0.0,-0.707106781186548));
#4908=DIRECTION('',(-0.707106781186548,0.0,0.707106781186548));
#4909=ORIENTED_EDGE('',*,*,#5819,.F.);
#4910=ORIENTED_EDGE('',*,*,#4997,.T.);
#4911=ORIENTED_EDGE('',*,*,#5935,.T.);
#4912=ORIENTED_EDGE('',*,*,#5827,.F.);
#4913=CARTESIAN_POINT('',(-11.5,12.8,-1.99));
#4914=DIRECTION('',(-1.0,0.0,0.0));
#4915=DIRECTION('',(0.0,0.0,1.0));
#4916=AXIS2_PLACEMENT_3D('',#5936,#5937,#5938);
#4917=AXIS2_PLACEMENT_3D('',#5939,#5940,#5941);
#4918=AXIS2_PLACEMENT_3D('',#5942,#5943,#5944);
#4919=AXIS2_PLACEMENT_3D('',#5945,#5946,#5947);
#4920=AXIS2_PLACEMENT_3D('',#5948,#5949,#5950);
#4921=AXIS2_PLACEMENT_3D('',#5951,#5952,#5953);
#4922=AXIS2_PLACEMENT_3D('',#5954,#5955,#5956);
#4923=AXIS2_PLACEMENT_3D('',#5957,#5958,#5959);
#4924=AXIS2_PLACEMENT_3D('',#5960,#5961,#5962);
#4925=AXIS2_PLACEMENT_3D('',#5963,#5964,#5965);
#4926=AXIS2_PLACEMENT_3D('',#5966,#5967,#5968);
#4927=AXIS2_PLACEMENT_3D('',#5969,#5970,#5971);
#4928=AXIS2_PLACEMENT_3D('',#5972,#5973,#5974);
#4929=AXIS2_PLACEMENT_3D('',#5975,#5976,#5977);
#4930=AXIS2_PLACEMENT_3D('',#5978,#5979,#5980);
#4931=AXIS2_PLACEMENT_3D('',#5981,#5982,#5983);
#4932=AXIS2_PLACEMENT_3D('',#5984,#5985,#5986);
#4933=AXIS2_PLACEMENT_3D('',#5987,#5988,#5989);
#4934=AXIS2_PLACEMENT_3D('',#5990,#5991,#5992);
#4935=AXIS2_PLACEMENT_3D('',#5993,#5994,#5995);
#4936=AXIS2_PLACEMENT_3D('',#5996,#5997,#5998);
#4937=AXIS2_PLACEMENT_3D('',#5999,#6000,#6001);
#4938=AXIS2_PLACEMENT_3D('',#6002,#6003,#6004);
#4939=AXIS2_PLACEMENT_3D('',#6005,#6006,#6007);
#4940=CARTESIAN_POINT('',(-13.1,-2.06,-2.49));
#4941=VECTOR('',#6008,1.24);
#4942=CARTESIAN_POINT('',(13.1,-2.06,-2.49));
#4943=VECTOR('',#6009,1.24);
#4944=EDGE_CURVE('',#6010,#6011,#6012,.T.);
#4945=EDGE_CURVE('',#6010,#6013,#6014,.T.);
#4946=EDGE_CURVE('',#6013,#6015,#6016,.T.);
#4947=EDGE_CURVE('',#6011,#6015,#6017,.T.);
#4948=EDGE_CURVE('',#6018,#6019,#6020,.T.);
#4949=EDGE_CURVE('',#6021,#6018,#6022,.T.);
#4950=EDGE_CURVE('',#6023,#6021,#6024,.T.);
#4951=EDGE_CURVE('',#6025,#6023,#6026,.T.);
#4952=EDGE_CURVE('',#6027,#6025,#6028,.T.);
#4953=EDGE_CURVE('',#6027,#6029,#6030,.T.);
#4954=EDGE_CURVE('',#6029,#6031,#6032,.T.);
#4955=EDGE_CURVE('',#6033,#6031,#6034,.T.);
#4956=EDGE_CURVE('',#6035,#6033,#6036,.T.);
#4957=EDGE_CURVE('',#6035,#6037,#6038,.T.);
#4958=EDGE_CURVE('',#6037,#6039,#6040,.T.);
#4959=EDGE_CURVE('',#6041,#6039,#6042,.T.);
#4960=EDGE_CURVE('',#6043,#6041,#6044,.T.);
#4961=EDGE_CURVE('',#6045,#6043,#6046,.T.);
#4962=EDGE_CURVE('',#6045,#6047,#6048,.T.);
#4963=EDGE_CURVE('',#6019,#6047,#6049,.T.);
#4964=EDGE_CURVE('',#6050,#6011,#6051,.T.);
#4965=EDGE_CURVE('',#6015,#6052,#6053,.T.);
#4966=EDGE_CURVE('',#6052,#6054,#6055,.T.);
#4967=EDGE_CURVE('',#6056,#6054,#6057,.T.);
#4968=EDGE_CURVE('',#6056,#6058,#6059,.T.);
#4969=EDGE_CURVE('',#6058,#6060,#6061,.T.);
#4970=EDGE_CURVE('',#6060,#6062,#6063,.T.);
#4971=EDGE_CURVE('',#6064,#6062,#6065,.T.);
#4972=EDGE_CURVE('',#6064,#6066,#6067,.T.);
#4973=EDGE_CURVE('',#6066,#6050,#6068,.T.);
#4974=EDGE_CURVE('',#6047,#6069,#6070,.T.);
#4975=EDGE_CURVE('',#6069,#6071,#6072,.T.);
#4976=EDGE_CURVE('',#6071,#6073,#6074,.T.);
#4977=EDGE_CURVE('',#6073,#6075,#6076,.T.);
#4978=EDGE_CURVE('',#6075,#6077,#6078,.T.);
#4979=EDGE_CURVE('',#6077,#6079,#6080,.T.);
#4980=EDGE_CURVE('',#6079,#6019,#6081,.T.);
#4981=EDGE_CURVE('',#6082,#6066,#6083,.T.);
#4982=EDGE_CURVE('',#6082,#6084,#6085,.T.);
#4983=EDGE_CURVE('',#6084,#6086,#6087,.T.);
#4984=EDGE_CURVE('',#6086,#6088,#6089,.T.);
#4985=EDGE_CURVE('',#6088,#6050,#6090,.T.);
#4986=EDGE_CURVE('',#6091,#6092,#6093,.T.);
#4987=EDGE_CURVE('',#6091,#6094,#6095,.T.);
#4988=EDGE_CURVE('',#6096,#6094,#6097,.T.);
#4989=EDGE_CURVE('',#6092,#6096,#6098,.T.);
#4990=EDGE_CURVE('',#6013,#6099,#6100,.T.);
#4991=EDGE_CURVE('',#6099,#6101,#6102,.T.);
#4992=EDGE_CURVE('',#6101,#6103,#6104,.T.);
#4993=EDGE_CURVE('',#6103,#6052,#6105,.T.);
#4994=EDGE_CURVE('',#6088,#6010,#6106,.T.);
#4995=EDGE_CURVE('',#6041,#6107,#6108,.T.);
#4996=EDGE_CURVE('',#6109,#6039,#6110,.T.);
#4997=EDGE_CURVE('',#6111,#6109,#6112,.T.);
#4998=EDGE_CURVE('',#6025,#6111,#6113,.T.);
#4999=EDGE_CURVE('',#6023,#6099,#6114,.T.);
#5000=EDGE_CURVE('',#6115,#6086,#6116,.T.);
#5001=EDGE_CURVE('',#6107,#6115,#6117,.T.);
#5002=EDGE_CURVE('',#6118,#6119,#6120,.T.);
#5003=EDGE_CURVE('',#6121,#6118,#6122,.T.);
#5004=EDGE_CURVE('',#6123,#6121,#6124,.T.);
#5005=EDGE_CURVE('',#6119,#6123,#6125,.T.);
#5006=EDGE_CURVE('',#6126,#6127,#6128,.T.);
#5007=EDGE_CURVE('',#6129,#6126,#6130,.T.);
#5008=EDGE_CURVE('',#6131,#6129,#6132,.T.);
#5009=EDGE_CURVE('',#6133,#6131,#6134,.T.);
#5010=EDGE_CURVE('',#6135,#6133,#6136,.T.);
#5011=EDGE_CURVE('',#6127,#6135,#6137,.T.);
#5012=EDGE_CURVE('',#6138,#6139,#6140,.T.);
#5013=EDGE_CURVE('',#6141,#6138,#6142,.T.);
#5014=EDGE_CURVE('',#6143,#6141,#6144,.T.);
#5015=EDGE_CURVE('',#6139,#6143,#6145,.T.);
#5016=EDGE_CURVE('',#6146,#6147,#6148,.T.);
#5017=EDGE_CURVE('',#6149,#6146,#6150,.T.);
#5018=EDGE_CURVE('',#6151,#6149,#6152,.T.);
#5019=EDGE_CURVE('',#6153,#6151,#6154,.T.);
#5020=EDGE_CURVE('',#6155,#6153,#6156,.T.);
#5021=EDGE_CURVE('',#6147,#6155,#6157,.T.);
#5022=EDGE_CURVE('',#6158,#6159,#6160,.T.);
#5023=EDGE_CURVE('',#6161,#6158,#6162,.T.);
#5024=EDGE_CURVE('',#6163,#6161,#6164,.T.);
#5025=EDGE_CURVE('',#6165,#6163,#6166,.T.);
#5026=EDGE_CURVE('',#6167,#6165,#6168,.T.);
#5027=EDGE_CURVE('',#6159,#6167,#6169,.T.);
#5028=EDGE_CURVE('',#6170,#6171,#6172,.T.);
#5029=EDGE_CURVE('',#6173,#6170,#6174,.T.);
#5030=EDGE_CURVE('',#6175,#6173,#6176,.T.);
#5031=EDGE_CURVE('',#6171,#6175,#6177,.T.);
#5032=EDGE_CURVE('',#6178,#6179,#6180,.T.);
#5033=EDGE_CURVE('',#6181,#6178,#6182,.T.);
#5034=EDGE_CURVE('',#6183,#6181,#6184,.T.);
#5035=EDGE_CURVE('',#6179,#6183,#6185,.T.);
#5036=EDGE_CURVE('',#6186,#6187,#6188,.T.);
#5037=EDGE_CURVE('',#6189,#6186,#6190,.T.);
#5038=EDGE_CURVE('',#6191,#6189,#6192,.T.);
#5039=EDGE_CURVE('',#6193,#6191,#6194,.T.);
#5040=EDGE_CURVE('',#6195,#6193,#6196,.T.);
#5041=EDGE_CURVE('',#6187,#6195,#6197,.T.);
#5042=EDGE_CURVE('',#6198,#6199,#6200,.T.);
#5043=EDGE_CURVE('',#6201,#6198,#6202,.T.);
#5044=EDGE_CURVE('',#6203,#6201,#6204,.T.);
#5045=EDGE_CURVE('',#6205,#6203,#6206,.T.);
#5046=EDGE_CURVE('',#6207,#6205,#6208,.T.);
#5047=EDGE_CURVE('',#6199,#6207,#6209,.T.);
#5048=EDGE_CURVE('',#6210,#6211,#6212,.T.);
#5049=EDGE_CURVE('',#6213,#6210,#6214,.T.);
#5050=EDGE_CURVE('',#6215,#6213,#6216,.T.);
#5051=EDGE_CURVE('',#6211,#6215,#6217,.T.);
#5052=EDGE_CURVE('',#6218,#6115,#6219,.T.);
#5053=EDGE_CURVE('',#6220,#6218,#6221,.T.);
#5054=EDGE_CURVE('',#6220,#6107,#6222,.T.);
#5055=EDGE_CURVE('',#6223,#6220,#6224,.T.);
#5056=EDGE_CURVE('',#6225,#6223,#6226,.T.);
#5057=EDGE_CURVE('',#6107,#6225,#6227,.T.);
#5058=EDGE_CURVE('',#6225,#6228,#6229,.T.);
#5059=EDGE_CURVE('',#6115,#6228,#6230,.T.);
#5060=EDGE_CURVE('',#6231,#6084,#6232,.T.);
#5061=EDGE_CURVE('',#6231,#6233,#6234,.T.);
#5062=EDGE_CURVE('',#6235,#6233,#6236,.T.);
#5063=EDGE_CURVE('',#6237,#6235,#6238,.T.);
#5064=EDGE_CURVE('',#6239,#6237,#6240,.T.);
#5065=EDGE_CURVE('',#6239,#6241,#6242,.T.);
#5066=EDGE_CURVE('',#6243,#6241,#6244,.T.);
#5067=EDGE_CURVE('',#6245,#6243,#6246,.T.);
#5068=EDGE_CURVE('',#6247,#6245,#6248,.T.);
#5069=EDGE_CURVE('',#6247,#6249,#6250,.T.);
#5070=EDGE_CURVE('',#6251,#6249,#6252,.T.);
#5071=EDGE_CURVE('',#6253,#6251,#6254,.T.);
#5072=EDGE_CURVE('',#6255,#6253,#6256,.T.);
#5073=EDGE_CURVE('',#6255,#6257,#6258,.T.);
#5074=EDGE_CURVE('',#6259,#6257,#6260,.T.);
#5075=EDGE_CURVE('',#6261,#6259,#6262,.T.);
#5076=EDGE_CURVE('',#6263,#6261,#6264,.T.);
#5077=EDGE_CURVE('',#6263,#6265,#6266,.T.);
#5078=EDGE_CURVE('',#6267,#6265,#6268,.T.);
#5079=EDGE_CURVE('',#6269,#6267,#6270,.T.);
#5080=EDGE_CURVE('',#6043,#6269,#6271,.T.);
#5081=EDGE_CURVE('',#6272,#6273,#6274,.T.);
#5082=EDGE_CURVE('',#6275,#6272,#6276,.T.);
#5083=EDGE_CURVE('',#6277,#6275,#6278,.T.);
#5084=EDGE_CURVE('',#6273,#6277,#6279,.T.);
#5085=EDGE_CURVE('',#6280,#6281,#6282,.T.);
#5086=EDGE_CURVE('',#6281,#6103,#6283,.T.);
#5087=EDGE_CURVE('',#6280,#6101,#6284,.T.);
#5088=EDGE_CURVE('',#6285,#6082,#6286,.T.);
#5089=EDGE_CURVE('',#6231,#6285,#6287,.T.);
#5090=EDGE_CURVE('',#6288,#6289,#6290,.T.);
#5091=EDGE_CURVE('',#6289,#6291,#6292,.T.);
#5092=EDGE_CURVE('',#6293,#6291,#6294,.T.);
#5093=EDGE_CURVE('',#6288,#6293,#6295,.T.);
#5094=EDGE_CURVE('',#6237,#6296,#6297,.T.);
#5095=EDGE_CURVE('',#6298,#6296,#6299,.T.);
#5096=EDGE_CURVE('',#6239,#6298,#6300,.T.);
#5097=EDGE_CURVE('',#6301,#6302,#6303,.T.);
#5098=EDGE_CURVE('',#6302,#6304,#6305,.T.);
#5099=EDGE_CURVE('',#6306,#6304,#6307,.T.);
#5100=EDGE_CURVE('',#6301,#6306,#6308,.T.);
#5101=EDGE_CURVE('',#6245,#6309,#6310,.T.);
#5102=EDGE_CURVE('',#6311,#6309,#6312,.T.);
#5103=EDGE_CURVE('',#6247,#6311,#6313,.T.);
#5104=EDGE_CURVE('',#6314,#6315,#6316,.T.);
#5105=EDGE_CURVE('',#6315,#6317,#6318,.T.);
#5106=EDGE_CURVE('',#6319,#6317,#6320,.T.);
#5107=EDGE_CURVE('',#6314,#6319,#6321,.T.);
#5108=EDGE_CURVE('',#6253,#6322,#6323,.T.);
#5109=EDGE_CURVE('',#6324,#6322,#6325,.T.);
#5110=EDGE_CURVE('',#6255,#6324,#6326,.T.);
#5111=EDGE_CURVE('',#6018,#6327,#6328,.T.);
#5112=EDGE_CURVE('',#6329,#6327,#6330,.T.);
#5113=EDGE_CURVE('',#6021,#6329,#6331,.T.);
#5114=EDGE_CURVE('',#6332,#6333,#6334,.T.);
#5115=EDGE_CURVE('',#6333,#6335,#6336,.T.);
#5116=EDGE_CURVE('',#6337,#6335,#6338,.T.);
#5117=EDGE_CURVE('',#6332,#6337,#6339,.T.);
#5118=EDGE_CURVE('',#6269,#6340,#6341,.T.);
#5119=EDGE_CURVE('',#6045,#6340,#6342,.T.);
#5120=EDGE_CURVE('',#6261,#6343,#6344,.T.);
#5121=EDGE_CURVE('',#6345,#6343,#6346,.T.);
#5122=EDGE_CURVE('',#6263,#6345,#6347,.T.);
#5123=EDGE_CURVE('',#6077,#6348,#6349,.T.);
#5124=EDGE_CURVE('',#6273,#6075,#6350,.T.);
#5125=EDGE_CURVE('',#6277,#6058,#6351,.T.);
#5126=EDGE_CURVE('',#6056,#6352,#6353,.T.);
#5127=EDGE_CURVE('',#6354,#6352,#6355,.T.);
#5128=EDGE_CURVE('',#6356,#6354,#6357,.T.);
#5129=EDGE_CURVE('',#6358,#6356,#6359,.T.);
#5130=EDGE_CURVE('',#6360,#6358,#6361,.T.);
#5131=EDGE_CURVE('',#6360,#6362,#6363,.T.);
#5132=EDGE_CURVE('',#6364,#6362,#6365,.T.);
#5133=EDGE_CURVE('',#6364,#6366,#6367,.T.);
#5134=EDGE_CURVE('',#6368,#6366,#6369,.T.);
#5135=EDGE_CURVE('',#6370,#6368,#6371,.T.);
#5136=EDGE_CURVE('',#6372,#6370,#6373,.T.);
#5137=EDGE_CURVE('',#6374,#6372,#6375,.T.);
#5138=EDGE_CURVE('',#6376,#6374,#6377,.T.);
#5139=EDGE_CURVE('',#6378,#6376,#6379,.T.);
#5140=EDGE_CURVE('',#6380,#6378,#6381,.T.);
#5141=EDGE_CURVE('',#6382,#6380,#6383,.T.);
#5142=EDGE_CURVE('',#6384,#6382,#6385,.T.);
#5143=EDGE_CURVE('',#6386,#6384,#6387,.T.);
#5144=EDGE_CURVE('',#6388,#6386,#6389,.T.);
#5145=EDGE_CURVE('',#6390,#6388,#6391,.T.);
#5146=EDGE_CURVE('',#6392,#6390,#6393,.T.);
#5147=EDGE_CURVE('',#6394,#6392,#6395,.T.);
#5148=EDGE_CURVE('',#6396,#6394,#6397,.T.);
#5149=EDGE_CURVE('',#6396,#6398,#6399,.T.);
#5150=EDGE_CURVE('',#6400,#6398,#6401,.T.);
#5151=EDGE_CURVE('',#6402,#6400,#6403,.T.);
#5152=EDGE_CURVE('',#6404,#6402,#6405,.T.);
#5153=EDGE_CURVE('',#6406,#6404,#6407,.T.);
#5154=EDGE_CURVE('',#6408,#6406,#6409,.T.);
#5155=EDGE_CURVE('',#6410,#6408,#6411,.T.);
#5156=EDGE_CURVE('',#6412,#6410,#6413,.T.);
#5157=EDGE_CURVE('',#6414,#6412,#6415,.T.);
#5158=EDGE_CURVE('',#6416,#6414,#6417,.T.);
#5159=EDGE_CURVE('',#6348,#6416,#6418,.T.);
#5160=EDGE_CURVE('',#6419,#6416,#6420,.T.);
#5161=EDGE_CURVE('',#6419,#6421,#6422,.T.);
#5162=EDGE_CURVE('',#6421,#6423,#6424,.T.);
#5163=EDGE_CURVE('',#6425,#6423,#6426,.T.);
#5164=EDGE_CURVE('',#6425,#6427,#6428,.T.);
#5165=EDGE_CURVE('',#6427,#6429,#6430,.T.);
#5166=EDGE_CURVE('',#6429,#6348,#6431,.T.);
#5167=EDGE_CURVE('',#6432,#6433,#6434,.T.);
#5168=EDGE_CURVE('',#6433,#6435,#6436,.T.);
#5169=EDGE_CURVE('',#6437,#6435,#6438,.T.);
#5170=EDGE_CURVE('',#6432,#6437,#6439,.T.);
#5171=EDGE_CURVE('',#6440,#6441,#6442,.T.);
#5172=EDGE_CURVE('',#6440,#6443,#6444,.T.);
#5173=EDGE_CURVE('',#6443,#6445,#6446,.T.);
#5174=EDGE_CURVE('',#6445,#6447,#6448,.T.);
#5175=EDGE_CURVE('',#6447,#6267,#6449,.T.);
#5176=EDGE_CURVE('',#6265,#6450,#6451,.T.);
#5177=EDGE_CURVE('',#6450,#6441,#6452,.T.);
#5178=EDGE_CURVE('',#6453,#6454,#6455,.T.);
#5179=EDGE_CURVE('',#6454,#6456,#6457,.T.);
#5180=EDGE_CURVE('',#6458,#6456,#6459,.T.);
#5181=EDGE_CURVE('',#6453,#6458,#6460,.T.);
#5182=EDGE_CURVE('',#6079,#6429,#6461,.T.);
#5183=EDGE_CURVE('',#6327,#6427,#6462,.T.);
#5184=EDGE_CURVE('',#6463,#6281,#6464,.T.);
#5185=EDGE_CURVE('',#6465,#6463,#6466,.T.);
#5186=EDGE_CURVE('',#6054,#6465,#6467,.T.);
#5187=EDGE_CURVE('',#6468,#6469,#6470,.T.);
#5188=EDGE_CURVE('',#6471,#6468,#6472,.T.);
#5189=EDGE_CURVE('',#6473,#6471,#6474,.T.);
#5190=EDGE_CURVE('',#6475,#6473,#6476,.T.);
#5191=EDGE_CURVE('',#6477,#6475,#6478,.T.);
#5192=EDGE_CURVE('',#6479,#6477,#6480,.T.);
#5193=EDGE_CURVE('',#6481,#6479,#6482,.T.);
#5194=EDGE_CURVE('',#6291,#6481,#6483,.T.);
#5195=EDGE_CURVE('',#6484,#6289,#6485,.T.);
#5196=EDGE_CURVE('',#6486,#6484,#6487,.T.);
#5197=EDGE_CURVE('',#6469,#6486,#6488,.T.);
#5198=EDGE_CURVE('',#6304,#6489,#6490,.T.);
#5199=EDGE_CURVE('',#6491,#6302,#6492,.T.);
#5200=EDGE_CURVE('',#6493,#6491,#6494,.T.);
#5201=EDGE_CURVE('',#6493,#6495,#6496,.T.);
#5202=EDGE_CURVE('',#6495,#6497,#6498,.T.);
#5203=EDGE_CURVE('',#6497,#6499,#6500,.T.);
#5204=EDGE_CURVE('',#6499,#6501,#6502,.T.);
#5205=EDGE_CURVE('',#6501,#6503,#6504,.T.);
#5206=EDGE_CURVE('',#6503,#6505,#6506,.T.);
#5207=EDGE_CURVE('',#6505,#6507,#6508,.T.);
#5208=EDGE_CURVE('',#6489,#6507,#6509,.T.);
#5209=EDGE_CURVE('',#6317,#6510,#6511,.T.);
#5210=EDGE_CURVE('',#6512,#6315,#6513,.T.);
#5211=EDGE_CURVE('',#6514,#6512,#6515,.T.);
#5212=EDGE_CURVE('',#6514,#6516,#6517,.T.);
#5213=EDGE_CURVE('',#6518,#6516,#6519,.T.);
#5214=EDGE_CURVE('',#6518,#6520,#6521,.T.);
#5215=EDGE_CURVE('',#6520,#6522,#6523,.T.);
#5216=EDGE_CURVE('',#6522,#6524,#6525,.T.);
#5217=EDGE_CURVE('',#6524,#6526,#6527,.T.);
#5218=EDGE_CURVE('',#6526,#6528,#6529,.T.);
#5219=EDGE_CURVE('',#6510,#6528,#6530,.T.);
#5220=EDGE_CURVE('',#6335,#6531,#6532,.T.);
#5221=EDGE_CURVE('',#6421,#6333,#6533,.T.);
#5222=EDGE_CURVE('',#6419,#6534,#6535,.T.);
#5223=EDGE_CURVE('',#6534,#6536,#6537,.T.);
#5224=EDGE_CURVE('',#6536,#6538,#6539,.T.);
#5225=EDGE_CURVE('',#6538,#6540,#6541,.T.);
#5226=EDGE_CURVE('',#6540,#6542,#6543,.T.);
#5227=EDGE_CURVE('',#6542,#6544,#6545,.T.);
#5228=EDGE_CURVE('',#6544,#6546,#6547,.T.);
#5229=EDGE_CURVE('',#6531,#6546,#6548,.T.);
#5230=EDGE_CURVE('',#6329,#6425,#6549,.T.);
#5231=EDGE_CURVE('',#6332,#6423,#6550,.T.);
#5232=EDGE_CURVE('',#6337,#6551,#6552,.T.);
#5233=EDGE_CURVE('',#6551,#6553,#6554,.T.);
#5234=EDGE_CURVE('',#6314,#6553,#6555,.T.);
#5235=EDGE_CURVE('',#6319,#6556,#6557,.T.);
#5236=EDGE_CURVE('',#6556,#6558,#6559,.T.);
#5237=EDGE_CURVE('',#6301,#6558,#6560,.T.);
#5238=EDGE_CURVE('',#6306,#6561,#6562,.T.);
#5239=EDGE_CURVE('',#6561,#6563,#6564,.T.);
#5240=EDGE_CURVE('',#6288,#6563,#6565,.T.);
#5241=EDGE_CURVE('',#6293,#6566,#6567,.T.);
#5242=EDGE_CURVE('',#6566,#6568,#6569,.T.);
#5243=EDGE_CURVE('',#6280,#6568,#6570,.T.);
#5244=EDGE_CURVE('',#6463,#6568,#6571,.T.);
#5245=EDGE_CURVE('',#6479,#6354,#6572,.T.);
#5246=EDGE_CURVE('',#6352,#6465,#6573,.T.);
#5247=EDGE_CURVE('',#6566,#6481,#6574,.T.);
#5248=EDGE_CURVE('',#6575,#6576,#6577,.T.);
#5249=EDGE_CURVE('',#6576,#6578,#6579,.T.);
#5250=EDGE_CURVE('',#6580,#6578,#6581,.T.);
#5251=EDGE_CURVE('',#6575,#6580,#6582,.T.);
#5252=EDGE_CURVE('',#6583,#6584,#6585,.T.);
#5253=EDGE_CURVE('',#6584,#6586,#6587,.T.);
#5254=EDGE_CURVE('',#6586,#6235,#6588,.T.);
#5255=EDGE_CURVE('',#6233,#6589,#6590,.T.);
#5256=EDGE_CURVE('',#6589,#6591,#6592,.T.);
#5257=EDGE_CURVE('',#6591,#6593,#6594,.T.);
#5258=EDGE_CURVE('',#6593,#6583,#6595,.T.);
#5259=EDGE_CURVE('',#6596,#6597,#6598,.T.);
#5260=EDGE_CURVE('',#6597,#6599,#6600,.T.);
#5261=EDGE_CURVE('',#6601,#6599,#6602,.T.);
#5262=EDGE_CURVE('',#6596,#6601,#6603,.T.);
#5263=EDGE_CURVE('',#6477,#6356,#6604,.T.);
#5264=EDGE_CURVE('',#6475,#6605,#6606,.T.);
#5265=EDGE_CURVE('',#6605,#6607,#6608,.T.);
#5266=EDGE_CURVE('',#6607,#6609,#6610,.T.);
#5267=EDGE_CURVE('',#6609,#6611,#6612,.T.);
#5268=EDGE_CURVE('',#6611,#6358,#6613,.T.);
#5269=EDGE_CURVE('',#6614,#6615,#6616,.T.);
#5270=EDGE_CURVE('',#6617,#6615,#6618,.T.);
#5271=EDGE_CURVE('',#6619,#6617,#6620,.T.);
#5272=EDGE_CURVE('',#6619,#6614,#6621,.T.);
#5273=EDGE_CURVE('',#6622,#6623,#6624,.T.);
#5274=EDGE_CURVE('',#6623,#6625,#6626,.T.);
#5275=EDGE_CURVE('',#6625,#6627,#6628,.T.);
#5276=EDGE_CURVE('',#6627,#6629,#6630,.T.);
#5277=EDGE_CURVE('',#6629,#6631,#6632,.T.);
#5278=EDGE_CURVE('',#6631,#6633,#6634,.T.);
#5279=EDGE_CURVE('',#6633,#6635,#6636,.T.);
#5280=EDGE_CURVE('',#6622,#6635,#6637,.T.);
#5281=EDGE_CURVE('',#6638,#6639,#6640,.T.);
#5282=EDGE_CURVE('',#6641,#6639,#6642,.T.);
#5283=EDGE_CURVE('',#6643,#6641,#6644,.T.);
#5284=EDGE_CURVE('',#6643,#6638,#6645,.T.);
#5285=EDGE_CURVE('',#6121,#6611,#6646,.T.);
#5286=EDGE_CURVE('',#6118,#6605,#6647,.T.);
#5287=EDGE_CURVE('',#6473,#6360,#6648,.T.);
#5288=EDGE_CURVE('',#6362,#6471,#6649,.T.);
#5289=EDGE_CURVE('',#6650,#6468,#6651,.T.);
#5290=EDGE_CURVE('',#6159,#6650,#6652,.T.);
#5291=EDGE_CURVE('',#6167,#6653,#6654,.T.);
#5292=EDGE_CURVE('',#6364,#6653,#6655,.T.);
#5293=EDGE_CURVE('',#6656,#6372,#6657,.T.);
#5294=EDGE_CURVE('',#6656,#6658,#6659,.T.);
#5295=EDGE_CURVE('',#6658,#6660,#6661,.T.);
#5296=EDGE_CURVE('',#6660,#6662,#6663,.T.);
#5297=EDGE_CURVE('',#6662,#6366,#6664,.T.);
#5298=EDGE_CURVE('',#6653,#6665,#6666,.T.);
#5299=EDGE_CURVE('',#6665,#6374,#6667,.T.);
#5300=EDGE_CURVE('',#6668,#6669,#6670,.T.);
#5301=EDGE_CURVE('',#6671,#6669,#6672,.T.);
#5302=EDGE_CURVE('',#6673,#6671,#6674,.T.);
#5303=EDGE_CURVE('',#6668,#6673,#6675,.T.);
#5304=EDGE_CURVE('',#6676,#6388,#6677,.T.);
#5305=EDGE_CURVE('',#6676,#6678,#6679,.T.);
#5306=EDGE_CURVE('',#6678,#6680,#6681,.T.);
#5307=EDGE_CURVE('',#6680,#6682,#6683,.T.);
#5308=EDGE_CURVE('',#6682,#6382,#6684,.T.);
#5309=EDGE_CURVE('',#6380,#6685,#6686,.T.);
#5310=EDGE_CURVE('',#6685,#6687,#6688,.T.);
#5311=EDGE_CURVE('',#6687,#6390,#6689,.T.);
#5312=EDGE_CURVE('',#6690,#6691,#6692,.T.);
#5313=EDGE_CURVE('',#6693,#6691,#6694,.T.);
#5314=EDGE_CURVE('',#6695,#6693,#6696,.T.);
#5315=EDGE_CURVE('',#6690,#6695,#6697,.T.);
#5316=EDGE_CURVE('',#6698,#6699,#6700,.T.);
#5317=EDGE_CURVE('',#6699,#6701,#6702,.T.);
#5318=EDGE_CURVE('',#6701,#6703,#6704,.T.);
#5319=EDGE_CURVE('',#6705,#6703,#6706,.T.);
#5320=EDGE_CURVE('',#6705,#6707,#6708,.T.);
#5321=EDGE_CURVE('',#6709,#6707,#6710,.T.);
#5322=EDGE_CURVE('',#6709,#6711,#6712,.T.);
#5323=EDGE_CURVE('',#6711,#6713,#6714,.T.);
#5324=EDGE_CURVE('',#6713,#6715,#6716,.T.);
#5325=EDGE_CURVE('',#6715,#6717,#6718,.T.);
#5326=EDGE_CURVE('',#6719,#6717,#6720,.T.);
#5327=EDGE_CURVE('',#6698,#6719,#6721,.T.);
#5328=EDGE_CURVE('',#6722,#6723,#6724,.T.);
#5329=EDGE_CURVE('',#6725,#6723,#6726,.T.);
#5330=EDGE_CURVE('',#6727,#6725,#6728,.T.);
#5331=EDGE_CURVE('',#6722,#6727,#6729,.T.);
#5332=EDGE_CURVE('',#6730,#6731,#6732,.T.);
#5333=EDGE_CURVE('',#6731,#6733,#6734,.T.);
#5334=EDGE_CURVE('',#6733,#6735,#6736,.T.);
#5335=EDGE_CURVE('',#6737,#6735,#6738,.T.);
#5336=EDGE_CURVE('',#6737,#6739,#6740,.T.);
#5337=EDGE_CURVE('',#6739,#6741,#6742,.T.);
#5338=EDGE_CURVE('',#6741,#6743,#6744,.T.);
#5339=EDGE_CURVE('',#6743,#6745,#6746,.T.);
#5340=EDGE_CURVE('',#6745,#6747,#6748,.T.);
#5341=EDGE_CURVE('',#6747,#6749,#6750,.T.);
#5342=EDGE_CURVE('',#6751,#6749,#6752,.T.);
#5343=EDGE_CURVE('',#6730,#6751,#6753,.T.);
#5344=EDGE_CURVE('',#6754,#6755,#6756,.T.);
#5345=EDGE_CURVE('',#6757,#6755,#6758,.T.);
#5346=EDGE_CURVE('',#6759,#6757,#6760,.T.);
#5347=EDGE_CURVE('',#6754,#6759,#6761,.T.);
#5348=EDGE_CURVE('',#6165,#6665,#6762,.T.);
#5349=EDGE_CURVE('',#6163,#6763,#6764,.T.);
#5350=EDGE_CURVE('',#6503,#6763,#6765,.T.);
#5351=EDGE_CURVE('',#6501,#6376,#6766,.T.);
#5352=EDGE_CURVE('',#6499,#6378,#6767,.T.);
#5353=EDGE_CURVE('',#6146,#6685,#6768,.T.);
#5354=EDGE_CURVE('',#6497,#6769,#6770,.T.);
#5355=EDGE_CURVE('',#6149,#6769,#6771,.T.);
#5356=EDGE_CURVE('',#6151,#6680,#6772,.T.);
#5357=EDGE_CURVE('',#6769,#6682,#6773,.T.);
#5358=EDGE_CURVE('',#6495,#6682,#6774,.T.);
#5359=EDGE_CURVE('',#6493,#6384,#6775,.T.);
#5360=EDGE_CURVE('',#6528,#6386,#6776,.T.);
#5361=EDGE_CURVE('',#6491,#6558,#6777,.T.);
#5362=EDGE_CURVE('',#6556,#6510,#6778,.T.);
#5363=EDGE_CURVE('',#6779,#6780,#6781,.T.);
#5364=EDGE_CURVE('',#6780,#6782,#6783,.T.);
#5365=EDGE_CURVE('',#6784,#6782,#6785,.T.);
#5366=EDGE_CURVE('',#6779,#6784,#6786,.T.);
#5367=EDGE_CURVE('',#6787,#6788,#6789,.T.);
#5368=EDGE_CURVE('',#6788,#6790,#6791,.T.);
#5369=EDGE_CURVE('',#6790,#6251,#6792,.T.);
#5370=EDGE_CURVE('',#6249,#6793,#6794,.T.);
#5371=EDGE_CURVE('',#6793,#6795,#6796,.T.);
#5372=EDGE_CURVE('',#6797,#6795,#6798,.T.);
#5373=EDGE_CURVE('',#6797,#6787,#6799,.T.);
#5374=EDGE_CURVE('',#6800,#6801,#6802,.T.);
#5375=EDGE_CURVE('',#6801,#6803,#6804,.T.);
#5376=EDGE_CURVE('',#6805,#6803,#6806,.T.);
#5377=EDGE_CURVE('',#6800,#6805,#6807,.T.);
#5378=EDGE_CURVE('',#6526,#6676,#6808,.T.);
#5379=EDGE_CURVE('',#6524,#6809,#6810,.T.);
#5380=EDGE_CURVE('',#6809,#6676,#6811,.T.);
#5381=EDGE_CURVE('',#6155,#6809,#6812,.T.);
#5382=EDGE_CURVE('',#6153,#6678,#6813,.T.);
#5383=EDGE_CURVE('',#6147,#6687,#6814,.T.);
#5384=EDGE_CURVE('',#6522,#6392,#6815,.T.);
#5385=EDGE_CURVE('',#6520,#6394,#6816,.T.);
#5386=EDGE_CURVE('',#6179,#6817,#6818,.T.);
#5387=EDGE_CURVE('',#6183,#6819,#6820,.T.);
#5388=EDGE_CURVE('',#6396,#6819,#6821,.T.);
#5389=EDGE_CURVE('',#6817,#6518,#6822,.T.);
#5390=EDGE_CURVE('',#6534,#6414,#6823,.T.);
#5391=EDGE_CURVE('',#6412,#6824,#6825,.T.);
#5392=EDGE_CURVE('',#6824,#6826,#6827,.T.);
#5393=EDGE_CURVE('',#6826,#6828,#6829,.T.);
#5394=EDGE_CURVE('',#6828,#6830,#6831,.T.);
#5395=EDGE_CURVE('',#6830,#6536,#6832,.T.);
#5396=EDGE_CURVE('',#6833,#6834,#6835,.T.);
#5397=EDGE_CURVE('',#6836,#6834,#6837,.T.);
#5398=EDGE_CURVE('',#6838,#6836,#6839,.T.);
#5399=EDGE_CURVE('',#6833,#6838,#6840,.T.);
#5400=EDGE_CURVE('',#6542,#6841,#6842,.T.);
#5401=EDGE_CURVE('',#6841,#6817,#6843,.T.);
#5402=EDGE_CURVE('',#6516,#6398,#6844,.T.);
#5403=EDGE_CURVE('',#6819,#6845,#6846,.T.);
#5404=EDGE_CURVE('',#6845,#6406,#6847,.T.);
#5405=EDGE_CURVE('',#6544,#6404,#6848,.T.);
#5406=EDGE_CURVE('',#6849,#6850,#6851,.T.);
#5407=EDGE_CURVE('',#6852,#6850,#6853,.T.);
#5408=EDGE_CURVE('',#6854,#6852,#6855,.T.);
#5409=EDGE_CURVE('',#6849,#6854,#6856,.T.);
#5410=EDGE_CURVE('',#6857,#6858,#6859,.T.);
#5411=EDGE_CURVE('',#6858,#6860,#6861,.T.);
#5412=EDGE_CURVE('',#6860,#6862,#6863,.T.);
#5413=EDGE_CURVE('',#6862,#6864,#6865,.T.);
#5414=EDGE_CURVE('',#6864,#6866,#6867,.T.);
#5415=EDGE_CURVE('',#6866,#6868,#6869,.T.);
#5416=EDGE_CURVE('',#6868,#6870,#6871,.T.);
#5417=EDGE_CURVE('',#6870,#6857,#6872,.T.);
#5418=EDGE_CURVE('',#6873,#6874,#6875,.T.);
#5419=EDGE_CURVE('',#6876,#6874,#6877,.T.);
#5420=EDGE_CURVE('',#6878,#6876,#6879,.T.);
#5421=EDGE_CURVE('',#6873,#6878,#6880,.T.);
#5422=EDGE_CURVE('',#6881,#6882,#6883,.T.);
#5423=EDGE_CURVE('',#6882,#6884,#6885,.T.);
#5424=EDGE_CURVE('',#6884,#6886,#6887,.T.);
#5425=EDGE_CURVE('',#6886,#6888,#6889,.T.);
#5426=EDGE_CURVE('',#6890,#6888,#6891,.T.);
#5427=EDGE_CURVE('',#6890,#6892,#6893,.T.);
#5428=EDGE_CURVE('',#6892,#6894,#6895,.T.);
#5429=EDGE_CURVE('',#6894,#6896,#6897,.T.);
#5430=EDGE_CURVE('',#6896,#6898,#6899,.T.);
#5431=EDGE_CURVE('',#6881,#6898,#6900,.T.);
#5432=EDGE_CURVE('',#6901,#6902,#6903,.T.);
#5433=EDGE_CURVE('',#6904,#6902,#6905,.T.);
#5434=EDGE_CURVE('',#6906,#6904,#6907,.T.);
#5435=EDGE_CURVE('',#6901,#6906,#6908,.T.);
#5436=EDGE_CURVE('',#6210,#6830,#6909,.T.);
#5437=EDGE_CURVE('',#6211,#6824,#6910,.T.);
#5438=EDGE_CURVE('',#6538,#6410,#6911,.T.);
#5439=EDGE_CURVE('',#6540,#6408,#6912,.T.);
#5440=EDGE_CURVE('',#6181,#6845,#6913,.T.);
#5441=EDGE_CURVE('',#6178,#6841,#6914,.T.);
#5442=EDGE_CURVE('',#6215,#6826,#6915,.T.);
#5443=EDGE_CURVE('',#6213,#6828,#6916,.T.);
#5444=EDGE_CURVE('',#6546,#6402,#6917,.T.);
#5445=EDGE_CURVE('',#6514,#6400,#6918,.T.);
#5446=EDGE_CURVE('',#6512,#6553,#6919,.T.);
#5447=EDGE_CURVE('',#6551,#6531,#6920,.T.);
#5448=EDGE_CURVE('',#6921,#6922,#6923,.T.);
#5449=EDGE_CURVE('',#6922,#6924,#6925,.T.);
#5450=EDGE_CURVE('',#6926,#6924,#6927,.T.);
#5451=EDGE_CURVE('',#6921,#6926,#6928,.T.);
#5452=EDGE_CURVE('',#6929,#6930,#6931,.T.);
#5453=EDGE_CURVE('',#6930,#6932,#6933,.T.);
#5454=EDGE_CURVE('',#6932,#6259,#6934,.T.);
#5455=EDGE_CURVE('',#6257,#6935,#6936,.T.);
#5456=EDGE_CURVE('',#6935,#6937,#6938,.T.);
#5457=EDGE_CURVE('',#6939,#6937,#6940,.T.);
#5458=EDGE_CURVE('',#6939,#6929,#6941,.T.);
#5459=EDGE_CURVE('',#6942,#6943,#6944,.T.);
#5460=EDGE_CURVE('',#6943,#6945,#6946,.T.);
#5461=EDGE_CURVE('',#6947,#6945,#6948,.T.);
#5462=EDGE_CURVE('',#6942,#6947,#6949,.T.);
#5463=EDGE_CURVE('',#6939,#6950,#6951,.T.);
#5464=EDGE_CURVE('',#6950,#6952,#6953,.T.);
#5465=EDGE_CURVE('',#6952,#6954,#6955,.T.);
#5466=EDGE_CURVE('',#6954,#6956,#6957,.T.);
#5467=EDGE_CURVE('',#6956,#6730,#6958,.T.);
#5468=EDGE_CURVE('',#6751,#6787,#6959,.T.);
#5469=EDGE_CURVE('',#6797,#6737,#6960,.T.);
#5470=EDGE_CURVE('',#6735,#6961,#6962,.T.);
#5471=EDGE_CURVE('',#6961,#6963,#6964,.T.);
#5472=EDGE_CURVE('',#6963,#6698,#6965,.T.);
#5473=EDGE_CURVE('',#6719,#6966,#6967,.T.);
#5474=EDGE_CURVE('',#6968,#6966,#6969,.T.);
#5475=EDGE_CURVE('',#6705,#6968,#6970,.T.);
#5476=EDGE_CURVE('',#6971,#6703,#6972,.T.);
#5477=EDGE_CURVE('',#6973,#6971,#6974,.T.);
#5478=EDGE_CURVE('',#6975,#6973,#6976,.T.);
#5479=EDGE_CURVE('',#6977,#6975,#6978,.T.);
#5480=EDGE_CURVE('',#6583,#6977,#6979,.T.);
#5481=EDGE_CURVE('',#6062,#6593,#6980,.T.);
#5482=EDGE_CURVE('',#6275,#6060,#6981,.T.);
#5483=EDGE_CURVE('',#6272,#6073,#6982,.T.);
#5484=EDGE_CURVE('',#6071,#6443,#6983,.T.);
#5485=EDGE_CURVE('',#6440,#6984,#6985,.T.);
#5486=EDGE_CURVE('',#6984,#6986,#6987,.T.);
#5487=EDGE_CURVE('',#6986,#6988,#6989,.T.);
#5488=EDGE_CURVE('',#6988,#6990,#6991,.T.);
#5489=EDGE_CURVE('',#6990,#6992,#6993,.T.);
#5490=EDGE_CURVE('',#6992,#6994,#6995,.T.);
#5491=EDGE_CURVE('',#6994,#6929,#6996,.T.);
#5492=EDGE_CURVE('',#6898,#6930,#6997,.T.);
#5493=EDGE_CURVE('',#6994,#6881,#6998,.T.);
#5494=EDGE_CURVE('',#6992,#6999,#7000,.T.);
#5495=EDGE_CURVE('',#6999,#6881,#7001,.T.);
#5496=EDGE_CURVE('',#6191,#6999,#7002,.T.);
#5497=EDGE_CURVE('',#6189,#6882,#7003,.T.);
#5498=EDGE_CURVE('',#6186,#6884,#7004,.T.);
#5499=EDGE_CURVE('',#6187,#7005,#7006,.T.);
#5500=EDGE_CURVE('',#7005,#6886,#7007,.T.);
#5501=EDGE_CURVE('',#6952,#7005,#7008,.T.);
#5502=EDGE_CURVE('',#6950,#6886,#7009,.T.);
#5503=EDGE_CURVE('',#6937,#6888,#7010,.T.);
#5504=EDGE_CURVE('',#6447,#6340,#7011,.T.);
#5505=EDGE_CURVE('',#6069,#6445,#7012,.T.);
#5506=EDGE_CURVE('',#6064,#6591,#7013,.T.);
#5507=EDGE_CURVE('',#6285,#6589,#7014,.T.);
#5508=EDGE_CURVE('',#7015,#6633,#7016,.T.);
#5509=EDGE_CURVE('',#7015,#7017,#7018,.T.);
#5510=EDGE_CURVE('',#6709,#7017,#7019,.T.);
#5511=EDGE_CURVE('',#7020,#6707,#7021,.T.);
#5512=EDGE_CURVE('',#7022,#7020,#7023,.T.);
#5513=EDGE_CURVE('',#6298,#7022,#7024,.T.);
#5514=EDGE_CURVE('',#6586,#6296,#7025,.T.);
#5515=EDGE_CURVE('',#6635,#6584,#7026,.T.);
#5516=EDGE_CURVE('',#6311,#6793,#7027,.T.);
#5517=EDGE_CURVE('',#7028,#6309,#7029,.T.);
#5518=EDGE_CURVE('',#7030,#7028,#7031,.T.);
#5519=EDGE_CURVE('',#6717,#7030,#7032,.T.);
#5520=EDGE_CURVE('',#7033,#6715,#7034,.T.);
#5521=EDGE_CURVE('',#7035,#7033,#7036,.T.);
#5522=EDGE_CURVE('',#6741,#7035,#7037,.T.);
#5523=EDGE_CURVE('',#6795,#6739,#7038,.T.);
#5524=EDGE_CURVE('',#6324,#6935,#7039,.T.);
#5525=EDGE_CURVE('',#6790,#6322,#7040,.T.);
#5526=EDGE_CURVE('',#6749,#6788,#7041,.T.);
#5527=EDGE_CURVE('',#7042,#6747,#7043,.T.);
#5528=EDGE_CURVE('',#7044,#7042,#7045,.T.);
#5529=EDGE_CURVE('',#6890,#7044,#7046,.T.);
#5530=EDGE_CURVE('',#6345,#6450,#7047,.T.);
#5531=EDGE_CURVE('',#6932,#6343,#7048,.T.);
#5532=EDGE_CURVE('',#7049,#6896,#7050,.T.);
#5533=EDGE_CURVE('',#7051,#7049,#7052,.T.);
#5534=EDGE_CURVE('',#6857,#7051,#7053,.T.);
#5535=EDGE_CURVE('',#6441,#6870,#7054,.T.);
#5536=EDGE_CURVE('',#6977,#6622,#7055,.T.);
#5537=EDGE_CURVE('',#7056,#6622,#7057,.T.);
#5538=EDGE_CURVE('',#7056,#6975,#7058,.T.);
#5539=EDGE_CURVE('',#6133,#6631,#7059,.T.);
#5540=EDGE_CURVE('',#6131,#7056,#7060,.T.);
#5541=EDGE_CURVE('',#6973,#7015,#7061,.T.);
#5542=EDGE_CURVE('',#7017,#6971,#7062,.T.);
#5543=EDGE_CURVE('',#6171,#6701,#7063,.T.);
#5544=EDGE_CURVE('',#6175,#6711,#7064,.T.);
#5545=EDGE_CURVE('',#6173,#6713,#7065,.T.);
#5546=EDGE_CURVE('',#6170,#6699,#7066,.T.);
#5547=EDGE_CURVE('',#6963,#7033,#7067,.T.);
#5548=EDGE_CURVE('',#6961,#7035,#7068,.T.);
#5549=EDGE_CURVE('',#6141,#6733,#7069,.T.);
#5550=EDGE_CURVE('',#6138,#6743,#7070,.T.);
#5551=EDGE_CURVE('',#6139,#6745,#7071,.T.);
#5552=EDGE_CURVE('',#6143,#6731,#7072,.T.);
#5553=EDGE_CURVE('',#6956,#7042,#7073,.T.);
#5554=EDGE_CURVE('',#6954,#7044,#7074,.T.);
#5555=EDGE_CURVE('',#6195,#6892,#7075,.T.);
#5556=EDGE_CURVE('',#6193,#6894,#7076,.T.);
#5557=EDGE_CURVE('',#6990,#7049,#7077,.T.);
#5558=EDGE_CURVE('',#6988,#7051,#7078,.T.);
#5559=EDGE_CURVE('',#6199,#6858,#7079,.T.);
#5560=EDGE_CURVE('',#6986,#7080,#7081,.T.);
#5561=EDGE_CURVE('',#6198,#7080,#7082,.T.);
#5562=EDGE_CURVE('',#6201,#6866,#7083,.T.);
#5563=EDGE_CURVE('',#7080,#6868,#7084,.T.);
#5564=EDGE_CURVE('',#6984,#6868,#7085,.T.);
#5565=EDGE_CURVE('',#6203,#6864,#7086,.T.);
#5566=EDGE_CURVE('',#6205,#6862,#7087,.T.);
#5567=EDGE_CURVE('',#6207,#6860,#7088,.T.);
#5568=EDGE_CURVE('',#6129,#6623,#7089,.T.);
#5569=EDGE_CURVE('',#6126,#6625,#7090,.T.);
#5570=EDGE_CURVE('',#6127,#6627,#7091,.T.);
#5571=EDGE_CURVE('',#6135,#6629,#7092,.T.);
#5572=EDGE_CURVE('',#6241,#7022,#7093,.T.);
#5573=EDGE_CURVE('',#6507,#6370,#7094,.T.);
#5574=EDGE_CURVE('',#6486,#6368,#7095,.T.);
#5575=EDGE_CURVE('',#6484,#6563,#7096,.T.);
#5576=EDGE_CURVE('',#6561,#6489,#7097,.T.);
#5577=EDGE_CURVE('',#7098,#7099,#7100,.T.);
#5578=EDGE_CURVE('',#7099,#7101,#7102,.T.);
#5579=EDGE_CURVE('',#7103,#7101,#7104,.T.);
#5580=EDGE_CURVE('',#7098,#7103,#7105,.T.);
#5581=EDGE_CURVE('',#7028,#6243,#7106,.T.);
#5582=EDGE_CURVE('',#6968,#7020,#7107,.T.);
#5583=EDGE_CURVE('',#6966,#7030,#7108,.T.);
#5584=EDGE_CURVE('',#7109,#7110,#7111,.T.);
#5585=EDGE_CURVE('',#7110,#7112,#7113,.T.);
#5586=EDGE_CURVE('',#7114,#7112,#7115,.T.);
#5587=EDGE_CURVE('',#7109,#7114,#7116,.T.);
#5588=EDGE_CURVE('',#6662,#6469,#7117,.T.);
#5589=EDGE_CURVE('',#6662,#6650,#7118,.T.);
#5590=EDGE_CURVE('',#6158,#6660,#7119,.T.);
#5591=EDGE_CURVE('',#6161,#6658,#7120,.T.);
#5592=EDGE_CURVE('',#6763,#6656,#7121,.T.);
#5593=EDGE_CURVE('',#6505,#6656,#7122,.T.);
#5594=EDGE_CURVE('',#7123,#6727,#7124,.T.);
#5595=EDGE_CURVE('',#7125,#7123,#7126,.T.);
#5596=EDGE_CURVE('',#7127,#7125,#7128,.T.);
#5597=EDGE_CURVE('',#6722,#7127,#7129,.T.);
#5598=EDGE_CURVE('',#7130,#6673,#7131,.T.);
#5599=EDGE_CURVE('',#7132,#7130,#7133,.T.);
#5600=EDGE_CURVE('',#7134,#7132,#7135,.T.);
#5601=EDGE_CURVE('',#6668,#7134,#7136,.T.);
#5602=EDGE_CURVE('',#7137,#7114,#7138,.T.);
#5603=EDGE_CURVE('',#7139,#7137,#7140,.T.);
#5604=EDGE_CURVE('',#7141,#7139,#7142,.T.);
#5605=EDGE_CURVE('',#7109,#7141,#7143,.T.);
#5606=EDGE_CURVE('',#7144,#7103,#7145,.T.);
#5607=EDGE_CURVE('',#7146,#7144,#7147,.T.);
#5608=EDGE_CURVE('',#7148,#7146,#7149,.T.);
#5609=EDGE_CURVE('',#7098,#7148,#7150,.T.);
#5610=EDGE_CURVE('',#7127,#7151,#7152,.T.);
#5611=EDGE_CURVE('',#6723,#7151,#7153,.T.);
#5612=EDGE_CURVE('',#7151,#7154,#7155,.T.);
#5613=EDGE_CURVE('',#7154,#7156,#7157,.T.);
#5614=EDGE_CURVE('',#7156,#6725,#7158,.T.);
#5615=EDGE_CURVE('',#6669,#7159,#7160,.T.);
#5616=EDGE_CURVE('',#7159,#7161,#7162,.T.);
#5617=EDGE_CURVE('',#7161,#7163,#7164,.T.);
#5618=EDGE_CURVE('',#7163,#6671,#7165,.T.);
#5619=EDGE_CURVE('',#7110,#7166,#7167,.T.);
#5620=EDGE_CURVE('',#7166,#7168,#7169,.T.);
#5621=EDGE_CURVE('',#7168,#7170,#7171,.T.);
#5622=EDGE_CURVE('',#7170,#7112,#7172,.T.);
#5623=EDGE_CURVE('',#7099,#7173,#7174,.T.);
#5624=EDGE_CURVE('',#7173,#7175,#7176,.T.);
#5625=EDGE_CURVE('',#7175,#7177,#7178,.T.);
#5626=EDGE_CURVE('',#7177,#7101,#7179,.T.);
#5627=EDGE_CURVE('',#7123,#7156,#7180,.T.);
#5628=EDGE_CURVE('',#7125,#7154,#7181,.T.);
#5629=EDGE_CURVE('',#7130,#7163,#7182,.T.);
#5630=EDGE_CURVE('',#7132,#7161,#7183,.T.);
#5631=EDGE_CURVE('',#7134,#7159,#7184,.T.);
#5632=EDGE_CURVE('',#7137,#7170,#7185,.T.);
#5633=EDGE_CURVE('',#7139,#7168,#7186,.T.);
#5634=EDGE_CURVE('',#7141,#7166,#7187,.T.);
#5635=EDGE_CURVE('',#7144,#7177,#7188,.T.);
#5636=EDGE_CURVE('',#7146,#7175,#7189,.T.);
#5637=EDGE_CURVE('',#7148,#7173,#7190,.T.);
#5638=EDGE_CURVE('',#7191,#6906,#7192,.T.);
#5639=EDGE_CURVE('',#7193,#7191,#7194,.T.);
#5640=EDGE_CURVE('',#7195,#7193,#7196,.T.);
#5641=EDGE_CURVE('',#6901,#7195,#7197,.T.);
#5642=EDGE_CURVE('',#7198,#6854,#7199,.T.);
#5643=EDGE_CURVE('',#7200,#7198,#7201,.T.);
#5644=EDGE_CURVE('',#7202,#7200,#7203,.T.);
#5645=EDGE_CURVE('',#6849,#7202,#7204,.T.);
#5646=EDGE_CURVE('',#7205,#6947,#7206,.T.);
#5647=EDGE_CURVE('',#7207,#7205,#7208,.T.);
#5648=EDGE_CURVE('',#7209,#7207,#7210,.T.);
#5649=EDGE_CURVE('',#6942,#7209,#7211,.T.);
#5650=EDGE_CURVE('',#7212,#6926,#7213,.T.);
#5651=EDGE_CURVE('',#7214,#7212,#7215,.T.);
#5652=EDGE_CURVE('',#7216,#7214,#7217,.T.);
#5653=EDGE_CURVE('',#6921,#7216,#7218,.T.);
#5654=EDGE_CURVE('',#7195,#7219,#7220,.T.);
#5655=EDGE_CURVE('',#6902,#7219,#7221,.T.);
#5656=EDGE_CURVE('',#7219,#7222,#7223,.T.);
#5657=EDGE_CURVE('',#7222,#7224,#7225,.T.);
#5658=EDGE_CURVE('',#7224,#6904,#7226,.T.);
#5659=EDGE_CURVE('',#6850,#7227,#7228,.T.);
#5660=EDGE_CURVE('',#7227,#7229,#7230,.T.);
#5661=EDGE_CURVE('',#7229,#7231,#7232,.T.);
#5662=EDGE_CURVE('',#7231,#6852,#7233,.T.);
#5663=EDGE_CURVE('',#6943,#7234,#7235,.T.);
#5664=EDGE_CURVE('',#7234,#7236,#7237,.T.);
#5665=EDGE_CURVE('',#7236,#7238,#7239,.T.);
#5666=EDGE_CURVE('',#7238,#6945,#7240,.T.);
#5667=EDGE_CURVE('',#6922,#7241,#7242,.T.);
#5668=EDGE_CURVE('',#7241,#7243,#7244,.T.);
#5669=EDGE_CURVE('',#7243,#7245,#7246,.T.);
#5670=EDGE_CURVE('',#7245,#6924,#7247,.T.);
#5671=EDGE_CURVE('',#7191,#7224,#7248,.T.);
#5672=EDGE_CURVE('',#7193,#7222,#7249,.T.);
#5673=EDGE_CURVE('',#7198,#7231,#7250,.T.);
#5674=EDGE_CURVE('',#7200,#7229,#7251,.T.);
#5675=EDGE_CURVE('',#7202,#7227,#7252,.T.);
#5676=EDGE_CURVE('',#7205,#7238,#7253,.T.);
#5677=EDGE_CURVE('',#7207,#7236,#7254,.T.);
#5678=EDGE_CURVE('',#7209,#7234,#7255,.T.);
#5679=EDGE_CURVE('',#7212,#7245,#7256,.T.);
#5680=EDGE_CURVE('',#7214,#7243,#7257,.T.);
#5681=EDGE_CURVE('',#7216,#7241,#7258,.T.);
#5682=EDGE_CURVE('',#7259,#6878,#7260,.T.);
#5683=EDGE_CURVE('',#7261,#7259,#7262,.T.);
#5684=EDGE_CURVE('',#7263,#7261,#7264,.T.);
#5685=EDGE_CURVE('',#6873,#7263,#7265,.T.);
#5686=EDGE_CURVE('',#7266,#6838,#7267,.T.);
#5687=EDGE_CURVE('',#7268,#7266,#7269,.T.);
#5688=EDGE_CURVE('',#7270,#7268,#7271,.T.);
#5689=EDGE_CURVE('',#6833,#7270,#7272,.T.);
#5690=EDGE_CURVE('',#7273,#6458,#7274,.T.);
#5691=EDGE_CURVE('',#7275,#7273,#7276,.T.);
#5692=EDGE_CURVE('',#7277,#7275,#7278,.T.);
#5693=EDGE_CURVE('',#6453,#7277,#7279,.T.);
#5694=EDGE_CURVE('',#7280,#6437,#7281,.T.);
#5695=EDGE_CURVE('',#7282,#7280,#7283,.T.);
#5696=EDGE_CURVE('',#7284,#7282,#7285,.T.);
#5697=EDGE_CURVE('',#6432,#7284,#7286,.T.);
#5698=EDGE_CURVE('',#7263,#7287,#7288,.T.);
#5699=EDGE_CURVE('',#6874,#7287,#7289,.T.);
#5700=EDGE_CURVE('',#7287,#7290,#7291,.T.);
#5701=EDGE_CURVE('',#7290,#7292,#7293,.T.);
#5702=EDGE_CURVE('',#7292,#6876,#7294,.T.);
#5703=EDGE_CURVE('',#6834,#7295,#7296,.T.);
#5704=EDGE_CURVE('',#7295,#7297,#7298,.T.);
#5705=EDGE_CURVE('',#7297,#7299,#7300,.T.);
#5706=EDGE_CURVE('',#7299,#6836,#7301,.T.);
#5707=EDGE_CURVE('',#6454,#7302,#7303,.T.);
#5708=EDGE_CURVE('',#7302,#7304,#7305,.T.);
#5709=EDGE_CURVE('',#7304,#7306,#7307,.T.);
#5710=EDGE_CURVE('',#7306,#6456,#7308,.T.);
#5711=EDGE_CURVE('',#6433,#7309,#7310,.T.);
#5712=EDGE_CURVE('',#7309,#7311,#7312,.T.);
#5713=EDGE_CURVE('',#7311,#7313,#7314,.T.);
#5714=EDGE_CURVE('',#7313,#6435,#7315,.T.);
#5715=EDGE_CURVE('',#7259,#7292,#7316,.T.);
#5716=EDGE_CURVE('',#7261,#7290,#7317,.T.);
#5717=EDGE_CURVE('',#7266,#7299,#7318,.T.);
#5718=EDGE_CURVE('',#7268,#7297,#7319,.T.);
#5719=EDGE_CURVE('',#7270,#7295,#7320,.T.);
#5720=EDGE_CURVE('',#7273,#7306,#7321,.T.);
#5721=EDGE_CURVE('',#7275,#7304,#7322,.T.);
#5722=EDGE_CURVE('',#7277,#7302,#7323,.T.);
#5723=EDGE_CURVE('',#7280,#7313,#7324,.T.);
#5724=EDGE_CURVE('',#7282,#7311,#7325,.T.);
#5725=EDGE_CURVE('',#7284,#7309,#7326,.T.);
#5726=EDGE_CURVE('',#7327,#6759,#7328,.T.);
#5727=EDGE_CURVE('',#7329,#7327,#7330,.T.);
#5728=EDGE_CURVE('',#7331,#7329,#7332,.T.);
#5729=EDGE_CURVE('',#6754,#7331,#7333,.T.);
#5730=EDGE_CURVE('',#7334,#6695,#7335,.T.);
#5731=EDGE_CURVE('',#7336,#7334,#7337,.T.);
#5732=EDGE_CURVE('',#7338,#7336,#7339,.T.);
#5733=EDGE_CURVE('',#6690,#7338,#7340,.T.);
#5734=EDGE_CURVE('',#7341,#6805,#7342,.T.);
#5735=EDGE_CURVE('',#7343,#7341,#7344,.T.);
#5736=EDGE_CURVE('',#7345,#7343,#7346,.T.);
#5737=EDGE_CURVE('',#6800,#7345,#7347,.T.);
#5738=EDGE_CURVE('',#7348,#6784,#7349,.T.);
#5739=EDGE_CURVE('',#7350,#7348,#7351,.T.);
#5740=EDGE_CURVE('',#7352,#7350,#7353,.T.);
#5741=EDGE_CURVE('',#6779,#7352,#7354,.T.);
#5742=EDGE_CURVE('',#7331,#7355,#7356,.T.);
#5743=EDGE_CURVE('',#6755,#7355,#7357,.T.);
#5744=EDGE_CURVE('',#7355,#7358,#7359,.T.);
#5745=EDGE_CURVE('',#7358,#7360,#7361,.T.);
#5746=EDGE_CURVE('',#7360,#6757,#7362,.T.);
#5747=EDGE_CURVE('',#6691,#7363,#7364,.T.);
#5748=EDGE_CURVE('',#7363,#7365,#7366,.T.);
#5749=EDGE_CURVE('',#7365,#7367,#7368,.T.);
#5750=EDGE_CURVE('',#7367,#6693,#7369,.T.);
#5751=EDGE_CURVE('',#6801,#7370,#7371,.T.);
#5752=EDGE_CURVE('',#7370,#7372,#7373,.T.);
#5753=EDGE_CURVE('',#7372,#7374,#7375,.T.);
#5754=EDGE_CURVE('',#7374,#6803,#7376,.T.);
#5755=EDGE_CURVE('',#6780,#7377,#7378,.T.);
#5756=EDGE_CURVE('',#7377,#7379,#7380,.T.);
#5757=EDGE_CURVE('',#7379,#7381,#7382,.T.);
#5758=EDGE_CURVE('',#7381,#6782,#7383,.T.);
#5759=EDGE_CURVE('',#7327,#7360,#7384,.T.);
#5760=EDGE_CURVE('',#7329,#7358,#7385,.T.);
#5761=EDGE_CURVE('',#7334,#7367,#7386,.T.);
#5762=EDGE_CURVE('',#7336,#7365,#7387,.T.);
#5763=EDGE_CURVE('',#7338,#7363,#7388,.T.);
#5764=EDGE_CURVE('',#7341,#7374,#7389,.T.);
#5765=EDGE_CURVE('',#7343,#7372,#7390,.T.);
#5766=EDGE_CURVE('',#7345,#7370,#7391,.T.);
#5767=EDGE_CURVE('',#7348,#7381,#7392,.T.);
#5768=EDGE_CURVE('',#7350,#7379,#7393,.T.);
#5769=EDGE_CURVE('',#7352,#7377,#7394,.T.);
#5770=EDGE_CURVE('',#6119,#6607,#7395,.T.);
#5771=EDGE_CURVE('',#6123,#6609,#7396,.T.);
#5772=EDGE_CURVE('',#7397,#6643,#7398,.T.);
#5773=EDGE_CURVE('',#7399,#7397,#7400,.T.);
#5774=EDGE_CURVE('',#7401,#7399,#7402,.T.);
#5775=EDGE_CURVE('',#6638,#7401,#7403,.T.);
#5776=EDGE_CURVE('',#7404,#6619,#7405,.T.);
#5777=EDGE_CURVE('',#7406,#7404,#7407,.T.);
#5778=EDGE_CURVE('',#7408,#7406,#7409,.T.);
#5779=EDGE_CURVE('',#6614,#7408,#7410,.T.);
#5780=EDGE_CURVE('',#7411,#6580,#7412,.T.);
#5781=EDGE_CURVE('',#7413,#7411,#7414,.T.);
#5782=EDGE_CURVE('',#7415,#7413,#7416,.T.);
#5783=EDGE_CURVE('',#6575,#7415,#7417,.T.);
#5784=EDGE_CURVE('',#7418,#6601,#7419,.T.);
#5785=EDGE_CURVE('',#7420,#7418,#7421,.T.);
#5786=EDGE_CURVE('',#7422,#7420,#7423,.T.);
#5787=EDGE_CURVE('',#6596,#7422,#7424,.T.);
#5788=EDGE_CURVE('',#7401,#7425,#7426,.T.);
#5789=EDGE_CURVE('',#6639,#7425,#7427,.T.);
#5790=EDGE_CURVE('',#7425,#7428,#7429,.T.);
#5791=EDGE_CURVE('',#7428,#7430,#7431,.T.);
#5792=EDGE_CURVE('',#7430,#6641,#7432,.T.);
#5793=EDGE_CURVE('',#6615,#7433,#7434,.T.);
#5794=EDGE_CURVE('',#7433,#7435,#7436,.T.);
#5795=EDGE_CURVE('',#7435,#7437,#7438,.T.);
#5796=EDGE_CURVE('',#7437,#6617,#7439,.T.);
#5797=EDGE_CURVE('',#7440,#7441,#7442,.T.);
#5798=EDGE_CURVE('',#7441,#7443,#7444,.T.);
#5799=EDGE_CURVE('',#7443,#6578,#7445,.T.);
#5800=EDGE_CURVE('',#6576,#7440,#7446,.T.);
#5801=EDGE_CURVE('',#6597,#7447,#7448,.T.);
#5802=EDGE_CURVE('',#7447,#7449,#7450,.T.);
#5803=EDGE_CURVE('',#7449,#7451,#7452,.T.);
#5804=EDGE_CURVE('',#7451,#6599,#7453,.T.);
#5805=EDGE_CURVE('',#7397,#7430,#7454,.T.);
#5806=EDGE_CURVE('',#7399,#7428,#7455,.T.);
#5807=EDGE_CURVE('',#7404,#7437,#7456,.T.);
#5808=EDGE_CURVE('',#7406,#7435,#7457,.T.);
#5809=EDGE_CURVE('',#7408,#7433,#7458,.T.);
#5810=EDGE_CURVE('',#7415,#7440,#7459,.T.);
#5811=EDGE_CURVE('',#7413,#7441,#7460,.T.);
#5812=EDGE_CURVE('',#7411,#7443,#7461,.T.);
#5813=EDGE_CURVE('',#7418,#7451,#7462,.T.);
#5814=EDGE_CURVE('',#7420,#7449,#7463,.T.);
#5815=EDGE_CURVE('',#7422,#7447,#7464,.T.);
#5816=EDGE_CURVE('',#6228,#7465,#7466,.T.);
#5817=EDGE_CURVE('',#7465,#6218,#7467,.T.);
#5818=EDGE_CURVE('',#6223,#7465,#7468,.T.);
#5819=EDGE_CURVE('',#6111,#7469,#7470,.T.);
#5820=EDGE_CURVE('',#6027,#7469,#7471,.T.);
#5821=EDGE_CURVE('',#7472,#7473,#7474,.T.);
#5822=EDGE_CURVE('',#6091,#7472,#7475,.T.);
#5823=EDGE_CURVE('',#7476,#6092,#7477,.T.);
#5824=EDGE_CURVE('',#7478,#7476,#7479,.T.);
#5825=EDGE_CURVE('',#7473,#7478,#7480,.T.);
#5826=EDGE_CURVE('',#6029,#7481,#7482,.T.);
#5827=EDGE_CURVE('',#7469,#7483,#7484,.T.);
#5828=EDGE_CURVE('',#7483,#6037,#7485,.T.);
#5829=EDGE_CURVE('',#7486,#6035,#7487,.T.);
#5830=EDGE_CURVE('',#7488,#7486,#7489,.T.);
#5831=EDGE_CURVE('',#7488,#7490,#7491,.T.);
#5832=EDGE_CURVE('',#7481,#7490,#7492,.T.);
#5833=EDGE_CURVE('',#7493,#7494,#7495,.T.);
#5834=EDGE_CURVE('',#7496,#7494,#7497,.T.);
#5835=EDGE_CURVE('',#7496,#7498,#7499,.T.);
#5836=EDGE_CURVE('',#7473,#7498,#7500,.T.);
#5837=EDGE_CURVE('',#7478,#7501,#7502,.T.);
#5838=EDGE_CURVE('',#7501,#7503,#7504,.T.);
#5839=EDGE_CURVE('',#7503,#7493,#7505,.T.);
#5840=EDGE_CURVE('',#7506,#7507,#7508,.T.);
#5841=EDGE_CURVE('',#7507,#7509,#7510,.T.);
#5842=EDGE_CURVE('',#7509,#7493,#7511,.T.);
#5843=EDGE_CURVE('',#7503,#7512,#7513,.T.);
#5844=EDGE_CURVE('',#7512,#7506,#7514,.T.);
#5845=EDGE_CURVE('',#7515,#7512,#7516,.T.);
#5846=EDGE_CURVE('',#7517,#7515,#7518,.T.);
#5847=EDGE_CURVE('',#7517,#7506,#7519,.T.);
#5848=EDGE_CURVE('',#7520,#7521,#7522,.T.);
#5849=EDGE_CURVE('',#7523,#7521,#7524,.T.);
#5850=EDGE_CURVE('',#7525,#7523,#7526,.T.);
#5851=EDGE_CURVE('',#7525,#7520,#7527,.T.);
#5852=EDGE_CURVE('',#7528,#7529,#7530,.T.);
#5853=EDGE_CURVE('',#7531,#7528,#7532,.T.);
#5854=EDGE_CURVE('',#7531,#7533,#7534,.T.);
#5855=EDGE_CURVE('',#7533,#7529,#7535,.T.);
#5856=EDGE_CURVE('',#7536,#7537,#7538,.T.);
#5857=EDGE_CURVE('',#7539,#7537,#7540,.T.);
#5858=EDGE_CURVE('',#7541,#7539,#7542,.T.);
#5859=EDGE_CURVE('',#7536,#7541,#7543,.T.);
#5860=EDGE_CURVE('',#7517,#7544,#7545,.T.);
#5861=EDGE_CURVE('',#7544,#7546,#7547,.T.);
#5862=EDGE_CURVE('',#7546,#7548,#7549,.T.);
#5863=EDGE_CURVE('',#7548,#7507,#7550,.T.);
#5864=EDGE_CURVE('',#7551,#7552,#7553,.T.);
#5865=EDGE_CURVE('',#7552,#7554,#7555,.T.);
#5866=EDGE_CURVE('',#7554,#7556,#7557,.T.);
#5867=EDGE_CURVE('',#7556,#7521,#7558,.T.);
#5868=EDGE_CURVE('',#7520,#7551,#7559,.T.);
#5869=EDGE_CURVE('',#7560,#7548,#7561,.T.);
#5870=EDGE_CURVE('',#7560,#7562,#7563,.T.);
#5871=EDGE_CURVE('',#7562,#7552,#7564,.T.);
#5872=EDGE_CURVE('',#7551,#7565,#7566,.T.);
#5873=EDGE_CURVE('',#7509,#7565,#7567,.T.);
#5874=EDGE_CURVE('',#7565,#7494,#7568,.T.);
#5875=EDGE_CURVE('',#7496,#7525,#7569,.T.);
#5876=EDGE_CURVE('',#7570,#7501,#7571,.T.);
#5877=EDGE_CURVE('',#7570,#7572,#7573,.T.);
#5878=EDGE_CURVE('',#7572,#7515,#7574,.T.);
#5879=EDGE_CURVE('',#7523,#7575,#7576,.T.);
#5880=EDGE_CURVE('',#7575,#7577,#7578,.T.);
#5881=EDGE_CURVE('',#7498,#7577,#7579,.T.);
#5882=EDGE_CURVE('',#7572,#7544,#7580,.T.);
#5883=EDGE_CURVE('',#7570,#7546,#7581,.T.);
#5884=EDGE_CURVE('',#7501,#7548,#7582,.T.);
#5885=EDGE_CURVE('',#7552,#7498,#7583,.T.);
#5886=EDGE_CURVE('',#7577,#7554,#7584,.T.);
#5887=EDGE_CURVE('',#7472,#7562,#7585,.T.);
#5888=EDGE_CURVE('',#7476,#7560,#7586,.T.);
#5889=EDGE_CURVE('',#7562,#6094,#7587,.T.);
#5890=EDGE_CURVE('',#6096,#7560,#7588,.T.);
#5891=EDGE_CURVE('',#7589,#6031,#7590,.T.);
#5892=EDGE_CURVE('',#7589,#7591,#7592,.T.);
#5893=EDGE_CURVE('',#6033,#7591,#7593,.T.);
#5894=EDGE_CURVE('',#7486,#7591,#7594,.T.);
#5895=EDGE_CURVE('',#7490,#7595,#7596,.T.);
#5896=EDGE_CURVE('',#7597,#7595,#7598,.T.);
#5897=EDGE_CURVE('',#7589,#7597,#7599,.T.);
#5898=EDGE_CURVE('',#7481,#7589,#7600,.T.);
#5899=EDGE_CURVE('',#7591,#7601,#7602,.T.);
#5900=EDGE_CURVE('',#7603,#7601,#7604,.T.);
#5901=EDGE_CURVE('',#7488,#7603,#7605,.T.);
#5902=EDGE_CURVE('',#7606,#7607,#7608,.T.);
#5903=EDGE_CURVE('',#7606,#7601,#7609,.T.);
#5904=EDGE_CURVE('',#7597,#7610,#7611,.T.);
#5905=EDGE_CURVE('',#7610,#7612,#7613,.T.);
#5906=EDGE_CURVE('',#7607,#7612,#7614,.T.);
#5907=EDGE_CURVE('',#7612,#7615,#7616,.T.);
#5908=EDGE_CURVE('',#7617,#7615,#7618,.T.);
#5909=EDGE_CURVE('',#7607,#7617,#7619,.T.);
#5910=EDGE_CURVE('',#7606,#7541,#7620,.T.);
#5911=EDGE_CURVE('',#7621,#7617,#7622,.T.);
#5912=EDGE_CURVE('',#7536,#7621,#7623,.T.);
#5913=EDGE_CURVE('',#7531,#7624,#7625,.T.);
#5914=EDGE_CURVE('',#7624,#7626,#7627,.T.);
#5915=EDGE_CURVE('',#7626,#7595,#7628,.T.);
#5916=EDGE_CURVE('',#7595,#7629,#7630,.T.);
#5917=EDGE_CURVE('',#7533,#7629,#7631,.T.);
#5918=EDGE_CURVE('',#7621,#7603,#7632,.T.);
#5919=EDGE_CURVE('',#7603,#7633,#7634,.T.);
#5920=EDGE_CURVE('',#7633,#7635,#7636,.T.);
#5921=EDGE_CURVE('',#7635,#7537,#7637,.T.);
#5922=EDGE_CURVE('',#7629,#7615,#7638,.T.);
#5923=EDGE_CURVE('',#7610,#7529,#7639,.T.);
#5924=EDGE_CURVE('',#7640,#7597,#7641,.T.);
#5925=EDGE_CURVE('',#7640,#7642,#7643,.T.);
#5926=EDGE_CURVE('',#7642,#7528,#7644,.T.);
#5927=EDGE_CURVE('',#7539,#7645,#7646,.T.);
#5928=EDGE_CURVE('',#7645,#7647,#7648,.T.);
#5929=EDGE_CURVE('',#7601,#7647,#7649,.T.);
#5930=EDGE_CURVE('',#7642,#7624,#7650,.T.);
#5931=EDGE_CURVE('',#7640,#7626,#7651,.T.);
#5932=EDGE_CURVE('',#7647,#7633,#7652,.T.);
#5933=EDGE_CURVE('',#7645,#7635,#7653,.T.);
#5934=EDGE_CURVE('',#7575,#7556,#7654,.T.);
#5935=EDGE_CURVE('',#6109,#7483,#7655,.T.);
#5936=CARTESIAN_POINT('',(8.4,0.0,-2.95));
#5937=DIRECTION('',(0.0,1.0,0.0));
#5938=DIRECTION('',(-1.0,0.0,0.0));
#5939=CARTESIAN_POINT('',(8.4,0.0,-2.95));
#5940=DIRECTION('',(-0.0,1.0,0.0));
#5941=DIRECTION('',(1.0,0.0,0.0));
#5942=CARTESIAN_POINT('',(8.4,0.0,2.55));
#5943=DIRECTION('',(0.0,1.0,0.0));
#5944=DIRECTION('',(-1.0,0.0,0.0));
#5945=CARTESIAN_POINT('',(8.4,0.0,2.55));
#5946=DIRECTION('',(-0.0,1.0,0.0));
#5947=DIRECTION('',(1.0,0.0,0.0));
#5948=CARTESIAN_POINT('',(4.2,0.0,-2.95));
#5949=DIRECTION('',(0.0,1.0,0.0));
#5950=DIRECTION('',(-1.0,0.0,0.0));
#5951=CARTESIAN_POINT('',(4.2,0.0,-2.95));
#5952=DIRECTION('',(-0.0,1.0,0.0));
#5953=DIRECTION('',(1.0,0.0,0.0));
#5954=CARTESIAN_POINT('',(4.2,0.0,2.55));
#5955=DIRECTION('',(0.0,1.0,0.0));
#5956=DIRECTION('',(-1.0,0.0,0.0));
#5957=CARTESIAN_POINT('',(4.2,0.0,2.55));
#5958=DIRECTION('',(-0.0,1.0,0.0));
#5959=DIRECTION('',(1.0,0.0,0.0));
#5960=CARTESIAN_POINT('',(0.0,0.0,-2.95));
#5961=DIRECTION('',(0.0,1.0,0.0));
#5962=DIRECTION('',(-1.0,0.0,0.0));
#5963=CARTESIAN_POINT('',(0.0,0.0,-2.95));
#5964=DIRECTION('',(-0.0,1.0,0.0));
#5965=DIRECTION('',(1.0,0.0,0.0));
#5966=CARTESIAN_POINT('',(0.0,0.0,2.55));
#5967=DIRECTION('',(0.0,1.0,0.0));
#5968=DIRECTION('',(-1.0,0.0,0.0));
#5969=CARTESIAN_POINT('',(0.0,0.0,2.55));
#5970=DIRECTION('',(-0.0,1.0,0.0));
#5971=DIRECTION('',(1.0,0.0,0.0));
#5972=CARTESIAN_POINT('',(-4.2,0.0,-2.95));
#5973=DIRECTION('',(0.0,1.0,0.0));
#5974=DIRECTION('',(-1.0,0.0,0.0));
#5975=CARTESIAN_POINT('',(-4.2,0.0,-2.95));
#5976=DIRECTION('',(-0.0,1.0,0.0));
#5977=DIRECTION('',(1.0,0.0,0.0));
#5978=CARTESIAN_POINT('',(-4.2,0.0,2.55));
#5979=DIRECTION('',(0.0,1.0,0.0));
#5980=DIRECTION('',(-1.0,0.0,0.0));
#5981=CARTESIAN_POINT('',(-4.2,0.0,2.55));
#5982=DIRECTION('',(-0.0,1.0,0.0));
#5983=DIRECTION('',(1.0,0.0,0.0));
#5984=CARTESIAN_POINT('',(-8.4,0.0,-2.95));
#5985=DIRECTION('',(0.0,1.0,0.0));
#5986=DIRECTION('',(-1.0,0.0,0.0));
#5987=CARTESIAN_POINT('',(-8.4,0.0,-2.95));
#5988=DIRECTION('',(-0.0,1.0,0.0));
#5989=DIRECTION('',(1.0,0.0,0.0));
#5990=CARTESIAN_POINT('',(-8.4,0.0,2.55));
#5991=DIRECTION('',(0.0,1.0,0.0));
#5992=DIRECTION('',(-1.0,0.0,0.0));
#5993=CARTESIAN_POINT('',(-8.4,0.0,2.55));
#5994=DIRECTION('',(-0.0,1.0,0.0));
#5995=DIRECTION('',(1.0,0.0,0.0));
#5996=CARTESIAN_POINT('',(-13.1,0.0,-2.49));
#5997=DIRECTION('',(0.0,1.0,0.0));
#5998=DIRECTION('',(-1.0,0.0,0.0));
#5999=CARTESIAN_POINT('',(-13.1,0.0,-2.49));
#6000=DIRECTION('',(-0.0,1.0,0.0));
#6001=DIRECTION('',(1.0,0.0,0.0));
#6002=CARTESIAN_POINT('',(13.1,0.0,-2.49));
#6003=DIRECTION('',(0.0,1.0,0.0));
#6004=DIRECTION('',(-1.0,0.0,0.0));
#6005=CARTESIAN_POINT('',(13.1,0.0,-2.49));
#6006=DIRECTION('',(-0.0,1.0,0.0));
#6007=DIRECTION('',(1.0,0.0,0.0));
#6008=DIRECTION('',(0.0,-1.0,0.0));
#6009=DIRECTION('',(0.0,-1.0,0.0));
#6010=VERTEX_POINT('',#7656);
#6011=VERTEX_POINT('',#7657);
#6012=LINE('',#7658,#7659);
#6013=VERTEX_POINT('',#7660);
#6014=CIRCLE('',#7661,0.4);
#6015=VERTEX_POINT('',#7662);
#6016=LINE('',#7663,#7664);
#6017=CIRCLE('',#7665,0.4);
#6018=VERTEX_POINT('',#7666);
#6019=VERTEX_POINT('',#7667);
#6020=LINE('',#7668,#7669);
#6021=VERTEX_POINT('',#7670);
#6022=LINE('',#7671,#7672);
#6023=VERTEX_POINT('',#7673);
#6024=LINE('',#7674,#7675);
#6025=VERTEX_POINT('',#7676);
#6026=LINE('',#7677,#7678);
#6027=VERTEX_POINT('',#7679);
#6028=LINE('',#7680,#7681);
#6029=VERTEX_POINT('',#7682);
#6030=LINE('',#7683,#7684);
#6031=VERTEX_POINT('',#7685);
#6032=LINE('',#7686,#7687);
#6033=VERTEX_POINT('',#7688);
#6034=LINE('',#7689,#7690);
#6035=VERTEX_POINT('',#7691);
#6036=LINE('',#7692,#7693);
#6037=VERTEX_POINT('',#7694);
#6038=LINE('',#7695,#7696);
#6039=VERTEX_POINT('',#7697);
#6040=LINE('',#7698,#7699);
#6041=VERTEX_POINT('',#7700);
#6042=LINE('',#7701,#7702);
#6043=VERTEX_POINT('',#7703);
#6044=LINE('',#7704,#7705);
#6045=VERTEX_POINT('',#7706);
#6046=LINE('',#7707,#7708);
#6047=VERTEX_POINT('',#7709);
#6048=LINE('',#7710,#7711);
#6049=LINE('',#7712,#7713);
#6050=VERTEX_POINT('',#7714);
#6051=CIRCLE('',#7715,0.4);
#6052=VERTEX_POINT('',#7716);
#6053=LINE('',#7717,#7718);
#6054=VERTEX_POINT('',#7719);
#6055=LINE('',#7720,#7721);
#6056=VERTEX_POINT('',#7722);
#6057=LINE('',#7723,#7724);
#6058=VERTEX_POINT('',#7725);
#6059=LINE('',#7726,#7727);
#6060=VERTEX_POINT('',#7728);
#6061=LINE('',#7729,#7730);
#6062=VERTEX_POINT('',#7731);
#6063=LINE('',#7732,#7733);
#6064=VERTEX_POINT('',#7734);
#6065=LINE('',#7735,#7736);
#6066=VERTEX_POINT('',#7737);
#6067=LINE('',#7738,#7739);
#6068=LINE('',#7740,#7741);
#6069=VERTEX_POINT('',#7742);
#6070=LINE('',#7743,#7744);
#6071=VERTEX_POINT('',#7745);
#6072=LINE('',#7746,#7747);
#6073=VERTEX_POINT('',#7748);
#6074=LINE('',#7749,#7750);
#6075=VERTEX_POINT('',#7751);
#6076=LINE('',#7752,#7753);
#6077=VERTEX_POINT('',#7754);
#6078=LINE('',#7755,#7756);
#6079=VERTEX_POINT('',#7757);
#6080=LINE('',#7758,#7759);
#6081=LINE('',#7760,#7761);
#6082=VERTEX_POINT('',#7762);
#6083=LINE('',#7763,#7764);
#6084=VERTEX_POINT('',#7765);
#6085=LINE('',#7766,#7767);
#6086=VERTEX_POINT('',#7768);
#6087=LINE('',#7769,#7770);
#6088=VERTEX_POINT('',#7771);
#6089=LINE('',#7772,#7773);
#6090=LINE('',#7774,#7775);
#6091=VERTEX_POINT('',#7776);
#6092=VERTEX_POINT('',#7777);
#6093=LINE('',#7778,#7779);
#6094=VERTEX_POINT('',#7780);
#6095=LINE('',#7781,#7782);
#6096=VERTEX_POINT('',#7783);
#6097=LINE('',#7784,#7785);
#6098=LINE('',#7786,#7787);
#6099=VERTEX_POINT('',#7788);
#6100=LINE('',#7789,#7790);
#6101=VERTEX_POINT('',#7791);
#6102=LINE('',#7792,#7793);
#6103=VERTEX_POINT('',#7794);
#6104=LINE('',#7795,#7796);
#6105=LINE('',#7797,#7798);
#6106=CIRCLE('',#7799,0.4);
#6107=VERTEX_POINT('',#7800);
#6108=LINE('',#7801,#7802);
#6109=VERTEX_POINT('',#7803);
#6110=LINE('',#7804,#7805);
#6111=VERTEX_POINT('',#7806);
#6112=LINE('',#7807,#7808);
#6113=LINE('',#7809,#7810);
#6114=LINE('',#7811,#7812);
#6115=VERTEX_POINT('',#7813);
#6116=LINE('',#7814,#7815);
#6117=LINE('',#7816,#7817);
#6118=VERTEX_POINT('',#7818);
#6119=VERTEX_POINT('',#7819);
#6120=LINE('',#7820,#7821);
#6121=VERTEX_POINT('',#7822);
#6122=LINE('',#7823,#7824);
#6123=VERTEX_POINT('',#7825);
#6124=LINE('',#7826,#7827);
#6125=LINE('',#7828,#7829);
#6126=VERTEX_POINT('',#7830);
#6127=VERTEX_POINT('',#7831);
#6128=LINE('',#7832,#7833);
#6129=VERTEX_POINT('',#7834);
#6130=LINE('',#7835,#7836);
#6131=VERTEX_POINT('',#7837);
#6132=LINE('',#7838,#7839);
#6133=VERTEX_POINT('',#7840);
#6134=LINE('',#7841,#7842);
#6135=VERTEX_POINT('',#7843);
#6136=LINE('',#7844,#7845);
#6137=LINE('',#7846,#7847);
#6138=VERTEX_POINT('',#7848);
#6139=VERTEX_POINT('',#7849);
#6140=LINE('',#7850,#7851);
#6141=VERTEX_POINT('',#7852);
#6142=LINE('',#7853,#7854);
#6143=VERTEX_POINT('',#7855);
#6144=LINE('',#7856,#7857);
#6145=LINE('',#7858,#7859);
#6146=VERTEX_POINT('',#7860);
#6147=VERTEX_POINT('',#7861);
#6148=LINE('',#7862,#7863);
#6149=VERTEX_POINT('',#7864);
#6150=LINE('',#7865,#7866);
#6151=VERTEX_POINT('',#7867);
#6152=LINE('',#7868,#7869);
#6153=VERTEX_POINT('',#7870);
#6154=LINE('',#7871,#7872);
#6155=VERTEX_POINT('',#7873);
#6156=LINE('',#7874,#7875);
#6157=LINE('',#7876,#7877);
#6158=VERTEX_POINT('',#7878);
#6159=VERTEX_POINT('',#7879);
#6160=LINE('',#7880,#7881);
#6161=VERTEX_POINT('',#7882);
#6162=LINE('',#7883,#7884);
#6163=VERTEX_POINT('',#7885);
#6164=LINE('',#7886,#7887);
#6165=VERTEX_POINT('',#7888);
#6166=LINE('',#7889,#7890);
#6167=VERTEX_POINT('',#7891);
#6168=LINE('',#7892,#7893);
#6169=LINE('',#7894,#7895);
#6170=VERTEX_POINT('',#7896);
#6171=VERTEX_POINT('',#7897);
#6172=LINE('',#7898,#7899);
#6173=VERTEX_POINT('',#7900);
#6174=LINE('',#7901,#7902);
#6175=VERTEX_POINT('',#7903);
#6176=LINE('',#7904,#7905);
#6177=LINE('',#7906,#7907);
#6178=VERTEX_POINT('',#7908);
#6179=VERTEX_POINT('',#7909);
#6180=LINE('',#7910,#7911);
#6181=VERTEX_POINT('',#7912);
#6182=LINE('',#7913,#7914);
#6183=VERTEX_POINT('',#7915);
#6184=LINE('',#7916,#7917);
#6185=LINE('',#7918,#7919);
#6186=VERTEX_POINT('',#7920);
#6187=VERTEX_POINT('',#7921);
#6188=LINE('',#7922,#7923);
#6189=VERTEX_POINT('',#7924);
#6190=LINE('',#7925,#7926);
#6191=VERTEX_POINT('',#7927);
#6192=LINE('',#7928,#7929);
#6193=VERTEX_POINT('',#7930);
#6194=LINE('',#7931,#7932);
#6195=VERTEX_POINT('',#7933);
#6196=LINE('',#7934,#7935);
#6197=LINE('',#7936,#7937);
#6198=VERTEX_POINT('',#7938);
#6199=VERTEX_POINT('',#7939);
#6200=LINE('',#7940,#7941);
#6201=VERTEX_POINT('',#7942);
#6202=LINE('',#7943,#7944);
#6203=VERTEX_POINT('',#7945);
#6204=LINE('',#7946,#7947);
#6205=VERTEX_POINT('',#7948);
#6206=LINE('',#7949,#7950);
#6207=VERTEX_POINT('',#7951);
#6208=LINE('',#7952,#7953);
#6209=LINE('',#7954,#7955);
#6210=VERTEX_POINT('',#7956);
#6211=VERTEX_POINT('',#7957);
#6212=LINE('',#7958,#7959);
#6213=VERTEX_POINT('',#7960);
#6214=LINE('',#7961,#7962);
#6215=VERTEX_POINT('',#7963);
#6216=LINE('',#7964,#7965);
#6217=LINE('',#7966,#7967);
#6218=VERTEX_POINT('',#7968);
#6219=LINE('',#7969,#7970);
#6220=VERTEX_POINT('',#7971);
#6221=LINE('',#7972,#7973);
#6222=LINE('',#7974,#7975);
#6223=VERTEX_POINT('',#7976);
#6224=LINE('',#7977,#7978);
#6225=VERTEX_POINT('',#7979);
#6226=LINE('',#7980,#7981);
#6227=LINE('',#7982,#7983);
#6228=VERTEX_POINT('',#7984);
#6229=LINE('',#7985,#7986);
#6230=LINE('',#7987,#7988);
#6231=VERTEX_POINT('',#7989);
#6232=LINE('',#7990,#7991);
#6233=VERTEX_POINT('',#7992);
#6234=LINE('',#7993,#7994);
#6235=VERTEX_POINT('',#7995);
#6236=LINE('',#7996,#7997);
#6237=VERTEX_POINT('',#7998);
#6238=LINE('',#7999,#8000);
#6239=VERTEX_POINT('',#8001);
#6240=LINE('',#8002,#8003);
#6241=VERTEX_POINT('',#8004);
#6242=LINE('',#8005,#8006);
#6243=VERTEX_POINT('',#8007);
#6244=LINE('',#8008,#8009);
#6245=VERTEX_POINT('',#8010);
#6246=LINE('',#8011,#8012);
#6247=VERTEX_POINT('',#8013);
#6248=LINE('',#8014,#8015);
#6249=VERTEX_POINT('',#8016);
#6250=LINE('',#8017,#8018);
#6251=VERTEX_POINT('',#8019);
#6252=LINE('',#8020,#8021);
#6253=VERTEX_POINT('',#8022);
#6254=LINE('',#8023,#8024);
#6255=VERTEX_POINT('',#8025);
#6256=LINE('',#8026,#8027);
#6257=VERTEX_POINT('',#8028);
#6258=LINE('',#8029,#8030);
#6259=VERTEX_POINT('',#8031);
#6260=LINE('',#8032,#8033);
#6261=VERTEX_POINT('',#8034);
#6262=LINE('',#8035,#8036);
#6263=VERTEX_POINT('',#8037);
#6264=LINE('',#8038,#8039);
#6265=VERTEX_POINT('',#8040);
#6266=LINE('',#8041,#8042);
#6267=VERTEX_POINT('',#8043);
#6268=LINE('',#8044,#8045);
#6269=VERTEX_POINT('',#8046);
#6270=LINE('',#8047,#8048);
#6271=LINE('',#8049,#8050);
#6272=VERTEX_POINT('',#8051);
#6273=VERTEX_POINT('',#8052);
#6274=LINE('',#8053,#8054);
#6275=VERTEX_POINT('',#8055);
#6276=LINE('',#8056,#8057);
#6277=VERTEX_POINT('',#8058);
#6278=LINE('',#8059,#8060);
#6279=LINE('',#8061,#8062);
#6280=VERTEX_POINT('',#8063);
#6281=VERTEX_POINT('',#8064);
#6282=LINE('',#8065,#8066);
#6283=LINE('',#8067,#8068);
#6284=LINE('',#8069,#8070);
#6285=VERTEX_POINT('',#8071);
#6286=LINE('',#8072,#8073);
#6287=LINE('',#8074,#8075);
#6288=VERTEX_POINT('',#8076);
#6289=VERTEX_POINT('',#8077);
#6290=LINE('',#8078,#8079);
#6291=VERTEX_POINT('',#8080);
#6292=LINE('',#8081,#8082);
#6293=VERTEX_POINT('',#8083);
#6294=LINE('',#8084,#8085);
#6295=LINE('',#8086,#8087);
#6296=VERTEX_POINT('',#8088);
#6297=LINE('',#8089,#8090);
#6298=VERTEX_POINT('',#8091);
#6299=LINE('',#8092,#8093);
#6300=LINE('',#8094,#8095);
#6301=VERTEX_POINT('',#8096);
#6302=VERTEX_POINT('',#8097);
#6303=LINE('',#8098,#8099);
#6304=VERTEX_POINT('',#8100);
#6305=LINE('',#8101,#8102);
#6306=VERTEX_POINT('',#8103);
#6307=LINE('',#8104,#8105);
#6308=LINE('',#8106,#8107);
#6309=VERTEX_POINT('',#8108);
#6310=LINE('',#8109,#8110);
#6311=VERTEX_POINT('',#8111);
#6312=LINE('',#8112,#8113);
#6313=LINE('',#8114,#8115);
#6314=VERTEX_POINT('',#8116);
#6315=VERTEX_POINT('',#8117);
#6316=LINE('',#8118,#8119);
#6317=VERTEX_POINT('',#8120);
#6318=LINE('',#8121,#8122);
#6319=VERTEX_POINT('',#8123);
#6320=LINE('',#8124,#8125);
#6321=LINE('',#8126,#8127);
#6322=VERTEX_POINT('',#8128);
#6323=LINE('',#8129,#8130);
#6324=VERTEX_POINT('',#8131);
#6325=LINE('',#8132,#8133);
#6326=LINE('',#8134,#8135);
#6327=VERTEX_POINT('',#8136);
#6328=LINE('',#8137,#8138);
#6329=VERTEX_POINT('',#8139);
#6330=LINE('',#8140,#8141);
#6331=LINE('',#8142,#8143);
#6332=VERTEX_POINT('',#8144);
#6333=VERTEX_POINT('',#8145);
#6334=LINE('',#8146,#8147);
#6335=VERTEX_POINT('',#8148);
#6336=LINE('',#8149,#8150);
#6337=VERTEX_POINT('',#8151);
#6338=LINE('',#8152,#8153);
#6339=LINE('',#8154,#8155);
#6340=VERTEX_POINT('',#8156);
#6341=LINE('',#8157,#8158);
#6342=LINE('',#8159,#8160);
#6343=VERTEX_POINT('',#8161);
#6344=LINE('',#8162,#8163);
#6345=VERTEX_POINT('',#8164);
#6346=LINE('',#8165,#8166);
#6347=LINE('',#8167,#8168);
#6348=VERTEX_POINT('',#8169);
#6349=LINE('',#8170,#8171);
#6350=LINE('',#8172,#8173);
#6351=LINE('',#8174,#8175);
#6352=VERTEX_POINT('',#8176);
#6353=LINE('',#8177,#8178);
#6354=VERTEX_POINT('',#8179);
#6355=LINE('',#8180,#8181);
#6356=VERTEX_POINT('',#8182);
#6357=LINE('',#8183,#8184);
#6358=VERTEX_POINT('',#8185);
#6359=LINE('',#8186,#8187);
#6360=VERTEX_POINT('',#8188);
#6361=LINE('',#8189,#8190);
#6362=VERTEX_POINT('',#8191);
#6363=LINE('',#8192,#8193);
#6364=VERTEX_POINT('',#8194);
#6365=LINE('',#8195,#8196);
#6366=VERTEX_POINT('',#8197);
#6367=LINE('',#8198,#8199);
#6368=VERTEX_POINT('',#8200);
#6369=LINE('',#8201,#8202);
#6370=VERTEX_POINT('',#8203);
#6371=LINE('',#8204,#8205);
#6372=VERTEX_POINT('',#8206);
#6373=LINE('',#8207,#8208);
#6374=VERTEX_POINT('',#8209);
#6375=LINE('',#8210,#8211);
#6376=VERTEX_POINT('',#8212);
#6377=LINE('',#8213,#8214);
#6378=VERTEX_POINT('',#8215);
#6379=LINE('',#8216,#8217);
#6380=VERTEX_POINT('',#8218);
#6381=LINE('',#8219,#8220);
#6382=VERTEX_POINT('',#8221);
#6383=LINE('',#8222,#8223);
#6384=VERTEX_POINT('',#8224);
#6385=LINE('',#8225,#8226);
#6386=VERTEX_POINT('',#8227);
#6387=LINE('',#8228,#8229);
#6388=VERTEX_POINT('',#8230);
#6389=LINE('',#8231,#8232);
#6390=VERTEX_POINT('',#8233);
#6391=LINE('',#8234,#8235);
#6392=VERTEX_POINT('',#8236);
#6393=LINE('',#8237,#8238);
#6394=VERTEX_POINT('',#8239);
#6395=LINE('',#8240,#8241);
#6396=VERTEX_POINT('',#8242);
#6397=LINE('',#8243,#8244);
#6398=VERTEX_POINT('',#8245);
#6399=LINE('',#8246,#8247);
#6400=VERTEX_POINT('',#8248);
#6401=LINE('',#8249,#8250);
#6402=VERTEX_POINT('',#8251);
#6403=LINE('',#8252,#8253);
#6404=VERTEX_POINT('',#8254);
#6405=LINE('',#8255,#8256);
#6406=VERTEX_POINT('',#8257);
#6407=LINE('',#8258,#8259);
#6408=VERTEX_POINT('',#8260);
#6409=LINE('',#8261,#8262);
#6410=VERTEX_POINT('',#8263);
#6411=LINE('',#8264,#8265);
#6412=VERTEX_POINT('',#8266);
#6413=LINE('',#8267,#8268);
#6414=VERTEX_POINT('',#8269);
#6415=LINE('',#8270,#8271);
#6416=VERTEX_POINT('',#8272);
#6417=LINE('',#8273,#8274);
#6418=LINE('',#8275,#8276);
#6419=VERTEX_POINT('',#8277);
#6420=LINE('',#8278,#8279);
#6421=VERTEX_POINT('',#8280);
#6422=LINE('',#8281,#8282);
#6423=VERTEX_POINT('',#8283);
#6424=LINE('',#8284,#8285);
#6425=VERTEX_POINT('',#8286);
#6426=LINE('',#8287,#8288);
#6427=VERTEX_POINT('',#8289);
#6428=LINE('',#8290,#8291);
#6429=VERTEX_POINT('',#8292);
#6430=LINE('',#8293,#8294);
#6431=LINE('',#8295,#8296);
#6432=VERTEX_POINT('',#8297);
#6433=VERTEX_POINT('',#8298);
#6434=LINE('',#8299,#8300);
#6435=VERTEX_POINT('',#8301);
#6436=LINE('',#8302,#8303);
#6437=VERTEX_POINT('',#8304);
#6438=LINE('',#8305,#8306);
#6439=LINE('',#8307,#8308);
#6440=VERTEX_POINT('',#8309);
#6441=VERTEX_POINT('',#8310);
#6442=LINE('',#8311,#8312);
#6443=VERTEX_POINT('',#8313);
#6444=LINE('',#8314,#8315);
#6445=VERTEX_POINT('',#8316);
#6446=LINE('',#8317,#8318);
#6447=VERTEX_POINT('',#8319);
#6448=LINE('',#8320,#8321);
#6449=LINE('',#8322,#8323);
#6450=VERTEX_POINT('',#8324);
#6451=LINE('',#8325,#8326);
#6452=LINE('',#8327,#8328);
#6453=VERTEX_POINT('',#8329);
#6454=VERTEX_POINT('',#8330);
#6455=LINE('',#8331,#8332);
#6456=VERTEX_POINT('',#8333);
#6457=LINE('',#8334,#8335);
#6458=VERTEX_POINT('',#8336);
#6459=LINE('',#8337,#8338);
#6460=LINE('',#8339,#8340);
#6461=LINE('',#8341,#8342);
#6462=LINE('',#8343,#8344);
#6463=VERTEX_POINT('',#8345);
#6464=LINE('',#8346,#8347);
#6465=VERTEX_POINT('',#8348);
#6466=LINE('',#8349,#8350);
#6467=LINE('',#8351,#8352);
#6468=VERTEX_POINT('',#8353);
#6469=VERTEX_POINT('',#8354);
#6470=LINE('',#8355,#8356);
#6471=VERTEX_POINT('',#8357);
#6472=LINE('',#8358,#8359);
#6473=VERTEX_POINT('',#8360);
#6474=LINE('',#8361,#8362);
#6475=VERTEX_POINT('',#8363);
#6476=LINE('',#8364,#8365);
#6477=VERTEX_POINT('',#8366);
#6478=LINE('',#8367,#8368);
#6479=VERTEX_POINT('',#8369);
#6480=LINE('',#8370,#8371);
#6481=VERTEX_POINT('',#8372);
#6482=LINE('',#8373,#8374);
#6483=LINE('',#8375,#8376);
#6484=VERTEX_POINT('',#8377);
#6485=LINE('',#8378,#8379);
#6486=VERTEX_POINT('',#8380);
#6487=LINE('',#8381,#8382);
#6488=LINE('',#8383,#8384);
#6489=VERTEX_POINT('',#8385);
#6490=LINE('',#8386,#8387);
#6491=VERTEX_POINT('',#8388);
#6492=LINE('',#8389,#8390);
#6493=VERTEX_POINT('',#8391);
#6494=LINE('',#8392,#8393);
#6495=VERTEX_POINT('',#8394);
#6496=LINE('',#8395,#8396);
#6497=VERTEX_POINT('',#8397);
#6498=LINE('',#8398,#8399);
#6499=VERTEX_POINT('',#8400);
#6500=LINE('',#8401,#8402);
#6501=VERTEX_POINT('',#8403);
#6502=LINE('',#8404,#8405);
#6503=VERTEX_POINT('',#8406);
#6504=LINE('',#8407,#8408);
#6505=VERTEX_POINT('',#8409);
#6506=LINE('',#8410,#8411);
#6507=VERTEX_POINT('',#8412);
#6508=LINE('',#8413,#8414);
#6509=LINE('',#8415,#8416);
#6510=VERTEX_POINT('',#8417);
#6511=LINE('',#8418,#8419);
#6512=VERTEX_POINT('',#8420);
#6513=LINE('',#8421,#8422);
#6514=VERTEX_POINT('',#8423);
#6515=LINE('',#8424,#8425);
#6516=VERTEX_POINT('',#8426);
#6517=LINE('',#8427,#8428);
#6518=VERTEX_POINT('',#8429);
#6519=LINE('',#8430,#8431);
#6520=VERTEX_POINT('',#8432);
#6521=LINE('',#8433,#8434);
#6522=VERTEX_POINT('',#8435);
#6523=LINE('',#8436,#8437);
#6524=VERTEX_POINT('',#8438);
#6525=LINE('',#8439,#8440);
#6526=VERTEX_POINT('',#8441);
#6527=LINE('',#8442,#8443);
#6528=VERTEX_POINT('',#8444);
#6529=LINE('',#8445,#8446);
#6530=LINE('',#8447,#8448);
#6531=VERTEX_POINT('',#8449);
#6532=LINE('',#8450,#8451);
#6533=LINE('',#8452,#8453);
#6534=VERTEX_POINT('',#8454);
#6535=LINE('',#8455,#8456);
#6536=VERTEX_POINT('',#8457);
#6537=LINE('',#8458,#8459);
#6538=VERTEX_POINT('',#8460);
#6539=LINE('',#8461,#8462);
#6540=VERTEX_POINT('',#8463);
#6541=LINE('',#8464,#8465);
#6542=VERTEX_POINT('',#8466);
#6543=LINE('',#8467,#8468);
#6544=VERTEX_POINT('',#8469);
#6545=LINE('',#8470,#8471);
#6546=VERTEX_POINT('',#8472);
#6547=LINE('',#8473,#8474);
#6548=LINE('',#8475,#8476);
#6549=LINE('',#8477,#8478);
#6550=LINE('',#8479,#8480);
#6551=VERTEX_POINT('',#8481);
#6552=LINE('',#8482,#8483);
#6553=VERTEX_POINT('',#8484);
#6554=LINE('',#8485,#8486);
#6555=LINE('',#8487,#8488);
#6556=VERTEX_POINT('',#8489);
#6557=LINE('',#8490,#8491);
#6558=VERTEX_POINT('',#8492);
#6559=LINE('',#8493,#8494);
#6560=LINE('',#8495,#8496);
#6561=VERTEX_POINT('',#8497);
#6562=LINE('',#8498,#8499);
#6563=VERTEX_POINT('',#8500);
#6564=LINE('',#8501,#8502);
#6565=LINE('',#8503,#8504);
#6566=VERTEX_POINT('',#8505);
#6567=LINE('',#8506,#8507);
#6568=VERTEX_POINT('',#8508);
#6569=LINE('',#8509,#8510);
#6570=LINE('',#8511,#8512);
#6571=LINE('',#8513,#8514);
#6572=LINE('',#8515,#8516);
#6573=LINE('',#8517,#8518);
#6574=LINE('',#8519,#8520);
#6575=VERTEX_POINT('',#8521);
#6576=VERTEX_POINT('',#8522);
#6577=LINE('',#8523,#8524);
#6578=VERTEX_POINT('',#8525);
#6579=LINE('',#8526,#8527);
#6580=VERTEX_POINT('',#8528);
#6581=LINE('',#8529,#8530);
#6582=LINE('',#8531,#8532);
#6583=VERTEX_POINT('',#8533);
#6584=VERTEX_POINT('',#8534);
#6585=LINE('',#8535,#8536);
#6586=VERTEX_POINT('',#8537);
#6587=LINE('',#8538,#8539);
#6588=LINE('',#8540,#8541);
#6589=VERTEX_POINT('',#8542);
#6590=LINE('',#8543,#8544);
#6591=VERTEX_POINT('',#8545);
#6592=LINE('',#8546,#8547);
#6593=VERTEX_POINT('',#8548);
#6594=LINE('',#8549,#8550);
#6595=LINE('',#8551,#8552);
#6596=VERTEX_POINT('',#8553);
#6597=VERTEX_POINT('',#8554);
#6598=LINE('',#8555,#8556);
#6599=VERTEX_POINT('',#8557);
#6600=LINE('',#8558,#8559);
#6601=VERTEX_POINT('',#8560);
#6602=LINE('',#8561,#8562);
#6603=LINE('',#8563,#8564);
#6604=LINE('',#8565,#8566);
#6605=VERTEX_POINT('',#8567);
#6606=LINE('',#8568,#8569);
#6607=VERTEX_POINT('',#8570);
#6608=LINE('',#8571,#8572);
#6609=VERTEX_POINT('',#8573);
#6610=LINE('',#8574,#8575);
#6611=VERTEX_POINT('',#8576);
#6612=LINE('',#8577,#8578);
#6613=LINE('',#8579,#8580);
#6614=VERTEX_POINT('',#8581);
#6615=VERTEX_POINT('',#8582);
#6616=LINE('',#8583,#8584);
#6617=VERTEX_POINT('',#8585);
#6618=LINE('',#8586,#8587);
#6619=VERTEX_POINT('',#8588);
#6620=LINE('',#8589,#8590);
#6621=LINE('',#8591,#8592);
#6622=VERTEX_POINT('',#8593);
#6623=VERTEX_POINT('',#8594);
#6624=LINE('',#8595,#8596);
#6625=VERTEX_POINT('',#8597);
#6626=LINE('',#8598,#8599);
#6627=VERTEX_POINT('',#8600);
#6628=LINE('',#8601,#8602);
#6629=VERTEX_POINT('',#8603);
#6630=LINE('',#8604,#8605);
#6631=VERTEX_POINT('',#8606);
#6632=LINE('',#8607,#8608);
#6633=VERTEX_POINT('',#8609);
#6634=LINE('',#8610,#8611);
#6635=VERTEX_POINT('',#8612);
#6636=LINE('',#8613,#8614);
#6637=LINE('',#8615,#8616);
#6638=VERTEX_POINT('',#8617);
#6639=VERTEX_POINT('',#8618);
#6640=LINE('',#8619,#8620);
#6641=VERTEX_POINT('',#8621);
#6642=LINE('',#8622,#8623);
#6643=VERTEX_POINT('',#8624);
#6644=LINE('',#8625,#8626);
#6645=LINE('',#8627,#8628);
#6646=LINE('',#8629,#8630);
#6647=LINE('',#8631,#8632);
#6648=LINE('',#8633,#8634);
#6649=LINE('',#8635,#8636);
#6650=VERTEX_POINT('',#8637);
#6651=LINE('',#8638,#8639);
#6652=LINE('',#8640,#8641);
#6653=VERTEX_POINT('',#8642);
#6654=LINE('',#8643,#8644);
#6655=LINE('',#8645,#8646);
#6656=VERTEX_POINT('',#8647);
#6657=LINE('',#8648,#8649);
#6658=VERTEX_POINT('',#8650);
#6659=LINE('',#8651,#8652);
#6660=VERTEX_POINT('',#8653);
#6661=LINE('',#8654,#8655);
#6662=VERTEX_POINT('',#8656);
#6663=LINE('',#8657,#8658);
#6664=LINE('',#8659,#8660);
#6665=VERTEX_POINT('',#8661);
#6666=LINE('',#8662,#8663);
#6667=LINE('',#8664,#8665);
#6668=VERTEX_POINT('',#8666);
#6669=VERTEX_POINT('',#8667);
#6670=LINE('',#8668,#8669);
#6671=VERTEX_POINT('',#8670);
#6672=LINE('',#8671,#8672);
#6673=VERTEX_POINT('',#8673);
#6674=LINE('',#8674,#8675);
#6675=LINE('',#8676,#8677);
#6676=VERTEX_POINT('',#8678);
#6677=LINE('',#8679,#8680);
#6678=VERTEX_POINT('',#8681);
#6679=LINE('',#8682,#8683);
#6680=VERTEX_POINT('',#8684);
#6681=LINE('',#8685,#8686);
#6682=VERTEX_POINT('',#8687);
#6683=LINE('',#8688,#8689);
#6684=LINE('',#8690,#8691);
#6685=VERTEX_POINT('',#8692);
#6686=LINE('',#8693,#8694);
#6687=VERTEX_POINT('',#8695);
#6688=LINE('',#8696,#8697);
#6689=LINE('',#8698,#8699);
#6690=VERTEX_POINT('',#8700);
#6691=VERTEX_POINT('',#8701);
#6692=LINE('',#8702,#8703);
#6693=VERTEX_POINT('',#8704);
#6694=LINE('',#8705,#8706);
#6695=VERTEX_POINT('',#8707);
#6696=LINE('',#8708,#8709);
#6697=LINE('',#8710,#8711);
#6698=VERTEX_POINT('',#8712);
#6699=VERTEX_POINT('',#8713);
#6700=LINE('',#8714,#8715);
#6701=VERTEX_POINT('',#8716);
#6702=LINE('',#8717,#8718);
#6703=VERTEX_POINT('',#8719);
#6704=LINE('',#8720,#8721);
#6705=VERTEX_POINT('',#8722);
#6706=LINE('',#8723,#8724);
#6707=VERTEX_POINT('',#8725);
#6708=LINE('',#8726,#8727);
#6709=VERTEX_POINT('',#8728);
#6710=LINE('',#8729,#8730);
#6711=VERTEX_POINT('',#8731);
#6712=LINE('',#8732,#8733);
#6713=VERTEX_POINT('',#8734);
#6714=LINE('',#8735,#8736);
#6715=VERTEX_POINT('',#8737);
#6716=LINE('',#8738,#8739);
#6717=VERTEX_POINT('',#8740);
#6718=LINE('',#8741,#8742);
#6719=VERTEX_POINT('',#8743);
#6720=LINE('',#8744,#8745);
#6721=LINE('',#8746,#8747);
#6722=VERTEX_POINT('',#8748);
#6723=VERTEX_POINT('',#8749);
#6724=LINE('',#8750,#8751);
#6725=VERTEX_POINT('',#8752);
#6726=LINE('',#8753,#8754);
#6727=VERTEX_POINT('',#8755);
#6728=LINE('',#8756,#8757);
#6729=LINE('',#8758,#8759);
#6730=VERTEX_POINT('',#8760);
#6731=VERTEX_POINT('',#8761);
#6732=LINE('',#8762,#8763);
#6733=VERTEX_POINT('',#8764);
#6734=LINE('',#8765,#8766);
#6735=VERTEX_POINT('',#8767);
#6736=LINE('',#8768,#8769);
#6737=VERTEX_POINT('',#8770);
#6738=LINE('',#8771,#8772);
#6739=VERTEX_POINT('',#8773);
#6740=LINE('',#8774,#8775);
#6741=VERTEX_POINT('',#8776);
#6742=LINE('',#8777,#8778);
#6743=VERTEX_POINT('',#8779);
#6744=LINE('',#8780,#8781);
#6745=VERTEX_POINT('',#8782);
#6746=LINE('',#8783,#8784);
#6747=VERTEX_POINT('',#8785);
#6748=LINE('',#8786,#8787);
#6749=VERTEX_POINT('',#8788);
#6750=LINE('',#8789,#8790);
#6751=VERTEX_POINT('',#8791);
#6752=LINE('',#8792,#8793);
#6753=LINE('',#8794,#8795);
#6754=VERTEX_POINT('',#8796);
#6755=VERTEX_POINT('',#8797);
#6756=LINE('',#8798,#8799);
#6757=VERTEX_POINT('',#8800);
#6758=LINE('',#8801,#8802);
#6759=VERTEX_POINT('',#8803);
#6760=LINE('',#8804,#8805);
#6761=LINE('',#8806,#8807);
#6762=LINE('',#8808,#8809);
#6763=VERTEX_POINT('',#8810);
#6764=LINE('',#8811,#8812);
#6765=LINE('',#8813,#8814);
#6766=LINE('',#8815,#8816);
#6767=LINE('',#8817,#8818);
#6768=LINE('',#8819,#8820);
#6769=VERTEX_POINT('',#8821);
#6770=LINE('',#8822,#8823);
#6771=LINE('',#8824,#8825);
#6772=LINE('',#8826,#8827);
#6773=LINE('',#8828,#8829);
#6774=LINE('',#8830,#8831);
#6775=LINE('',#8832,#8833);
#6776=LINE('',#8834,#8835);
#6777=LINE('',#8836,#8837);
#6778=LINE('',#8838,#8839);
#6779=VERTEX_POINT('',#8840);
#6780=VERTEX_POINT('',#8841);
#6781=LINE('',#8842,#8843);
#6782=VERTEX_POINT('',#8844);
#6783=LINE('',#8845,#8846);
#6784=VERTEX_POINT('',#8847);
#6785=LINE('',#8848,#8849);
#6786=LINE('',#8850,#8851);
#6787=VERTEX_POINT('',#8852);
#6788=VERTEX_POINT('',#8853);
#6789=LINE('',#8854,#8855);
#6790=VERTEX_POINT('',#8856);
#6791=LINE('',#8857,#8858);
#6792=LINE('',#8859,#8860);
#6793=VERTEX_POINT('',#8861);
#6794=LINE('',#8862,#8863);
#6795=VERTEX_POINT('',#8864);
#6796=LINE('',#8865,#8866);
#6797=VERTEX_POINT('',#8867);
#6798=LINE('',#8868,#8869);
#6799=LINE('',#8870,#8871);
#6800=VERTEX_POINT('',#8872);
#6801=VERTEX_POINT('',#8873);
#6802=LINE('',#8874,#8875);
#6803=VERTEX_POINT('',#8876);
#6804=LINE('',#8877,#8878);
#6805=VERTEX_POINT('',#8879);
#6806=LINE('',#8880,#8881);
#6807=LINE('',#8882,#8883);
#6808=LINE('',#8884,#8885);
#6809=VERTEX_POINT('',#8886);
#6810=LINE('',#8887,#8888);
#6811=LINE('',#8889,#8890);
#6812=LINE('',#8891,#8892);
#6813=LINE('',#8893,#8894);
#6814=LINE('',#8895,#8896);
#6815=LINE('',#8897,#8898);
#6816=LINE('',#8899,#8900);
#6817=VERTEX_POINT('',#8901);
#6818=LINE('',#8902,#8903);
#6819=VERTEX_POINT('',#8904);
#6820=LINE('',#8905,#8906);
#6821=LINE('',#8907,#8908);
#6822=LINE('',#8909,#8910);
#6823=LINE('',#8911,#8912);
#6824=VERTEX_POINT('',#8913);
#6825=LINE('',#8914,#8915);
#6826=VERTEX_POINT('',#8916);
#6827=LINE('',#8917,#8918);
#6828=VERTEX_POINT('',#8919);
#6829=LINE('',#8920,#8921);
#6830=VERTEX_POINT('',#8922);
#6831=LINE('',#8923,#8924);
#6832=LINE('',#8925,#8926);
#6833=VERTEX_POINT('',#8927);
#6834=VERTEX_POINT('',#8928);
#6835=LINE('',#8929,#8930);
#6836=VERTEX_POINT('',#8931);
#6837=LINE('',#8932,#8933);
#6838=VERTEX_POINT('',#8934);
#6839=LINE('',#8935,#8936);
#6840=LINE('',#8937,#8938);
#6841=VERTEX_POINT('',#8939);
#6842=LINE('',#8940,#8941);
#6843=LINE('',#8942,#8943);
#6844=LINE('',#8944,#8945);
#6845=VERTEX_POINT('',#8946);
#6846=LINE('',#8947,#8948);
#6847=LINE('',#8949,#8950);
#6848=LINE('',#8951,#8952);
#6849=VERTEX_POINT('',#8953);
#6850=VERTEX_POINT('',#8954);
#6851=LINE('',#8955,#8956);
#6852=VERTEX_POINT('',#8957);
#6853=LINE('',#8958,#8959);
#6854=VERTEX_POINT('',#8960);
#6855=LINE('',#8961,#8962);
#6856=LINE('',#8963,#8964);
#6857=VERTEX_POINT('',#8965);
#6858=VERTEX_POINT('',#8966);
#6859=LINE('',#8967,#8968);
#6860=VERTEX_POINT('',#8969);
#6861=LINE('',#8970,#8971);
#6862=VERTEX_POINT('',#8972);
#6863=LINE('',#8973,#8974);
#6864=VERTEX_POINT('',#8975);
#6865=LINE('',#8976,#8977);
#6866=VERTEX_POINT('',#8978);
#6867=LINE('',#8979,#8980);
#6868=VERTEX_POINT('',#8981);
#6869=LINE('',#8982,#8983);
#6870=VERTEX_POINT('',#8984);
#6871=LINE('',#8985,#8986);
#6872=LINE('',#8987,#8988);
#6873=VERTEX_POINT('',#8989);
#6874=VERTEX_POINT('',#8990);
#6875=LINE('',#8991,#8992);
#6876=VERTEX_POINT('',#8993);
#6877=LINE('',#8994,#8995);
#6878=VERTEX_POINT('',#8996);
#6879=LINE('',#8997,#8998);
#6880=LINE('',#8999,#9000);
#6881=VERTEX_POINT('',#9001);
#6882=VERTEX_POINT('',#9002);
#6883=LINE('',#9003,#9004);
#6884=VERTEX_POINT('',#9005);
#6885=LINE('',#9006,#9007);
#6886=VERTEX_POINT('',#9008);
#6887=LINE('',#9009,#9010);
#6888=VERTEX_POINT('',#9011);
#6889=LINE('',#9012,#9013);
#6890=VERTEX_POINT('',#9014);
#6891=LINE('',#9015,#9016);
#6892=VERTEX_POINT('',#9017);
#6893=LINE('',#9018,#9019);
#6894=VERTEX_POINT('',#9020);
#6895=LINE('',#9021,#9022);
#6896=VERTEX_POINT('',#9023);
#6897=LINE('',#9024,#9025);
#6898=VERTEX_POINT('',#9026);
#6899=LINE('',#9027,#9028);
#6900=LINE('',#9029,#9030);
#6901=VERTEX_POINT('',#9031);
#6902=VERTEX_POINT('',#9032);
#6903=LINE('',#9033,#9034);
#6904=VERTEX_POINT('',#9035);
#6905=LINE('',#9036,#9037);
#6906=VERTEX_POINT('',#9038);
#6907=LINE('',#9039,#9040);
#6908=LINE('',#9041,#9042);
#6909=LINE('',#9043,#9044);
#6910=LINE('',#9045,#9046);
#6911=LINE('',#9047,#9048);
#6912=LINE('',#9049,#9050);
#6913=LINE('',#9051,#9052);
#6914=LINE('',#9053,#9054);
#6915=LINE('',#9055,#9056);
#6916=LINE('',#9057,#9058);
#6917=LINE('',#9059,#9060);
#6918=LINE('',#9061,#9062);
#6919=LINE('',#9063,#9064);
#6920=LINE('',#9065,#9066);
#6921=VERTEX_POINT('',#9067);
#6922=VERTEX_POINT('',#9068);
#6923=LINE('',#9069,#9070);
#6924=VERTEX_POINT('',#9071);
#6925=LINE('',#9072,#9073);
#6926=VERTEX_POINT('',#9074);
#6927=LINE('',#9075,#9076);
#6928=LINE('',#9077,#9078);
#6929=VERTEX_POINT('',#9079);
#6930=VERTEX_POINT('',#9080);
#6931=LINE('',#9081,#9082);
#6932=VERTEX_POINT('',#9083);
#6933=LINE('',#9084,#9085);
#6934=LINE('',#9086,#9087);
#6935=VERTEX_POINT('',#9088);
#6936=LINE('',#9089,#9090);
#6937=VERTEX_POINT('',#9091);
#6938=LINE('',#9092,#9093);
#6939=VERTEX_POINT('',#9094);
#6940=LINE('',#9095,#9096);
#6941=LINE('',#9097,#9098);
#6942=VERTEX_POINT('',#9099);
#6943=VERTEX_POINT('',#9100);
#6944=LINE('',#9101,#9102);
#6945=VERTEX_POINT('',#9103);
#6946=LINE('',#9104,#9105);
#6947=VERTEX_POINT('',#9106);
#6948=LINE('',#9107,#9108);
#6949=LINE('',#9109,#9110);
#6950=VERTEX_POINT('',#9111);
#6951=LINE('',#9112,#9113);
#6952=VERTEX_POINT('',#9114);
#6953=LINE('',#9115,#9116);
#6954=VERTEX_POINT('',#9117);
#6955=LINE('',#9118,#9119);
#6956=VERTEX_POINT('',#9120);
#6957=LINE('',#9121,#9122);
#6958=LINE('',#9123,#9124);
#6959=LINE('',#9125,#9126);
#6960=LINE('',#9127,#9128);
#6961=VERTEX_POINT('',#9129);
#6962=LINE('',#9130,#9131);
#6963=VERTEX_POINT('',#9132);
#6964=LINE('',#9133,#9134);
#6965=LINE('',#9135,#9136);
#6966=VERTEX_POINT('',#9137);
#6967=LINE('',#9138,#9139);
#6968=VERTEX_POINT('',#9140);
#6969=LINE('',#9141,#9142);
#6970=LINE('',#9143,#9144);
#6971=VERTEX_POINT('',#9145);
#6972=LINE('',#9146,#9147);
#6973=VERTEX_POINT('',#9148);
#6974=LINE('',#9149,#9150);
#6975=VERTEX_POINT('',#9151);
#6976=LINE('',#9152,#9153);
#6977=VERTEX_POINT('',#9154);
#6978=LINE('',#9155,#9156);
#6979=LINE('',#9157,#9158);
#6980=LINE('',#9159,#9160);
#6981=LINE('',#9161,#9162);
#6982=LINE('',#9163,#9164);
#6983=LINE('',#9165,#9166);
#6984=VERTEX_POINT('',#9167);
#6985=LINE('',#9168,#9169);
#6986=VERTEX_POINT('',#9170);
#6987=LINE('',#9171,#9172);
#6988=VERTEX_POINT('',#9173);
#6989=LINE('',#9174,#9175);
#6990=VERTEX_POINT('',#9176);
#6991=LINE('',#9177,#9178);
#6992=VERTEX_POINT('',#9179);
#6993=LINE('',#9180,#9181);
#6994=VERTEX_POINT('',#9182);
#6995=LINE('',#9183,#9184);
#6996=LINE('',#9185,#9186);
#6997=LINE('',#9187,#9188);
#6998=LINE('',#9189,#9190);
#6999=VERTEX_POINT('',#9191);
#7000=LINE('',#9192,#9193);
#7001=LINE('',#9194,#9195);
#7002=LINE('',#9196,#9197);
#7003=LINE('',#9198,#9199);
#7004=LINE('',#9200,#9201);
#7005=VERTEX_POINT('',#9202);
#7006=LINE('',#9203,#9204);
#7007=LINE('',#9205,#9206);
#7008=LINE('',#9207,#9208);
#7009=LINE('',#9209,#9210);
#7010=LINE('',#9211,#9212);
#7011=LINE('',#9213,#9214);
#7012=LINE('',#9215,#9216);
#7013=LINE('',#9217,#9218);
#7014=LINE('',#9219,#9220);
#7015=VERTEX_POINT('',#9221);
#7016=LINE('',#9222,#9223);
#7017=VERTEX_POINT('',#9224);
#7018=LINE('',#9225,#9226);
#7019=LINE('',#9227,#9228);
#7020=VERTEX_POINT('',#9229);
#7021=LINE('',#9230,#9231);
#7022=VERTEX_POINT('',#9232);
#7023=LINE('',#9233,#9234);
#7024=LINE('',#9235,#9236);
#7025=LINE('',#9237,#9238);
#7026=LINE('',#9239,#9240);
#7027=LINE('',#9241,#9242);
#7028=VERTEX_POINT('',#9243);
#7029=LINE('',#9244,#9245);
#7030=VERTEX_POINT('',#9246);
#7031=LINE('',#9247,#9248);
#7032=LINE('',#9249,#9250);
#7033=VERTEX_POINT('',#9251);
#7034=LINE('',#9252,#9253);
#7035=VERTEX_POINT('',#9254);
#7036=LINE('',#9255,#9256);
#7037=LINE('',#9257,#9258);
#7038=LINE('',#9259,#9260);
#7039=LINE('',#9261,#9262);
#7040=LINE('',#9263,#9264);
#7041=LINE('',#9265,#9266);
#7042=VERTEX_POINT('',#9267);
#7043=LINE('',#9268,#9269);
#7044=VERTEX_POINT('',#9270);
#7045=LINE('',#9271,#9272);
#7046=LINE('',#9273,#9274);
#7047=LINE('',#9275,#9276);
#7048=LINE('',#9277,#9278);
#7049=VERTEX_POINT('',#9279);
#7050=LINE('',#9280,#9281);
#7051=VERTEX_POINT('',#9282);
#7052=LINE('',#9283,#9284);
#7053=LINE('',#9285,#9286);
#7054=LINE('',#9287,#9288);
#7055=LINE('',#9289,#9290);
#7056=VERTEX_POINT('',#9291);
#7057=LINE('',#9292,#9293);
#7058=LINE('',#9294,#9295);
#7059=LINE('',#9296,#9297);
#7060=LINE('',#9298,#9299);
#7061=LINE('',#9300,#9301);
#7062=LINE('',#9302,#9303);
#7063=LINE('',#9304,#9305);
#7064=LINE('',#9306,#9307);
#7065=LINE('',#9308,#9309);
#7066=LINE('',#9310,#9311);
#7067=LINE('',#9312,#9313);
#7068=LINE('',#9314,#9315);
#7069=LINE('',#9316,#9317);
#7070=LINE('',#9318,#9319);
#7071=LINE('',#9320,#9321);
#7072=LINE('',#9322,#9323);
#7073=LINE('',#9324,#9325);
#7074=LINE('',#9326,#9327);
#7075=LINE('',#9328,#9329);
#7076=LINE('',#9330,#9331);
#7077=LINE('',#9332,#9333);
#7078=LINE('',#9334,#9335);
#7079=LINE('',#9336,#9337);
#7080=VERTEX_POINT('',#9338);
#7081=LINE('',#9339,#9340);
#7082=LINE('',#9341,#9342);
#7083=LINE('',#9343,#9344);
#7084=LINE('',#9345,#9346);
#7085=LINE('',#9347,#9348);
#7086=LINE('',#9349,#9350);
#7087=LINE('',#9351,#9352);
#7088=LINE('',#9353,#9354);
#7089=LINE('',#9355,#9356);
#7090=LINE('',#9357,#9358);
#7091=LINE('',#9359,#9360);
#7092=LINE('',#9361,#9362);
#7093=LINE('',#9363,#9364);
#7094=LINE('',#9365,#9366);
#7095=LINE('',#9367,#9368);
#7096=LINE('',#9369,#9370);
#7097=LINE('',#9371,#9372);
#7098=VERTEX_POINT('',#9373);
#7099=VERTEX_POINT('',#9374);
#7100=LINE('',#9375,#9376);
#7101=VERTEX_POINT('',#9377);
#7102=LINE('',#9378,#9379);
#7103=VERTEX_POINT('',#9380);
#7104=LINE('',#9381,#9382);
#7105=LINE('',#9383,#9384);
#7106=LINE('',#9385,#9386);
#7107=LINE('',#9387,#9388);
#7108=LINE('',#9389,#9390);
#7109=VERTEX_POINT('',#9391);
#7110=VERTEX_POINT('',#9392);
#7111=LINE('',#9393,#9394);
#7112=VERTEX_POINT('',#9395);
#7113=LINE('',#9396,#9397);
#7114=VERTEX_POINT('',#9398);
#7115=LINE('',#9399,#9400);
#7116=LINE('',#9401,#9402);
#7117=LINE('',#9403,#9404);
#7118=LINE('',#9405,#9406);
#7119=LINE('',#9407,#9408);
#7120=LINE('',#9409,#9410);
#7121=LINE('',#9411,#9412);
#7122=LINE('',#9413,#9414);
#7123=VERTEX_POINT('',#9415);
#7124=LINE('',#9416,#9417);
#7125=VERTEX_POINT('',#9418);
#7126=LINE('',#9419,#9420);
#7127=VERTEX_POINT('',#9421);
#7128=LINE('',#9422,#9423);
#7129=LINE('',#9424,#9425);
#7130=VERTEX_POINT('',#9426);
#7131=LINE('',#9427,#9428);
#7132=VERTEX_POINT('',#9429);
#7133=LINE('',#9430,#9431);
#7134=VERTEX_POINT('',#9432);
#7135=LINE('',#9433,#9434);
#7136=LINE('',#9435,#9436);
#7137=VERTEX_POINT('',#9437);
#7138=LINE('',#9438,#9439);
#7139=VERTEX_POINT('',#9440);
#7140=LINE('',#9441,#9442);
#7141=VERTEX_POINT('',#9443);
#7142=LINE('',#9444,#9445);
#7143=LINE('',#9446,#9447);
#7144=VERTEX_POINT('',#9448);
#7145=LINE('',#9449,#9450);
#7146=VERTEX_POINT('',#9451);
#7147=LINE('',#9452,#9453);
#7148=VERTEX_POINT('',#9454);
#7149=LINE('',#9455,#9456);
#7150=LINE('',#9457,#9458);
#7151=VERTEX_POINT('',#9459);
#7152=LINE('',#9460,#9461);
#7153=LINE('',#9462,#9463);
#7154=VERTEX_POINT('',#9464);
#7155=LINE('',#9465,#9466);
#7156=VERTEX_POINT('',#9467);
#7157=LINE('',#9468,#9469);
#7158=LINE('',#9470,#9471);
#7159=VERTEX_POINT('',#9472);
#7160=LINE('',#9473,#9474);
#7161=VERTEX_POINT('',#9475);
#7162=LINE('',#9476,#9477);
#7163=VERTEX_POINT('',#9478);
#7164=LINE('',#9479,#9480);
#7165=LINE('',#9481,#9482);
#7166=VERTEX_POINT('',#9483);
#7167=LINE('',#9484,#9485);
#7168=VERTEX_POINT('',#9486);
#7169=LINE('',#9487,#9488);
#7170=VERTEX_POINT('',#9489);
#7171=LINE('',#9490,#9491);
#7172=LINE('',#9492,#9493);
#7173=VERTEX_POINT('',#9494);
#7174=LINE('',#9495,#9496);
#7175=VERTEX_POINT('',#9497);
#7176=LINE('',#9498,#9499);
#7177=VERTEX_POINT('',#9500);
#7178=LINE('',#9501,#9502);
#7179=LINE('',#9503,#9504);
#7180=LINE('',#9505,#9506);
#7181=LINE('',#9507,#9508);
#7182=LINE('',#9509,#9510);
#7183=LINE('',#9511,#9512);
#7184=LINE('',#9513,#9514);
#7185=LINE('',#9515,#9516);
#7186=LINE('',#9517,#9518);
#7187=LINE('',#9519,#9520);
#7188=LINE('',#9521,#9522);
#7189=LINE('',#9523,#9524);
#7190=LINE('',#9525,#9526);
#7191=VERTEX_POINT('',#9527);
#7192=LINE('',#9528,#9529);
#7193=VERTEX_POINT('',#9530);
#7194=LINE('',#9531,#9532);
#7195=VERTEX_POINT('',#9533);
#7196=LINE('',#9534,#9535);
#7197=LINE('',#9536,#9537);
#7198=VERTEX_POINT('',#9538);
#7199=LINE('',#9539,#9540);
#7200=VERTEX_POINT('',#9541);
#7201=LINE('',#9542,#9543);
#7202=VERTEX_POINT('',#9544);
#7203=LINE('',#9545,#9546);
#7204=LINE('',#9547,#9548);
#7205=VERTEX_POINT('',#9549);
#7206=LINE('',#9550,#9551);
#7207=VERTEX_POINT('',#9552);
#7208=LINE('',#9553,#9554);
#7209=VERTEX_POINT('',#9555);
#7210=LINE('',#9556,#9557);
#7211=LINE('',#9558,#9559);
#7212=VERTEX_POINT('',#9560);
#7213=LINE('',#9561,#9562);
#7214=VERTEX_POINT('',#9563);
#7215=LINE('',#9564,#9565);
#7216=VERTEX_POINT('',#9566);
#7217=LINE('',#9567,#9568);
#7218=LINE('',#9569,#9570);
#7219=VERTEX_POINT('',#9571);
#7220=LINE('',#9572,#9573);
#7221=LINE('',#9574,#9575);
#7222=VERTEX_POINT('',#9576);
#7223=LINE('',#9577,#9578);
#7224=VERTEX_POINT('',#9579);
#7225=LINE('',#9580,#9581);
#7226=LINE('',#9582,#9583);
#7227=VERTEX_POINT('',#9584);
#7228=LINE('',#9585,#9586);
#7229=VERTEX_POINT('',#9587);
#7230=LINE('',#9588,#9589);
#7231=VERTEX_POINT('',#9590);
#7232=LINE('',#9591,#9592);
#7233=LINE('',#9593,#9594);
#7234=VERTEX_POINT('',#9595);
#7235=LINE('',#9596,#9597);
#7236=VERTEX_POINT('',#9598);
#7237=LINE('',#9599,#9600);
#7238=VERTEX_POINT('',#9601);
#7239=LINE('',#9602,#9603);
#7240=LINE('',#9604,#9605);
#7241=VERTEX_POINT('',#9606);
#7242=LINE('',#9607,#9608);
#7243=VERTEX_POINT('',#9609);
#7244=LINE('',#9610,#9611);
#7245=VERTEX_POINT('',#9612);
#7246=LINE('',#9613,#9614);
#7247=LINE('',#9615,#9616);
#7248=LINE('',#9617,#9618);
#7249=LINE('',#9619,#9620);
#7250=LINE('',#9621,#9622);
#7251=LINE('',#9623,#9624);
#7252=LINE('',#9625,#9626);
#7253=LINE('',#9627,#9628);
#7254=LINE('',#9629,#9630);
#7255=LINE('',#9631,#9632);
#7256=LINE('',#9633,#9634);
#7257=LINE('',#9635,#9636);
#7258=LINE('',#9637,#9638);
#7259=VERTEX_POINT('',#9639);
#7260=LINE('',#9640,#9641);
#7261=VERTEX_POINT('',#9642);
#7262=LINE('',#9643,#9644);
#7263=VERTEX_POINT('',#9645);
#7264=LINE('',#9646,#9647);
#7265=LINE('',#9648,#9649);
#7266=VERTEX_POINT('',#9650);
#7267=LINE('',#9651,#9652);
#7268=VERTEX_POINT('',#9653);
#7269=LINE('',#9654,#9655);
#7270=VERTEX_POINT('',#9656);
#7271=LINE('',#9657,#9658);
#7272=LINE('',#9659,#9660);
#7273=VERTEX_POINT('',#9661);
#7274=LINE('',#9662,#9663);
#7275=VERTEX_POINT('',#9664);
#7276=LINE('',#9665,#9666);
#7277=VERTEX_POINT('',#9667);
#7278=LINE('',#9668,#9669);
#7279=LINE('',#9670,#9671);
#7280=VERTEX_POINT('',#9672);
#7281=LINE('',#9673,#9674);
#7282=VERTEX_POINT('',#9675);
#7283=LINE('',#9676,#9677);
#7284=VERTEX_POINT('',#9678);
#7285=LINE('',#9679,#9680);
#7286=LINE('',#9681,#9682);
#7287=VERTEX_POINT('',#9683);
#7288=LINE('',#9684,#9685);
#7289=LINE('',#9686,#9687);
#7290=VERTEX_POINT('',#9688);
#7291=LINE('',#9689,#9690);
#7292=VERTEX_POINT('',#9691);
#7293=LINE('',#9692,#9693);
#7294=LINE('',#9694,#9695);
#7295=VERTEX_POINT('',#9696);
#7296=LINE('',#9697,#9698);
#7297=VERTEX_POINT('',#9699);
#7298=LINE('',#9700,#9701);
#7299=VERTEX_POINT('',#9702);
#7300=LINE('',#9703,#9704);
#7301=LINE('',#9705,#9706);
#7302=VERTEX_POINT('',#9707);
#7303=LINE('',#9708,#9709);
#7304=VERTEX_POINT('',#9710);
#7305=LINE('',#9711,#9712);
#7306=VERTEX_POINT('',#9713);
#7307=LINE('',#9714,#9715);
#7308=LINE('',#9716,#9717);
#7309=VERTEX_POINT('',#9718);
#7310=LINE('',#9719,#9720);
#7311=VERTEX_POINT('',#9721);
#7312=LINE('',#9722,#9723);
#7313=VERTEX_POINT('',#9724);
#7314=LINE('',#9725,#9726);
#7315=LINE('',#9727,#9728);
#7316=LINE('',#9729,#9730);
#7317=LINE('',#9731,#9732);
#7318=LINE('',#9733,#9734);
#7319=LINE('',#9735,#9736);
#7320=LINE('',#9737,#9738);
#7321=LINE('',#9739,#9740);
#7322=LINE('',#9741,#9742);
#7323=LINE('',#9743,#9744);
#7324=LINE('',#9745,#9746);
#7325=LINE('',#9747,#9748);
#7326=LINE('',#9749,#9750);
#7327=VERTEX_POINT('',#9751);
#7328=LINE('',#9752,#9753);
#7329=VERTEX_POINT('',#9754);
#7330=LINE('',#9755,#9756);
#7331=VERTEX_POINT('',#9757);
#7332=LINE('',#9758,#9759);
#7333=LINE('',#9760,#9761);
#7334=VERTEX_POINT('',#9762);
#7335=LINE('',#9763,#9764);
#7336=VERTEX_POINT('',#9765);
#7337=LINE('',#9766,#9767);
#7338=VERTEX_POINT('',#9768);
#7339=LINE('',#9769,#9770);
#7340=LINE('',#9771,#9772);
#7341=VERTEX_POINT('',#9773);
#7342=LINE('',#9774,#9775);
#7343=VERTEX_POINT('',#9776);
#7344=LINE('',#9777,#9778);
#7345=VERTEX_POINT('',#9779);
#7346=LINE('',#9780,#9781);
#7347=LINE('',#9782,#9783);
#7348=VERTEX_POINT('',#9784);
#7349=LINE('',#9785,#9786);
#7350=VERTEX_POINT('',#9787);
#7351=LINE('',#9788,#9789);
#7352=VERTEX_POINT('',#9790);
#7353=LINE('',#9791,#9792);
#7354=LINE('',#9793,#9794);
#7355=VERTEX_POINT('',#9795);
#7356=LINE('',#9796,#9797);
#7357=LINE('',#9798,#9799);
#7358=VERTEX_POINT('',#9800);
#7359=LINE('',#9801,#9802);
#7360=VERTEX_POINT('',#9803);
#7361=LINE('',#9804,#9805);
#7362=LINE('',#9806,#9807);
#7363=VERTEX_POINT('',#9808);
#7364=LINE('',#9809,#9810);
#7365=VERTEX_POINT('',#9811);
#7366=LINE('',#9812,#9813);
#7367=VERTEX_POINT('',#9814);
#7368=LINE('',#9815,#9816);
#7369=LINE('',#9817,#9818);
#7370=VERTEX_POINT('',#9819);
#7371=LINE('',#9820,#9821);
#7372=VERTEX_POINT('',#9822);
#7373=LINE('',#9823,#9824);
#7374=VERTEX_POINT('',#9825);
#7375=LINE('',#9826,#9827);
#7376=LINE('',#9828,#9829);
#7377=VERTEX_POINT('',#9830);
#7378=LINE('',#9831,#9832);
#7379=VERTEX_POINT('',#9833);
#7380=LINE('',#9834,#9835);
#7381=VERTEX_POINT('',#9836);
#7382=LINE('',#9837,#9838);
#7383=LINE('',#9839,#9840);
#7384=LINE('',#9841,#9842);
#7385=LINE('',#9843,#9844);
#7386=LINE('',#9845,#9846);
#7387=LINE('',#9847,#9848);
#7388=LINE('',#9849,#9850);
#7389=LINE('',#9851,#9852);
#7390=LINE('',#9853,#9854);
#7391=LINE('',#9855,#9856);
#7392=LINE('',#9857,#9858);
#7393=LINE('',#9859,#9860);
#7394=LINE('',#9861,#9862);
#7395=LINE('',#9863,#9864);
#7396=LINE('',#9865,#9866);
#7397=VERTEX_POINT('',#9867);
#7398=LINE('',#9868,#9869);
#7399=VERTEX_POINT('',#9870);
#7400=LINE('',#9871,#9872);
#7401=VERTEX_POINT('',#9873);
#7402=LINE('',#9874,#9875);
#7403=LINE('',#9876,#9877);
#7404=VERTEX_POINT('',#9878);
#7405=LINE('',#9879,#9880);
#7406=VERTEX_POINT('',#9881);
#7407=LINE('',#9882,#9883);
#7408=VERTEX_POINT('',#9884);
#7409=LINE('',#9885,#9886);
#7410=LINE('',#9887,#9888);
#7411=VERTEX_POINT('',#9889);
#7412=LINE('',#9890,#9891);
#7413=VERTEX_POINT('',#9892);
#7414=LINE('',#9893,#9894);
#7415=VERTEX_POINT('',#9895);
#7416=LINE('',#9896,#9897);
#7417=LINE('',#9898,#9899);
#7418=VERTEX_POINT('',#9900);
#7419=LINE('',#9901,#9902);
#7420=VERTEX_POINT('',#9903);
#7421=LINE('',#9904,#9905);
#7422=VERTEX_POINT('',#9906);
#7423=LINE('',#9907,#9908);
#7424=LINE('',#9909,#9910);
#7425=VERTEX_POINT('',#9911);
#7426=LINE('',#9912,#9913);
#7427=LINE('',#9914,#9915);
#7428=VERTEX_POINT('',#9916);
#7429=LINE('',#9917,#9918);
#7430=VERTEX_POINT('',#9919);
#7431=LINE('',#9920,#9921);
#7432=LINE('',#9922,#9923);
#7433=VERTEX_POINT('',#9924);
#7434=LINE('',#9925,#9926);
#7435=VERTEX_POINT('',#9927);
#7436=LINE('',#9928,#9929);
#7437=VERTEX_POINT('',#9930);
#7438=LINE('',#9931,#9932);
#7439=LINE('',#9933,#9934);
#7440=VERTEX_POINT('',#9935);
#7441=VERTEX_POINT('',#9936);
#7442=LINE('',#9937,#9938);
#7443=VERTEX_POINT('',#9939);
#7444=LINE('',#9940,#9941);
#7445=LINE('',#9942,#9943);
#7446=LINE('',#9944,#9945);
#7447=VERTEX_POINT('',#9946);
#7448=LINE('',#9947,#9948);
#7449=VERTEX_POINT('',#9949);
#7450=LINE('',#9950,#9951);
#7451=VERTEX_POINT('',#9952);
#7452=LINE('',#9953,#9954);
#7453=LINE('',#9955,#9956);
#7454=LINE('',#9957,#9958);
#7455=LINE('',#9959,#9960);
#7456=LINE('',#9961,#9962);
#7457=LINE('',#9963,#9964);
#7458=LINE('',#9965,#9966);
#7459=LINE('',#9967,#9968);
#7460=LINE('',#9969,#9970);
#7461=LINE('',#9971,#9972);
#7462=LINE('',#9973,#9974);
#7463=LINE('',#9975,#9976);
#7464=LINE('',#9977,#9978);
#7465=VERTEX_POINT('',#9979);
#7466=LINE('',#9980,#9981);
#7467=LINE('',#9982,#9983);
#7468=LINE('',#9984,#9985);
#7469=VERTEX_POINT('',#9986);
#7470=LINE('',#9987,#9988);
#7471=LINE('',#9989,#9990);
#7472=VERTEX_POINT('',#9991);
#7473=VERTEX_POINT('',#9992);
#7474=CIRCLE('',#9993,1.588936325);
#7475=CIRCLE('',#9994,0.3850051722757);
#7476=VERTEX_POINT('',#9995);
#7477=CIRCLE('',#9996,0.3850051722757);
#7478=VERTEX_POINT('',#9997);
#7479=CIRCLE('',#9998,1.588936325);
#7480=LINE('',#9999,#10000);
#7481=VERTEX_POINT('',#10001);
#7482=CIRCLE('',#10002,0.3850051722757);
#7483=VERTEX_POINT('',#10003);
#7484=LINE('',#10004,#10005);
#7485=LINE('',#10006,#10007);
#7486=VERTEX_POINT('',#10008);
#7487=CIRCLE('',#10009,0.3850051722757);
#7488=VERTEX_POINT('',#10010);
#7489=CIRCLE('',#10011,1.588936325);
#7490=VERTEX_POINT('',#10012);
#7491=LINE('',#10013,#10014);
#7492=CIRCLE('',#10015,1.588936325);
#7493=VERTEX_POINT('',#10016);
#7494=VERTEX_POINT('',#10017);
#7495=CIRCLE('',#10018,0.6);
#7496=VERTEX_POINT('',#10019);
#7497=LINE('',#10020,#10021);
#7498=VERTEX_POINT('',#10022);
#7499=LINE('',#10023,#10024);
#7500=LINE('',#10025,#10026);
#7501=VERTEX_POINT('',#10027);
#7502=LINE('',#10028,#10029);
#7503=VERTEX_POINT('',#10030);
#7504=LINE('',#10031,#10032);
#7505=LINE('',#10033,#10034);
#7506=VERTEX_POINT('',#10035);
#7507=VERTEX_POINT('',#10036);
#7508=LINE('',#10037,#10038);
#7509=VERTEX_POINT('',#10039);
#7510=LINE('',#10040,#10041);
#7511=LINE('',#10042,#10043);
#7512=VERTEX_POINT('',#10044);
#7513=LINE('',#10045,#10046);
#7514=LINE('',#10047,#10048);
#7515=VERTEX_POINT('',#10049);
#7516=LINE('',#10050,#10051);
#7517=VERTEX_POINT('',#10052);
#7518=CIRCLE('',#10053,1.588936325);
#7519=LINE('',#10054,#10055);
#7520=VERTEX_POINT('',#10056);
#7521=VERTEX_POINT('',#10057);
#7522=LINE('',#10058,#10059);
#7523=VERTEX_POINT('',#10060);
#7524=CIRCLE('',#10061,1.588936325);
#7525=VERTEX_POINT('',#10062);
#7526=LINE('',#10063,#10064);
#7527=LINE('',#10065,#10066);
#7528=VERTEX_POINT('',#10067);
#7529=VERTEX_POINT('',#10068);
#7530=LINE('',#10069,#10070);
#7531=VERTEX_POINT('',#10071);
#7532=CIRCLE('',#10072,1.588936325);
#7533=VERTEX_POINT('',#10073);
#7534=LINE('',#10074,#10075);
#7535=LINE('',#10076,#10077);
#7536=VERTEX_POINT('',#10078);
#7537=VERTEX_POINT('',#10079);
#7538=LINE('',#10080,#10081);
#7539=VERTEX_POINT('',#10082);
#7540=CIRCLE('',#10083,1.588936325);
#7541=VERTEX_POINT('',#10084);
#7542=LINE('',#10085,#10086);
#7543=LINE('',#10087,#10088);
#7544=VERTEX_POINT('',#10089);
#7545=B_SPLINE_CURVE_WITH_KNOTS('',3,(#10090,#10091,#10092,#10093),.UNSPECIFIED.,.F.,.F.,(4,4),(0.0,1.0),.UNSPECIFIED.);
#7546=VERTEX_POINT('',#10094);
#7547=B_SPLINE_CURVE_WITH_KNOTS('',3,(#10095,#10096,#10097,#10098),.UNSPECIFIED.,.F.,.F.,(4,4),(0.0,1.0),.UNSPECIFIED.);
#7548=VERTEX_POINT('',#10099);
#7549=LINE('',#10100,#10101);
#7550=LINE('',#10102,#10103);
#7551=VERTEX_POINT('',#10104);
#7552=VERTEX_POINT('',#10105);
#7553=LINE('',#10106,#10107);
#7554=VERTEX_POINT('',#10108);
#7555=LINE('',#10109,#10110);
#7556=VERTEX_POINT('',#10111);
#7557=B_SPLINE_CURVE_WITH_KNOTS('',3,(#10112,#10113,#10114,#10115),.UNSPECIFIED.,.F.,.F.,(4,4),(0.0,1.0),.UNSPECIFIED.);
#7558=B_SPLINE_CURVE_WITH_KNOTS('',3,(#10116,#10117,#10118,#10119),.UNSPECIFIED.,.F.,.F.,(4,4),(0.0,1.0),.UNSPECIFIED.);
#7559=LINE('',#10120,#10121);
#7560=VERTEX_POINT('',#10122);
#7561=LINE('',#10123,#10124);
#7562=VERTEX_POINT('',#10125);
#7563=LINE('',#10126,#10127);
#7564=LINE('',#10128,#10129);
#7565=VERTEX_POINT('',#10130);
#7566=LINE('',#10131,#10132);
#7567=CIRCLE('',#10133,0.6);
#7568=LINE('',#10134,#10135);
#7569=LINE('',#10136,#10137);
#7570=VERTEX_POINT('',#10138);
#7571=LINE('',#10139,#10140);
#7572=VERTEX_POINT('',#10141);
#7573=B_SPLINE_CURVE_WITH_KNOTS('',3,(#10142,#10143,#10144,#10145),.UNSPECIFIED.,.F.,.F.,(4,4),(0.0,1.0),.UNSPECIFIED.);
#7574=B_SPLINE_CURVE_WITH_KNOTS('',3,(#10146,#10147,#10148,#10149),.UNSPECIFIED.,.F.,.F.,(4,4),(0.0,1.0),.UNSPECIFIED.);
#7575=VERTEX_POINT('',#10150);
#7576=B_SPLINE_CURVE_WITH_KNOTS('',3,(#10151,#10152,#10153,#10154),.UNSPECIFIED.,.F.,.F.,(4,4),(0.0,1.0),.UNSPECIFIED.);
#7577=VERTEX_POINT('',#10155);
#7578=B_SPLINE_CURVE_WITH_KNOTS('',3,(#10156,#10157,#10158,#10159),.UNSPECIFIED.,.F.,.F.,(4,4),(0.0,1.0),.UNSPECIFIED.);
#7579=LINE('',#10160,#10161);
#7580=CIRCLE('',#10162,1.888936325);
#7581=CIRCLE('',#10163,1.888936325);
#7582=CIRCLE('',#10164,1.588936325);
#7583=CIRCLE('',#10165,1.588936325);
#7584=CIRCLE('',#10166,1.888936325);
#7585=LINE('',#10167,#10168);
#7586=LINE('',#10169,#10170);
#7587=CIRCLE('',#10171,0.3850051722757);
#7588=CIRCLE('',#10172,0.3850051722757);
#7589=VERTEX_POINT('',#10173);
#7590=CIRCLE('',#10174,0.3850051722757);
#7591=VERTEX_POINT('',#10175);
#7592=LINE('',#10176,#10177);
#7593=CIRCLE('',#10178,0.3850051722757);
#7594=LINE('',#10179,#10180);
#7595=VERTEX_POINT('',#10181);
#7596=LINE('',#10182,#10183);
#7597=VERTEX_POINT('',#10184);
#7598=CIRCLE('',#10185,1.588936325);
#7599=LINE('',#10186,#10187);
#7600=LINE('',#10188,#10189);
#7601=VERTEX_POINT('',#10190);
#7602=LINE('',#10191,#10192);
#7603=VERTEX_POINT('',#10193);
#7604=CIRCLE('',#10194,1.588936325);
#7605=LINE('',#10195,#10196);
#7606=VERTEX_POINT('',#10197);
#7607=VERTEX_POINT('',#10198);
#7608=LINE('',#10199,#10200);
#7609=LINE('',#10201,#10202);
#7610=VERTEX_POINT('',#10203);
#7611=LINE('',#10204,#10205);
#7612=VERTEX_POINT('',#10206);
#7613=LINE('',#10207,#10208);
#7614=CIRCLE('',#10209,0.6);
#7615=VERTEX_POINT('',#10210);
#7616=LINE('',#10211,#10212);
#7617=VERTEX_POINT('',#10213);
#7618=CIRCLE('',#10214,0.6);
#7619=LINE('',#10215,#10216);
#7620=LINE('',#10217,#10218);
#7621=VERTEX_POINT('',#10219);
#7622=LINE('',#10220,#10221);
#7623=LINE('',#10222,#10223);
#7624=VERTEX_POINT('',#10224);
#7625=B_SPLINE_CURVE_WITH_KNOTS('',3,(#10225,#10226,#10227,#10228),.UNSPECIFIED.,.F.,.F.,(4,4),(0.0,1.0),.UNSPECIFIED.);
#7626=VERTEX_POINT('',#10229);
#7627=B_SPLINE_CURVE_WITH_KNOTS('',3,(#10230,#10231,#10232,#10233),.UNSPECIFIED.,.F.,.F.,(4,4),(0.0,1.0),.UNSPECIFIED.);
#7628=LINE('',#10234,#10235);
#7629=VERTEX_POINT('',#10236);
#7630=LINE('',#10237,#10238);
#7631=LINE('',#10239,#10240);
#7632=LINE('',#10241,#10242);
#7633=VERTEX_POINT('',#10243);
#7634=LINE('',#10244,#10245);
#7635=VERTEX_POINT('',#10246);
#7636=B_SPLINE_CURVE_WITH_KNOTS('',3,(#10247,#10248,#10249,#10250),.UNSPECIFIED.,.F.,.F.,(4,4),(0.0,1.0),.UNSPECIFIED.);
#7637=B_SPLINE_CURVE_WITH_KNOTS('',3,(#10251,#10252,#10253,#10254),.UNSPECIFIED.,.F.,.F.,(4,4),(0.0,1.0),.UNSPECIFIED.);
#7638=LINE('',#10255,#10256);
#7639=LINE('',#10257,#10258);
#7640=VERTEX_POINT('',#10259);
#7641=LINE('',#10260,#10261);
#7642=VERTEX_POINT('',#10262);
#7643=B_SPLINE_CURVE_WITH_KNOTS('',3,(#10263,#10264,#10265,#10266),.UNSPECIFIED.,.F.,.F.,(4,4),(0.0,1.0),.UNSPECIFIED.);
#7644=B_SPLINE_CURVE_WITH_KNOTS('',3,(#10267,#10268,#10269,#10270),.UNSPECIFIED.,.F.,.F.,(4,4),(0.0,1.0),.UNSPECIFIED.);
#7645=VERTEX_POINT('',#10271);
#7646=B_SPLINE_CURVE_WITH_KNOTS('',3,(#10272,#10273,#10274,#10275),.UNSPECIFIED.,.F.,.F.,(4,4),(0.0,1.0),.UNSPECIFIED.);
#7647=VERTEX_POINT('',#10276);
#7648=B_SPLINE_CURVE_WITH_KNOTS('',3,(#10277,#10278,#10279,#10280),.UNSPECIFIED.,.F.,.F.,(4,4),(0.0,1.0),.UNSPECIFIED.);
#7649=LINE('',#10281,#10282);
#7650=CIRCLE('',#10283,1.888936325);
#7651=CIRCLE('',#10284,1.888936325);
#7652=CIRCLE('',#10285,1.888936325);
#7653=CIRCLE('',#10286,1.888936325);
#7654=CIRCLE('',#10287,1.888936325);
#7655=LINE('',#10288,#10289);
#7656=CARTESIAN_POINT('',(11.5,12.8,2.6));
#7657=CARTESIAN_POINT('',(11.5,0.2,2.6));
#7658=CARTESIAN_POINT('',(11.5,12.8,2.6));
#7659=VECTOR('',#10290,1.0);
#7660=CARTESIAN_POINT('',(11.1,12.8,3.0));
#7661=AXIS2_PLACEMENT_3D('',#10291,#10292,#10293);
#7662=CARTESIAN_POINT('',(11.1,0.2,3.0));
#7663=CARTESIAN_POINT('',(11.1,12.8,3.0));
#7664=VECTOR('',#10294,12.6);
#7665=AXIS2_PLACEMENT_3D('',#10295,#10296,#10297);
#7666=CARTESIAN_POINT('',(-11.1,0.0,3.8));
#7667=CARTESIAN_POINT('',(-11.1,0.2,3.8));
#7668=CARTESIAN_POINT('',(-11.1,0.0,3.8));
#7669=VECTOR('',#10298,0.2);
#7670=CARTESIAN_POINT('',(-11.1,0.0,4.8));
#7671=CARTESIAN_POINT('',(-11.1,0.0,4.8));
#7672=VECTOR('',#10299,1.0);
#7673=CARTESIAN_POINT('',(-11.1,12.8,4.8));
#7674=CARTESIAN_POINT('',(-11.1,12.8,4.8));
#7675=VECTOR('',#10300,12.8);
#7676=CARTESIAN_POINT('',(-11.1,12.8,-1.59));
#7677=CARTESIAN_POINT('',(-11.1,12.8,-1.59));
#7678=VECTOR('',#10301,6.39);
#7679=CARTESIAN_POINT('',(-11.1,4.8,-1.59));
#7680=CARTESIAN_POINT('',(-11.1,4.8,-1.59));
#7681=VECTOR('',#10302,8.0);
#7682=CARTESIAN_POINT('',(-11.1,4.8,-1.354994827724));
#7683=CARTESIAN_POINT('',(-11.1,4.8,-1.59));
#7684=VECTOR('',#10303,0.2350051722757);
#7685=CARTESIAN_POINT('',(-11.1,2.7,-1.354994827724));
#7686=CARTESIAN_POINT('',(-11.1,4.8,-1.354994827724));
#7687=VECTOR('',#10304,2.1);
#7688=CARTESIAN_POINT('',(-11.1,2.7,-3.625005172276));
#7689=CARTESIAN_POINT('',(-11.1,2.7,-3.625005172276));
#7690=VECTOR('',#10305,2.270010344551);
#7691=CARTESIAN_POINT('',(-11.1,4.8,-3.625005172276));
#7692=CARTESIAN_POINT('',(-11.1,4.8,-3.625005172276));
#7693=VECTOR('',#10306,2.1);
#7694=CARTESIAN_POINT('',(-11.1,4.8,-3.39));
#7695=CARTESIAN_POINT('',(-11.1,4.8,-3.625005172276));
#7696=VECTOR('',#10307,0.2350051722757);
#7697=CARTESIAN_POINT('',(-11.1,12.8,-3.39));
#7698=CARTESIAN_POINT('',(-11.1,4.8,-3.39));
#7699=VECTOR('',#10308,8.0);
#7700=CARTESIAN_POINT('',(-11.1,12.8,-4.8));
#7701=CARTESIAN_POINT('',(-11.1,12.8,-4.8));
#7702=VECTOR('',#10309,1.41);
#7703=CARTESIAN_POINT('',(-11.1,0.0,-4.8));
#7704=CARTESIAN_POINT('',(-11.1,0.0,-4.8));
#7705=VECTOR('',#10310,12.8);
#7706=CARTESIAN_POINT('',(-11.1,0.0,-3.8));
#7707=CARTESIAN_POINT('',(-11.1,0.0,-3.8));
#7708=VECTOR('',#10311,1.0);
#7709=CARTESIAN_POINT('',(-11.1,0.2,-3.8));
#7710=CARTESIAN_POINT('',(-11.1,0.0,-3.8));
#7711=VECTOR('',#10312,0.2);
#7712=CARTESIAN_POINT('',(-11.1,0.2,3.8));
#7713=VECTOR('',#10313,7.6);
#7714=CARTESIAN_POINT('',(11.1,0.2,2.2));
#7715=AXIS2_PLACEMENT_3D('',#10314,#10315,#10316);
#7716=CARTESIAN_POINT('',(11.1,0.2,3.8));
#7717=CARTESIAN_POINT('',(11.1,0.2,3.0));
#7718=VECTOR('',#10317,0.8);
#7719=CARTESIAN_POINT('',(9.7,0.2,3.8));
#7720=CARTESIAN_POINT('',(11.1,0.2,3.8));
#7721=VECTOR('',#10318,1.4);
#7722=CARTESIAN_POINT('',(9.7,0.2,0.5));
#7723=CARTESIAN_POINT('',(9.7,0.2,0.5));
#7724=VECTOR('',#10319,3.3);
#7725=CARTESIAN_POINT('',(10.1,0.2,0.5));
#7726=CARTESIAN_POINT('',(9.7,0.2,0.5));
#7727=VECTOR('',#10320,0.4);
#7728=CARTESIAN_POINT('',(10.1,0.2,-0.5));
#7729=CARTESIAN_POINT('',(10.1,0.2,0.5));
#7730=VECTOR('',#10321,1.0);
#7731=CARTESIAN_POINT('',(9.7,0.2,-0.5));
#7732=CARTESIAN_POINT('',(10.1,0.2,-0.5));
#7733=VECTOR('',#10322,0.4);
#7734=CARTESIAN_POINT('',(9.7,0.2,-3.8));
#7735=CARTESIAN_POINT('',(9.7,0.2,-3.8));
#7736=VECTOR('',#10323,3.3);
#7737=CARTESIAN_POINT('',(11.1,0.2,-3.8));
#7738=CARTESIAN_POINT('',(9.7,0.2,-3.8));
#7739=VECTOR('',#10324,1.4);
#7740=CARTESIAN_POINT('',(11.1,0.2,-3.8));
#7741=VECTOR('',#10325,6.0);
#7742=CARTESIAN_POINT('',(-9.7,0.2,-3.8));
#7743=CARTESIAN_POINT('',(-11.1,0.2,-3.8));
#7744=VECTOR('',#10326,1.4);
#7745=CARTESIAN_POINT('',(-9.7,0.2,-0.5));
#7746=CARTESIAN_POINT('',(-9.7,0.2,-3.8));
#7747=VECTOR('',#10327,3.3);
#7748=CARTESIAN_POINT('',(-10.1,0.2,-0.5));
#7749=CARTESIAN_POINT('',(-9.7,0.2,-0.5));
#7750=VECTOR('',#10328,0.4);
#7751=CARTESIAN_POINT('',(-10.1,0.2,0.5));
#7752=CARTESIAN_POINT('',(-10.1,0.2,-0.5));
#7753=VECTOR('',#10329,1.0);
#7754=CARTESIAN_POINT('',(-9.7,0.2,0.5));
#7755=CARTESIAN_POINT('',(-10.1,0.2,0.5));
#7756=VECTOR('',#10330,0.4);
#7757=CARTESIAN_POINT('',(-9.7,0.2,3.8));
#7758=CARTESIAN_POINT('',(-9.7,0.2,0.5));
#7759=VECTOR('',#10331,3.3);
#7760=CARTESIAN_POINT('',(-9.7,0.2,3.8));
#7761=VECTOR('',#10332,1.4);
#7762=CARTESIAN_POINT('',(11.1,0.0,-3.8));
#7763=CARTESIAN_POINT('',(11.1,0.0,-3.8));
#7764=VECTOR('',#10333,0.2);
#7765=CARTESIAN_POINT('',(11.1,0.0,-4.8));
#7766=CARTESIAN_POINT('',(11.1,0.0,-3.8));
#7767=VECTOR('',#10334,1.0);
#7768=CARTESIAN_POINT('',(11.1,12.8,-4.8));
#7769=CARTESIAN_POINT('',(11.1,0.0,-4.8));
#7770=VECTOR('',#10335,12.8);
#7771=CARTESIAN_POINT('',(11.1,12.8,2.2));
#7772=CARTESIAN_POINT('',(11.1,12.8,-4.8));
#7773=VECTOR('',#10336,7.0);
#7774=CARTESIAN_POINT('',(11.1,12.8,2.2));
#7775=VECTOR('',#10337,12.6);
#7776=CARTESIAN_POINT('',(11.1,4.8,-3.625005172276));
#7777=CARTESIAN_POINT('',(11.1,4.8,-1.354994827724));
#7778=CARTESIAN_POINT('',(11.1,4.8,-3.625005172276));
#7779=VECTOR('',#10338,2.270010344551);
#7780=CARTESIAN_POINT('',(11.1,2.7,-3.625005172276));
#7781=CARTESIAN_POINT('',(11.1,4.8,-3.625005172276));
#7782=VECTOR('',#10339,2.1);
#7783=CARTESIAN_POINT('',(11.1,2.7,-1.354994827724));
#7784=CARTESIAN_POINT('',(11.1,2.7,-1.354994827724));
#7785=VECTOR('',#10340,2.270010344551);
#7786=CARTESIAN_POINT('',(11.1,4.8,-1.354994827724));
#7787=VECTOR('',#10341,2.1);
#7788=CARTESIAN_POINT('',(11.1,12.8,4.8));
#7789=CARTESIAN_POINT('',(11.1,12.8,3.0));
#7790=VECTOR('',#10342,1.8);
#7791=CARTESIAN_POINT('',(11.1,0.0,4.8));
#7792=CARTESIAN_POINT('',(11.1,12.8,4.8));
#7793=VECTOR('',#10343,12.8);
#7794=CARTESIAN_POINT('',(11.1,0.0,3.8));
#7795=CARTESIAN_POINT('',(11.1,0.0,4.8));
#7796=VECTOR('',#10344,1.0);
#7797=CARTESIAN_POINT('',(11.1,0.0,3.8));
#7798=VECTOR('',#10345,0.2);
#7799=AXIS2_PLACEMENT_3D('',#10346,#10347,#10348);
#7800=CARTESIAN_POINT('',(-1.7,12.8,-4.8));
#7801=CARTESIAN_POINT('',(-11.1,12.8,-4.8));
#7802=VECTOR('',#10349,9.4);
#7803=CARTESIAN_POINT('',(-11.5,12.8,-2.99));
#7804=CARTESIAN_POINT('',(-11.5,12.8,-2.99));
#7805=VECTOR('',#10350,0.5656854249492);
#7806=CARTESIAN_POINT('',(-11.5,12.8,-1.99));
#7807=CARTESIAN_POINT('',(-11.5,12.8,-1.99));
#7808=VECTOR('',#10351,1.0);
#7809=CARTESIAN_POINT('',(-11.1,12.8,-1.59));
#7810=VECTOR('',#10352,0.5656854249492);
#7811=CARTESIAN_POINT('',(-11.1,12.8,4.8));
#7812=VECTOR('',#10353,22.2);
#7813=CARTESIAN_POINT('',(1.7,12.8,-4.8));
#7814=CARTESIAN_POINT('',(1.7,12.8,-4.8));
#7815=VECTOR('',#10354,9.4);
#7816=CARTESIAN_POINT('',(-1.7,12.8,-4.8));
#7817=VECTOR('',#10355,3.4);
#7818=CARTESIAN_POINT('',(6.6,12.8,3.9));
#7819=CARTESIAN_POINT('',(10.2,12.8,3.9));
#7820=CARTESIAN_POINT('',(6.6,12.8,3.9));
#7821=VECTOR('',#10356,3.6);
#7822=CARTESIAN_POINT('',(6.6,12.8,0.3));
#7823=CARTESIAN_POINT('',(6.6,12.8,0.3));
#7824=VECTOR('',#10357,3.6);
#7825=CARTESIAN_POINT('',(10.2,12.8,0.3));
#7826=CARTESIAN_POINT('',(10.2,12.8,0.3));
#7827=VECTOR('',#10358,3.6);
#7828=CARTESIAN_POINT('',(10.2,12.8,3.9));
#7829=VECTOR('',#10359,3.6);
#7830=CARTESIAN_POINT('',(9.3,12.8,-0.3));
#7831=CARTESIAN_POINT('',(10.2,12.8,-1.2));
#7832=CARTESIAN_POINT('',(9.3,12.8,-0.3));
#7833=VECTOR('',#10360,1.272792206136);
#7834=CARTESIAN_POINT('',(7.5,12.8,-0.3));
#7835=CARTESIAN_POINT('',(7.5,12.8,-0.3));
#7836=VECTOR('',#10361,1.8);
#7837=CARTESIAN_POINT('',(6.6,12.8,-1.2));
#7838=CARTESIAN_POINT('',(6.6,12.8,-1.2));
#7839=VECTOR('',#10362,1.272792206136);
#7840=CARTESIAN_POINT('',(6.6,12.8,-3.9));
#7841=CARTESIAN_POINT('',(6.6,12.8,-3.9));
#7842=VECTOR('',#10363,2.7);
#7843=CARTESIAN_POINT('',(10.2,12.8,-3.9));
#7844=CARTESIAN_POINT('',(10.2,12.8,-3.9));
#7845=VECTOR('',#10364,3.6);
#7846=CARTESIAN_POINT('',(10.2,12.8,-1.2));
#7847=VECTOR('',#10365,2.7);
#7848=CARTESIAN_POINT('',(1.8,12.8,-3.9));
#7849=CARTESIAN_POINT('',(-1.8,12.8,-3.9));
#7850=CARTESIAN_POINT('',(1.8,12.8,-3.9));
#7851=VECTOR('',#10366,3.6);
#7852=CARTESIAN_POINT('',(1.8,12.8,-0.3));
#7853=CARTESIAN_POINT('',(1.8,12.8,-0.3));
#7854=VECTOR('',#10367,3.6);
#7855=CARTESIAN_POINT('',(-1.8,12.8,-0.3));
#7856=CARTESIAN_POINT('',(-1.8,12.8,-0.3));
#7857=VECTOR('',#10368,3.6);
#7858=CARTESIAN_POINT('',(-1.8,12.8,-3.9));
#7859=VECTOR('',#10369,3.6);
#7860=CARTESIAN_POINT('',(1.8,12.8,0.3));
#7861=CARTESIAN_POINT('',(-1.8,12.8,0.3));
#7862=CARTESIAN_POINT('',(1.8,12.8,0.3));
#7863=VECTOR('',#10370,3.6);
#7864=CARTESIAN_POINT('',(1.8,12.8,3.0));
#7865=CARTESIAN_POINT('',(1.8,12.8,3.0));
#7866=VECTOR('',#10371,2.7);
#7867=CARTESIAN_POINT('',(0.9,12.8,3.9));
#7868=CARTESIAN_POINT('',(0.9,12.8,3.9));
#7869=VECTOR('',#10372,1.272792206136);
#7870=CARTESIAN_POINT('',(-0.9,12.8,3.9));
#7871=CARTESIAN_POINT('',(-0.9,12.8,3.9));
#7872=VECTOR('',#10373,1.8);
#7873=CARTESIAN_POINT('',(-1.8,12.8,3.0));
#7874=CARTESIAN_POINT('',(-1.8,12.8,3.0));
#7875=VECTOR('',#10374,1.272792206136);
#7876=CARTESIAN_POINT('',(-1.8,12.8,0.3));
#7877=VECTOR('',#10375,2.7);
#7878=CARTESIAN_POINT('',(5.1,12.8,3.9));
#7879=CARTESIAN_POINT('',(6.0,12.8,3.0));
#7880=CARTESIAN_POINT('',(5.1,12.8,3.9));
#7881=VECTOR('',#10376,1.272792206136);
#7882=CARTESIAN_POINT('',(3.3,12.8,3.9));
#7883=CARTESIAN_POINT('',(3.3,12.8,3.9));
#7884=VECTOR('',#10377,1.8);
#7885=CARTESIAN_POINT('',(2.4,12.8,3.0));
#7886=CARTESIAN_POINT('',(2.4,12.8,3.0));
#7887=VECTOR('',#10378,1.272792206136);
#7888=CARTESIAN_POINT('',(2.4,12.8,0.3));
#7889=CARTESIAN_POINT('',(2.4,12.8,0.3));
#7890=VECTOR('',#10379,2.7);
#7891=CARTESIAN_POINT('',(6.0,12.8,0.3));
#7892=CARTESIAN_POINT('',(6.0,12.8,0.3));
#7893=VECTOR('',#10380,3.6);
#7894=CARTESIAN_POINT('',(6.0,12.8,3.0));
#7895=VECTOR('',#10381,2.7);
#7896=CARTESIAN_POINT('',(2.4,12.8,-0.3));
#7897=CARTESIAN_POINT('',(6.0,12.8,-0.3));
#7898=CARTESIAN_POINT('',(2.4,12.8,-0.3));
#7899=VECTOR('',#10382,3.6);
#7900=CARTESIAN_POINT('',(2.4,12.8,-3.9));
#7901=CARTESIAN_POINT('',(2.4,12.8,-3.9));
#7902=VECTOR('',#10383,3.6);
#7903=CARTESIAN_POINT('',(6.0,12.8,-3.9));
#7904=CARTESIAN_POINT('',(6.0,12.8,-3.9));
#7905=VECTOR('',#10384,3.6);
#7906=CARTESIAN_POINT('',(6.0,12.8,-0.3));
#7907=VECTOR('',#10385,3.6);
#7908=CARTESIAN_POINT('',(-6.0,12.8,3.9));
#7909=CARTESIAN_POINT('',(-2.4,12.8,3.9));
#7910=CARTESIAN_POINT('',(-6.0,12.8,3.9));
#7911=VECTOR('',#10386,3.6);
#7912=CARTESIAN_POINT('',(-6.0,12.8,0.3));
#7913=CARTESIAN_POINT('',(-6.0,12.8,0.3));
#7914=VECTOR('',#10387,3.6);
#7915=CARTESIAN_POINT('',(-2.4,12.8,0.3));
#7916=CARTESIAN_POINT('',(-2.4,12.8,0.3));
#7917=VECTOR('',#10388,3.6);
#7918=CARTESIAN_POINT('',(-2.4,12.8,3.9));
#7919=VECTOR('',#10389,3.6);
#7920=CARTESIAN_POINT('',(-3.3,12.8,-0.3));
#7921=CARTESIAN_POINT('',(-2.4,12.8,-1.2));
#7922=CARTESIAN_POINT('',(-3.3,12.8,-0.3));
#7923=VECTOR('',#10390,1.272792206136);
#7924=CARTESIAN_POINT('',(-5.1,12.8,-0.3));
#7925=CARTESIAN_POINT('',(-5.1,12.8,-0.3));
#7926=VECTOR('',#10391,1.8);
#7927=CARTESIAN_POINT('',(-6.0,12.8,-1.2));
#7928=CARTESIAN_POINT('',(-6.0,12.8,-1.2));
#7929=VECTOR('',#10392,1.272792206136);
#7930=CARTESIAN_POINT('',(-6.0,12.8,-3.9));
#7931=CARTESIAN_POINT('',(-6.0,12.8,-3.9));
#7932=VECTOR('',#10393,2.7);
#7933=CARTESIAN_POINT('',(-2.4,12.8,-3.9));
#7934=CARTESIAN_POINT('',(-2.4,12.8,-3.9));
#7935=VECTOR('',#10394,3.6);
#7936=CARTESIAN_POINT('',(-2.4,12.8,-1.2));
#7937=VECTOR('',#10395,2.7);
#7938=CARTESIAN_POINT('',(-6.6,12.8,-1.2));
#7939=CARTESIAN_POINT('',(-6.6,12.8,-3.9));
#7940=CARTESIAN_POINT('',(-6.6,12.8,-1.2));
#7941=VECTOR('',#10396,2.7);
#7942=CARTESIAN_POINT('',(-7.5,12.8,-0.3));
#7943=CARTESIAN_POINT('',(-7.5,12.8,-0.3));
#7944=VECTOR('',#10397,1.272792206136);
#7945=CARTESIAN_POINT('',(-9.3,12.8,-0.3));
#7946=CARTESIAN_POINT('',(-9.3,12.8,-0.3));
#7947=VECTOR('',#10398,1.8);
#7948=CARTESIAN_POINT('',(-10.2,12.8,-1.2));
#7949=CARTESIAN_POINT('',(-10.2,12.8,-1.2));
#7950=VECTOR('',#10399,1.272792206136);
#7951=CARTESIAN_POINT('',(-10.2,12.8,-3.9));
#7952=CARTESIAN_POINT('',(-10.2,12.8,-3.9));
#7953=VECTOR('',#10400,2.7);
#7954=CARTESIAN_POINT('',(-6.6,12.8,-3.9));
#7955=VECTOR('',#10401,3.6);
#7956=CARTESIAN_POINT('',(-6.6,12.8,3.9));
#7957=CARTESIAN_POINT('',(-6.6,12.8,0.3));
#7958=CARTESIAN_POINT('',(-6.6,12.8,3.9));
#7959=VECTOR('',#10402,3.6);
#7960=CARTESIAN_POINT('',(-10.2,12.8,3.9));
#7961=CARTESIAN_POINT('',(-10.2,12.8,3.9));
#7962=VECTOR('',#10403,3.6);
#7963=CARTESIAN_POINT('',(-10.2,12.8,0.3));
#7964=CARTESIAN_POINT('',(-10.2,12.8,0.3));
#7965=VECTOR('',#10404,3.6);
#7966=CARTESIAN_POINT('',(-6.6,12.8,0.3));
#7967=VECTOR('',#10405,3.6);
#7968=CARTESIAN_POINT('',(1.7,10.45,-6.2));
#7969=CARTESIAN_POINT('',(1.7,10.45,-6.2));
#7970=VECTOR('',#10406,2.735415873318);
#7971=CARTESIAN_POINT('',(-1.7,10.45,-6.2));
#7972=CARTESIAN_POINT('',(-1.7,10.45,-6.2));
#7973=VECTOR('',#10407,3.4);
#7974=CARTESIAN_POINT('',(-1.7,10.45,-6.2));
#7975=VECTOR('',#10408,2.735415873318);
#7976=CARTESIAN_POINT('',(-1.7,9.75,-6.2));
#7977=CARTESIAN_POINT('',(-1.7,9.75,-6.2));
#7978=VECTOR('',#10409,0.7);
#7979=CARTESIAN_POINT('',(-1.7,9.75,-4.8));
#7980=CARTESIAN_POINT('',(-1.7,9.75,-4.8));
#7981=VECTOR('',#10410,1.4);
#7982=CARTESIAN_POINT('',(-1.7,12.8,-4.8));
#7983=VECTOR('',#10411,3.05);
#7984=CARTESIAN_POINT('',(1.7,9.75,-4.8));
#7985=CARTESIAN_POINT('',(-1.7,9.75,-4.8));
#7986=VECTOR('',#10412,3.4);
#7987=CARTESIAN_POINT('',(1.7,12.8,-4.8));
#7988=VECTOR('',#10413,3.05);
#7989=CARTESIAN_POINT('',(9.4,0.0,-4.8));
#7990=CARTESIAN_POINT('',(9.4,0.0,-4.8));
#7991=VECTOR('',#10414,1.7);
#7992=CARTESIAN_POINT('',(9.4,0.8,-4.8));
#7993=CARTESIAN_POINT('',(9.4,0.0,-4.8));
#7994=VECTOR('',#10415,0.8);
#7995=CARTESIAN_POINT('',(7.4,0.8,-4.8));
#7996=CARTESIAN_POINT('',(7.4,0.8,-4.8));
#7997=VECTOR('',#10416,2.0);
#7998=CARTESIAN_POINT('',(7.4,0.0,-4.8));
#7999=CARTESIAN_POINT('',(7.4,0.0,-4.8));
#8000=VECTOR('',#10417,0.8);
#8001=CARTESIAN_POINT('',(5.2,0.0,-4.8));
#8002=CARTESIAN_POINT('',(5.2,0.0,-4.8));
#8003=VECTOR('',#10418,2.2);
#8004=CARTESIAN_POINT('',(5.2,0.8,-4.8));
#8005=CARTESIAN_POINT('',(5.2,0.0,-4.8));
#8006=VECTOR('',#10419,0.8);
#8007=CARTESIAN_POINT('',(3.2,0.8,-4.8));
#8008=CARTESIAN_POINT('',(3.2,0.8,-4.8));
#8009=VECTOR('',#10420,2.0);
#8010=CARTESIAN_POINT('',(3.2,0.0,-4.8));
#8011=CARTESIAN_POINT('',(3.2,0.0,-4.8));
#8012=VECTOR('',#10421,0.8);
#8013=CARTESIAN_POINT('',(1.0,0.0,-4.8));
#8014=CARTESIAN_POINT('',(1.0,0.0,-4.8));
#8015=VECTOR('',#10422,2.2);
#8016=CARTESIAN_POINT('',(1.0,0.8,-4.8));
#8017=CARTESIAN_POINT('',(1.0,0.0,-4.8));
#8018=VECTOR('',#10423,0.8);
#8019=CARTESIAN_POINT('',(-1.0,0.8,-4.8));
#8020=CARTESIAN_POINT('',(-1.0,0.8,-4.8));
#8021=VECTOR('',#10424,2.0);
#8022=CARTESIAN_POINT('',(-1.0,0.0,-4.8));
#8023=CARTESIAN_POINT('',(-1.0,0.0,-4.8));
#8024=VECTOR('',#10425,0.8);
#8025=CARTESIAN_POINT('',(-3.2,0.0,-4.8));
#8026=CARTESIAN_POINT('',(-3.2,0.0,-4.8));
#8027=VECTOR('',#10426,2.2);
#8028=CARTESIAN_POINT('',(-3.2,0.8,-4.8));
#8029=CARTESIAN_POINT('',(-3.2,0.0,-4.8));
#8030=VECTOR('',#10427,0.8);
#8031=CARTESIAN_POINT('',(-5.2,0.8,-4.8));
#8032=CARTESIAN_POINT('',(-5.2,0.8,-4.8));
#8033=VECTOR('',#10428,2.0);
#8034=CARTESIAN_POINT('',(-5.2,0.0,-4.8));
#8035=CARTESIAN_POINT('',(-5.2,0.0,-4.8));
#8036=VECTOR('',#10429,0.8);
#8037=CARTESIAN_POINT('',(-7.4,0.0,-4.8));
#8038=CARTESIAN_POINT('',(-7.4,0.0,-4.8));
#8039=VECTOR('',#10430,2.2);
#8040=CARTESIAN_POINT('',(-7.4,0.8,-4.8));
#8041=CARTESIAN_POINT('',(-7.4,0.0,-4.8));
#8042=VECTOR('',#10431,0.8);
#8043=CARTESIAN_POINT('',(-9.4,0.8,-4.8));
#8044=CARTESIAN_POINT('',(-9.4,0.8,-4.8));
#8045=VECTOR('',#10432,2.0);
#8046=CARTESIAN_POINT('',(-9.4,0.0,-4.8));
#8047=CARTESIAN_POINT('',(-9.4,0.0,-4.8));
#8048=VECTOR('',#10433,0.8);
#8049=CARTESIAN_POINT('',(-11.1,0.0,-4.8));
#8050=VECTOR('',#10434,1.7);
#8051=CARTESIAN_POINT('',(-10.1,0.0,-0.5));
#8052=CARTESIAN_POINT('',(-10.1,0.0,0.5));
#8053=CARTESIAN_POINT('',(-10.1,0.0,-0.5));
#8054=VECTOR('',#10435,1.0);
#8055=CARTESIAN_POINT('',(10.1,0.0,-0.5));
#8056=CARTESIAN_POINT('',(10.1,0.0,-0.5));
#8057=VECTOR('',#10436,20.2);
#8058=CARTESIAN_POINT('',(10.1,0.0,0.5));
#8059=CARTESIAN_POINT('',(10.1,0.0,0.5));
#8060=VECTOR('',#10437,1.0);
#8061=CARTESIAN_POINT('',(-10.1,0.0,0.5));
#8062=VECTOR('',#10438,20.2);
#8063=CARTESIAN_POINT('',(9.4,0.0,4.8));
#8064=CARTESIAN_POINT('',(9.4,0.0,3.8));
#8065=CARTESIAN_POINT('',(9.4,0.0,4.8));
#8066=VECTOR('',#10439,1.0);
#8067=CARTESIAN_POINT('',(9.4,0.0,3.8));
#8068=VECTOR('',#10440,1.7);
#8069=CARTESIAN_POINT('',(9.4,0.0,4.8));
#8070=VECTOR('',#10441,1.7);
#8071=CARTESIAN_POINT('',(9.4,0.0,-3.8));
#8072=CARTESIAN_POINT('',(9.4,0.0,-3.8));
#8073=VECTOR('',#10442,1.7);
#8074=CARTESIAN_POINT('',(9.4,0.0,-4.8));
#8075=VECTOR('',#10443,1.0);
#8076=CARTESIAN_POINT('',(5.2,0.0,4.8));
#8077=CARTESIAN_POINT('',(5.2,0.0,3.8));
#8078=CARTESIAN_POINT('',(5.2,0.0,4.8));
#8079=VECTOR('',#10444,1.0);
#8080=CARTESIAN_POINT('',(7.4,0.0,3.8));
#8081=CARTESIAN_POINT('',(5.2,0.0,3.8));
#8082=VECTOR('',#10445,2.2);
#8083=CARTESIAN_POINT('',(7.4,0.0,4.8));
#8084=CARTESIAN_POINT('',(7.4,0.0,4.8));
#8085=VECTOR('',#10446,1.0);
#8086=CARTESIAN_POINT('',(5.2,0.0,4.8));
#8087=VECTOR('',#10447,2.2);
#8088=CARTESIAN_POINT('',(7.4,0.0,-3.8));
#8089=CARTESIAN_POINT('',(7.4,0.0,-4.8));
#8090=VECTOR('',#10448,1.0);
#8091=CARTESIAN_POINT('',(5.2,0.0,-3.8));
#8092=CARTESIAN_POINT('',(5.2,0.0,-3.8));
#8093=VECTOR('',#10449,2.2);
#8094=CARTESIAN_POINT('',(5.2,0.0,-4.8));
#8095=VECTOR('',#10450,1.0);
#8096=CARTESIAN_POINT('',(1.0,0.0,4.8));
#8097=CARTESIAN_POINT('',(1.0,0.0,3.8));
#8098=CARTESIAN_POINT('',(1.0,0.0,4.8));
#8099=VECTOR('',#10451,1.0);
#8100=CARTESIAN_POINT('',(3.2,0.0,3.8));
#8101=CARTESIAN_POINT('',(1.0,0.0,3.8));
#8102=VECTOR('',#10452,2.2);
#8103=CARTESIAN_POINT('',(3.2,0.0,4.8));
#8104=CARTESIAN_POINT('',(3.2,0.0,4.8));
#8105=VECTOR('',#10453,1.0);
#8106=CARTESIAN_POINT('',(1.0,0.0,4.8));
#8107=VECTOR('',#10454,2.2);
#8108=CARTESIAN_POINT('',(3.2,0.0,-3.8));
#8109=CARTESIAN_POINT('',(3.2,0.0,-4.8));
#8110=VECTOR('',#10455,1.0);
#8111=CARTESIAN_POINT('',(1.0,0.0,-3.8));
#8112=CARTESIAN_POINT('',(1.0,0.0,-3.8));
#8113=VECTOR('',#10456,2.2);
#8114=CARTESIAN_POINT('',(1.0,0.0,-4.8));
#8115=VECTOR('',#10457,1.0);
#8116=CARTESIAN_POINT('',(-3.2,0.0,4.8));
#8117=CARTESIAN_POINT('',(-3.2,0.0,3.8));
#8118=CARTESIAN_POINT('',(-3.2,0.0,4.8));
#8119=VECTOR('',#10458,1.0);
#8120=CARTESIAN_POINT('',(-1.0,0.0,3.8));
#8121=CARTESIAN_POINT('',(-3.2,0.0,3.8));
#8122=VECTOR('',#10459,2.2);
#8123=CARTESIAN_POINT('',(-1.0,0.0,4.8));
#8124=CARTESIAN_POINT('',(-1.0,0.0,4.8));
#8125=VECTOR('',#10460,1.0);
#8126=CARTESIAN_POINT('',(-3.2,0.0,4.8));
#8127=VECTOR('',#10461,2.2);
#8128=CARTESIAN_POINT('',(-1.0,0.0,-3.8));
#8129=CARTESIAN_POINT('',(-1.0,0.0,-4.8));
#8130=VECTOR('',#10462,1.0);
#8131=CARTESIAN_POINT('',(-3.2,0.0,-3.8));
#8132=CARTESIAN_POINT('',(-3.2,0.0,-3.8));
#8133=VECTOR('',#10463,2.2);
#8134=CARTESIAN_POINT('',(-3.2,0.0,-4.8));
#8135=VECTOR('',#10464,1.0);
#8136=CARTESIAN_POINT('',(-9.4,0.0,3.8));
#8137=CARTESIAN_POINT('',(-11.1,0.0,3.8));
#8138=VECTOR('',#10465,1.7);
#8139=CARTESIAN_POINT('',(-9.4,0.0,4.8));
#8140=CARTESIAN_POINT('',(-9.4,0.0,4.8));
#8141=VECTOR('',#10466,1.0);
#8142=CARTESIAN_POINT('',(-11.1,0.0,4.8));
#8143=VECTOR('',#10467,1.7);
#8144=CARTESIAN_POINT('',(-7.4,0.0,4.8));
#8145=CARTESIAN_POINT('',(-7.4,0.0,3.8));
#8146=CARTESIAN_POINT('',(-7.4,0.0,4.8));
#8147=VECTOR('',#10468,1.0);
#8148=CARTESIAN_POINT('',(-5.2,0.0,3.8));
#8149=CARTESIAN_POINT('',(-7.4,0.0,3.8));
#8150=VECTOR('',#10469,2.2);
#8151=CARTESIAN_POINT('',(-5.2,0.0,4.8));
#8152=CARTESIAN_POINT('',(-5.2,0.0,4.8));
#8153=VECTOR('',#10470,1.0);
#8154=CARTESIAN_POINT('',(-7.4,0.0,4.8));
#8155=VECTOR('',#10471,2.2);
#8156=CARTESIAN_POINT('',(-9.4,0.0,-3.8));
#8157=CARTESIAN_POINT('',(-9.4,0.0,-4.8));
#8158=VECTOR('',#10472,1.0);
#8159=CARTESIAN_POINT('',(-11.1,0.0,-3.8));
#8160=VECTOR('',#10473,1.7);
#8161=CARTESIAN_POINT('',(-5.2,0.0,-3.8));
#8162=CARTESIAN_POINT('',(-5.2,0.0,-4.8));
#8163=VECTOR('',#10474,1.0);
#8164=CARTESIAN_POINT('',(-7.4,0.0,-3.8));
#8165=CARTESIAN_POINT('',(-7.4,0.0,-3.8));
#8166=VECTOR('',#10475,2.2);
#8167=CARTESIAN_POINT('',(-7.4,0.0,-4.8));
#8168=VECTOR('',#10476,1.0);
#8169=CARTESIAN_POINT('',(-9.7,0.8,0.5));
#8170=CARTESIAN_POINT('',(-9.7,0.2,0.5));
#8171=VECTOR('',#10477,0.6);
#8172=CARTESIAN_POINT('',(-10.1,0.0,0.5));
#8173=VECTOR('',#10478,0.2);
#8174=CARTESIAN_POINT('',(10.1,0.0,0.5));
#8175=VECTOR('',#10479,0.2);
#8176=CARTESIAN_POINT('',(9.7,0.8,0.5));
#8177=CARTESIAN_POINT('',(9.7,0.2,0.5));
#8178=VECTOR('',#10480,0.6);
#8179=CARTESIAN_POINT('',(7.1,0.8,0.5));
#8180=CARTESIAN_POINT('',(7.1,0.8,0.5));
#8181=VECTOR('',#10481,2.6);
#8182=CARTESIAN_POINT('',(7.1,3.7,0.5));
#8183=CARTESIAN_POINT('',(7.1,3.7,0.5));
#8184=VECTOR('',#10482,2.9);
#8185=CARTESIAN_POINT('',(6.6,3.7,0.5));
#8186=CARTESIAN_POINT('',(6.6,3.7,0.5));
#8187=VECTOR('',#10483,0.5);
#8188=CARTESIAN_POINT('',(6.6,2.7,0.5));
#8189=CARTESIAN_POINT('',(6.6,2.7,0.5));
#8190=VECTOR('',#10484,1.0);
#8191=CARTESIAN_POINT('',(6.0,2.7,0.5));
#8192=CARTESIAN_POINT('',(6.6,2.7,0.5));
#8193=VECTOR('',#10485,0.6);
#8194=CARTESIAN_POINT('',(6.0,3.7,0.5));
#8195=CARTESIAN_POINT('',(6.0,3.7,0.5));
#8196=VECTOR('',#10486,1.0);
#8197=CARTESIAN_POINT('',(5.5,3.7,0.5));
#8198=CARTESIAN_POINT('',(6.0,3.7,0.5));
#8199=VECTOR('',#10487,0.5);
#8200=CARTESIAN_POINT('',(5.5,0.8,0.5));
#8201=CARTESIAN_POINT('',(5.5,0.8,0.5));
#8202=VECTOR('',#10488,2.9);
#8203=CARTESIAN_POINT('',(2.9,0.8,0.5));
#8204=CARTESIAN_POINT('',(2.9,0.8,0.5));
#8205=VECTOR('',#10489,2.6);
#8206=CARTESIAN_POINT('',(2.9,3.7,0.5));
#8207=CARTESIAN_POINT('',(2.9,3.7,0.5));
#8208=VECTOR('',#10490,2.9);
#8209=CARTESIAN_POINT('',(2.4,3.7,0.5));
#8210=CARTESIAN_POINT('',(2.4,3.7,0.5));
#8211=VECTOR('',#10491,0.5);
#8212=CARTESIAN_POINT('',(2.4,2.7,0.5));
#8213=CARTESIAN_POINT('',(2.4,2.7,0.5));
#8214=VECTOR('',#10492,1.0);
#8215=CARTESIAN_POINT('',(1.8,2.7,0.5));
#8216=CARTESIAN_POINT('',(1.8,2.7,0.5));
#8217=VECTOR('',#10493,0.6);
#8218=CARTESIAN_POINT('',(1.8,3.7,0.5));
#8219=CARTESIAN_POINT('',(1.8,3.7,0.5));
#8220=VECTOR('',#10494,1.0);
#8221=CARTESIAN_POINT('',(1.3,3.7,0.5));
#8222=CARTESIAN_POINT('',(1.3,3.7,0.5));
#8223=VECTOR('',#10495,0.5);
#8224=CARTESIAN_POINT('',(1.3,0.8,0.5));
#8225=CARTESIAN_POINT('',(1.3,0.8,0.5));
#8226=VECTOR('',#10496,2.9);
#8227=CARTESIAN_POINT('',(-1.3,0.8,0.5));
#8228=CARTESIAN_POINT('',(-1.3,0.8,0.5));
#8229=VECTOR('',#10497,2.6);
#8230=CARTESIAN_POINT('',(-1.3,3.7,0.5));
#8231=CARTESIAN_POINT('',(-1.3,3.7,0.5));
#8232=VECTOR('',#10498,2.9);
#8233=CARTESIAN_POINT('',(-1.8,3.7,0.5));
#8234=CARTESIAN_POINT('',(-1.8,3.7,0.5));
#8235=VECTOR('',#10499,0.5);
#8236=CARTESIAN_POINT('',(-1.8,2.7,0.5));
#8237=CARTESIAN_POINT('',(-1.8,2.7,0.5));
#8238=VECTOR('',#10500,1.0);
#8239=CARTESIAN_POINT('',(-2.4,2.7,0.5));
#8240=CARTESIAN_POINT('',(-2.4,2.7,0.5));
#8241=VECTOR('',#10501,0.6);
#8242=CARTESIAN_POINT('',(-2.4,3.7,0.5));
#8243=CARTESIAN_POINT('',(-2.4,3.7,0.5));
#8244=VECTOR('',#10502,1.0);
#8245=CARTESIAN_POINT('',(-2.9,3.7,0.5));
#8246=CARTESIAN_POINT('',(-2.4,3.7,0.5));
#8247=VECTOR('',#10503,0.5);
#8248=CARTESIAN_POINT('',(-2.9,0.8,0.5));
#8249=CARTESIAN_POINT('',(-2.9,0.8,0.5));
#8250=VECTOR('',#10504,2.9);
#8251=CARTESIAN_POINT('',(-5.5,0.8,0.5));
#8252=CARTESIAN_POINT('',(-5.5,0.8,0.5));
#8253=VECTOR('',#10505,2.6);
#8254=CARTESIAN_POINT('',(-5.5,3.7,0.5));
#8255=CARTESIAN_POINT('',(-5.5,3.7,0.5));
#8256=VECTOR('',#10506,2.9);
#8257=CARTESIAN_POINT('',(-6.0,3.7,0.5));
#8258=CARTESIAN_POINT('',(-6.0,3.7,0.5));
#8259=VECTOR('',#10507,0.5);
#8260=CARTESIAN_POINT('',(-6.0,2.7,0.5));
#8261=CARTESIAN_POINT('',(-6.0,2.7,0.5));
#8262=VECTOR('',#10508,1.0);
#8263=CARTESIAN_POINT('',(-6.6,2.7,0.5));
#8264=CARTESIAN_POINT('',(-6.6,2.7,0.5));
#8265=VECTOR('',#10509,0.6);
#8266=CARTESIAN_POINT('',(-6.6,3.7,0.5));
#8267=CARTESIAN_POINT('',(-6.6,3.7,0.5));
#8268=VECTOR('',#10510,1.0);
#8269=CARTESIAN_POINT('',(-7.1,3.7,0.5));
#8270=CARTESIAN_POINT('',(-7.1,3.7,0.5));
#8271=VECTOR('',#10511,0.5);
#8272=CARTESIAN_POINT('',(-7.1,0.8,0.5));
#8273=CARTESIAN_POINT('',(-7.1,0.8,0.5));
#8274=VECTOR('',#10512,2.9);
#8275=CARTESIAN_POINT('',(-9.7,0.8,0.5));
#8276=VECTOR('',#10513,2.6);
#8277=CARTESIAN_POINT('',(-7.1,0.8,3.8));
#8278=CARTESIAN_POINT('',(-7.1,0.8,3.8));
#8279=VECTOR('',#10514,3.3);
#8280=CARTESIAN_POINT('',(-7.4,0.8,3.8));
#8281=CARTESIAN_POINT('',(-7.1,0.8,3.8));
#8282=VECTOR('',#10515,0.3);
#8283=CARTESIAN_POINT('',(-7.4,0.8,4.8));
#8284=CARTESIAN_POINT('',(-7.4,0.8,3.8));
#8285=VECTOR('',#10516,1.0);
#8286=CARTESIAN_POINT('',(-9.4,0.8,4.8));
#8287=CARTESIAN_POINT('',(-9.4,0.8,4.8));
#8288=VECTOR('',#10517,2.0);
#8289=CARTESIAN_POINT('',(-9.4,0.8,3.8));
#8290=CARTESIAN_POINT('',(-9.4,0.8,4.8));
#8291=VECTOR('',#10518,1.0);
#8292=CARTESIAN_POINT('',(-9.7,0.8,3.8));
#8293=CARTESIAN_POINT('',(-9.4,0.8,3.8));
#8294=VECTOR('',#10519,0.3);
#8295=CARTESIAN_POINT('',(-9.7,0.8,3.8));
#8296=VECTOR('',#10520,3.3);
#8297=CARTESIAN_POINT('',(-7.83,0.8,2.25));
#8298=CARTESIAN_POINT('',(-8.97,0.8,2.25));
#8299=CARTESIAN_POINT('',(-7.83,0.8,2.25));
#8300=VECTOR('',#10521,1.14);
#8301=CARTESIAN_POINT('',(-8.97,0.8,2.85));
#8302=CARTESIAN_POINT('',(-8.97,0.8,2.25));
#8303=VECTOR('',#10522,0.6);
#8304=CARTESIAN_POINT('',(-7.83,0.8,2.85));
#8305=CARTESIAN_POINT('',(-7.83,0.8,2.85));
#8306=VECTOR('',#10523,1.14);
#8307=CARTESIAN_POINT('',(-7.83,0.8,2.25));
#8308=VECTOR('',#10524,0.6);
#8309=CARTESIAN_POINT('',(-7.1,0.8,-0.5));
#8310=CARTESIAN_POINT('',(-7.1,0.8,-3.8));
#8311=CARTESIAN_POINT('',(-7.1,0.8,-0.5));
#8312=VECTOR('',#10525,3.3);
#8313=CARTESIAN_POINT('',(-9.7,0.8,-0.5));
#8314=CARTESIAN_POINT('',(-7.1,0.8,-0.5));
#8315=VECTOR('',#10526,2.6);
#8316=CARTESIAN_POINT('',(-9.7,0.8,-3.8));
#8317=CARTESIAN_POINT('',(-9.7,0.8,-0.5));
#8318=VECTOR('',#10527,3.3);
#8319=CARTESIAN_POINT('',(-9.4,0.8,-3.8));
#8320=CARTESIAN_POINT('',(-9.7,0.8,-3.8));
#8321=VECTOR('',#10528,0.3);
#8322=CARTESIAN_POINT('',(-9.4,0.8,-3.8));
#8323=VECTOR('',#10529,1.0);
#8324=CARTESIAN_POINT('',(-7.4,0.8,-3.8));
#8325=CARTESIAN_POINT('',(-7.4,0.8,-4.8));
#8326=VECTOR('',#10530,1.0);
#8327=CARTESIAN_POINT('',(-7.4,0.8,-3.8));
#8328=VECTOR('',#10531,0.3);
#8329=CARTESIAN_POINT('',(-7.83,0.8,-3.25));
#8330=CARTESIAN_POINT('',(-8.97,0.8,-3.25));
#8331=CARTESIAN_POINT('',(-7.83,0.8,-3.25));
#8332=VECTOR('',#10532,1.14);
#8333=CARTESIAN_POINT('',(-8.97,0.8,-2.65));
#8334=CARTESIAN_POINT('',(-8.97,0.8,-3.25));
#8335=VECTOR('',#10533,0.6);
#8336=CARTESIAN_POINT('',(-7.83,0.8,-2.65));
#8337=CARTESIAN_POINT('',(-7.83,0.8,-2.65));
#8338=VECTOR('',#10534,1.14);
#8339=CARTESIAN_POINT('',(-7.83,0.8,-3.25));
#8340=VECTOR('',#10535,0.6);
#8341=CARTESIAN_POINT('',(-9.7,0.2,3.8));
#8342=VECTOR('',#10536,0.6);
#8343=CARTESIAN_POINT('',(-9.4,0.0,3.8));
#8344=VECTOR('',#10537,0.8);
#8345=CARTESIAN_POINT('',(9.4,0.8,3.8));
#8346=CARTESIAN_POINT('',(9.4,0.8,3.8));
#8347=VECTOR('',#10538,0.8);
#8348=CARTESIAN_POINT('',(9.7,0.8,3.8));
#8349=CARTESIAN_POINT('',(9.7,0.8,3.8));
#8350=VECTOR('',#10539,0.3);
#8351=CARTESIAN_POINT('',(9.7,0.2,3.8));
#8352=VECTOR('',#10540,0.6);
#8353=CARTESIAN_POINT('',(6.0,3.7,3.8));
#8354=CARTESIAN_POINT('',(5.5,3.7,3.8));
#8355=CARTESIAN_POINT('',(6.0,3.7,3.8));
#8356=VECTOR('',#10541,0.5);
#8357=CARTESIAN_POINT('',(6.0,2.7,3.8));
#8358=CARTESIAN_POINT('',(6.0,2.7,3.8));
#8359=VECTOR('',#10542,1.0);
#8360=CARTESIAN_POINT('',(6.6,2.7,3.8));
#8361=CARTESIAN_POINT('',(6.6,2.7,3.8));
#8362=VECTOR('',#10543,0.6);
#8363=CARTESIAN_POINT('',(6.6,3.7,3.8));
#8364=CARTESIAN_POINT('',(6.6,3.7,3.8));
#8365=VECTOR('',#10544,1.0);
#8366=CARTESIAN_POINT('',(7.1,3.7,3.8));
#8367=CARTESIAN_POINT('',(7.1,3.7,3.8));
#8368=VECTOR('',#10545,0.5);
#8369=CARTESIAN_POINT('',(7.1,0.8,3.8));
#8370=CARTESIAN_POINT('',(7.1,0.8,3.8));
#8371=VECTOR('',#10546,2.9);
#8372=CARTESIAN_POINT('',(7.4,0.8,3.8));
#8373=CARTESIAN_POINT('',(7.4,0.8,3.8));
#8374=VECTOR('',#10547,0.3);
#8375=CARTESIAN_POINT('',(7.4,0.0,3.8));
#8376=VECTOR('',#10548,0.8);
#8377=CARTESIAN_POINT('',(5.2,0.8,3.8));
#8378=CARTESIAN_POINT('',(5.2,0.8,3.8));
#8379=VECTOR('',#10549,0.8);
#8380=CARTESIAN_POINT('',(5.5,0.8,3.8));
#8381=CARTESIAN_POINT('',(5.5,0.8,3.8));
#8382=VECTOR('',#10550,0.3);
#8383=CARTESIAN_POINT('',(5.5,3.7,3.8));
#8384=VECTOR('',#10551,2.9);
#8385=CARTESIAN_POINT('',(3.2,0.8,3.8));
#8386=CARTESIAN_POINT('',(3.2,0.0,3.8));
#8387=VECTOR('',#10552,0.8);
#8388=CARTESIAN_POINT('',(1.0,0.8,3.8));
#8389=CARTESIAN_POINT('',(1.0,0.8,3.8));
#8390=VECTOR('',#10553,0.8);
#8391=CARTESIAN_POINT('',(1.3,0.8,3.8));
#8392=CARTESIAN_POINT('',(1.3,0.8,3.8));
#8393=VECTOR('',#10554,0.3);
#8394=CARTESIAN_POINT('',(1.3,3.7,3.8));
#8395=CARTESIAN_POINT('',(1.3,0.8,3.8));
#8396=VECTOR('',#10555,2.9);
#8397=CARTESIAN_POINT('',(1.8,3.7,3.8));
#8398=CARTESIAN_POINT('',(1.3,3.7,3.8));
#8399=VECTOR('',#10556,0.5);
#8400=CARTESIAN_POINT('',(1.8,2.7,3.8));
#8401=CARTESIAN_POINT('',(1.8,3.7,3.8));
#8402=VECTOR('',#10557,1.0);
#8403=CARTESIAN_POINT('',(2.4,2.7,3.8));
#8404=CARTESIAN_POINT('',(1.8,2.7,3.8));
#8405=VECTOR('',#10558,0.6);
#8406=CARTESIAN_POINT('',(2.4,3.7,3.8));
#8407=CARTESIAN_POINT('',(2.4,2.7,3.8));
#8408=VECTOR('',#10559,1.0);
#8409=CARTESIAN_POINT('',(2.9,3.7,3.8));
#8410=CARTESIAN_POINT('',(2.4,3.7,3.8));
#8411=VECTOR('',#10560,0.5);
#8412=CARTESIAN_POINT('',(2.9,0.8,3.8));
#8413=CARTESIAN_POINT('',(2.9,3.7,3.8));
#8414=VECTOR('',#10561,2.9);
#8415=CARTESIAN_POINT('',(3.2,0.8,3.8));
#8416=VECTOR('',#10562,0.3);
#8417=CARTESIAN_POINT('',(-1.0,0.8,3.8));
#8418=CARTESIAN_POINT('',(-1.0,0.0,3.8));
#8419=VECTOR('',#10563,0.8);
#8420=CARTESIAN_POINT('',(-3.2,0.8,3.8));
#8421=CARTESIAN_POINT('',(-3.2,0.8,3.8));
#8422=VECTOR('',#10564,0.8);
#8423=CARTESIAN_POINT('',(-2.9,0.8,3.8));
#8424=CARTESIAN_POINT('',(-2.9,0.8,3.8));
#8425=VECTOR('',#10565,0.3);
#8426=CARTESIAN_POINT('',(-2.9,3.7,3.8));
#8427=CARTESIAN_POINT('',(-2.9,0.8,3.8));
#8428=VECTOR('',#10566,2.9);
#8429=CARTESIAN_POINT('',(-2.4,3.7,3.8));
#8430=CARTESIAN_POINT('',(-2.4,3.7,3.8));
#8431=VECTOR('',#10567,0.5);
#8432=CARTESIAN_POINT('',(-2.4,2.7,3.8));
#8433=CARTESIAN_POINT('',(-2.4,3.7,3.8));
#8434=VECTOR('',#10568,1.0);
#8435=CARTESIAN_POINT('',(-1.8,2.7,3.8));
#8436=CARTESIAN_POINT('',(-2.4,2.7,3.8));
#8437=VECTOR('',#10569,0.6);
#8438=CARTESIAN_POINT('',(-1.8,3.7,3.8));
#8439=CARTESIAN_POINT('',(-1.8,2.7,3.8));
#8440=VECTOR('',#10570,1.0);
#8441=CARTESIAN_POINT('',(-1.3,3.7,3.8));
#8442=CARTESIAN_POINT('',(-1.8,3.7,3.8));
#8443=VECTOR('',#10571,0.5);
#8444=CARTESIAN_POINT('',(-1.3,0.8,3.8));
#8445=CARTESIAN_POINT('',(-1.3,3.7,3.8));
#8446=VECTOR('',#10572,2.9);
#8447=CARTESIAN_POINT('',(-1.0,0.8,3.8));
#8448=VECTOR('',#10573,0.3);
#8449=CARTESIAN_POINT('',(-5.2,0.8,3.8));
#8450=CARTESIAN_POINT('',(-5.2,0.0,3.8));
#8451=VECTOR('',#10574,0.8);
#8452=CARTESIAN_POINT('',(-7.4,0.8,3.8));
#8453=VECTOR('',#10575,0.8);
#8454=CARTESIAN_POINT('',(-7.1,3.7,3.8));
#8455=CARTESIAN_POINT('',(-7.1,0.8,3.8));
#8456=VECTOR('',#10576,2.9);
#8457=CARTESIAN_POINT('',(-6.6,3.7,3.8));
#8458=CARTESIAN_POINT('',(-7.1,3.7,3.8));
#8459=VECTOR('',#10577,0.5);
#8460=CARTESIAN_POINT('',(-6.6,2.7,3.8));
#8461=CARTESIAN_POINT('',(-6.6,3.7,3.8));
#8462=VECTOR('',#10578,1.0);
#8463=CARTESIAN_POINT('',(-6.0,2.7,3.8));
#8464=CARTESIAN_POINT('',(-6.6,2.7,3.8));
#8465=VECTOR('',#10579,0.6);
#8466=CARTESIAN_POINT('',(-6.0,3.7,3.8));
#8467=CARTESIAN_POINT('',(-6.0,2.7,3.8));
#8468=VECTOR('',#10580,1.0);
#8469=CARTESIAN_POINT('',(-5.5,3.7,3.8));
#8470=CARTESIAN_POINT('',(-6.0,3.7,3.8));
#8471=VECTOR('',#10581,0.5);
#8472=CARTESIAN_POINT('',(-5.5,0.8,3.8));
#8473=CARTESIAN_POINT('',(-5.5,3.7,3.8));
#8474=VECTOR('',#10582,2.9);
#8475=CARTESIAN_POINT('',(-5.2,0.8,3.8));
#8476=VECTOR('',#10583,0.3);
#8477=CARTESIAN_POINT('',(-9.4,0.0,4.8));
#8478=VECTOR('',#10584,0.8);
#8479=CARTESIAN_POINT('',(-7.4,0.0,4.8));
#8480=VECTOR('',#10585,0.8);
#8481=CARTESIAN_POINT('',(-5.2,0.8,4.8));
#8482=CARTESIAN_POINT('',(-5.2,0.0,4.8));
#8483=VECTOR('',#10586,0.8);
#8484=CARTESIAN_POINT('',(-3.2,0.8,4.8));
#8485=CARTESIAN_POINT('',(-5.2,0.8,4.8));
#8486=VECTOR('',#10587,2.0);
#8487=CARTESIAN_POINT('',(-3.2,0.0,4.8));
#8488=VECTOR('',#10588,0.8);
#8489=CARTESIAN_POINT('',(-1.0,0.8,4.8));
#8490=CARTESIAN_POINT('',(-1.0,0.0,4.8));
#8491=VECTOR('',#10589,0.8);
#8492=CARTESIAN_POINT('',(1.0,0.8,4.8));
#8493=CARTESIAN_POINT('',(-1.0,0.8,4.8));
#8494=VECTOR('',#10590,2.0);
#8495=CARTESIAN_POINT('',(1.0,0.0,4.8));
#8496=VECTOR('',#10591,0.8);
#8497=CARTESIAN_POINT('',(3.2,0.8,4.8));
#8498=CARTESIAN_POINT('',(3.2,0.0,4.8));
#8499=VECTOR('',#10592,0.8);
#8500=CARTESIAN_POINT('',(5.2,0.8,4.8));
#8501=CARTESIAN_POINT('',(3.2,0.8,4.8));
#8502=VECTOR('',#10593,2.0);
#8503=CARTESIAN_POINT('',(5.2,0.0,4.8));
#8504=VECTOR('',#10594,0.8);
#8505=CARTESIAN_POINT('',(7.4,0.8,4.8));
#8506=CARTESIAN_POINT('',(7.4,0.0,4.8));
#8507=VECTOR('',#10595,0.8);
#8508=CARTESIAN_POINT('',(9.4,0.8,4.8));
#8509=CARTESIAN_POINT('',(7.4,0.8,4.8));
#8510=VECTOR('',#10596,2.0);
#8511=CARTESIAN_POINT('',(9.4,0.0,4.8));
#8512=VECTOR('',#10597,0.8);
#8513=CARTESIAN_POINT('',(9.4,0.8,3.8));
#8514=VECTOR('',#10598,1.0);
#8515=CARTESIAN_POINT('',(7.1,0.8,3.8));
#8516=VECTOR('',#10599,3.3);
#8517=CARTESIAN_POINT('',(9.7,0.8,0.5));
#8518=VECTOR('',#10600,3.3);
#8519=CARTESIAN_POINT('',(7.4,0.8,4.8));
#8520=VECTOR('',#10601,1.0);
#8521=CARTESIAN_POINT('',(8.97,0.8,2.25));
#8522=CARTESIAN_POINT('',(7.83,0.8,2.25));
#8523=CARTESIAN_POINT('',(8.97,0.8,2.25));
#8524=VECTOR('',#10602,1.14);
#8525=CARTESIAN_POINT('',(7.83,0.8,2.85));
#8526=CARTESIAN_POINT('',(7.83,0.8,2.25));
#8527=VECTOR('',#10603,0.6);
#8528=CARTESIAN_POINT('',(8.97,0.8,2.85));
#8529=CARTESIAN_POINT('',(8.97,0.8,2.85));
#8530=VECTOR('',#10604,1.14);
#8531=CARTESIAN_POINT('',(8.97,0.8,2.25));
#8532=VECTOR('',#10605,0.6);
#8533=CARTESIAN_POINT('',(7.1,0.8,-0.5));
#8534=CARTESIAN_POINT('',(7.1,0.8,-3.8));
#8535=CARTESIAN_POINT('',(7.1,0.8,-0.5));
#8536=VECTOR('',#10606,3.3);
#8537=CARTESIAN_POINT('',(7.4,0.8,-3.8));
#8538=CARTESIAN_POINT('',(7.1,0.8,-3.8));
#8539=VECTOR('',#10607,0.3);
#8540=CARTESIAN_POINT('',(7.4,0.8,-3.8));
#8541=VECTOR('',#10608,1.0);
#8542=CARTESIAN_POINT('',(9.4,0.8,-3.8));
#8543=CARTESIAN_POINT('',(9.4,0.8,-4.8));
#8544=VECTOR('',#10609,1.0);
#8545=CARTESIAN_POINT('',(9.7,0.8,-3.8));
#8546=CARTESIAN_POINT('',(9.4,0.8,-3.8));
#8547=VECTOR('',#10610,0.3);
#8548=CARTESIAN_POINT('',(9.7,0.8,-0.5));
#8549=CARTESIAN_POINT('',(9.7,0.8,-3.8));
#8550=VECTOR('',#10611,3.3);
#8551=CARTESIAN_POINT('',(9.7,0.8,-0.5));
#8552=VECTOR('',#10612,2.6);
#8553=CARTESIAN_POINT('',(8.97,0.8,-3.25));
#8554=CARTESIAN_POINT('',(7.83,0.8,-3.25));
#8555=CARTESIAN_POINT('',(8.97,0.8,-3.25));
#8556=VECTOR('',#10613,1.14);
#8557=CARTESIAN_POINT('',(7.83,0.8,-2.65));
#8558=CARTESIAN_POINT('',(7.83,0.8,-3.25));
#8559=VECTOR('',#10614,0.6);
#8560=CARTESIAN_POINT('',(8.97,0.8,-2.65));
#8561=CARTESIAN_POINT('',(8.97,0.8,-2.65));
#8562=VECTOR('',#10615,1.14);
#8563=CARTESIAN_POINT('',(8.97,0.8,-3.25));
#8564=VECTOR('',#10616,0.6);
#8565=CARTESIAN_POINT('',(7.1,3.7,3.8));
#8566=VECTOR('',#10617,3.3);
#8567=CARTESIAN_POINT('',(6.6,3.7,3.9));
#8568=CARTESIAN_POINT('',(6.6,3.7,3.8));
#8569=VECTOR('',#10618,0.1);
#8570=CARTESIAN_POINT('',(10.2,3.7,3.9));
#8571=CARTESIAN_POINT('',(6.6,3.7,3.9));
#8572=VECTOR('',#10619,3.6);
#8573=CARTESIAN_POINT('',(10.2,3.7,0.3));
#8574=CARTESIAN_POINT('',(10.2,3.7,3.9));
#8575=VECTOR('',#10620,3.6);
#8576=CARTESIAN_POINT('',(6.6,3.7,0.3));
#8577=CARTESIAN_POINT('',(10.2,3.7,0.3));
#8578=VECTOR('',#10621,3.6);
#8579=CARTESIAN_POINT('',(6.6,3.7,0.3));
#8580=VECTOR('',#10622,0.2);
#8581=CARTESIAN_POINT('',(8.97,3.7,2.85));
#8582=CARTESIAN_POINT('',(7.83,3.7,2.85));
#8583=CARTESIAN_POINT('',(8.97,3.7,2.85));
#8584=VECTOR('',#10623,1.14);
#8585=CARTESIAN_POINT('',(7.83,3.7,1.31));
#8586=CARTESIAN_POINT('',(7.83,3.7,1.31));
#8587=VECTOR('',#10624,1.54);
#8588=CARTESIAN_POINT('',(8.97,3.7,1.31));
#8589=CARTESIAN_POINT('',(8.97,3.7,1.31));
#8590=VECTOR('',#10625,1.14);
#8591=CARTESIAN_POINT('',(8.97,3.7,1.31));
#8592=VECTOR('',#10626,1.54);
#8593=CARTESIAN_POINT('',(7.1,3.7,-0.7));
#8594=CARTESIAN_POINT('',(7.5,3.7,-0.3));
#8595=CARTESIAN_POINT('',(7.1,3.7,-0.7));
#8596=VECTOR('',#10627,0.5656854249492);
#8597=CARTESIAN_POINT('',(9.3,3.7,-0.3));
#8598=CARTESIAN_POINT('',(7.5,3.7,-0.3));
#8599=VECTOR('',#10628,1.8);
#8600=CARTESIAN_POINT('',(10.2,3.7,-1.2));
#8601=CARTESIAN_POINT('',(9.3,3.7,-0.3));
#8602=VECTOR('',#10629,1.272792206136);
#8603=CARTESIAN_POINT('',(10.2,3.7,-3.9));
#8604=CARTESIAN_POINT('',(10.2,3.7,-1.2));
#8605=VECTOR('',#10630,2.7);
#8606=CARTESIAN_POINT('',(6.6,3.7,-3.9));
#8607=CARTESIAN_POINT('',(10.2,3.7,-3.9));
#8608=VECTOR('',#10631,3.6);
#8609=CARTESIAN_POINT('',(6.6,3.7,-3.8));
#8610=CARTESIAN_POINT('',(6.6,3.7,-3.9));
#8611=VECTOR('',#10632,0.1);
#8612=CARTESIAN_POINT('',(7.1,3.7,-3.8));
#8613=CARTESIAN_POINT('',(6.6,3.7,-3.8));
#8614=VECTOR('',#10633,0.5);
#8615=CARTESIAN_POINT('',(7.1,3.7,-0.7));
#8616=VECTOR('',#10634,3.1);
#8617=CARTESIAN_POINT('',(8.97,3.7,-1.71));
#8618=CARTESIAN_POINT('',(7.83,3.7,-1.71));
#8619=CARTESIAN_POINT('',(8.97,3.7,-1.71));
#8620=VECTOR('',#10635,1.14);
#8621=CARTESIAN_POINT('',(7.83,3.7,-3.25));
#8622=CARTESIAN_POINT('',(7.83,3.7,-3.25));
#8623=VECTOR('',#10636,1.54);
#8624=CARTESIAN_POINT('',(8.97,3.7,-3.25));
#8625=CARTESIAN_POINT('',(8.97,3.7,-3.25));
#8626=VECTOR('',#10637,1.14);
#8627=CARTESIAN_POINT('',(8.97,3.7,-3.25));
#8628=VECTOR('',#10638,1.54);
#8629=CARTESIAN_POINT('',(6.6,12.8,0.3));
#8630=VECTOR('',#10639,9.1);
#8631=CARTESIAN_POINT('',(6.6,12.8,3.9));
#8632=VECTOR('',#10640,9.1);
#8633=CARTESIAN_POINT('',(6.6,2.7,3.8));
#8634=VECTOR('',#10641,3.3);
#8635=CARTESIAN_POINT('',(6.0,2.7,0.5));
#8636=VECTOR('',#10642,3.3);
#8637=CARTESIAN_POINT('',(6.0,3.7,3.0));
#8638=CARTESIAN_POINT('',(6.0,3.7,3.0));
#8639=VECTOR('',#10643,0.8);
#8640=CARTESIAN_POINT('',(6.0,12.8,3.0));
#8641=VECTOR('',#10644,9.1);
#8642=CARTESIAN_POINT('',(6.0,3.7,0.3));
#8643=CARTESIAN_POINT('',(6.0,12.8,0.3));
#8644=VECTOR('',#10645,9.1);
#8645=CARTESIAN_POINT('',(6.0,3.7,0.5));
#8646=VECTOR('',#10646,0.2);
#8647=CARTESIAN_POINT('',(2.9,3.7,3.5));
#8648=CARTESIAN_POINT('',(2.9,3.7,3.5));
#8649=VECTOR('',#10647,3.0);
#8650=CARTESIAN_POINT('',(3.3,3.7,3.9));
#8651=CARTESIAN_POINT('',(2.9,3.7,3.5));
#8652=VECTOR('',#10648,0.5656854249492);
#8653=CARTESIAN_POINT('',(5.1,3.7,3.9));
#8654=CARTESIAN_POINT('',(3.3,3.7,3.9));
#8655=VECTOR('',#10649,1.8);
#8656=CARTESIAN_POINT('',(5.5,3.7,3.5));
#8657=CARTESIAN_POINT('',(5.1,3.7,3.9));
#8658=VECTOR('',#10650,0.5656854249492);
#8659=CARTESIAN_POINT('',(5.5,3.7,3.5));
#8660=VECTOR('',#10651,3.0);
#8661=CARTESIAN_POINT('',(2.4,3.7,0.3));
#8662=CARTESIAN_POINT('',(6.0,3.7,0.3));
#8663=VECTOR('',#10652,3.6);
#8664=CARTESIAN_POINT('',(2.4,3.7,0.3));
#8665=VECTOR('',#10653,0.2);
#8666=CARTESIAN_POINT('',(4.77,3.7,2.85));
#8667=CARTESIAN_POINT('',(3.63,3.7,2.85));
#8668=CARTESIAN_POINT('',(4.77,3.7,2.85));
#8669=VECTOR('',#10654,1.14);
#8670=CARTESIAN_POINT('',(3.63,3.7,1.31));
#8671=CARTESIAN_POINT('',(3.63,3.7,1.31));
#8672=VECTOR('',#10655,1.54);
#8673=CARTESIAN_POINT('',(4.77,3.7,1.31));
#8674=CARTESIAN_POINT('',(4.77,3.7,1.31));
#8675=VECTOR('',#10656,1.14);
#8676=CARTESIAN_POINT('',(4.77,3.7,2.85));
#8677=VECTOR('',#10657,1.54);
#8678=CARTESIAN_POINT('',(-1.3,3.7,3.5));
#8679=CARTESIAN_POINT('',(-1.3,3.7,3.5));
#8680=VECTOR('',#10658,3.0);
#8681=CARTESIAN_POINT('',(-0.9,3.7,3.9));
#8682=CARTESIAN_POINT('',(-1.3,3.7,3.5));
#8683=VECTOR('',#10659,0.5656854249492);
#8684=CARTESIAN_POINT('',(0.9,3.7,3.9));
#8685=CARTESIAN_POINT('',(-0.9,3.7,3.9));
#8686=VECTOR('',#10660,1.8);
#8687=CARTESIAN_POINT('',(1.3,3.7,3.5));
#8688=CARTESIAN_POINT('',(0.9,3.7,3.9));
#8689=VECTOR('',#10661,0.5656854249492);
#8690=CARTESIAN_POINT('',(1.3,3.7,3.5));
#8691=VECTOR('',#10662,3.0);
#8692=CARTESIAN_POINT('',(1.8,3.7,0.3));
#8693=CARTESIAN_POINT('',(1.8,3.7,0.5));
#8694=VECTOR('',#10663,0.2);
#8695=CARTESIAN_POINT('',(-1.8,3.7,0.3));
#8696=CARTESIAN_POINT('',(1.8,3.7,0.3));
#8697=VECTOR('',#10664,3.6);
#8698=CARTESIAN_POINT('',(-1.8,3.7,0.3));
#8699=VECTOR('',#10665,0.2);
#8700=CARTESIAN_POINT('',(0.57,3.7,2.85));
#8701=CARTESIAN_POINT('',(-0.57,3.7,2.85));
#8702=CARTESIAN_POINT('',(0.57,3.7,2.85));
#8703=VECTOR('',#10666,1.14);
#8704=CARTESIAN_POINT('',(-0.57,3.7,1.31));
#8705=CARTESIAN_POINT('',(-0.57,3.7,1.31));
#8706=VECTOR('',#10667,1.54);
#8707=CARTESIAN_POINT('',(0.57,3.7,1.31));
#8708=CARTESIAN_POINT('',(0.57,3.7,1.31));
#8709=VECTOR('',#10668,1.14);
#8710=CARTESIAN_POINT('',(0.57,3.7,2.85));
#8711=VECTOR('',#10669,1.54);
#8712=CARTESIAN_POINT('',(2.4,3.7,-0.5));
#8713=CARTESIAN_POINT('',(2.4,3.7,-0.3));
#8714=CARTESIAN_POINT('',(2.4,3.7,-0.5));
#8715=VECTOR('',#10670,0.2);
#8716=CARTESIAN_POINT('',(6.0,3.7,-0.3));
#8717=CARTESIAN_POINT('',(2.4,3.7,-0.3));
#8718=VECTOR('',#10671,3.6);
#8719=CARTESIAN_POINT('',(6.0,3.7,-0.5));
#8720=CARTESIAN_POINT('',(6.0,3.7,-0.3));
#8721=VECTOR('',#10672,0.2);
#8722=CARTESIAN_POINT('',(5.5,3.7,-0.5));
#8723=CARTESIAN_POINT('',(5.5,3.7,-0.5));
#8724=VECTOR('',#10673,0.5);
#8725=CARTESIAN_POINT('',(5.5,3.7,-3.8));
#8726=CARTESIAN_POINT('',(5.5,3.7,-0.5));
#8727=VECTOR('',#10674,3.3);
#8728=CARTESIAN_POINT('',(6.0,3.7,-3.8));
#8729=CARTESIAN_POINT('',(6.0,3.7,-3.8));
#8730=VECTOR('',#10675,0.5);
#8731=CARTESIAN_POINT('',(6.0,3.7,-3.9));
#8732=CARTESIAN_POINT('',(6.0,3.7,-3.8));
#8733=VECTOR('',#10676,0.1);
#8734=CARTESIAN_POINT('',(2.4,3.7,-3.9));
#8735=CARTESIAN_POINT('',(6.0,3.7,-3.9));
#8736=VECTOR('',#10677,3.6);
#8737=CARTESIAN_POINT('',(2.4,3.7,-3.8));
#8738=CARTESIAN_POINT('',(2.4,3.7,-3.9));
#8739=VECTOR('',#10678,0.1);
#8740=CARTESIAN_POINT('',(2.9,3.7,-3.8));
#8741=CARTESIAN_POINT('',(2.4,3.7,-3.8));
#8742=VECTOR('',#10679,0.5);
#8743=CARTESIAN_POINT('',(2.9,3.7,-0.5));
#8744=CARTESIAN_POINT('',(2.9,3.7,-0.5));
#8745=VECTOR('',#10680,3.3);
#8746=CARTESIAN_POINT('',(2.4,3.7,-0.5));
#8747=VECTOR('',#10681,0.5);
#8748=CARTESIAN_POINT('',(4.77,3.7,-1.71));
#8749=CARTESIAN_POINT('',(3.63,3.7,-1.71));
#8750=CARTESIAN_POINT('',(4.77,3.7,-1.71));
#8751=VECTOR('',#10682,1.14);
#8752=CARTESIAN_POINT('',(3.63,3.7,-3.25));
#8753=CARTESIAN_POINT('',(3.63,3.7,-3.25));
#8754=VECTOR('',#10683,1.54);
#8755=CARTESIAN_POINT('',(4.77,3.7,-3.25));
#8756=CARTESIAN_POINT('',(4.77,3.7,-3.25));
#8757=VECTOR('',#10684,1.14);
#8758=CARTESIAN_POINT('',(4.77,3.7,-1.71));
#8759=VECTOR('',#10685,1.54);
#8760=CARTESIAN_POINT('',(-1.8,3.7,-0.5));
#8761=CARTESIAN_POINT('',(-1.8,3.7,-0.3));
#8762=CARTESIAN_POINT('',(-1.8,3.7,-0.5));
#8763=VECTOR('',#10686,0.2);
#8764=CARTESIAN_POINT('',(1.8,3.7,-0.3));
#8765=CARTESIAN_POINT('',(-1.8,3.7,-0.3));
#8766=VECTOR('',#10687,3.6);
#8767=CARTESIAN_POINT('',(1.8,3.7,-0.5));
#8768=CARTESIAN_POINT('',(1.8,3.7,-0.3));
#8769=VECTOR('',#10688,0.2);
#8770=CARTESIAN_POINT('',(1.3,3.7,-0.5));
#8771=CARTESIAN_POINT('',(1.3,3.7,-0.5));
#8772=VECTOR('',#10689,0.5);
#8773=CARTESIAN_POINT('',(1.3,3.7,-3.8));
#8774=CARTESIAN_POINT('',(1.3,3.7,-0.5));
#8775=VECTOR('',#10690,3.3);
#8776=CARTESIAN_POINT('',(1.8,3.7,-3.8));
#8777=CARTESIAN_POINT('',(1.3,3.7,-3.8));
#8778=VECTOR('',#10691,0.5);
#8779=CARTESIAN_POINT('',(1.8,3.7,-3.9));
#8780=CARTESIAN_POINT('',(1.8,3.7,-3.8));
#8781=VECTOR('',#10692,0.1);
#8782=CARTESIAN_POINT('',(-1.8,3.7,-3.9));
#8783=CARTESIAN_POINT('',(1.8,3.7,-3.9));
#8784=VECTOR('',#10693,3.6);
#8785=CARTESIAN_POINT('',(-1.8,3.7,-3.8));
#8786=CARTESIAN_POINT('',(-1.8,3.7,-3.9));
#8787=VECTOR('',#10694,0.1);
#8788=CARTESIAN_POINT('',(-1.3,3.7,-3.8));
#8789=CARTESIAN_POINT('',(-1.8,3.7,-3.8));
#8790=VECTOR('',#10695,0.5);
#8791=CARTESIAN_POINT('',(-1.3,3.7,-0.5));
#8792=CARTESIAN_POINT('',(-1.3,3.7,-0.5));
#8793=VECTOR('',#10696,3.3);
#8794=CARTESIAN_POINT('',(-1.8,3.7,-0.5));
#8795=VECTOR('',#10697,0.5);
#8796=CARTESIAN_POINT('',(0.57,3.7,-1.71));
#8797=CARTESIAN_POINT('',(-0.57,3.7,-1.71));
#8798=CARTESIAN_POINT('',(0.57,3.7,-1.71));
#8799=VECTOR('',#10698,1.14);
#8800=CARTESIAN_POINT('',(-0.57,3.7,-3.25));
#8801=CARTESIAN_POINT('',(-0.57,3.7,-3.25));
#8802=VECTOR('',#10699,1.54);
#8803=CARTESIAN_POINT('',(0.57,3.7,-3.25));
#8804=CARTESIAN_POINT('',(0.57,3.7,-3.25));
#8805=VECTOR('',#10700,1.14);
#8806=CARTESIAN_POINT('',(0.57,3.7,-1.71));
#8807=VECTOR('',#10701,1.54);
#8808=CARTESIAN_POINT('',(2.4,12.8,0.3));
#8809=VECTOR('',#10702,9.1);
#8810=CARTESIAN_POINT('',(2.4,3.7,3.0));
#8811=CARTESIAN_POINT('',(2.4,12.8,3.0));
#8812=VECTOR('',#10703,9.1);
#8813=CARTESIAN_POINT('',(2.4,3.7,3.8));
#8814=VECTOR('',#10704,0.8);
#8815=CARTESIAN_POINT('',(2.4,2.7,3.8));
#8816=VECTOR('',#10705,3.3);
#8817=CARTESIAN_POINT('',(1.8,2.7,3.8));
#8818=VECTOR('',#10706,3.3);
#8819=CARTESIAN_POINT('',(1.8,12.8,0.3));
#8820=VECTOR('',#10707,9.1);
#8821=CARTESIAN_POINT('',(1.8,3.7,3.0));
#8822=CARTESIAN_POINT('',(1.8,3.7,3.8));
#8823=VECTOR('',#10708,0.8);
#8824=CARTESIAN_POINT('',(1.8,12.8,3.0));
#8825=VECTOR('',#10709,9.1);
#8826=CARTESIAN_POINT('',(0.9,12.8,3.9));
#8827=VECTOR('',#10710,9.1);
#8828=CARTESIAN_POINT('',(1.8,3.7,3.0));
#8829=VECTOR('',#10711,0.7071067811865);
#8830=CARTESIAN_POINT('',(1.3,3.7,3.8));
#8831=VECTOR('',#10712,0.3);
#8832=CARTESIAN_POINT('',(1.3,0.8,3.8));
#8833=VECTOR('',#10713,3.3);
#8834=CARTESIAN_POINT('',(-1.3,0.8,3.8));
#8835=VECTOR('',#10714,3.3);
#8836=CARTESIAN_POINT('',(1.0,0.8,3.8));
#8837=VECTOR('',#10715,1.0);
#8838=CARTESIAN_POINT('',(-1.0,0.8,4.8));
#8839=VECTOR('',#10716,1.0);
#8840=CARTESIAN_POINT('',(0.57,0.8,2.25));
#8841=CARTESIAN_POINT('',(-0.57,0.8,2.25));
#8842=CARTESIAN_POINT('',(0.57,0.8,2.25));
#8843=VECTOR('',#10717,1.14);
#8844=CARTESIAN_POINT('',(-0.57,0.8,2.85));
#8845=CARTESIAN_POINT('',(-0.57,0.8,2.25));
#8846=VECTOR('',#10718,0.6);
#8847=CARTESIAN_POINT('',(0.57,0.8,2.85));
#8848=CARTESIAN_POINT('',(0.57,0.8,2.85));
#8849=VECTOR('',#10719,1.14);
#8850=CARTESIAN_POINT('',(0.57,0.8,2.25));
#8851=VECTOR('',#10720,0.6);
#8852=CARTESIAN_POINT('',(-1.3,0.8,-0.5));
#8853=CARTESIAN_POINT('',(-1.3,0.8,-3.8));
#8854=CARTESIAN_POINT('',(-1.3,0.8,-0.5));
#8855=VECTOR('',#10721,3.3);
#8856=CARTESIAN_POINT('',(-1.0,0.8,-3.8));
#8857=CARTESIAN_POINT('',(-1.3,0.8,-3.8));
#8858=VECTOR('',#10722,0.3);
#8859=CARTESIAN_POINT('',(-1.0,0.8,-3.8));
#8860=VECTOR('',#10723,1.0);
#8861=CARTESIAN_POINT('',(1.0,0.8,-3.8));
#8862=CARTESIAN_POINT('',(1.0,0.8,-4.8));
#8863=VECTOR('',#10724,1.0);
#8864=CARTESIAN_POINT('',(1.3,0.8,-3.8));
#8865=CARTESIAN_POINT('',(1.0,0.8,-3.8));
#8866=VECTOR('',#10725,0.3);
#8867=CARTESIAN_POINT('',(1.3,0.8,-0.5));
#8868=CARTESIAN_POINT('',(1.3,0.8,-0.5));
#8869=VECTOR('',#10726,3.3);
#8870=CARTESIAN_POINT('',(1.3,0.8,-0.5));
#8871=VECTOR('',#10727,2.6);
#8872=CARTESIAN_POINT('',(0.57,0.8,-3.25));
#8873=CARTESIAN_POINT('',(-0.57,0.8,-3.25));
#8874=CARTESIAN_POINT('',(0.57,0.8,-3.25));
#8875=VECTOR('',#10728,1.14);
#8876=CARTESIAN_POINT('',(-0.57,0.8,-2.65));
#8877=CARTESIAN_POINT('',(-0.57,0.8,-3.25));
#8878=VECTOR('',#10729,0.6);
#8879=CARTESIAN_POINT('',(0.57,0.8,-2.65));
#8880=CARTESIAN_POINT('',(0.57,0.8,-2.65));
#8881=VECTOR('',#10730,1.14);
#8882=CARTESIAN_POINT('',(0.57,0.8,-3.25));
#8883=VECTOR('',#10731,0.6);
#8884=CARTESIAN_POINT('',(-1.3,3.7,3.8));
#8885=VECTOR('',#10732,0.3);
#8886=CARTESIAN_POINT('',(-1.8,3.7,3.0));
#8887=CARTESIAN_POINT('',(-1.8,3.7,3.8));
#8888=VECTOR('',#10733,0.8);
#8889=CARTESIAN_POINT('',(-1.8,3.7,3.0));
#8890=VECTOR('',#10734,0.7071067811866);
#8891=CARTESIAN_POINT('',(-1.8,12.8,3.0));
#8892=VECTOR('',#10735,9.1);
#8893=CARTESIAN_POINT('',(-0.9,12.8,3.9));
#8894=VECTOR('',#10736,9.1);
#8895=CARTESIAN_POINT('',(-1.8,12.8,0.3));
#8896=VECTOR('',#10737,9.1);
#8897=CARTESIAN_POINT('',(-1.8,2.7,3.8));
#8898=VECTOR('',#10738,3.3);
#8899=CARTESIAN_POINT('',(-2.4,2.7,3.8));
#8900=VECTOR('',#10739,3.3);
#8901=CARTESIAN_POINT('',(-2.4,3.7,3.9));
#8902=CARTESIAN_POINT('',(-2.4,12.8,3.9));
#8903=VECTOR('',#10740,9.1);
#8904=CARTESIAN_POINT('',(-2.4,3.7,0.3));
#8905=CARTESIAN_POINT('',(-2.4,12.8,0.3));
#8906=VECTOR('',#10741,9.1);
#8907=CARTESIAN_POINT('',(-2.4,3.7,0.5));
#8908=VECTOR('',#10742,0.2);
#8909=CARTESIAN_POINT('',(-2.4,3.7,3.9));
#8910=VECTOR('',#10743,0.1);
#8911=CARTESIAN_POINT('',(-7.1,3.7,3.8));
#8912=VECTOR('',#10744,3.3);
#8913=CARTESIAN_POINT('',(-6.6,3.7,0.3));
#8914=CARTESIAN_POINT('',(-6.6,3.7,0.5));
#8915=VECTOR('',#10745,0.2);
#8916=CARTESIAN_POINT('',(-10.2,3.7,0.3));
#8917=CARTESIAN_POINT('',(-6.6,3.7,0.3));
#8918=VECTOR('',#10746,3.6);
#8919=CARTESIAN_POINT('',(-10.2,3.7,3.9));
#8920=CARTESIAN_POINT('',(-10.2,3.7,0.3));
#8921=VECTOR('',#10747,3.6);
#8922=CARTESIAN_POINT('',(-6.6,3.7,3.9));
#8923=CARTESIAN_POINT('',(-10.2,3.7,3.9));
#8924=VECTOR('',#10748,3.6);
#8925=CARTESIAN_POINT('',(-6.6,3.7,3.9));
#8926=VECTOR('',#10749,0.1);
#8927=CARTESIAN_POINT('',(-7.83,3.7,2.85));
#8928=CARTESIAN_POINT('',(-8.97,3.7,2.85));
#8929=CARTESIAN_POINT('',(-7.83,3.7,2.85));
#8930=VECTOR('',#10750,1.14);
#8931=CARTESIAN_POINT('',(-8.97,3.7,1.31));
#8932=CARTESIAN_POINT('',(-8.97,3.7,1.31));
#8933=VECTOR('',#10751,1.54);
#8934=CARTESIAN_POINT('',(-7.83,3.7,1.31));
#8935=CARTESIAN_POINT('',(-7.83,3.7,1.31));
#8936=VECTOR('',#10752,1.14);
#8937=CARTESIAN_POINT('',(-7.83,3.7,2.85));
#8938=VECTOR('',#10753,1.54);
#8939=CARTESIAN_POINT('',(-6.0,3.7,3.9));
#8940=CARTESIAN_POINT('',(-6.0,3.7,3.8));
#8941=VECTOR('',#10754,0.1);
#8942=CARTESIAN_POINT('',(-6.0,3.7,3.9));
#8943=VECTOR('',#10755,3.6);
#8944=CARTESIAN_POINT('',(-2.9,3.7,3.8));
#8945=VECTOR('',#10756,3.3);
#8946=CARTESIAN_POINT('',(-6.0,3.7,0.3));
#8947=CARTESIAN_POINT('',(-2.4,3.7,0.3));
#8948=VECTOR('',#10757,3.6);
#8949=CARTESIAN_POINT('',(-6.0,3.7,0.3));
#8950=VECTOR('',#10758,0.2);
#8951=CARTESIAN_POINT('',(-5.5,3.7,3.8));
#8952=VECTOR('',#10759,3.3);
#8953=CARTESIAN_POINT('',(-3.63,3.7,2.85));
#8954=CARTESIAN_POINT('',(-4.77,3.7,2.85));
#8955=CARTESIAN_POINT('',(-3.63,3.7,2.85));
#8956=VECTOR('',#10760,1.14);
#8957=CARTESIAN_POINT('',(-4.77,3.7,1.31));
#8958=CARTESIAN_POINT('',(-4.77,3.7,1.31));
#8959=VECTOR('',#10761,1.54);
#8960=CARTESIAN_POINT('',(-3.63,3.7,1.31));
#8961=CARTESIAN_POINT('',(-3.63,3.7,1.31));
#8962=VECTOR('',#10762,1.14);
#8963=CARTESIAN_POINT('',(-3.63,3.7,2.85));
#8964=VECTOR('',#10763,1.54);
#8965=CARTESIAN_POINT('',(-6.6,3.7,-3.8));
#8966=CARTESIAN_POINT('',(-6.6,3.7,-3.9));
#8967=CARTESIAN_POINT('',(-6.6,3.7,-3.8));
#8968=VECTOR('',#10764,0.1);
#8969=CARTESIAN_POINT('',(-10.2,3.7,-3.9));
#8970=CARTESIAN_POINT('',(-6.6,3.7,-3.9));
#8971=VECTOR('',#10765,3.6);
#8972=CARTESIAN_POINT('',(-10.2,3.7,-1.2));
#8973=CARTESIAN_POINT('',(-10.2,3.7,-3.9));
#8974=VECTOR('',#10766,2.7);
#8975=CARTESIAN_POINT('',(-9.3,3.7,-0.3));
#8976=CARTESIAN_POINT('',(-10.2,3.7,-1.2));
#8977=VECTOR('',#10767,1.272792206136);
#8978=CARTESIAN_POINT('',(-7.5,3.7,-0.3));
#8979=CARTESIAN_POINT('',(-9.3,3.7,-0.3));
#8980=VECTOR('',#10768,1.8);
#8981=CARTESIAN_POINT('',(-7.1,3.7,-0.7));
#8982=CARTESIAN_POINT('',(-7.5,3.7,-0.3));
#8983=VECTOR('',#10769,0.5656854249492);
#8984=CARTESIAN_POINT('',(-7.1,3.7,-3.8));
#8985=CARTESIAN_POINT('',(-7.1,3.7,-0.7));
#8986=VECTOR('',#10770,3.1);
#8987=CARTESIAN_POINT('',(-7.1,3.7,-3.8));
#8988=VECTOR('',#10771,0.5);
#8989=CARTESIAN_POINT('',(-7.83,3.7,-1.71));
#8990=CARTESIAN_POINT('',(-8.97,3.7,-1.71));
#8991=CARTESIAN_POINT('',(-7.83,3.7,-1.71));
#8992=VECTOR('',#10772,1.14);
#8993=CARTESIAN_POINT('',(-8.97,3.7,-3.25));
#8994=CARTESIAN_POINT('',(-8.97,3.7,-3.25));
#8995=VECTOR('',#10773,1.54);
#8996=CARTESIAN_POINT('',(-7.83,3.7,-3.25));
#8997=CARTESIAN_POINT('',(-7.83,3.7,-3.25));
#8998=VECTOR('',#10774,1.14);
#8999=CARTESIAN_POINT('',(-7.83,3.7,-1.71));
#9000=VECTOR('',#10775,1.54);
#9001=CARTESIAN_POINT('',(-5.5,3.7,-0.7));
#9002=CARTESIAN_POINT('',(-5.1,3.7,-0.3));
#9003=CARTESIAN_POINT('',(-5.5,3.7,-0.7));
#9004=VECTOR('',#10776,0.5656854249492);
#9005=CARTESIAN_POINT('',(-3.3,3.7,-0.3));
#9006=CARTESIAN_POINT('',(-5.1,3.7,-0.3));
#9007=VECTOR('',#10777,1.8);
#9008=CARTESIAN_POINT('',(-2.9,3.7,-0.7));
#9009=CARTESIAN_POINT('',(-3.3,3.7,-0.3));
#9010=VECTOR('',#10778,0.5656854249492);
#9011=CARTESIAN_POINT('',(-2.9,3.7,-3.8));
#9012=CARTESIAN_POINT('',(-2.9,3.7,-0.7));
#9013=VECTOR('',#10779,3.1);
#9014=CARTESIAN_POINT('',(-2.4,3.7,-3.8));
#9015=CARTESIAN_POINT('',(-2.4,3.7,-3.8));
#9016=VECTOR('',#10780,0.5);
#9017=CARTESIAN_POINT('',(-2.4,3.7,-3.9));
#9018=CARTESIAN_POINT('',(-2.4,3.7,-3.8));
#9019=VECTOR('',#10781,0.1);
#9020=CARTESIAN_POINT('',(-6.0,3.7,-3.9));
#9021=CARTESIAN_POINT('',(-2.4,3.7,-3.9));
#9022=VECTOR('',#10782,3.6);
#9023=CARTESIAN_POINT('',(-6.0,3.7,-3.8));
#9024=CARTESIAN_POINT('',(-6.0,3.7,-3.9));
#9025=VECTOR('',#10783,0.1);
#9026=CARTESIAN_POINT('',(-5.5,3.7,-3.8));
#9027=CARTESIAN_POINT('',(-6.0,3.7,-3.8));
#9028=VECTOR('',#10784,0.5);
#9029=CARTESIAN_POINT('',(-5.5,3.7,-0.7));
#9030=VECTOR('',#10785,3.1);
#9031=CARTESIAN_POINT('',(-3.63,3.7,-1.71));
#9032=CARTESIAN_POINT('',(-4.77,3.7,-1.71));
#9033=CARTESIAN_POINT('',(-3.63,3.7,-1.71));
#9034=VECTOR('',#10786,1.14);
#9035=CARTESIAN_POINT('',(-4.77,3.7,-3.25));
#9036=CARTESIAN_POINT('',(-4.77,3.7,-3.25));
#9037=VECTOR('',#10787,1.54);
#9038=CARTESIAN_POINT('',(-3.63,3.7,-3.25));
#9039=CARTESIAN_POINT('',(-3.63,3.7,-3.25));
#9040=VECTOR('',#10788,1.14);
#9041=CARTESIAN_POINT('',(-3.63,3.7,-1.71));
#9042=VECTOR('',#10789,1.54);
#9043=CARTESIAN_POINT('',(-6.6,12.8,3.9));
#9044=VECTOR('',#10790,9.1);
#9045=CARTESIAN_POINT('',(-6.6,12.8,0.3));
#9046=VECTOR('',#10791,9.1);
#9047=CARTESIAN_POINT('',(-6.6,2.7,3.8));
#9048=VECTOR('',#10792,3.3);
#9049=CARTESIAN_POINT('',(-6.0,2.7,3.8));
#9050=VECTOR('',#10793,3.3);
#9051=CARTESIAN_POINT('',(-6.0,12.8,0.3));
#9052=VECTOR('',#10794,9.1);
#9053=CARTESIAN_POINT('',(-6.0,12.8,3.9));
#9054=VECTOR('',#10795,9.1);
#9055=CARTESIAN_POINT('',(-10.2,12.8,0.3));
#9056=VECTOR('',#10796,9.1);
#9057=CARTESIAN_POINT('',(-10.2,12.8,3.9));
#9058=VECTOR('',#10797,9.1);
#9059=CARTESIAN_POINT('',(-5.5,0.8,3.8));
#9060=VECTOR('',#10798,3.3);
#9061=CARTESIAN_POINT('',(-2.9,0.8,3.8));
#9062=VECTOR('',#10799,3.3);
#9063=CARTESIAN_POINT('',(-3.2,0.8,3.8));
#9064=VECTOR('',#10800,1.0);
#9065=CARTESIAN_POINT('',(-5.2,0.8,4.8));
#9066=VECTOR('',#10801,1.0);
#9067=CARTESIAN_POINT('',(-3.63,0.8,2.25));
#9068=CARTESIAN_POINT('',(-4.77,0.8,2.25));
#9069=CARTESIAN_POINT('',(-3.63,0.8,2.25));
#9070=VECTOR('',#10802,1.14);
#9071=CARTESIAN_POINT('',(-4.77,0.8,2.85));
#9072=CARTESIAN_POINT('',(-4.77,0.8,2.25));
#9073=VECTOR('',#10803,0.6);
#9074=CARTESIAN_POINT('',(-3.63,0.8,2.85));
#9075=CARTESIAN_POINT('',(-3.63,0.8,2.85));
#9076=VECTOR('',#10804,1.14);
#9077=CARTESIAN_POINT('',(-3.63,0.8,2.25));
#9078=VECTOR('',#10805,0.6);
#9079=CARTESIAN_POINT('',(-5.5,0.8,-0.5));
#9080=CARTESIAN_POINT('',(-5.5,0.8,-3.8));
#9081=CARTESIAN_POINT('',(-5.5,0.8,-0.5));
#9082=VECTOR('',#10806,3.3);
#9083=CARTESIAN_POINT('',(-5.2,0.8,-3.8));
#9084=CARTESIAN_POINT('',(-5.5,0.8,-3.8));
#9085=VECTOR('',#10807,0.3);
#9086=CARTESIAN_POINT('',(-5.2,0.8,-3.8));
#9087=VECTOR('',#10808,1.0);
#9088=CARTESIAN_POINT('',(-3.2,0.8,-3.8));
#9089=CARTESIAN_POINT('',(-3.2,0.8,-4.8));
#9090=VECTOR('',#10809,1.0);
#9091=CARTESIAN_POINT('',(-2.9,0.8,-3.8));
#9092=CARTESIAN_POINT('',(-3.2,0.8,-3.8));
#9093=VECTOR('',#10810,0.3);
#9094=CARTESIAN_POINT('',(-2.9,0.8,-0.5));
#9095=CARTESIAN_POINT('',(-2.9,0.8,-0.5));
#9096=VECTOR('',#10811,3.3);
#9097=CARTESIAN_POINT('',(-2.9,0.8,-0.5));
#9098=VECTOR('',#10812,2.6);
#9099=CARTESIAN_POINT('',(-3.63,0.8,-3.25));
#9100=CARTESIAN_POINT('',(-4.77,0.8,-3.25));
#9101=CARTESIAN_POINT('',(-3.63,0.8,-3.25));
#9102=VECTOR('',#10813,1.14);
#9103=CARTESIAN_POINT('',(-4.77,0.8,-2.65));
#9104=CARTESIAN_POINT('',(-4.77,0.8,-3.25));
#9105=VECTOR('',#10814,0.6);
#9106=CARTESIAN_POINT('',(-3.63,0.8,-2.65));
#9107=CARTESIAN_POINT('',(-3.63,0.8,-2.65));
#9108=VECTOR('',#10815,1.14);
#9109=CARTESIAN_POINT('',(-3.63,0.8,-3.25));
#9110=VECTOR('',#10816,0.6);
#9111=CARTESIAN_POINT('',(-2.9,3.7,-0.5));
#9112=CARTESIAN_POINT('',(-2.9,0.8,-0.5));
#9113=VECTOR('',#10817,2.9);
#9114=CARTESIAN_POINT('',(-2.4,3.7,-0.5));
#9115=CARTESIAN_POINT('',(-2.9,3.7,-0.5));
#9116=VECTOR('',#10818,0.5);
#9117=CARTESIAN_POINT('',(-2.4,2.7,-0.5));
#9118=CARTESIAN_POINT('',(-2.4,3.7,-0.5));
#9119=VECTOR('',#10819,1.0);
#9120=CARTESIAN_POINT('',(-1.8,2.7,-0.5));
#9121=CARTESIAN_POINT('',(-2.4,2.7,-0.5));
#9122=VECTOR('',#10820,0.6);
#9123=CARTESIAN_POINT('',(-1.8,2.7,-0.5));
#9124=VECTOR('',#10821,1.0);
#9125=CARTESIAN_POINT('',(-1.3,3.7,-0.5));
#9126=VECTOR('',#10822,2.9);
#9127=CARTESIAN_POINT('',(1.3,0.8,-0.5));
#9128=VECTOR('',#10823,2.9);
#9129=CARTESIAN_POINT('',(1.8,2.7,-0.5));
#9130=CARTESIAN_POINT('',(1.8,3.7,-0.5));
#9131=VECTOR('',#10824,1.0);
#9132=CARTESIAN_POINT('',(2.4,2.7,-0.5));
#9133=CARTESIAN_POINT('',(1.8,2.7,-0.5));
#9134=VECTOR('',#10825,0.6);
#9135=CARTESIAN_POINT('',(2.4,2.7,-0.5));
#9136=VECTOR('',#10826,1.0);
#9137=CARTESIAN_POINT('',(2.9,0.8,-0.5));
#9138=CARTESIAN_POINT('',(2.9,3.7,-0.5));
#9139=VECTOR('',#10827,2.9);
#9140=CARTESIAN_POINT('',(5.5,0.8,-0.5));
#9141=CARTESIAN_POINT('',(5.5,0.8,-0.5));
#9142=VECTOR('',#10828,2.6);
#9143=CARTESIAN_POINT('',(5.5,3.7,-0.5));
#9144=VECTOR('',#10829,2.9);
#9145=CARTESIAN_POINT('',(6.0,2.7,-0.5));
#9146=CARTESIAN_POINT('',(6.0,2.7,-0.5));
#9147=VECTOR('',#10830,1.0);
#9148=CARTESIAN_POINT('',(6.6,2.7,-0.5));
#9149=CARTESIAN_POINT('',(6.6,2.7,-0.5));
#9150=VECTOR('',#10831,0.6);
#9151=CARTESIAN_POINT('',(6.6,3.7,-0.5));
#9152=CARTESIAN_POINT('',(6.6,3.7,-0.5));
#9153=VECTOR('',#10832,1.0);
#9154=CARTESIAN_POINT('',(7.1,3.7,-0.5));
#9155=CARTESIAN_POINT('',(7.1,3.7,-0.5));
#9156=VECTOR('',#10833,0.5);
#9157=CARTESIAN_POINT('',(7.1,0.8,-0.5));
#9158=VECTOR('',#10834,2.9);
#9159=CARTESIAN_POINT('',(9.7,0.2,-0.5));
#9160=VECTOR('',#10835,0.6);
#9161=CARTESIAN_POINT('',(10.1,0.0,-0.5));
#9162=VECTOR('',#10836,0.2);
#9163=CARTESIAN_POINT('',(-10.1,0.0,-0.5));
#9164=VECTOR('',#10837,0.2);
#9165=CARTESIAN_POINT('',(-9.7,0.2,-0.5));
#9166=VECTOR('',#10838,0.6);
#9167=CARTESIAN_POINT('',(-7.1,3.7,-0.5));
#9168=CARTESIAN_POINT('',(-7.1,0.8,-0.5));
#9169=VECTOR('',#10839,2.9);
#9170=CARTESIAN_POINT('',(-6.6,3.7,-0.5));
#9171=CARTESIAN_POINT('',(-7.1,3.7,-0.5));
#9172=VECTOR('',#10840,0.5);
#9173=CARTESIAN_POINT('',(-6.6,2.7,-0.5));
#9174=CARTESIAN_POINT('',(-6.6,3.7,-0.5));
#9175=VECTOR('',#10841,1.0);
#9176=CARTESIAN_POINT('',(-6.0,2.7,-0.5));
#9177=CARTESIAN_POINT('',(-6.6,2.7,-0.5));
#9178=VECTOR('',#10842,0.6);
#9179=CARTESIAN_POINT('',(-6.0,3.7,-0.5));
#9180=CARTESIAN_POINT('',(-6.0,2.7,-0.5));
#9181=VECTOR('',#10843,1.0);
#9182=CARTESIAN_POINT('',(-5.5,3.7,-0.5));
#9183=CARTESIAN_POINT('',(-6.0,3.7,-0.5));
#9184=VECTOR('',#10844,0.5);
#9185=CARTESIAN_POINT('',(-5.5,3.7,-0.5));
#9186=VECTOR('',#10845,2.9);
#9187=CARTESIAN_POINT('',(-5.5,3.7,-3.8));
#9188=VECTOR('',#10846,2.9);
#9189=CARTESIAN_POINT('',(-5.5,3.7,-0.5));
#9190=VECTOR('',#10847,0.2);
#9191=CARTESIAN_POINT('',(-6.0,3.7,-1.2));
#9192=CARTESIAN_POINT('',(-6.0,3.7,-0.5));
#9193=VECTOR('',#10848,0.7);
#9194=CARTESIAN_POINT('',(-6.0,3.7,-1.2));
#9195=VECTOR('',#10849,0.7071067811866);
#9196=CARTESIAN_POINT('',(-6.0,12.8,-1.2));
#9197=VECTOR('',#10850,9.1);
#9198=CARTESIAN_POINT('',(-5.1,12.8,-0.3));
#9199=VECTOR('',#10851,9.1);
#9200=CARTESIAN_POINT('',(-3.3,12.8,-0.3));
#9201=VECTOR('',#10852,9.1);
#9202=CARTESIAN_POINT('',(-2.4,3.7,-1.2));
#9203=CARTESIAN_POINT('',(-2.4,12.8,-1.2));
#9204=VECTOR('',#10853,9.1);
#9205=CARTESIAN_POINT('',(-2.4,3.7,-1.2));
#9206=VECTOR('',#10854,0.7071067811865);
#9207=CARTESIAN_POINT('',(-2.4,3.7,-0.5));
#9208=VECTOR('',#10855,0.7);
#9209=CARTESIAN_POINT('',(-2.9,3.7,-0.5));
#9210=VECTOR('',#10856,0.2);
#9211=CARTESIAN_POINT('',(-2.9,0.8,-3.8));
#9212=VECTOR('',#10857,2.9);
#9213=CARTESIAN_POINT('',(-9.4,0.8,-3.8));
#9214=VECTOR('',#10858,0.8);
#9215=CARTESIAN_POINT('',(-9.7,0.2,-3.8));
#9216=VECTOR('',#10859,0.6);
#9217=CARTESIAN_POINT('',(9.7,0.2,-3.8));
#9218=VECTOR('',#10860,0.6);
#9219=CARTESIAN_POINT('',(9.4,0.0,-3.8));
#9220=VECTOR('',#10861,0.8);
#9221=CARTESIAN_POINT('',(6.6,2.7,-3.8));
#9222=CARTESIAN_POINT('',(6.6,2.7,-3.8));
#9223=VECTOR('',#10862,1.0);
#9224=CARTESIAN_POINT('',(6.0,2.7,-3.8));
#9225=CARTESIAN_POINT('',(6.6,2.7,-3.8));
#9226=VECTOR('',#10863,0.6);
#9227=CARTESIAN_POINT('',(6.0,3.7,-3.8));
#9228=VECTOR('',#10864,1.0);
#9229=CARTESIAN_POINT('',(5.5,0.8,-3.8));
#9230=CARTESIAN_POINT('',(5.5,0.8,-3.8));
#9231=VECTOR('',#10865,2.9);
#9232=CARTESIAN_POINT('',(5.2,0.8,-3.8));
#9233=CARTESIAN_POINT('',(5.2,0.8,-3.8));
#9234=VECTOR('',#10866,0.3);
#9235=CARTESIAN_POINT('',(5.2,0.0,-3.8));
#9236=VECTOR('',#10867,0.8);
#9237=CARTESIAN_POINT('',(7.4,0.8,-3.8));
#9238=VECTOR('',#10868,0.8);
#9239=CARTESIAN_POINT('',(7.1,3.7,-3.8));
#9240=VECTOR('',#10869,2.9);
#9241=CARTESIAN_POINT('',(1.0,0.0,-3.8));
#9242=VECTOR('',#10870,0.8);
#9243=CARTESIAN_POINT('',(3.2,0.8,-3.8));
#9244=CARTESIAN_POINT('',(3.2,0.8,-3.8));
#9245=VECTOR('',#10871,0.8);
#9246=CARTESIAN_POINT('',(2.9,0.8,-3.8));
#9247=CARTESIAN_POINT('',(2.9,0.8,-3.8));
#9248=VECTOR('',#10872,0.3);
#9249=CARTESIAN_POINT('',(2.9,3.7,-3.8));
#9250=VECTOR('',#10873,2.9);
#9251=CARTESIAN_POINT('',(2.4,2.7,-3.8));
#9252=CARTESIAN_POINT('',(2.4,2.7,-3.8));
#9253=VECTOR('',#10874,1.0);
#9254=CARTESIAN_POINT('',(1.8,2.7,-3.8));
#9255=CARTESIAN_POINT('',(1.8,2.7,-3.8));
#9256=VECTOR('',#10875,0.6);
#9257=CARTESIAN_POINT('',(1.8,3.7,-3.8));
#9258=VECTOR('',#10876,1.0);
#9259=CARTESIAN_POINT('',(1.3,0.8,-3.8));
#9260=VECTOR('',#10877,2.9);
#9261=CARTESIAN_POINT('',(-3.2,0.0,-3.8));
#9262=VECTOR('',#10878,0.8);
#9263=CARTESIAN_POINT('',(-1.0,0.8,-3.8));
#9264=VECTOR('',#10879,0.8);
#9265=CARTESIAN_POINT('',(-1.3,3.7,-3.8));
#9266=VECTOR('',#10880,2.9);
#9267=CARTESIAN_POINT('',(-1.8,2.7,-3.8));
#9268=CARTESIAN_POINT('',(-1.8,2.7,-3.8));
#9269=VECTOR('',#10881,1.0);
#9270=CARTESIAN_POINT('',(-2.4,2.7,-3.8));
#9271=CARTESIAN_POINT('',(-2.4,2.7,-3.8));
#9272=VECTOR('',#10882,0.6);
#9273=CARTESIAN_POINT('',(-2.4,3.7,-3.8));
#9274=VECTOR('',#10883,1.0);
#9275=CARTESIAN_POINT('',(-7.4,0.0,-3.8));
#9276=VECTOR('',#10884,0.8);
#9277=CARTESIAN_POINT('',(-5.2,0.8,-3.8));
#9278=VECTOR('',#10885,0.8);
#9279=CARTESIAN_POINT('',(-6.0,2.7,-3.8));
#9280=CARTESIAN_POINT('',(-6.0,2.7,-3.8));
#9281=VECTOR('',#10886,1.0);
#9282=CARTESIAN_POINT('',(-6.6,2.7,-3.8));
#9283=CARTESIAN_POINT('',(-6.6,2.7,-3.8));
#9284=VECTOR('',#10887,0.6);
#9285=CARTESIAN_POINT('',(-6.6,3.7,-3.8));
#9286=VECTOR('',#10888,1.0);
#9287=CARTESIAN_POINT('',(-7.1,0.8,-3.8));
#9288=VECTOR('',#10889,2.9);
#9289=CARTESIAN_POINT('',(7.1,3.7,-0.5));
#9290=VECTOR('',#10890,0.2);
#9291=CARTESIAN_POINT('',(6.6,3.7,-1.2));
#9292=CARTESIAN_POINT('',(6.6,3.7,-1.2));
#9293=VECTOR('',#10891,0.7071067811866);
#9294=CARTESIAN_POINT('',(6.6,3.7,-1.2));
#9295=VECTOR('',#10892,0.7);
#9296=CARTESIAN_POINT('',(6.6,12.8,-3.9));
#9297=VECTOR('',#10893,9.1);
#9298=CARTESIAN_POINT('',(6.6,12.8,-1.2));
#9299=VECTOR('',#10894,9.1);
#9300=CARTESIAN_POINT('',(6.6,2.7,-0.5));
#9301=VECTOR('',#10895,3.3);
#9302=CARTESIAN_POINT('',(6.0,2.7,-3.8));
#9303=VECTOR('',#10896,3.3);
#9304=CARTESIAN_POINT('',(6.0,12.8,-0.3));
#9305=VECTOR('',#10897,9.1);
#9306=CARTESIAN_POINT('',(6.0,12.8,-3.9));
#9307=VECTOR('',#10898,9.1);
#9308=CARTESIAN_POINT('',(2.4,12.8,-3.9));
#9309=VECTOR('',#10899,9.1);
#9310=CARTESIAN_POINT('',(2.4,12.8,-0.3));
#9311=VECTOR('',#10900,9.1);
#9312=CARTESIAN_POINT('',(2.4,2.7,-0.5));
#9313=VECTOR('',#10901,3.3);
#9314=CARTESIAN_POINT('',(1.8,2.7,-0.5));
#9315=VECTOR('',#10902,3.3);
#9316=CARTESIAN_POINT('',(1.8,12.8,-0.3));
#9317=VECTOR('',#10903,9.1);
#9318=CARTESIAN_POINT('',(1.8,12.8,-3.9));
#9319=VECTOR('',#10904,9.1);
#9320=CARTESIAN_POINT('',(-1.8,12.8,-3.9));
#9321=VECTOR('',#10905,9.1);
#9322=CARTESIAN_POINT('',(-1.8,12.8,-0.3));
#9323=VECTOR('',#10906,9.1);
#9324=CARTESIAN_POINT('',(-1.8,2.7,-0.5));
#9325=VECTOR('',#10907,3.3);
#9326=CARTESIAN_POINT('',(-2.4,2.7,-0.5));
#9327=VECTOR('',#10908,3.3);
#9328=CARTESIAN_POINT('',(-2.4,12.8,-3.9));
#9329=VECTOR('',#10909,9.1);
#9330=CARTESIAN_POINT('',(-6.0,12.8,-3.9));
#9331=VECTOR('',#10910,9.1);
#9332=CARTESIAN_POINT('',(-6.0,2.7,-0.5));
#9333=VECTOR('',#10911,3.3);
#9334=CARTESIAN_POINT('',(-6.6,2.7,-0.5));
#9335=VECTOR('',#10912,3.3);
#9336=CARTESIAN_POINT('',(-6.6,12.8,-3.9));
#9337=VECTOR('',#10913,9.1);
#9338=CARTESIAN_POINT('',(-6.6,3.7,-1.2));
#9339=CARTESIAN_POINT('',(-6.6,3.7,-0.5));
#9340=VECTOR('',#10914,0.7);
#9341=CARTESIAN_POINT('',(-6.6,12.8,-1.2));
#9342=VECTOR('',#10915,9.1);
#9343=CARTESIAN_POINT('',(-7.5,12.8,-0.3));
#9344=VECTOR('',#10916,9.1);
#9345=CARTESIAN_POINT('',(-6.6,3.7,-1.2));
#9346=VECTOR('',#10917,0.7071067811865);
#9347=CARTESIAN_POINT('',(-7.1,3.7,-0.5));
#9348=VECTOR('',#10918,0.2);
#9349=CARTESIAN_POINT('',(-9.3,12.8,-0.3));
#9350=VECTOR('',#10919,9.1);
#9351=CARTESIAN_POINT('',(-10.2,12.8,-1.2));
#9352=VECTOR('',#10920,9.1);
#9353=CARTESIAN_POINT('',(-10.2,12.8,-3.9));
#9354=VECTOR('',#10921,9.1);
#9355=CARTESIAN_POINT('',(7.5,12.8,-0.3));
#9356=VECTOR('',#10922,9.1);
#9357=CARTESIAN_POINT('',(9.3,12.8,-0.3));
#9358=VECTOR('',#10923,9.1);
#9359=CARTESIAN_POINT('',(10.2,12.8,-1.2));
#9360=VECTOR('',#10924,9.1);
#9361=CARTESIAN_POINT('',(10.2,12.8,-3.9));
#9362=VECTOR('',#10925,9.1);
#9363=CARTESIAN_POINT('',(5.2,0.8,-4.8));
#9364=VECTOR('',#10926,1.0);
#9365=CARTESIAN_POINT('',(2.9,0.8,3.8));
#9366=VECTOR('',#10927,3.3);
#9367=CARTESIAN_POINT('',(5.5,0.8,3.8));
#9368=VECTOR('',#10928,3.3);
#9369=CARTESIAN_POINT('',(5.2,0.8,3.8));
#9370=VECTOR('',#10929,1.0);
#9371=CARTESIAN_POINT('',(3.2,0.8,4.8));
#9372=VECTOR('',#10930,1.0);
#9373=CARTESIAN_POINT('',(4.77,0.8,2.25));
#9374=CARTESIAN_POINT('',(3.63,0.8,2.25));
#9375=CARTESIAN_POINT('',(4.77,0.8,2.25));
#9376=VECTOR('',#10931,1.14);
#9377=CARTESIAN_POINT('',(3.63,0.8,2.85));
#9378=CARTESIAN_POINT('',(3.63,0.8,2.25));
#9379=VECTOR('',#10932,0.6);
#9380=CARTESIAN_POINT('',(4.77,0.8,2.85));
#9381=CARTESIAN_POINT('',(4.77,0.8,2.85));
#9382=VECTOR('',#10933,1.14);
#9383=CARTESIAN_POINT('',(4.77,0.8,2.25));
#9384=VECTOR('',#10934,0.6);
#9385=CARTESIAN_POINT('',(3.2,0.8,-3.8));
#9386=VECTOR('',#10935,1.0);
#9387=CARTESIAN_POINT('',(5.5,0.8,-0.5));
#9388=VECTOR('',#10936,3.3);
#9389=CARTESIAN_POINT('',(2.9,0.8,-0.5));
#9390=VECTOR('',#10937,3.3);
#9391=CARTESIAN_POINT('',(4.77,0.8,-3.25));
#9392=CARTESIAN_POINT('',(3.63,0.8,-3.25));
#9393=CARTESIAN_POINT('',(4.77,0.8,-3.25));
#9394=VECTOR('',#10938,1.14);
#9395=CARTESIAN_POINT('',(3.63,0.8,-2.65));
#9396=CARTESIAN_POINT('',(3.63,0.8,-3.25));
#9397=VECTOR('',#10939,0.6);
#9398=CARTESIAN_POINT('',(4.77,0.8,-2.65));
#9399=CARTESIAN_POINT('',(4.77,0.8,-2.65));
#9400=VECTOR('',#10940,1.14);
#9401=CARTESIAN_POINT('',(4.77,0.8,-3.25));
#9402=VECTOR('',#10941,0.6);
#9403=CARTESIAN_POINT('',(5.5,3.7,3.5));
#9404=VECTOR('',#10942,0.3);
#9405=CARTESIAN_POINT('',(5.5,3.7,3.5));
#9406=VECTOR('',#10943,0.7071067811865);
#9407=CARTESIAN_POINT('',(5.1,12.8,3.9));
#9408=VECTOR('',#10944,9.1);
#9409=CARTESIAN_POINT('',(3.3,12.8,3.9));
#9410=VECTOR('',#10945,9.1);
#9411=CARTESIAN_POINT('',(2.4,3.7,3.0));
#9412=VECTOR('',#10946,0.7071067811865);
#9413=CARTESIAN_POINT('',(2.9,3.7,3.8));
#9414=VECTOR('',#10947,0.3);
#9415=CARTESIAN_POINT('',(4.77,4.3,-2.85));
#9416=CARTESIAN_POINT('',(4.77,4.3,-2.85));
#9417=VECTOR('',#10948,0.7211102550928);
#9418=CARTESIAN_POINT('',(4.77,9.2,-2.85));
#9419=CARTESIAN_POINT('',(4.77,9.2,-2.85));
#9420=VECTOR('',#10949,4.9);
#9421=CARTESIAN_POINT('',(4.77,9.2,-1.71));
#9422=CARTESIAN_POINT('',(4.77,9.2,-1.71));
#9423=VECTOR('',#10950,1.14);
#9424=CARTESIAN_POINT('',(4.77,3.7,-1.71));
#9425=VECTOR('',#10951,5.5);
#9426=CARTESIAN_POINT('',(4.77,9.2,1.31));
#9427=CARTESIAN_POINT('',(4.77,9.2,1.31));
#9428=VECTOR('',#10952,5.5);
#9429=CARTESIAN_POINT('',(4.77,9.2,2.45));
#9430=CARTESIAN_POINT('',(4.77,9.2,2.45));
#9431=VECTOR('',#10953,1.14);
#9432=CARTESIAN_POINT('',(4.77,4.3,2.45));
#9433=CARTESIAN_POINT('',(4.77,4.3,2.45));
#9434=VECTOR('',#10954,4.9);
#9435=CARTESIAN_POINT('',(4.77,3.7,2.85));
#9436=VECTOR('',#10955,0.7211102550928);
#9437=CARTESIAN_POINT('',(4.77,-2.23,-2.65));
#9438=CARTESIAN_POINT('',(4.77,-2.23,-2.65));
#9439=VECTOR('',#10956,3.03);
#9440=CARTESIAN_POINT('',(4.77,-3.5,-3.1));
#9441=CARTESIAN_POINT('',(4.77,-3.5,-3.1));
#9442=VECTOR('',#10957,1.347367804276);
#9443=CARTESIAN_POINT('',(4.77,-3.5,-3.25));
#9444=CARTESIAN_POINT('',(4.77,-3.5,-3.25));
#9445=VECTOR('',#10958,0.15);
#9446=CARTESIAN_POINT('',(4.77,0.8,-3.25));
#9447=VECTOR('',#10959,4.3);
#9448=CARTESIAN_POINT('',(4.77,-3.5,2.85));
#9449=CARTESIAN_POINT('',(4.77,-3.5,2.85));
#9450=VECTOR('',#10960,4.3);
#9451=CARTESIAN_POINT('',(4.77,-3.5,2.7));
#9452=CARTESIAN_POINT('',(4.77,-3.5,2.7));
#9453=VECTOR('',#10961,0.15);
#9454=CARTESIAN_POINT('',(4.77,-2.23,2.25));
#9455=CARTESIAN_POINT('',(4.77,-2.23,2.25));
#9456=VECTOR('',#10962,1.347367804276);
#9457=CARTESIAN_POINT('',(4.77,0.8,2.25));
#9458=VECTOR('',#10963,3.03);
#9459=CARTESIAN_POINT('',(3.63,9.2,-1.71));
#9460=CARTESIAN_POINT('',(4.77,9.2,-1.71));
#9461=VECTOR('',#10964,1.14);
#9462=CARTESIAN_POINT('',(3.63,3.7,-1.71));
#9463=VECTOR('',#10965,5.5);
#9464=CARTESIAN_POINT('',(3.63,9.2,-2.85));
#9465=CARTESIAN_POINT('',(3.63,9.2,-1.71));
#9466=VECTOR('',#10966,1.14);
#9467=CARTESIAN_POINT('',(3.63,4.3,-2.85));
#9468=CARTESIAN_POINT('',(3.63,9.2,-2.85));
#9469=VECTOR('',#10967,4.9);
#9470=CARTESIAN_POINT('',(3.63,4.3,-2.85));
#9471=VECTOR('',#10968,0.7211102550928);
#9472=CARTESIAN_POINT('',(3.63,4.3,2.45));
#9473=CARTESIAN_POINT('',(3.63,3.7,2.85));
#9474=VECTOR('',#10969,0.7211102550928);
#9475=CARTESIAN_POINT('',(3.63,9.2,2.45));
#9476=CARTESIAN_POINT('',(3.63,4.3,2.45));
#9477=VECTOR('',#10970,4.9);
#9478=CARTESIAN_POINT('',(3.63,9.2,1.31));
#9479=CARTESIAN_POINT('',(3.63,9.2,2.45));
#9480=VECTOR('',#10971,1.14);
#9481=CARTESIAN_POINT('',(3.63,9.2,1.31));
#9482=VECTOR('',#10972,5.5);
#9483=CARTESIAN_POINT('',(3.63,-3.5,-3.25));
#9484=CARTESIAN_POINT('',(3.63,0.8,-3.25));
#9485=VECTOR('',#10973,4.3);
#9486=CARTESIAN_POINT('',(3.63,-3.5,-3.1));
#9487=CARTESIAN_POINT('',(3.63,-3.5,-3.25));
#9488=VECTOR('',#10974,0.15);
#9489=CARTESIAN_POINT('',(3.63,-2.23,-2.65));
#9490=CARTESIAN_POINT('',(3.63,-3.5,-3.1));
#9491=VECTOR('',#10975,1.347367804276);
#9492=CARTESIAN_POINT('',(3.63,-2.23,-2.65));
#9493=VECTOR('',#10976,3.03);
#9494=CARTESIAN_POINT('',(3.63,-2.23,2.25));
#9495=CARTESIAN_POINT('',(3.63,0.8,2.25));
#9496=VECTOR('',#10977,3.03);
#9497=CARTESIAN_POINT('',(3.63,-3.5,2.7));
#9498=CARTESIAN_POINT('',(3.63,-2.23,2.25));
#9499=VECTOR('',#10978,1.347367804276);
#9500=CARTESIAN_POINT('',(3.63,-3.5,2.85));
#9501=CARTESIAN_POINT('',(3.63,-3.5,2.7));
#9502=VECTOR('',#10979,0.15);
#9503=CARTESIAN_POINT('',(3.63,-3.5,2.85));
#9504=VECTOR('',#10980,4.3);
#9505=CARTESIAN_POINT('',(4.77,4.3,-2.85));
#9506=VECTOR('',#10981,1.14);
#9507=CARTESIAN_POINT('',(4.77,9.2,-2.85));
#9508=VECTOR('',#10982,1.14);
#9509=CARTESIAN_POINT('',(4.77,9.2,1.31));
#9510=VECTOR('',#10983,1.14);
#9511=CARTESIAN_POINT('',(4.77,9.2,2.45));
#9512=VECTOR('',#10984,1.14);
#9513=CARTESIAN_POINT('',(4.77,4.3,2.45));
#9514=VECTOR('',#10985,1.14);
#9515=CARTESIAN_POINT('',(4.77,-2.23,-2.65));
#9516=VECTOR('',#10986,1.14);
#9517=CARTESIAN_POINT('',(4.77,-3.5,-3.1));
#9518=VECTOR('',#10987,1.14);
#9519=CARTESIAN_POINT('',(4.77,-3.5,-3.25));
#9520=VECTOR('',#10988,1.14);
#9521=CARTESIAN_POINT('',(4.77,-3.5,2.85));
#9522=VECTOR('',#10989,1.14);
#9523=CARTESIAN_POINT('',(4.77,-3.5,2.7));
#9524=VECTOR('',#10990,1.14);
#9525=CARTESIAN_POINT('',(4.77,-2.23,2.25));
#9526=VECTOR('',#10991,1.14);
#9527=CARTESIAN_POINT('',(-3.63,4.3,-2.85));
#9528=CARTESIAN_POINT('',(-3.63,4.3,-2.85));
#9529=VECTOR('',#10992,0.7211102550928);
#9530=CARTESIAN_POINT('',(-3.63,9.2,-2.85));
#9531=CARTESIAN_POINT('',(-3.63,9.2,-2.85));
#9532=VECTOR('',#10993,4.9);
#9533=CARTESIAN_POINT('',(-3.63,9.2,-1.71));
#9534=CARTESIAN_POINT('',(-3.63,9.2,-1.71));
#9535=VECTOR('',#10994,1.14);
#9536=CARTESIAN_POINT('',(-3.63,3.7,-1.71));
#9537=VECTOR('',#10995,5.5);
#9538=CARTESIAN_POINT('',(-3.63,9.2,1.31));
#9539=CARTESIAN_POINT('',(-3.63,9.2,1.31));
#9540=VECTOR('',#10996,5.5);
#9541=CARTESIAN_POINT('',(-3.63,9.2,2.45));
#9542=CARTESIAN_POINT('',(-3.63,9.2,2.45));
#9543=VECTOR('',#10997,1.14);
#9544=CARTESIAN_POINT('',(-3.63,4.3,2.45));
#9545=CARTESIAN_POINT('',(-3.63,4.3,2.45));
#9546=VECTOR('',#10998,4.9);
#9547=CARTESIAN_POINT('',(-3.63,3.7,2.85));
#9548=VECTOR('',#10999,0.7211102550928);
#9549=CARTESIAN_POINT('',(-3.63,-2.23,-2.65));
#9550=CARTESIAN_POINT('',(-3.63,-2.23,-2.65));
#9551=VECTOR('',#11000,3.03);
#9552=CARTESIAN_POINT('',(-3.63,-3.5,-3.1));
#9553=CARTESIAN_POINT('',(-3.63,-3.5,-3.1));
#9554=VECTOR('',#11001,1.347367804276);
#9555=CARTESIAN_POINT('',(-3.63,-3.5,-3.25));
#9556=CARTESIAN_POINT('',(-3.63,-3.5,-3.25));
#9557=VECTOR('',#11002,0.15);
#9558=CARTESIAN_POINT('',(-3.63,0.8,-3.25));
#9559=VECTOR('',#11003,4.3);
#9560=CARTESIAN_POINT('',(-3.63,-3.5,2.85));
#9561=CARTESIAN_POINT('',(-3.63,-3.5,2.85));
#9562=VECTOR('',#11004,4.3);
#9563=CARTESIAN_POINT('',(-3.63,-3.5,2.7));
#9564=CARTESIAN_POINT('',(-3.63,-3.5,2.7));
#9565=VECTOR('',#11005,0.15);
#9566=CARTESIAN_POINT('',(-3.63,-2.23,2.25));
#9567=CARTESIAN_POINT('',(-3.63,-2.23,2.25));
#9568=VECTOR('',#11006,1.347367804276);
#9569=CARTESIAN_POINT('',(-3.63,0.8,2.25));
#9570=VECTOR('',#11007,3.03);
#9571=CARTESIAN_POINT('',(-4.77,9.2,-1.71));
#9572=CARTESIAN_POINT('',(-3.63,9.2,-1.71));
#9573=VECTOR('',#11008,1.14);
#9574=CARTESIAN_POINT('',(-4.77,3.7,-1.71));
#9575=VECTOR('',#11009,5.5);
#9576=CARTESIAN_POINT('',(-4.77,9.2,-2.85));
#9577=CARTESIAN_POINT('',(-4.77,9.2,-1.71));
#9578=VECTOR('',#11010,1.14);
#9579=CARTESIAN_POINT('',(-4.77,4.3,-2.85));
#9580=CARTESIAN_POINT('',(-4.77,9.2,-2.85));
#9581=VECTOR('',#11011,4.9);
#9582=CARTESIAN_POINT('',(-4.77,4.3,-2.85));
#9583=VECTOR('',#11012,0.7211102550928);
#9584=CARTESIAN_POINT('',(-4.77,4.3,2.45));
#9585=CARTESIAN_POINT('',(-4.77,3.7,2.85));
#9586=VECTOR('',#11013,0.7211102550928);
#9587=CARTESIAN_POINT('',(-4.77,9.2,2.45));
#9588=CARTESIAN_POINT('',(-4.77,4.3,2.45));
#9589=VECTOR('',#11014,4.9);
#9590=CARTESIAN_POINT('',(-4.77,9.2,1.31));
#9591=CARTESIAN_POINT('',(-4.77,9.2,2.45));
#9592=VECTOR('',#11015,1.14);
#9593=CARTESIAN_POINT('',(-4.77,9.2,1.31));
#9594=VECTOR('',#11016,5.5);
#9595=CARTESIAN_POINT('',(-4.77,-3.5,-3.25));
#9596=CARTESIAN_POINT('',(-4.77,0.8,-3.25));
#9597=VECTOR('',#11017,4.3);
#9598=CARTESIAN_POINT('',(-4.77,-3.5,-3.1));
#9599=CARTESIAN_POINT('',(-4.77,-3.5,-3.25));
#9600=VECTOR('',#11018,0.15);
#9601=CARTESIAN_POINT('',(-4.77,-2.23,-2.65));
#9602=CARTESIAN_POINT('',(-4.77,-3.5,-3.1));
#9603=VECTOR('',#11019,1.347367804276);
#9604=CARTESIAN_POINT('',(-4.77,-2.23,-2.65));
#9605=VECTOR('',#11020,3.03);
#9606=CARTESIAN_POINT('',(-4.77,-2.23,2.25));
#9607=CARTESIAN_POINT('',(-4.77,0.8,2.25));
#9608=VECTOR('',#11021,3.03);
#9609=CARTESIAN_POINT('',(-4.77,-3.5,2.7));
#9610=CARTESIAN_POINT('',(-4.77,-2.23,2.25));
#9611=VECTOR('',#11022,1.347367804276);
#9612=CARTESIAN_POINT('',(-4.77,-3.5,2.85));
#9613=CARTESIAN_POINT('',(-4.77,-3.5,2.7));
#9614=VECTOR('',#11023,0.15);
#9615=CARTESIAN_POINT('',(-4.77,-3.5,2.85));
#9616=VECTOR('',#11024,4.3);
#9617=CARTESIAN_POINT('',(-3.63,4.3,-2.85));
#9618=VECTOR('',#11025,1.14);
#9619=CARTESIAN_POINT('',(-3.63,9.2,-2.85));
#9620=VECTOR('',#11026,1.14);
#9621=CARTESIAN_POINT('',(-3.63,9.2,1.31));
#9622=VECTOR('',#11027,1.14);
#9623=CARTESIAN_POINT('',(-3.63,9.2,2.45));
#9624=VECTOR('',#11028,1.14);
#9625=CARTESIAN_POINT('',(-3.63,4.3,2.45));
#9626=VECTOR('',#11029,1.14);
#9627=CARTESIAN_POINT('',(-3.63,-2.23,-2.65));
#9628=VECTOR('',#11030,1.14);
#9629=CARTESIAN_POINT('',(-3.63,-3.5,-3.1));
#9630=VECTOR('',#11031,1.14);
#9631=CARTESIAN_POINT('',(-3.63,-3.5,-3.25));
#9632=VECTOR('',#11032,1.14);
#9633=CARTESIAN_POINT('',(-3.63,-3.5,2.85));
#9634=VECTOR('',#11033,1.14);
#9635=CARTESIAN_POINT('',(-3.63,-3.5,2.7));
#9636=VECTOR('',#11034,1.14);
#9637=CARTESIAN_POINT('',(-3.63,-2.23,2.25));
#9638=VECTOR('',#11035,1.14);
#9639=CARTESIAN_POINT('',(-7.83,4.3,-2.85));
#9640=CARTESIAN_POINT('',(-7.83,4.3,-2.85));
#9641=VECTOR('',#11036,0.7211102550928);
#9642=CARTESIAN_POINT('',(-7.83,9.2,-2.85));
#9643=CARTESIAN_POINT('',(-7.83,9.2,-2.85));
#9644=VECTOR('',#11037,4.9);
#9645=CARTESIAN_POINT('',(-7.83,9.2,-1.71));
#9646=CARTESIAN_POINT('',(-7.83,9.2,-1.71));
#9647=VECTOR('',#11038,1.14);
#9648=CARTESIAN_POINT('',(-7.83,3.7,-1.71));
#9649=VECTOR('',#11039,5.5);
#9650=CARTESIAN_POINT('',(-7.83,9.2,1.31));
#9651=CARTESIAN_POINT('',(-7.83,9.2,1.31));
#9652=VECTOR('',#11040,5.5);
#9653=CARTESIAN_POINT('',(-7.83,9.2,2.45));
#9654=CARTESIAN_POINT('',(-7.83,9.2,2.45));
#9655=VECTOR('',#11041,1.14);
#9656=CARTESIAN_POINT('',(-7.83,4.3,2.45));
#9657=CARTESIAN_POINT('',(-7.83,4.3,2.45));
#9658=VECTOR('',#11042,4.9);
#9659=CARTESIAN_POINT('',(-7.83,3.7,2.85));
#9660=VECTOR('',#11043,0.7211102550928);
#9661=CARTESIAN_POINT('',(-7.83,-2.23,-2.65));
#9662=CARTESIAN_POINT('',(-7.83,-2.23,-2.65));
#9663=VECTOR('',#11044,3.03);
#9664=CARTESIAN_POINT('',(-7.83,-3.5,-3.1));
#9665=CARTESIAN_POINT('',(-7.83,-3.5,-3.1));
#9666=VECTOR('',#11045,1.347367804276);
#9667=CARTESIAN_POINT('',(-7.83,-3.5,-3.25));
#9668=CARTESIAN_POINT('',(-7.83,-3.5,-3.25));
#9669=VECTOR('',#11046,0.15);
#9670=CARTESIAN_POINT('',(-7.83,0.8,-3.25));
#9671=VECTOR('',#11047,4.3);
#9672=CARTESIAN_POINT('',(-7.83,-3.5,2.85));
#9673=CARTESIAN_POINT('',(-7.83,-3.5,2.85));
#9674=VECTOR('',#11048,4.3);
#9675=CARTESIAN_POINT('',(-7.83,-3.5,2.7));
#9676=CARTESIAN_POINT('',(-7.83,-3.5,2.7));
#9677=VECTOR('',#11049,0.15);
#9678=CARTESIAN_POINT('',(-7.83,-2.23,2.25));
#9679=CARTESIAN_POINT('',(-7.83,-2.23,2.25));
#9680=VECTOR('',#11050,1.347367804276);
#9681=CARTESIAN_POINT('',(-7.83,0.8,2.25));
#9682=VECTOR('',#11051,3.03);
#9683=CARTESIAN_POINT('',(-8.97,9.2,-1.71));
#9684=CARTESIAN_POINT('',(-7.83,9.2,-1.71));
#9685=VECTOR('',#11052,1.14);
#9686=CARTESIAN_POINT('',(-8.97,3.7,-1.71));
#9687=VECTOR('',#11053,5.5);
#9688=CARTESIAN_POINT('',(-8.97,9.2,-2.85));
#9689=CARTESIAN_POINT('',(-8.97,9.2,-1.71));
#9690=VECTOR('',#11054,1.14);
#9691=CARTESIAN_POINT('',(-8.97,4.3,-2.85));
#9692=CARTESIAN_POINT('',(-8.97,9.2,-2.85));
#9693=VECTOR('',#11055,4.9);
#9694=CARTESIAN_POINT('',(-8.97,4.3,-2.85));
#9695=VECTOR('',#11056,0.7211102550928);
#9696=CARTESIAN_POINT('',(-8.97,4.3,2.45));
#9697=CARTESIAN_POINT('',(-8.97,3.7,2.85));
#9698=VECTOR('',#11057,0.7211102550928);
#9699=CARTESIAN_POINT('',(-8.97,9.2,2.45));
#9700=CARTESIAN_POINT('',(-8.97,4.3,2.45));
#9701=VECTOR('',#11058,4.9);
#9702=CARTESIAN_POINT('',(-8.97,9.2,1.31));
#9703=CARTESIAN_POINT('',(-8.97,9.2,2.45));
#9704=VECTOR('',#11059,1.14);
#9705=CARTESIAN_POINT('',(-8.97,9.2,1.31));
#9706=VECTOR('',#11060,5.5);
#9707=CARTESIAN_POINT('',(-8.97,-3.5,-3.25));
#9708=CARTESIAN_POINT('',(-8.97,0.8,-3.25));
#9709=VECTOR('',#11061,4.3);
#9710=CARTESIAN_POINT('',(-8.97,-3.5,-3.1));
#9711=CARTESIAN_POINT('',(-8.97,-3.5,-3.25));
#9712=VECTOR('',#11062,0.15);
#9713=CARTESIAN_POINT('',(-8.97,-2.23,-2.65));
#9714=CARTESIAN_POINT('',(-8.97,-3.5,-3.1));
#9715=VECTOR('',#11063,1.347367804276);
#9716=CARTESIAN_POINT('',(-8.97,-2.23,-2.65));
#9717=VECTOR('',#11064,3.03);
#9718=CARTESIAN_POINT('',(-8.97,-2.23,2.25));
#9719=CARTESIAN_POINT('',(-8.97,0.8,2.25));
#9720=VECTOR('',#11065,3.03);
#9721=CARTESIAN_POINT('',(-8.97,-3.5,2.7));
#9722=CARTESIAN_POINT('',(-8.97,-2.23,2.25));
#9723=VECTOR('',#11066,1.347367804276);
#9724=CARTESIAN_POINT('',(-8.97,-3.5,2.85));
#9725=CARTESIAN_POINT('',(-8.97,-3.5,2.7));
#9726=VECTOR('',#11067,0.15);
#9727=CARTESIAN_POINT('',(-8.97,-3.5,2.85));
#9728=VECTOR('',#11068,4.3);
#9729=CARTESIAN_POINT('',(-7.83,4.3,-2.85));
#9730=VECTOR('',#11069,1.14);
#9731=CARTESIAN_POINT('',(-7.83,9.2,-2.85));
#9732=VECTOR('',#11070,1.14);
#9733=CARTESIAN_POINT('',(-7.83,9.2,1.31));
#9734=VECTOR('',#11071,1.14);
#9735=CARTESIAN_POINT('',(-7.83,9.2,2.45));
#9736=VECTOR('',#11072,1.14);
#9737=CARTESIAN_POINT('',(-7.83,4.3,2.45));
#9738=VECTOR('',#11073,1.14);
#9739=CARTESIAN_POINT('',(-7.83,-2.23,-2.65));
#9740=VECTOR('',#11074,1.14);
#9741=CARTESIAN_POINT('',(-7.83,-3.5,-3.1));
#9742=VECTOR('',#11075,1.14);
#9743=CARTESIAN_POINT('',(-7.83,-3.5,-3.25));
#9744=VECTOR('',#11076,1.14);
#9745=CARTESIAN_POINT('',(-7.83,-3.5,2.85));
#9746=VECTOR('',#11077,1.14);
#9747=CARTESIAN_POINT('',(-7.83,-3.5,2.7));
#9748=VECTOR('',#11078,1.14);
#9749=CARTESIAN_POINT('',(-7.83,-2.23,2.25));
#9750=VECTOR('',#11079,1.14);
#9751=CARTESIAN_POINT('',(0.57,4.3,-2.85));
#9752=CARTESIAN_POINT('',(0.57,4.3,-2.85));
#9753=VECTOR('',#11080,0.7211102550928);
#9754=CARTESIAN_POINT('',(0.57,9.2,-2.85));
#9755=CARTESIAN_POINT('',(0.57,9.2,-2.85));
#9756=VECTOR('',#11081,4.9);
#9757=CARTESIAN_POINT('',(0.57,9.2,-1.71));
#9758=CARTESIAN_POINT('',(0.57,9.2,-1.71));
#9759=VECTOR('',#11082,1.14);
#9760=CARTESIAN_POINT('',(0.57,3.7,-1.71));
#9761=VECTOR('',#11083,5.5);
#9762=CARTESIAN_POINT('',(0.57,9.2,1.31));
#9763=CARTESIAN_POINT('',(0.57,9.2,1.31));
#9764=VECTOR('',#11084,5.5);
#9765=CARTESIAN_POINT('',(0.57,9.2,2.45));
#9766=CARTESIAN_POINT('',(0.57,9.2,2.45));
#9767=VECTOR('',#11085,1.14);
#9768=CARTESIAN_POINT('',(0.57,4.3,2.45));
#9769=CARTESIAN_POINT('',(0.57,4.3,2.45));
#9770=VECTOR('',#11086,4.9);
#9771=CARTESIAN_POINT('',(0.57,3.7,2.85));
#9772=VECTOR('',#11087,0.7211102550928);
#9773=CARTESIAN_POINT('',(0.57,-2.23,-2.65));
#9774=CARTESIAN_POINT('',(0.57,-2.23,-2.65));
#9775=VECTOR('',#11088,3.03);
#9776=CARTESIAN_POINT('',(0.57,-3.5,-3.1));
#9777=CARTESIAN_POINT('',(0.57,-3.5,-3.1));
#9778=VECTOR('',#11089,1.347367804276);
#9779=CARTESIAN_POINT('',(0.57,-3.5,-3.25));
#9780=CARTESIAN_POINT('',(0.57,-3.5,-3.25));
#9781=VECTOR('',#11090,0.15);
#9782=CARTESIAN_POINT('',(0.57,0.8,-3.25));
#9783=VECTOR('',#11091,4.3);
#9784=CARTESIAN_POINT('',(0.57,-3.5,2.85));
#9785=CARTESIAN_POINT('',(0.57,-3.5,2.85));
#9786=VECTOR('',#11092,4.3);
#9787=CARTESIAN_POINT('',(0.57,-3.5,2.7));
#9788=CARTESIAN_POINT('',(0.57,-3.5,2.7));
#9789=VECTOR('',#11093,0.15);
#9790=CARTESIAN_POINT('',(0.57,-2.23,2.25));
#9791=CARTESIAN_POINT('',(0.57,-2.23,2.25));
#9792=VECTOR('',#11094,1.347367804276);
#9793=CARTESIAN_POINT('',(0.57,0.8,2.25));
#9794=VECTOR('',#11095,3.03);
#9795=CARTESIAN_POINT('',(-0.57,9.2,-1.71));
#9796=CARTESIAN_POINT('',(0.57,9.2,-1.71));
#9797=VECTOR('',#11096,1.14);
#9798=CARTESIAN_POINT('',(-0.57,3.7,-1.71));
#9799=VECTOR('',#11097,5.5);
#9800=CARTESIAN_POINT('',(-0.57,9.2,-2.85));
#9801=CARTESIAN_POINT('',(-0.57,9.2,-1.71));
#9802=VECTOR('',#11098,1.14);
#9803=CARTESIAN_POINT('',(-0.57,4.3,-2.85));
#9804=CARTESIAN_POINT('',(-0.57,9.2,-2.85));
#9805=VECTOR('',#11099,4.9);
#9806=CARTESIAN_POINT('',(-0.57,4.3,-2.85));
#9807=VECTOR('',#11100,0.7211102550928);
#9808=CARTESIAN_POINT('',(-0.57,4.3,2.45));
#9809=CARTESIAN_POINT('',(-0.57,3.7,2.85));
#9810=VECTOR('',#11101,0.7211102550928);
#9811=CARTESIAN_POINT('',(-0.57,9.2,2.45));
#9812=CARTESIAN_POINT('',(-0.57,4.3,2.45));
#9813=VECTOR('',#11102,4.9);
#9814=CARTESIAN_POINT('',(-0.57,9.2,1.31));
#9815=CARTESIAN_POINT('',(-0.57,9.2,2.45));
#9816=VECTOR('',#11103,1.14);
#9817=CARTESIAN_POINT('',(-0.57,9.2,1.31));
#9818=VECTOR('',#11104,5.5);
#9819=CARTESIAN_POINT('',(-0.57,-3.5,-3.25));
#9820=CARTESIAN_POINT('',(-0.57,0.8,-3.25));
#9821=VECTOR('',#11105,4.3);
#9822=CARTESIAN_POINT('',(-0.57,-3.5,-3.1));
#9823=CARTESIAN_POINT('',(-0.57,-3.5,-3.25));
#9824=VECTOR('',#11106,0.15);
#9825=CARTESIAN_POINT('',(-0.57,-2.23,-2.65));
#9826=CARTESIAN_POINT('',(-0.57,-3.5,-3.1));
#9827=VECTOR('',#11107,1.347367804276);
#9828=CARTESIAN_POINT('',(-0.57,-2.23,-2.65));
#9829=VECTOR('',#11108,3.03);
#9830=CARTESIAN_POINT('',(-0.57,-2.23,2.25));
#9831=CARTESIAN_POINT('',(-0.57,0.8,2.25));
#9832=VECTOR('',#11109,3.03);
#9833=CARTESIAN_POINT('',(-0.57,-3.5,2.7));
#9834=CARTESIAN_POINT('',(-0.57,-2.23,2.25));
#9835=VECTOR('',#11110,1.347367804276);
#9836=CARTESIAN_POINT('',(-0.57,-3.5,2.85));
#9837=CARTESIAN_POINT('',(-0.57,-3.5,2.7));
#9838=VECTOR('',#11111,0.15);
#9839=CARTESIAN_POINT('',(-0.57,-3.5,2.85));
#9840=VECTOR('',#11112,4.3);
#9841=CARTESIAN_POINT('',(0.57,4.3,-2.85));
#9842=VECTOR('',#11113,1.14);
#9843=CARTESIAN_POINT('',(0.57,9.2,-2.85));
#9844=VECTOR('',#11114,1.14);
#9845=CARTESIAN_POINT('',(0.57,9.2,1.31));
#9846=VECTOR('',#11115,1.14);
#9847=CARTESIAN_POINT('',(0.57,9.2,2.45));
#9848=VECTOR('',#11116,1.14);
#9849=CARTESIAN_POINT('',(0.57,4.3,2.45));
#9850=VECTOR('',#11117,1.14);
#9851=CARTESIAN_POINT('',(0.57,-2.23,-2.65));
#9852=VECTOR('',#11118,1.14);
#9853=CARTESIAN_POINT('',(0.57,-3.5,-3.1));
#9854=VECTOR('',#11119,1.14);
#9855=CARTESIAN_POINT('',(0.57,-3.5,-3.25));
#9856=VECTOR('',#11120,1.14);
#9857=CARTESIAN_POINT('',(0.57,-3.5,2.85));
#9858=VECTOR('',#11121,1.14);
#9859=CARTESIAN_POINT('',(0.57,-3.5,2.7));
#9860=VECTOR('',#11122,1.14);
#9861=CARTESIAN_POINT('',(0.57,-2.23,2.25));
#9862=VECTOR('',#11123,1.14);
#9863=CARTESIAN_POINT('',(10.2,12.8,3.9));
#9864=VECTOR('',#11124,9.1);
#9865=CARTESIAN_POINT('',(10.2,12.8,0.3));
#9866=VECTOR('',#11125,9.1);
#9867=CARTESIAN_POINT('',(8.97,4.3,-2.85));
#9868=CARTESIAN_POINT('',(8.97,4.3,-2.85));
#9869=VECTOR('',#11126,0.7211102550928);
#9870=CARTESIAN_POINT('',(8.97,9.2,-2.85));
#9871=CARTESIAN_POINT('',(8.97,9.2,-2.85));
#9872=VECTOR('',#11127,4.9);
#9873=CARTESIAN_POINT('',(8.97,9.2,-1.71));
#9874=CARTESIAN_POINT('',(8.97,9.2,-1.71));
#9875=VECTOR('',#11128,1.14);
#9876=CARTESIAN_POINT('',(8.97,3.7,-1.71));
#9877=VECTOR('',#11129,5.5);
#9878=CARTESIAN_POINT('',(8.97,9.2,1.31));
#9879=CARTESIAN_POINT('',(8.97,9.2,1.31));
#9880=VECTOR('',#11130,5.5);
#9881=CARTESIAN_POINT('',(8.97,9.2,2.45));
#9882=CARTESIAN_POINT('',(8.97,9.2,2.45));
#9883=VECTOR('',#11131,1.14);
#9884=CARTESIAN_POINT('',(8.97,4.3,2.45));
#9885=CARTESIAN_POINT('',(8.97,4.3,2.45));
#9886=VECTOR('',#11132,4.9);
#9887=CARTESIAN_POINT('',(8.97,3.7,2.85));
#9888=VECTOR('',#11133,0.7211102550928);
#9889=CARTESIAN_POINT('',(8.97,-3.5,2.85));
#9890=CARTESIAN_POINT('',(8.97,-3.5,2.85));
#9891=VECTOR('',#11134,4.3);
#9892=CARTESIAN_POINT('',(8.97,-3.5,2.7));
#9893=CARTESIAN_POINT('',(8.97,-3.5,2.7));
#9894=VECTOR('',#11135,0.15);
#9895=CARTESIAN_POINT('',(8.97,-2.23,2.25));
#9896=CARTESIAN_POINT('',(8.97,-2.23,2.25));
#9897=VECTOR('',#11136,1.347367804276);
#9898=CARTESIAN_POINT('',(8.97,0.8,2.25));
#9899=VECTOR('',#11137,3.03);
#9900=CARTESIAN_POINT('',(8.97,-2.23,-2.65));
#9901=CARTESIAN_POINT('',(8.97,-2.23,-2.65));
#9902=VECTOR('',#11138,3.03);
#9903=CARTESIAN_POINT('',(8.97,-3.5,-3.1));
#9904=CARTESIAN_POINT('',(8.97,-3.5,-3.1));
#9905=VECTOR('',#11139,1.347367804276);
#9906=CARTESIAN_POINT('',(8.97,-3.5,-3.25));
#9907=CARTESIAN_POINT('',(8.97,-3.5,-3.25));
#9908=VECTOR('',#11140,0.15);
#9909=CARTESIAN_POINT('',(8.97,0.8,-3.25));
#9910=VECTOR('',#11141,4.3);
#9911=CARTESIAN_POINT('',(7.83,9.2,-1.71));
#9912=CARTESIAN_POINT('',(8.97,9.2,-1.71));
#9913=VECTOR('',#11142,1.14);
#9914=CARTESIAN_POINT('',(7.83,3.7,-1.71));
#9915=VECTOR('',#11143,5.5);
#9916=CARTESIAN_POINT('',(7.83,9.2,-2.85));
#9917=CARTESIAN_POINT('',(7.83,9.2,-1.71));
#9918=VECTOR('',#11144,1.14);
#9919=CARTESIAN_POINT('',(7.83,4.3,-2.85));
#9920=CARTESIAN_POINT('',(7.83,9.2,-2.85));
#9921=VECTOR('',#11145,4.9);
#9922=CARTESIAN_POINT('',(7.83,4.3,-2.85));
#9923=VECTOR('',#11146,0.7211102550928);
#9924=CARTESIAN_POINT('',(7.83,4.3,2.45));
#9925=CARTESIAN_POINT('',(7.83,3.7,2.85));
#9926=VECTOR('',#11147,0.7211102550928);
#9927=CARTESIAN_POINT('',(7.83,9.2,2.45));
#9928=CARTESIAN_POINT('',(7.83,4.3,2.45));
#9929=VECTOR('',#11148,4.9);
#9930=CARTESIAN_POINT('',(7.83,9.2,1.31));
#9931=CARTESIAN_POINT('',(7.83,9.2,2.45));
#9932=VECTOR('',#11149,1.14);
#9933=CARTESIAN_POINT('',(7.83,9.2,1.31));
#9934=VECTOR('',#11150,5.5);
#9935=CARTESIAN_POINT('',(7.83,-2.23,2.25));
#9936=CARTESIAN_POINT('',(7.83,-3.5,2.7));
#9937=CARTESIAN_POINT('',(7.83,-2.23,2.25));
#9938=VECTOR('',#11151,1.347367804276);
#9939=CARTESIAN_POINT('',(7.83,-3.5,2.85));
#9940=CARTESIAN_POINT('',(7.83,-3.5,2.7));
#9941=VECTOR('',#11152,0.15);
#9942=CARTESIAN_POINT('',(7.83,-3.5,2.85));
#9943=VECTOR('',#11153,4.3);
#9944=CARTESIAN_POINT('',(7.83,0.8,2.25));
#9945=VECTOR('',#11154,3.03);
#9946=CARTESIAN_POINT('',(7.83,-3.5,-3.25));
#9947=CARTESIAN_POINT('',(7.83,0.8,-3.25));
#9948=VECTOR('',#11155,4.3);
#9949=CARTESIAN_POINT('',(7.83,-3.5,-3.1));
#9950=CARTESIAN_POINT('',(7.83,-3.5,-3.25));
#9951=VECTOR('',#11156,0.15);
#9952=CARTESIAN_POINT('',(7.83,-2.23,-2.65));
#9953=CARTESIAN_POINT('',(7.83,-3.5,-3.1));
#9954=VECTOR('',#11157,1.347367804276);
#9955=CARTESIAN_POINT('',(7.83,-2.23,-2.65));
#9956=VECTOR('',#11158,3.03);
#9957=CARTESIAN_POINT('',(8.97,4.3,-2.85));
#9958=VECTOR('',#11159,1.14);
#9959=CARTESIAN_POINT('',(8.97,9.2,-2.85));
#9960=VECTOR('',#11160,1.14);
#9961=CARTESIAN_POINT('',(8.97,9.2,1.31));
#9962=VECTOR('',#11161,1.14);
#9963=CARTESIAN_POINT('',(8.97,9.2,2.45));
#9964=VECTOR('',#11162,1.14);
#9965=CARTESIAN_POINT('',(8.97,4.3,2.45));
#9966=VECTOR('',#11163,1.14);
#9967=CARTESIAN_POINT('',(8.97,-2.23,2.25));
#9968=VECTOR('',#11164,1.14);
#9969=CARTESIAN_POINT('',(8.97,-3.5,2.7));
#9970=VECTOR('',#11165,1.14);
#9971=CARTESIAN_POINT('',(8.97,-3.5,2.85));
#9972=VECTOR('',#11166,1.14);
#9973=CARTESIAN_POINT('',(8.97,-2.23,-2.65));
#9974=VECTOR('',#11167,1.14);
#9975=CARTESIAN_POINT('',(8.97,-3.5,-3.1));
#9976=VECTOR('',#11168,1.14);
#9977=CARTESIAN_POINT('',(8.97,-3.5,-3.25));
#9978=VECTOR('',#11169,1.14);
#9979=CARTESIAN_POINT('',(1.7,9.75,-6.2));
#9980=CARTESIAN_POINT('',(1.7,9.75,-4.8));
#9981=VECTOR('',#11170,1.4);
#9982=CARTESIAN_POINT('',(1.7,9.75,-6.2));
#9983=VECTOR('',#11171,0.7);
#9984=CARTESIAN_POINT('',(-1.7,9.75,-6.2));
#9985=VECTOR('',#11172,3.4);
#9986=CARTESIAN_POINT('',(-11.5,4.8,-1.99));
#9987=CARTESIAN_POINT('',(-11.5,12.8,-1.99));
#9988=VECTOR('',#11173,8.0);
#9989=CARTESIAN_POINT('',(-11.1,4.8,-1.59));
#9990=VECTOR('',#11174,0.5656854249492);
#9991=CARTESIAN_POINT('',(11.8,4.8,-3.403629380496));
#9992=CARTESIAN_POINT('',(14.488936325,4.8,-3.261734753656));
#9993=AXIS2_PLACEMENT_3D('',#11175,#11176,#11177);
#9994=AXIS2_PLACEMENT_3D('',#11178,#11179,#11180);
#9995=CARTESIAN_POINT('',(11.8,4.8,-1.576370619504));
#9996=AXIS2_PLACEMENT_3D('',#11181,#11182,#11183);
#9997=CARTESIAN_POINT('',(14.488936325,4.8,-1.718265246344));
#9998=AXIS2_PLACEMENT_3D('',#11184,#11185,#11186);
#9999=CARTESIAN_POINT('',(14.488936325,4.8,-3.261734753656));
#10000=VECTOR('',#11187,1.543469507312);
#10001=CARTESIAN_POINT('',(-11.8,4.8,-1.576370619504));
#10002=AXIS2_PLACEMENT_3D('',#11188,#11189,#11190);
#10003=CARTESIAN_POINT('',(-11.5,4.8,-2.99));
#10004=CARTESIAN_POINT('',(-11.5,4.8,-1.99));
#10005=VECTOR('',#11191,1.0);
#10006=CARTESIAN_POINT('',(-11.5,4.8,-2.99));
#10007=VECTOR('',#11192,0.5656854249492);
#10008=CARTESIAN_POINT('',(-11.8,4.8,-3.403629380496));
#10009=AXIS2_PLACEMENT_3D('',#11193,#11194,#11195);
#10010=CARTESIAN_POINT('',(-14.488936325,4.8,-3.261734753656));
#10011=AXIS2_PLACEMENT_3D('',#11196,#11197,#11198);
#10012=CARTESIAN_POINT('',(-14.488936325,4.8,-1.718265246344));
#10013=CARTESIAN_POINT('',(-14.488936325,4.8,-3.261734753656));
#10014=VECTOR('',#11199,1.543469507312);
#10015=AXIS2_PLACEMENT_3D('',#11200,#11201,#11202);
#10016=CARTESIAN_POINT('',(14.488936325,1.3,-1.89));
#10017=CARTESIAN_POINT('',(14.488936325,1.3,-3.09));
#10018=AXIS2_PLACEMENT_3D('',#11203,#11204,#11205);
#10019=CARTESIAN_POINT('',(14.488936325,-2.06,-3.09));
#10020=CARTESIAN_POINT('',(14.488936325,-2.06,-3.09));
#10021=VECTOR('',#11206,3.36);
#10022=CARTESIAN_POINT('',(14.488936325,-2.06,-3.261734753656));
#10023=CARTESIAN_POINT('',(14.488936325,-2.06,-3.09));
#10024=VECTOR('',#11207,0.1717347536558);
#10025=CARTESIAN_POINT('',(14.488936325,4.8,-3.261734753656));
#10026=VECTOR('',#11208,6.86);
#10027=CARTESIAN_POINT('',(14.488936325,-2.06,-1.718265246344));
#10028=CARTESIAN_POINT('',(14.488936325,4.8,-1.718265246344));
#10029=VECTOR('',#11209,6.86);
#10030=CARTESIAN_POINT('',(14.488936325,-2.06,-1.89));
#10031=CARTESIAN_POINT('',(14.488936325,-2.06,-1.718265246344));
#10032=VECTOR('',#11210,0.1717347536558);
#10033=CARTESIAN_POINT('',(14.488936325,-2.06,-1.89));
#10034=VECTOR('',#11211,3.36);
#10035=CARTESIAN_POINT('',(12.311063675,-3.3,-1.89));
#10036=CARTESIAN_POINT('',(11.8,-2.06,-1.89));
#10037=CARTESIAN_POINT('',(12.311063675,-3.3,-1.89));
#10038=VECTOR('',#11212,1.34118830889);
#10039=CARTESIAN_POINT('',(11.8,1.3,-1.89));
#10040=CARTESIAN_POINT('',(11.8,-2.06,-1.89));
#10041=VECTOR('',#11213,3.36);
#10042=CARTESIAN_POINT('',(11.8,1.3,-1.89));
#10043=VECTOR('',#11214,2.688936325);
#10044=CARTESIAN_POINT('',(13.888936325,-3.3,-1.89));
#10045=CARTESIAN_POINT('',(14.488936325,-2.06,-1.89));
#10046=VECTOR('',#11215,1.377534028618);
#10047=CARTESIAN_POINT('',(13.888936325,-3.3,-1.89));
#10048=VECTOR('',#11216,1.577872650001);
#10049=CARTESIAN_POINT('',(13.888936325,-3.3,-1.110761760971));
#10050=CARTESIAN_POINT('',(13.888936325,-3.3,-1.110761760971));
#10051=VECTOR('',#11217,0.7792382390293);
#10052=CARTESIAN_POINT('',(12.311063675,-3.3,-1.110761760971));
#10053=AXIS2_PLACEMENT_3D('',#11218,#11219,#11220);
#10054=CARTESIAN_POINT('',(12.311063675,-3.3,-1.110761760971));
#10055=VECTOR('',#11221,0.7792382390293);
#10056=CARTESIAN_POINT('',(12.311063675,-3.3,-3.09));
#10057=CARTESIAN_POINT('',(12.311063675,-3.3,-3.869238239029));
#10058=CARTESIAN_POINT('',(12.311063675,-3.3,-3.09));
#10059=VECTOR('',#11222,0.7792382390293);
#10060=CARTESIAN_POINT('',(13.888936325,-3.3,-3.869238239029));
#10061=AXIS2_PLACEMENT_3D('',#11223,#11224,#11225);
#10062=CARTESIAN_POINT('',(13.888936325,-3.3,-3.09));
#10063=CARTESIAN_POINT('',(13.888936325,-3.3,-3.09));
#10064=VECTOR('',#11226,0.7792382390293);
#10065=CARTESIAN_POINT('',(13.888936325,-3.3,-3.09));
#10066=VECTOR('',#11227,1.577872650001);
#10067=CARTESIAN_POINT('',(-12.311063675,-3.3,-1.110761760971));
#10068=CARTESIAN_POINT('',(-12.311063675,-3.3,-1.89));
#10069=CARTESIAN_POINT('',(-12.311063675,-3.3,-1.110761760971));
#10070=VECTOR('',#11228,0.7792382390293);
#10071=CARTESIAN_POINT('',(-13.888936325,-3.3,-1.110761760971));
#10072=AXIS2_PLACEMENT_3D('',#11229,#11230,#11231);
#10073=CARTESIAN_POINT('',(-13.888936325,-3.3,-1.89));
#10074=CARTESIAN_POINT('',(-13.888936325,-3.3,-1.110761760971));
#10075=VECTOR('',#11232,0.7792382390293);
#10076=CARTESIAN_POINT('',(-13.888936325,-3.3,-1.89));
#10077=VECTOR('',#11233,1.577872650001);
#10078=CARTESIAN_POINT('',(-13.888936325,-3.3,-3.09));
#10079=CARTESIAN_POINT('',(-13.888936325,-3.3,-3.869238239029));
#10080=CARTESIAN_POINT('',(-13.888936325,-3.3,-3.09));
#10081=VECTOR('',#11234,0.7792382390293);
#10082=CARTESIAN_POINT('',(-12.311063675,-3.3,-3.869238239029));
#10083=AXIS2_PLACEMENT_3D('',#11235,#11236,#11237);
#10084=CARTESIAN_POINT('',(-12.311063675,-3.3,-3.09));
#10085=CARTESIAN_POINT('',(-12.311063675,-3.3,-3.09));
#10086=VECTOR('',#11238,0.7792382390293);
#10087=CARTESIAN_POINT('',(-13.888936325,-3.3,-3.09));
#10088=VECTOR('',#11239,1.577872650001);
#10089=CARTESIAN_POINT('',(11.90303703125,-2.31,-1.028712864853));
#10090=CARTESIAN_POINT('',(12.311063675,-3.3,-1.110761760971));
#10091=CARTESIAN_POINT('',(12.17534883618,-2.97071343871,-1.073436992072));
#10092=CARTESIAN_POINT('',(12.03932461617,-2.640676222097,-1.046607714192));
#10093=CARTESIAN_POINT('',(11.90303703125,-2.31,-1.028712864853));
#10094=CARTESIAN_POINT('',(11.8,-2.06,-1.119569250233));
#10095=CARTESIAN_POINT('',(11.90303703125,-2.31,-1.028712864853));
#10096=CARTESIAN_POINT('',(11.8684415217,-2.226060495123,-1.057050583579));
#10097=CARTESIAN_POINT('',(11.83408322604,-2.142696545182,-1.087237668458));
#10098=CARTESIAN_POINT('',(11.8,-2.06,-1.119569250233));
#10099=CARTESIAN_POINT('',(11.8,-2.06,-1.576370619504));
#10100=CARTESIAN_POINT('',(11.8,-2.06,-1.119569250233));
#10101=VECTOR('',#11240,0.4568013692705);
#10102=CARTESIAN_POINT('',(11.8,-2.06,-1.576370619504));
#10103=VECTOR('',#11241,0.3136293804963);
#10104=CARTESIAN_POINT('',(11.8,-2.06,-3.09));
#10105=CARTESIAN_POINT('',(11.8,-2.06,-3.403629380496));
#10106=CARTESIAN_POINT('',(11.8,-2.06,-3.09));
#10107=VECTOR('',#11242,0.3136293804963);
#10108=CARTESIAN_POINT('',(11.8,-2.06,-3.860430749767));
#10109=CARTESIAN_POINT('',(11.8,-2.06,-3.403629380496));
#10110=VECTOR('',#11243,0.4568013692705);
#10111=CARTESIAN_POINT('',(11.90303703125,-2.31,-3.951287135147));
#10112=CARTESIAN_POINT('',(11.8,-2.06,-3.860430749767));
#10113=CARTESIAN_POINT('',(11.83408322604,-2.142696545182,-3.892762331542));
#10114=CARTESIAN_POINT('',(11.8684415217,-2.226060495123,-3.922949416421));
#10115=CARTESIAN_POINT('',(11.90303703125,-2.31,-3.951287135147));
#10116=CARTESIAN_POINT('',(11.90303703125,-2.31,-3.951287135147));
#10117=CARTESIAN_POINT('',(12.03932461617,-2.640676222097,-3.933392285808));
#10118=CARTESIAN_POINT('',(12.17534883618,-2.97071343871,-3.906563007928));
#10119=CARTESIAN_POINT('',(12.311063675,-3.3,-3.869238239029));
#10120=CARTESIAN_POINT('',(12.311063675,-3.3,-3.09));
#10121=VECTOR('',#11244,1.34118830889);
#10122=CARTESIAN_POINT('',(11.8,2.7,-1.576370619504));
#10123=CARTESIAN_POINT('',(11.8,2.7,-1.576370619504));
#10124=VECTOR('',#11245,4.76);
#10125=CARTESIAN_POINT('',(11.8,2.7,-3.403629380496));
#10126=CARTESIAN_POINT('',(11.8,2.7,-1.576370619504));
#10127=VECTOR('',#11246,1.827258760993);
#10128=CARTESIAN_POINT('',(11.8,2.7,-3.403629380496));
#10129=VECTOR('',#11247,4.76);
#10130=CARTESIAN_POINT('',(11.8,1.3,-3.09));
#10131=CARTESIAN_POINT('',(11.8,-2.06,-3.09));
#10132=VECTOR('',#11248,3.36);
#10133=AXIS2_PLACEMENT_3D('',#11249,#11250,#11251);
#10134=CARTESIAN_POINT('',(11.8,1.3,-3.09));
#10135=VECTOR('',#11252,2.688936325);
#10136=CARTESIAN_POINT('',(14.488936325,-2.06,-3.09));
#10137=VECTOR('',#11253,1.377534028618);
#10138=CARTESIAN_POINT('',(14.488936325,-2.06,-1.209790515189));
#10139=CARTESIAN_POINT('',(14.488936325,-2.06,-1.209790515189));
#10140=VECTOR('',#11254,0.5084747311554);
#10141=CARTESIAN_POINT('',(14.36796858306,-2.31,-1.089879965051));
#10142=CARTESIAN_POINT('',(14.488936325,-2.06,-1.209790515189));
#10143=CARTESIAN_POINT('',(14.44920501247,-2.142111379225,-1.166684864227));
#10144=CARTESIAN_POINT('',(14.4088474082,-2.225517094713,-1.126900409509));
#10145=CARTESIAN_POINT('',(14.36796858306,-2.31,-1.089879965051));
#10146=CARTESIAN_POINT('',(14.36796858306,-2.31,-1.089879965051));
#10147=CARTESIAN_POINT('',(14.2081511613,-2.640289338321,-1.080177783593));
#10148=CARTESIAN_POINT('',(14.04847187296,-2.970293200891,-1.086915939673));
#10149=CARTESIAN_POINT('',(13.888936325,-3.3,-1.110761760971));
#10150=CARTESIAN_POINT('',(14.36796858306,-2.31,-3.890120034949));
#10151=CARTESIAN_POINT('',(13.888936325,-3.3,-3.869238239029));
#10152=CARTESIAN_POINT('',(14.04847187296,-2.970293200891,-3.893084060327));
#10153=CARTESIAN_POINT('',(14.2081511613,-2.640289338321,-3.899822216407));
#10154=CARTESIAN_POINT('',(14.36796858306,-2.31,-3.890120034949));
#10155=CARTESIAN_POINT('',(14.488936325,-2.06,-3.770209484811));
#10156=CARTESIAN_POINT('',(14.36796858306,-2.31,-3.890120034949));
#10157=CARTESIAN_POINT('',(14.4088474082,-2.225517094713,-3.853099590491));
#10158=CARTESIAN_POINT('',(14.44920501247,-2.142111379225,-3.813315135773));
#10159=CARTESIAN_POINT('',(14.488936325,-2.06,-3.770209484811));
#10160=CARTESIAN_POINT('',(14.488936325,-2.06,-3.261734753656));
#10161=VECTOR('',#11255,0.5084747311554);
#10162=AXIS2_PLACEMENT_3D('',#11256,#11257,#11258);
#10163=AXIS2_PLACEMENT_3D('',#11259,#11260,#11261);
#10164=AXIS2_PLACEMENT_3D('',#11262,#11263,#11264);
#10165=AXIS2_PLACEMENT_3D('',#11265,#11266,#11267);
#10166=AXIS2_PLACEMENT_3D('',#11268,#11269,#11270);
#10167=CARTESIAN_POINT('',(11.8,4.8,-3.403629380496));
#10168=VECTOR('',#11271,2.1);
#10169=CARTESIAN_POINT('',(11.8,4.8,-1.576370619504));
#10170=VECTOR('',#11272,2.1);
#10171=AXIS2_PLACEMENT_3D('',#11273,#11274,#11275);
#10172=AXIS2_PLACEMENT_3D('',#11276,#11277,#11278);
#10173=CARTESIAN_POINT('',(-11.8,2.7,-1.576370619504));
#10174=AXIS2_PLACEMENT_3D('',#11279,#11280,#11281);
#10175=CARTESIAN_POINT('',(-11.8,2.7,-3.403629380496));
#10176=CARTESIAN_POINT('',(-11.8,2.7,-1.576370619504));
#10177=VECTOR('',#11282,1.827258760993);
#10178=AXIS2_PLACEMENT_3D('',#11283,#11284,#11285);
#10179=CARTESIAN_POINT('',(-11.8,4.8,-3.403629380496));
#10180=VECTOR('',#11286,2.1);
#10181=CARTESIAN_POINT('',(-14.488936325,-2.06,-1.718265246344));
#10182=CARTESIAN_POINT('',(-14.488936325,4.8,-1.718265246344));
#10183=VECTOR('',#11287,6.86);
#10184=CARTESIAN_POINT('',(-11.8,-2.06,-1.576370619504));
#10185=AXIS2_PLACEMENT_3D('',#11288,#11289,#11290);
#10186=CARTESIAN_POINT('',(-11.8,2.7,-1.576370619504));
#10187=VECTOR('',#11291,4.76);
#10188=CARTESIAN_POINT('',(-11.8,4.8,-1.576370619504));
#10189=VECTOR('',#11292,2.1);
#10190=CARTESIAN_POINT('',(-11.8,-2.06,-3.403629380496));
#10191=CARTESIAN_POINT('',(-11.8,2.7,-3.403629380496));
#10192=VECTOR('',#11293,4.76);
#10193=CARTESIAN_POINT('',(-14.488936325,-2.06,-3.261734753656));
#10194=AXIS2_PLACEMENT_3D('',#11294,#11295,#11296);
#10195=CARTESIAN_POINT('',(-14.488936325,4.8,-3.261734753656));
#10196=VECTOR('',#11297,6.86);
#10197=CARTESIAN_POINT('',(-11.8,-2.06,-3.09));
#10198=CARTESIAN_POINT('',(-11.8,1.3,-3.09));
#10199=CARTESIAN_POINT('',(-11.8,-2.06,-3.09));
#10200=VECTOR('',#11298,3.36);
#10201=CARTESIAN_POINT('',(-11.8,-2.06,-3.09));
#10202=VECTOR('',#11299,0.3136293804963);
#10203=CARTESIAN_POINT('',(-11.8,-2.06,-1.89));
#10204=CARTESIAN_POINT('',(-11.8,-2.06,-1.576370619504));
#10205=VECTOR('',#11300,0.3136293804963);
#10206=CARTESIAN_POINT('',(-11.8,1.3,-1.89));
#10207=CARTESIAN_POINT('',(-11.8,-2.06,-1.89));
#10208=VECTOR('',#11301,3.36);
#10209=AXIS2_PLACEMENT_3D('',#11302,#11303,#11304);
#10210=CARTESIAN_POINT('',(-14.488936325,1.3,-1.89));
#10211=CARTESIAN_POINT('',(-11.8,1.3,-1.89));
#10212=VECTOR('',#11305,2.688936325);
#10213=CARTESIAN_POINT('',(-14.488936325,1.3,-3.09));
#10214=AXIS2_PLACEMENT_3D('',#11306,#11307,#11308);
#10215=CARTESIAN_POINT('',(-11.8,1.3,-3.09));
#10216=VECTOR('',#11309,2.688936325);
#10217=CARTESIAN_POINT('',(-11.8,-2.06,-3.09));
#10218=VECTOR('',#11310,1.34118830889);
#10219=CARTESIAN_POINT('',(-14.488936325,-2.06,-3.09));
#10220=CARTESIAN_POINT('',(-14.488936325,-2.06,-3.09));
#10221=VECTOR('',#11311,3.36);
#10222=CARTESIAN_POINT('',(-13.888936325,-3.3,-3.09));
#10223=VECTOR('',#11312,1.377534028618);
#10224=CARTESIAN_POINT('',(-14.36796858306,-2.31,-1.089879965051));
#10225=CARTESIAN_POINT('',(-13.888936325,-3.3,-1.110761760971));
#10226=CARTESIAN_POINT('',(-14.04847187296,-2.970293200891,-1.086915939673));
#10227=CARTESIAN_POINT('',(-14.2081511613,-2.640289338321,-1.080177783593));
#10228=CARTESIAN_POINT('',(-14.36796858306,-2.31,-1.089879965051));
#10229=CARTESIAN_POINT('',(-14.488936325,-2.06,-1.209790515189));
#10230=CARTESIAN_POINT('',(-14.36796858306,-2.31,-1.089879965051));
#10231=CARTESIAN_POINT('',(-14.4088474082,-2.225517094713,-1.126900409509));
#10232=CARTESIAN_POINT('',(-14.44920501247,-2.142111379225,-1.166684864227));
#10233=CARTESIAN_POINT('',(-14.488936325,-2.06,-1.209790515189));
#10234=CARTESIAN_POINT('',(-14.488936325,-2.06,-1.209790515189));
#10235=VECTOR('',#11313,0.5084747311554);
#10236=CARTESIAN_POINT('',(-14.488936325,-2.06,-1.89));
#10237=CARTESIAN_POINT('',(-14.488936325,-2.06,-1.718265246344));
#10238=VECTOR('',#11314,0.1717347536558);
#10239=CARTESIAN_POINT('',(-13.888936325,-3.3,-1.89));
#10240=VECTOR('',#11315,1.377534028618);
#10241=CARTESIAN_POINT('',(-14.488936325,-2.06,-3.09));
#10242=VECTOR('',#11316,0.1717347536558);
#10243=CARTESIAN_POINT('',(-14.488936325,-2.06,-3.770209484811));
#10244=CARTESIAN_POINT('',(-14.488936325,-2.06,-3.261734753656));
#10245=VECTOR('',#11317,0.5084747311554);
#10246=CARTESIAN_POINT('',(-14.36796858306,-2.31,-3.890120034949));
#10247=CARTESIAN_POINT('',(-14.488936325,-2.06,-3.770209484811));
#10248=CARTESIAN_POINT('',(-14.44920501247,-2.142111379225,-3.813315135773));
#10249=CARTESIAN_POINT('',(-14.4088474082,-2.225517094713,-3.853099590491));
#10250=CARTESIAN_POINT('',(-14.36796858306,-2.31,-3.890120034949));
#10251=CARTESIAN_POINT('',(-14.36796858306,-2.31,-3.890120034949));
#10252=CARTESIAN_POINT('',(-14.2081511613,-2.640289338321,-3.899822216407));
#10253=CARTESIAN_POINT('',(-14.04847187296,-2.970293200891,-3.893084060327));
#10254=CARTESIAN_POINT('',(-13.888936325,-3.3,-3.869238239029));
#10255=CARTESIAN_POINT('',(-14.488936325,-2.06,-1.89));
#10256=VECTOR('',#11318,3.36);
#10257=CARTESIAN_POINT('',(-11.8,-2.06,-1.89));
#10258=VECTOR('',#11319,1.34118830889);
#10259=CARTESIAN_POINT('',(-11.8,-2.06,-1.119569250233));
#10260=CARTESIAN_POINT('',(-11.8,-2.06,-1.119569250233));
#10261=VECTOR('',#11320,0.4568013692705);
#10262=CARTESIAN_POINT('',(-11.90303703125,-2.31,-1.028712864853));
#10263=CARTESIAN_POINT('',(-11.8,-2.06,-1.119569250233));
#10264=CARTESIAN_POINT('',(-11.83408322604,-2.142696545182,-1.087237668458));
#10265=CARTESIAN_POINT('',(-11.8684415217,-2.226060495123,-1.057050583579));
#10266=CARTESIAN_POINT('',(-11.90303703125,-2.31,-1.028712864853));
#10267=CARTESIAN_POINT('',(-11.90303703125,-2.31,-1.028712864853));
#10268=CARTESIAN_POINT('',(-12.03932461617,-2.640676222097,-1.046607714192));
#10269=CARTESIAN_POINT('',(-12.17534883618,-2.97071343871,-1.073436992072));
#10270=CARTESIAN_POINT('',(-12.311063675,-3.3,-1.110761760971));
#10271=CARTESIAN_POINT('',(-11.90303703125,-2.31,-3.951287135147));
#10272=CARTESIAN_POINT('',(-12.311063675,-3.3,-3.869238239029));
#10273=CARTESIAN_POINT('',(-12.17534883618,-2.97071343871,-3.906563007928));
#10274=CARTESIAN_POINT('',(-12.03932461617,-2.640676222097,-3.933392285808));
#10275=CARTESIAN_POINT('',(-11.90303703125,-2.31,-3.951287135147));
#10276=CARTESIAN_POINT('',(-11.8,-2.06,-3.860430749767));
#10277=CARTESIAN_POINT('',(-11.90303703125,-2.31,-3.951287135147));
#10278=CARTESIAN_POINT('',(-11.8684415217,-2.226060495123,-3.922949416421));
#10279=CARTESIAN_POINT('',(-11.83408322604,-2.142696545182,-3.892762331542));
#10280=CARTESIAN_POINT('',(-11.8,-2.06,-3.860430749767));
#10281=CARTESIAN_POINT('',(-11.8,-2.06,-3.403629380496));
#10282=VECTOR('',#11321,0.4568013692705);
#10283=AXIS2_PLACEMENT_3D('',#11322,#11323,#11324);
#10284=AXIS2_PLACEMENT_3D('',#11325,#11326,#11327);
#10285=AXIS2_PLACEMENT_3D('',#11328,#11329,#11330);
#10286=AXIS2_PLACEMENT_3D('',#11331,#11332,#11333);
#10287=AXIS2_PLACEMENT_3D('',#11334,#11335,#11336);
#10288=CARTESIAN_POINT('',(-11.5,12.8,-2.99));
#10289=VECTOR('',#11337,8.0);
#10290=DIRECTION('',(-0.0,-1.0,0.0));
#10291=CARTESIAN_POINT('',(11.1,12.8,2.6));
#10292=DIRECTION('',(0.0,-1.0,0.0));
#10293=DIRECTION('',(0.0,0.0,-1.0));
#10294=DIRECTION('',(0.0,-1.0,0.0));
#10295=CARTESIAN_POINT('',(11.1,0.2,2.6));
#10296=DIRECTION('',(0.0,-1.0,0.0));
#10297=DIRECTION('',(0.0,0.0,-1.0));
#10298=DIRECTION('',(0.0,1.0,0.0));
#10299=DIRECTION('',(0.0,0.0,-1.0));
#10300=DIRECTION('',(0.0,-1.0,0.0));
#10301=DIRECTION('',(0.0,0.0,1.0));
#10302=DIRECTION('',(0.0,1.0,0.0));
#10303=DIRECTION('',(0.0,0.0,1.0));
#10304=DIRECTION('',(0.0,-1.0,0.0));
#10305=DIRECTION('',(0.0,0.0,1.0));
#10306=DIRECTION('',(0.0,-1.0,0.0));
#10307=DIRECTION('',(0.0,0.0,1.0));
#10308=DIRECTION('',(0.0,1.0,0.0));
#10309=DIRECTION('',(0.0,0.0,1.0));
#10310=DIRECTION('',(0.0,1.0,0.0));
#10311=DIRECTION('',(0.0,0.0,-1.0));
#10312=DIRECTION('',(0.0,1.0,0.0));
#10313=DIRECTION('',(0.0,0.0,-1.0));
#10314=CARTESIAN_POINT('',(11.1,0.2,2.6));
#10315=DIRECTION('',(0.0,-1.0,0.0));
#10316=DIRECTION('',(0.0,0.0,-1.0));
#10317=DIRECTION('',(0.0,0.0,1.0));
#10318=DIRECTION('',(-1.0,0.0,0.0));
#10319=DIRECTION('',(0.0,0.0,1.0));
#10320=DIRECTION('',(1.0,0.0,0.0));
#10321=DIRECTION('',(0.0,0.0,-1.0));
#10322=DIRECTION('',(-1.0,0.0,0.0));
#10323=DIRECTION('',(0.0,0.0,1.0));
#10324=DIRECTION('',(1.0,0.0,0.0));
#10325=DIRECTION('',(0.0,0.0,1.0));
#10326=DIRECTION('',(1.0,0.0,0.0));
#10327=DIRECTION('',(0.0,0.0,1.0));
#10328=DIRECTION('',(-1.0,0.0,0.0));
#10329=DIRECTION('',(0.0,0.0,1.0));
#10330=DIRECTION('',(1.0,0.0,0.0));
#10331=DIRECTION('',(0.0,0.0,1.0));
#10332=DIRECTION('',(-1.0,0.0,0.0));
#10333=DIRECTION('',(0.0,1.0,0.0));
#10334=DIRECTION('',(0.0,0.0,-1.0));
#10335=DIRECTION('',(0.0,1.0,0.0));
#10336=DIRECTION('',(0.0,0.0,1.0));
#10337=DIRECTION('',(0.0,-1.0,0.0));
#10338=DIRECTION('',(0.0,0.0,1.0));
#10339=DIRECTION('',(0.0,-1.0,0.0));
#10340=DIRECTION('',(0.0,0.0,-1.0));
#10341=DIRECTION('',(0.0,-1.0,0.0));
#10342=DIRECTION('',(0.0,0.0,1.0));
#10343=DIRECTION('',(0.0,-1.0,0.0));
#10344=DIRECTION('',(0.0,0.0,-1.0));
#10345=DIRECTION('',(0.0,1.0,0.0));
#10346=CARTESIAN_POINT('',(11.1,12.8,2.6));
#10347=DIRECTION('',(0.0,-1.0,0.0));
#10348=DIRECTION('',(0.0,0.0,-1.0));
#10349=DIRECTION('',(1.0,0.0,0.0));
#10350=DIRECTION('',(0.707106781186548,0.0,-0.707106781186548));
#10351=DIRECTION('',(0.0,0.0,-1.0));
#10352=DIRECTION('',(-0.707106781186548,0.0,-0.707106781186548));
#10353=DIRECTION('',(1.0,0.0,0.0));
#10354=DIRECTION('',(1.0,0.0,0.0));
#10355=DIRECTION('',(1.0,0.0,0.0));
#10356=DIRECTION('',(1.0,0.0,0.0));
#10357=DIRECTION('',(0.0,0.0,1.0));
#10358=DIRECTION('',(-1.0,0.0,0.0));
#10359=DIRECTION('',(0.0,0.0,-1.0));
#10360=DIRECTION('',(0.707106781186548,0.0,-0.707106781186548));
#10361=DIRECTION('',(1.0,0.0,0.0));
#10362=DIRECTION('',(0.707106781186548,0.0,0.707106781186548));
#10363=DIRECTION('',(0.0,0.0,1.0));
#10364=DIRECTION('',(-1.0,0.0,0.0));
#10365=DIRECTION('',(0.0,0.0,-1.0));
#10366=DIRECTION('',(-1.0,0.0,0.0));
#10367=DIRECTION('',(0.0,0.0,-1.0));
#10368=DIRECTION('',(1.0,0.0,0.0));
#10369=DIRECTION('',(0.0,0.0,1.0));
#10370=DIRECTION('',(-1.0,0.0,0.0));
#10371=DIRECTION('',(0.0,0.0,-1.0));
#10372=DIRECTION('',(0.707106781186548,0.0,-0.707106781186548));
#10373=DIRECTION('',(1.0,0.0,0.0));
#10374=DIRECTION('',(0.707106781186548,0.0,0.707106781186548));
#10375=DIRECTION('',(0.0,0.0,1.0));
#10376=DIRECTION('',(0.707106781186548,0.0,-0.707106781186548));
#10377=DIRECTION('',(1.0,0.0,0.0));
#10378=DIRECTION('',(0.707106781186548,0.0,0.707106781186548));
#10379=DIRECTION('',(0.0,0.0,1.0));
#10380=DIRECTION('',(-1.0,0.0,0.0));
#10381=DIRECTION('',(0.0,0.0,-1.0));
#10382=DIRECTION('',(1.0,0.0,0.0));
#10383=DIRECTION('',(0.0,0.0,1.0));
#10384=DIRECTION('',(-1.0,0.0,0.0));
#10385=DIRECTION('',(0.0,0.0,-1.0));
#10386=DIRECTION('',(1.0,0.0,0.0));
#10387=DIRECTION('',(0.0,0.0,1.0));
#10388=DIRECTION('',(-1.0,0.0,0.0));
#10389=DIRECTION('',(0.0,0.0,-1.0));
#10390=DIRECTION('',(0.707106781186498,0.0,-0.707106781186598));
#10391=DIRECTION('',(1.0,0.0,0.0));
#10392=DIRECTION('',(0.707106781186498,0.0,0.707106781186598));
#10393=DIRECTION('',(0.0,0.0,1.0));
#10394=DIRECTION('',(-1.0,0.0,0.0));
#10395=DIRECTION('',(0.0,0.0,-1.0));
#10396=DIRECTION('',(0.0,0.0,-1.0));
#10397=DIRECTION('',(0.707106781186498,0.0,-0.707106781186598));
#10398=DIRECTION('',(1.0,0.0,0.0));
#10399=DIRECTION('',(0.707106781186498,0.0,0.707106781186598));
#10400=DIRECTION('',(0.0,0.0,1.0));
#10401=DIRECTION('',(-1.0,0.0,0.0));
#10402=DIRECTION('',(0.0,0.0,-1.0));
#10403=DIRECTION('',(1.0,0.0,0.0));
#10404=DIRECTION('',(0.0,0.0,1.0));
#10405=DIRECTION('',(-1.0,0.0,0.0));
#10406=DIRECTION('',(0.0,0.859101543908758,0.511805175094575));
#10407=DIRECTION('',(1.0,0.0,0.0));
#10408=DIRECTION('',(0.0,0.859101543908758,0.511805175094575));
#10409=DIRECTION('',(0.0,1.0,0.0));
#10410=DIRECTION('',(0.0,0.0,-1.0));
#10411=DIRECTION('',(0.0,-1.0,0.0));
#10412=DIRECTION('',(1.0,0.0,0.0));
#10413=DIRECTION('',(0.0,-1.0,0.0));
#10414=DIRECTION('',(1.0,0.0,0.0));
#10415=DIRECTION('',(0.0,1.0,0.0));
#10416=DIRECTION('',(1.0,0.0,0.0));
#10417=DIRECTION('',(0.0,1.0,0.0));
#10418=DIRECTION('',(1.0,0.0,0.0));
#10419=DIRECTION('',(0.0,1.0,0.0));
#10420=DIRECTION('',(1.0,0.0,0.0));
#10421=DIRECTION('',(0.0,1.0,0.0));
#10422=DIRECTION('',(1.0,0.0,0.0));
#10423=DIRECTION('',(0.0,1.0,0.0));
#10424=DIRECTION('',(1.0,0.0,0.0));
#10425=DIRECTION('',(0.0,1.0,0.0));
#10426=DIRECTION('',(1.0,0.0,0.0));
#10427=DIRECTION('',(0.0,1.0,0.0));
#10428=DIRECTION('',(1.0,0.0,0.0));
#10429=DIRECTION('',(0.0,1.0,0.0));
#10430=DIRECTION('',(1.0,0.0,0.0));
#10431=DIRECTION('',(0.0,1.0,0.0));
#10432=DIRECTION('',(1.0,0.0,0.0));
#10433=DIRECTION('',(0.0,1.0,0.0));
#10434=DIRECTION('',(1.0,0.0,0.0));
#10435=DIRECTION('',(0.0,0.0,1.0));
#10436=DIRECTION('',(-1.0,0.0,0.0));
#10437=DIRECTION('',(0.0,0.0,-1.0));
#10438=DIRECTION('',(1.0,0.0,0.0));
#10439=DIRECTION('',(0.0,0.0,-1.0));
#10440=DIRECTION('',(1.0,0.0,0.0));
#10441=DIRECTION('',(1.0,0.0,0.0));
#10442=DIRECTION('',(1.0,0.0,0.0));
#10443=DIRECTION('',(0.0,0.0,1.0));
#10444=DIRECTION('',(0.0,0.0,-1.0));
#10445=DIRECTION('',(1.0,0.0,0.0));
#10446=DIRECTION('',(0.0,0.0,-1.0));
#10447=DIRECTION('',(1.0,0.0,0.0));
#10448=DIRECTION('',(0.0,0.0,1.0));
#10449=DIRECTION('',(1.0,0.0,0.0));
#10450=DIRECTION('',(0.0,0.0,1.0));
#10451=DIRECTION('',(0.0,0.0,-1.0));
#10452=DIRECTION('',(1.0,0.0,0.0));
#10453=DIRECTION('',(0.0,0.0,-1.0));
#10454=DIRECTION('',(1.0,0.0,0.0));
#10455=DIRECTION('',(0.0,0.0,1.0));
#10456=DIRECTION('',(1.0,0.0,0.0));
#10457=DIRECTION('',(0.0,0.0,1.0));
#10458=DIRECTION('',(0.0,0.0,-1.0));
#10459=DIRECTION('',(1.0,0.0,0.0));
#10460=DIRECTION('',(0.0,0.0,-1.0));
#10461=DIRECTION('',(1.0,0.0,0.0));
#10462=DIRECTION('',(0.0,0.0,1.0));
#10463=DIRECTION('',(1.0,0.0,0.0));
#10464=DIRECTION('',(0.0,0.0,1.0));
#10465=DIRECTION('',(1.0,0.0,0.0));
#10466=DIRECTION('',(0.0,0.0,-1.0));
#10467=DIRECTION('',(1.0,0.0,0.0));
#10468=DIRECTION('',(0.0,0.0,-1.0));
#10469=DIRECTION('',(1.0,0.0,0.0));
#10470=DIRECTION('',(0.0,0.0,-1.0));
#10471=DIRECTION('',(1.0,0.0,0.0));
#10472=DIRECTION('',(0.0,0.0,1.0));
#10473=DIRECTION('',(1.0,0.0,0.0));
#10474=DIRECTION('',(0.0,0.0,1.0));
#10475=DIRECTION('',(1.0,0.0,0.0));
#10476=DIRECTION('',(0.0,0.0,1.0));
#10477=DIRECTION('',(0.0,1.0,0.0));
#10478=DIRECTION('',(0.0,1.0,0.0));
#10479=DIRECTION('',(0.0,1.0,0.0));
#10480=DIRECTION('',(0.0,1.0,0.0));
#10481=DIRECTION('',(1.0,0.0,0.0));
#10482=DIRECTION('',(0.0,-1.0,0.0));
#10483=DIRECTION('',(1.0,0.0,0.0));
#10484=DIRECTION('',(0.0,1.0,0.0));
#10485=DIRECTION('',(-1.0,0.0,0.0));
#10486=DIRECTION('',(0.0,-1.0,0.0));
#10487=DIRECTION('',(-1.0,0.0,0.0));
#10488=DIRECTION('',(0.0,1.0,0.0));
#10489=DIRECTION('',(1.0,0.0,0.0));
#10490=DIRECTION('',(0.0,-1.0,0.0));
#10491=DIRECTION('',(1.0,0.0,0.0));
#10492=DIRECTION('',(0.0,1.0,0.0));
#10493=DIRECTION('',(1.0,0.0,0.0));
#10494=DIRECTION('',(0.0,-1.0,0.0));
#10495=DIRECTION('',(1.0,0.0,0.0));
#10496=DIRECTION('',(0.0,1.0,0.0));
#10497=DIRECTION('',(1.0,0.0,0.0));
#10498=DIRECTION('',(0.0,-1.0,0.0));
#10499=DIRECTION('',(1.0,0.0,0.0));
#10500=DIRECTION('',(0.0,1.0,0.0));
#10501=DIRECTION('',(1.0,0.0,0.0));
#10502=DIRECTION('',(0.0,-1.0,0.0));
#10503=DIRECTION('',(-1.0,0.0,0.0));
#10504=DIRECTION('',(0.0,1.0,0.0));
#10505=DIRECTION('',(1.0,0.0,0.0));
#10506=DIRECTION('',(0.0,-1.0,0.0));
#10507=DIRECTION('',(1.0,0.0,0.0));
#10508=DIRECTION('',(0.0,1.0,0.0));
#10509=DIRECTION('',(1.0,0.0,0.0));
#10510=DIRECTION('',(0.0,-1.0,0.0));
#10511=DIRECTION('',(1.0,0.0,0.0));
#10512=DIRECTION('',(0.0,1.0,0.0));
#10513=DIRECTION('',(1.0,0.0,0.0));
#10514=DIRECTION('',(0.0,0.0,-1.0));
#10515=DIRECTION('',(-1.0,0.0,0.0));
#10516=DIRECTION('',(0.0,0.0,1.0));
#10517=DIRECTION('',(1.0,0.0,0.0));
#10518=DIRECTION('',(0.0,0.0,-1.0));
#10519=DIRECTION('',(-1.0,0.0,0.0));
#10520=DIRECTION('',(0.0,0.0,-1.0));
#10521=DIRECTION('',(-1.0,0.0,0.0));
#10522=DIRECTION('',(0.0,0.0,1.0));
#10523=DIRECTION('',(-1.0,0.0,0.0));
#10524=DIRECTION('',(0.0,0.0,1.0));
#10525=DIRECTION('',(0.0,0.0,-1.0));
#10526=DIRECTION('',(-1.0,0.0,0.0));
#10527=DIRECTION('',(0.0,0.0,-1.0));
#10528=DIRECTION('',(1.0,0.0,0.0));
#10529=DIRECTION('',(0.0,0.0,-1.0));
#10530=DIRECTION('',(0.0,0.0,1.0));
#10531=DIRECTION('',(1.0,0.0,0.0));
#10532=DIRECTION('',(-1.0,0.0,0.0));
#10533=DIRECTION('',(0.0,0.0,1.0));
#10534=DIRECTION('',(-1.0,0.0,0.0));
#10535=DIRECTION('',(0.0,0.0,1.0));
#10536=DIRECTION('',(0.0,1.0,0.0));
#10537=DIRECTION('',(0.0,1.0,0.0));
#10538=DIRECTION('',(0.0,-1.0,0.0));
#10539=DIRECTION('',(-1.0,0.0,0.0));
#10540=DIRECTION('',(0.0,1.0,0.0));
#10541=DIRECTION('',(-1.0,0.0,0.0));
#10542=DIRECTION('',(0.0,1.0,0.0));
#10543=DIRECTION('',(-1.0,0.0,0.0));
#10544=DIRECTION('',(0.0,-1.0,0.0));
#10545=DIRECTION('',(-1.0,0.0,0.0));
#10546=DIRECTION('',(0.0,1.0,0.0));
#10547=DIRECTION('',(-1.0,0.0,0.0));
#10548=DIRECTION('',(0.0,1.0,0.0));
#10549=DIRECTION('',(0.0,-1.0,0.0));
#10550=DIRECTION('',(-1.0,0.0,0.0));
#10551=DIRECTION('',(0.0,-1.0,0.0));
#10552=DIRECTION('',(0.0,1.0,0.0));
#10553=DIRECTION('',(0.0,-1.0,0.0));
#10554=DIRECTION('',(-1.0,0.0,0.0));
#10555=DIRECTION('',(0.0,1.0,0.0));
#10556=DIRECTION('',(1.0,0.0,0.0));
#10557=DIRECTION('',(0.0,-1.0,0.0));
#10558=DIRECTION('',(1.0,0.0,0.0));
#10559=DIRECTION('',(0.0,1.0,0.0));
#10560=DIRECTION('',(1.0,0.0,0.0));
#10561=DIRECTION('',(0.0,-1.0,0.0));
#10562=DIRECTION('',(-1.0,0.0,0.0));
#10563=DIRECTION('',(0.0,1.0,0.0));
#10564=DIRECTION('',(0.0,-1.0,0.0));
#10565=DIRECTION('',(-1.0,0.0,0.0));
#10566=DIRECTION('',(0.0,1.0,0.0));
#10567=DIRECTION('',(-1.0,0.0,0.0));
#10568=DIRECTION('',(0.0,-1.0,0.0));
#10569=DIRECTION('',(1.0,0.0,0.0));
#10570=DIRECTION('',(0.0,1.0,0.0));
#10571=DIRECTION('',(1.0,0.0,0.0));
#10572=DIRECTION('',(0.0,-1.0,0.0));
#10573=DIRECTION('',(-1.0,0.0,0.0));
#10574=DIRECTION('',(0.0,1.0,0.0));
#10575=DIRECTION('',(0.0,-1.0,0.0));
#10576=DIRECTION('',(0.0,1.0,0.0));
#10577=DIRECTION('',(1.0,0.0,0.0));
#10578=DIRECTION('',(0.0,-1.0,0.0));
#10579=DIRECTION('',(1.0,0.0,0.0));
#10580=DIRECTION('',(0.0,1.0,0.0));
#10581=DIRECTION('',(1.0,0.0,0.0));
#10582=DIRECTION('',(0.0,-1.0,0.0));
#10583=DIRECTION('',(-1.0,0.0,0.0));
#10584=DIRECTION('',(0.0,1.0,0.0));
#10585=DIRECTION('',(0.0,1.0,0.0));
#10586=DIRECTION('',(0.0,1.0,0.0));
#10587=DIRECTION('',(1.0,0.0,0.0));
#10588=DIRECTION('',(0.0,1.0,0.0));
#10589=DIRECTION('',(0.0,1.0,0.0));
#10590=DIRECTION('',(1.0,0.0,0.0));
#10591=DIRECTION('',(0.0,1.0,0.0));
#10592=DIRECTION('',(0.0,1.0,0.0));
#10593=DIRECTION('',(1.0,0.0,0.0));
#10594=DIRECTION('',(0.0,1.0,0.0));
#10595=DIRECTION('',(0.0,1.0,0.0));
#10596=DIRECTION('',(1.0,0.0,0.0));
#10597=DIRECTION('',(0.0,1.0,0.0));
#10598=DIRECTION('',(0.0,0.0,1.0));
#10599=DIRECTION('',(0.0,0.0,-1.0));
#10600=DIRECTION('',(0.0,0.0,1.0));
#10601=DIRECTION('',(0.0,0.0,-1.0));
#10602=DIRECTION('',(-1.0,0.0,0.0));
#10603=DIRECTION('',(0.0,0.0,1.0));
#10604=DIRECTION('',(-1.0,0.0,0.0));
#10605=DIRECTION('',(0.0,0.0,1.0));
#10606=DIRECTION('',(0.0,0.0,-1.0));
#10607=DIRECTION('',(1.0,0.0,0.0));
#10608=DIRECTION('',(0.0,0.0,-1.0));
#10609=DIRECTION('',(0.0,0.0,1.0));
#10610=DIRECTION('',(1.0,0.0,0.0));
#10611=DIRECTION('',(0.0,0.0,1.0));
#10612=DIRECTION('',(-1.0,0.0,0.0));
#10613=DIRECTION('',(-1.0,0.0,0.0));
#10614=DIRECTION('',(0.0,0.0,1.0));
#10615=DIRECTION('',(-1.0,0.0,0.0));
#10616=DIRECTION('',(0.0,0.0,1.0));
#10617=DIRECTION('',(0.0,0.0,-1.0));
#10618=DIRECTION('',(-2.6645352591E-14,0.0,1.0));
#10619=DIRECTION('',(1.0,0.0,0.0));
#10620=DIRECTION('',(0.0,0.0,-1.0));
#10621=DIRECTION('',(-1.0,0.0,0.0));
#10622=DIRECTION('',(0.0,0.0,1.0));
#10623=DIRECTION('',(-1.0,0.0,0.0));
#10624=DIRECTION('',(0.0,0.0,1.0));
#10625=DIRECTION('',(-1.0,0.0,0.0));
#10626=DIRECTION('',(0.0,0.0,1.0));
#10627=DIRECTION('',(0.707106781186548,0.0,0.707106781186548));
#10628=DIRECTION('',(1.0,0.0,0.0));
#10629=DIRECTION('',(0.707106781186548,0.0,-0.707106781186548));
#10630=DIRECTION('',(0.0,0.0,-1.0));
#10631=DIRECTION('',(-1.0,0.0,0.0));
#10632=DIRECTION('',(0.0,0.0,1.0));
#10633=DIRECTION('',(1.0,0.0,0.0));
#10634=DIRECTION('',(0.0,0.0,-1.0));
#10635=DIRECTION('',(-1.0,0.0,0.0));
#10636=DIRECTION('',(0.0,0.0,1.0));
#10637=DIRECTION('',(-1.0,0.0,0.0));
#10638=DIRECTION('',(0.0,0.0,1.0));
#10639=DIRECTION('',(0.0,-1.0,0.0));
#10640=DIRECTION('',(0.0,-1.0,0.0));
#10641=DIRECTION('',(0.0,0.0,-1.0));
#10642=DIRECTION('',(0.0,0.0,1.0));
#10643=DIRECTION('',(0.0,0.0,1.0));
#10644=DIRECTION('',(0.0,-1.0,0.0));
#10645=DIRECTION('',(0.0,-1.0,0.0));
#10646=DIRECTION('',(0.0,0.0,-1.0));
#10647=DIRECTION('',(0.0,0.0,-1.0));
#10648=DIRECTION('',(0.707106781186597,0.0,0.707106781186498));
#10649=DIRECTION('',(1.0,0.0,0.0));
#10650=DIRECTION('',(0.707106781186548,0.0,-0.707106781186548));
#10651=DIRECTION('',(0.0,0.0,-1.0));
#10652=DIRECTION('',(-1.0,0.0,0.0));
#10653=DIRECTION('',(0.0,0.0,1.0));
#10654=DIRECTION('',(-1.0,0.0,0.0));
#10655=DIRECTION('',(0.0,0.0,1.0));
#10656=DIRECTION('',(-1.0,0.0,0.0));
#10657=DIRECTION('',(0.0,0.0,-1.0));
#10658=DIRECTION('',(0.0,0.0,-1.0));
#10659=DIRECTION('',(0.707106781186548,0.0,0.707106781186548));
#10660=DIRECTION('',(1.0,0.0,0.0));
#10661=DIRECTION('',(0.707106781186548,0.0,-0.707106781186548));
#10662=DIRECTION('',(0.0,0.0,-1.0));
#10663=DIRECTION('',(0.0,0.0,-1.0));
#10664=DIRECTION('',(-1.0,0.0,0.0));
#10665=DIRECTION('',(0.0,0.0,1.0));
#10666=DIRECTION('',(-1.0,0.0,0.0));
#10667=DIRECTION('',(0.0,0.0,1.0));
#10668=DIRECTION('',(-1.0,0.0,0.0));
#10669=DIRECTION('',(0.0,0.0,-1.0));
#10670=DIRECTION('',(0.0,0.0,1.0));
#10671=DIRECTION('',(1.0,0.0,0.0));
#10672=DIRECTION('',(0.0,0.0,-1.0));
#10673=DIRECTION('',(1.0,0.0,0.0));
#10674=DIRECTION('',(0.0,0.0,-1.0));
#10675=DIRECTION('',(-1.0,0.0,0.0));
#10676=DIRECTION('',(-1.7763568394E-14,0.0,-1.0));
#10677=DIRECTION('',(-1.0,0.0,0.0));
#10678=DIRECTION('',(0.0,0.0,1.0));
#10679=DIRECTION('',(1.0,0.0,0.0));
#10680=DIRECTION('',(0.0,0.0,-1.0));
#10681=DIRECTION('',(1.0,0.0,0.0));
#10682=DIRECTION('',(-1.0,0.0,0.0));
#10683=DIRECTION('',(0.0,0.0,1.0));
#10684=DIRECTION('',(-1.0,0.0,0.0));
#10685=DIRECTION('',(0.0,0.0,-1.0));
#10686=DIRECTION('',(0.0,0.0,1.0));
#10687=DIRECTION('',(1.0,0.0,0.0));
#10688=DIRECTION('',(0.0,0.0,-1.0));
#10689=DIRECTION('',(1.0,0.0,0.0));
#10690=DIRECTION('',(0.0,0.0,-1.0));
#10691=DIRECTION('',(1.0,0.0,0.0));
#10692=DIRECTION('',(0.0,0.0,-1.0));
#10693=DIRECTION('',(-1.0,0.0,0.0));
#10694=DIRECTION('',(0.0,0.0,1.0));
#10695=DIRECTION('',(1.0,0.0,0.0));
#10696=DIRECTION('',(0.0,0.0,-1.0));
#10697=DIRECTION('',(1.0,0.0,0.0));
#10698=DIRECTION('',(-1.0,0.0,0.0));
#10699=DIRECTION('',(0.0,0.0,1.0));
#10700=DIRECTION('',(-1.0,0.0,0.0));
#10701=DIRECTION('',(0.0,0.0,-1.0));
#10702=DIRECTION('',(0.0,-1.0,0.0));
#10703=DIRECTION('',(0.0,-1.0,0.0));
#10704=DIRECTION('',(0.0,0.0,-1.0));
#10705=DIRECTION('',(0.0,0.0,-1.0));
#10706=DIRECTION('',(0.0,0.0,-1.0));
#10707=DIRECTION('',(0.0,-1.0,0.0));
#10708=DIRECTION('',(0.0,0.0,-1.0));
#10709=DIRECTION('',(0.0,-1.0,0.0));
#10710=DIRECTION('',(0.0,-1.0,0.0));
#10711=DIRECTION('',(-0.707106781186548,0.0,0.707106781186548));
#10712=DIRECTION('',(0.0,0.0,-1.0));
#10713=DIRECTION('',(0.0,0.0,-1.0));
#10714=DIRECTION('',(0.0,0.0,-1.0));
#10715=DIRECTION('',(0.0,0.0,1.0));
#10716=DIRECTION('',(0.0,0.0,-1.0));
#10717=DIRECTION('',(-1.0,0.0,0.0));
#10718=DIRECTION('',(0.0,0.0,1.0));
#10719=DIRECTION('',(-1.0,0.0,0.0));
#10720=DIRECTION('',(0.0,0.0,1.0));
#10721=DIRECTION('',(0.0,0.0,-1.0));
#10722=DIRECTION('',(1.0,0.0,0.0));
#10723=DIRECTION('',(0.0,0.0,-1.0));
#10724=DIRECTION('',(0.0,0.0,1.0));
#10725=DIRECTION('',(1.0,0.0,0.0));
#10726=DIRECTION('',(0.0,0.0,-1.0));
#10727=DIRECTION('',(-1.0,0.0,0.0));
#10728=DIRECTION('',(-1.0,0.0,0.0));
#10729=DIRECTION('',(0.0,0.0,1.0));
#10730=DIRECTION('',(-1.0,0.0,0.0));
#10731=DIRECTION('',(0.0,0.0,1.0));
#10732=DIRECTION('',(0.0,0.0,-1.0));
#10733=DIRECTION('',(0.0,0.0,-1.0));
#10734=DIRECTION('',(0.707106781186548,0.0,0.707106781186548));
#10735=DIRECTION('',(0.0,-1.0,0.0));
#10736=DIRECTION('',(0.0,-1.0,0.0));
#10737=DIRECTION('',(0.0,-1.0,0.0));
#10738=DIRECTION('',(0.0,0.0,-1.0));
#10739=DIRECTION('',(0.0,0.0,-1.0));
#10740=DIRECTION('',(0.0,-1.0,0.0));
#10741=DIRECTION('',(0.0,-1.0,0.0));
#10742=DIRECTION('',(0.0,0.0,-1.0));
#10743=DIRECTION('',(1.33226762955E-14,0.0,-1.0));
#10744=DIRECTION('',(0.0,0.0,-1.0));
#10745=DIRECTION('',(-2.22044604925E-14,0.0,-1.0));
#10746=DIRECTION('',(-1.0,0.0,0.0));
#10747=DIRECTION('',(0.0,0.0,1.0));
#10748=DIRECTION('',(1.0,0.0,0.0));
#10749=DIRECTION('',(4.4408920985E-14,0.0,-1.0));
#10750=DIRECTION('',(-1.0,0.0,0.0));
#10751=DIRECTION('',(0.0,0.0,1.0));
#10752=DIRECTION('',(-1.0,0.0,0.0));
#10753=DIRECTION('',(0.0,0.0,-1.0));
#10754=DIRECTION('',(0.0,0.0,1.0));
#10755=DIRECTION('',(1.0,0.0,0.0));
#10756=DIRECTION('',(0.0,0.0,-1.0));
#10757=DIRECTION('',(-1.0,0.0,0.0));
#10758=DIRECTION('',(0.0,0.0,1.0));
#10759=DIRECTION('',(0.0,0.0,-1.0));
#10760=DIRECTION('',(-1.0,0.0,0.0));
#10761=DIRECTION('',(0.0,0.0,1.0));
#10762=DIRECTION('',(-1.0,0.0,0.0));
#10763=DIRECTION('',(0.0,0.0,-1.0));
#10764=DIRECTION('',(-4.440892098501E-14,0.0,-1.0));
#10765=DIRECTION('',(-1.0,0.0,0.0));
#10766=DIRECTION('',(0.0,0.0,1.0));
#10767=DIRECTION('',(0.707106781186498,0.0,0.707106781186598));
#10768=DIRECTION('',(1.0,0.0,0.0));
#10769=DIRECTION('',(0.707106781186498,0.0,-0.707106781186597));
#10770=DIRECTION('',(0.0,0.0,-1.0));
#10771=DIRECTION('',(1.0,0.0,0.0));
#10772=DIRECTION('',(-1.0,0.0,0.0));
#10773=DIRECTION('',(0.0,0.0,1.0));
#10774=DIRECTION('',(-1.0,0.0,0.0));
#10775=DIRECTION('',(0.0,0.0,-1.0));
#10776=DIRECTION('',(0.707106781186498,0.0,0.707106781186597));
#10777=DIRECTION('',(1.0,0.0,0.0));
#10778=DIRECTION('',(0.707106781186498,0.0,-0.707106781186597));
#10779=DIRECTION('',(0.0,0.0,-1.0));
#10780=DIRECTION('',(-1.0,0.0,0.0));
#10781=DIRECTION('',(-1.7763568394E-14,0.0,-1.0));
#10782=DIRECTION('',(-1.0,0.0,0.0));
#10783=DIRECTION('',(0.0,0.0,1.0));
#10784=DIRECTION('',(1.0,0.0,0.0));
#10785=DIRECTION('',(0.0,0.0,-1.0));
#10786=DIRECTION('',(-1.0,0.0,0.0));
#10787=DIRECTION('',(0.0,0.0,1.0));
#10788=DIRECTION('',(-1.0,0.0,0.0));
#10789=DIRECTION('',(0.0,0.0,-1.0));
#10790=DIRECTION('',(0.0,-1.0,0.0));
#10791=DIRECTION('',(0.0,-1.0,0.0));
#10792=DIRECTION('',(0.0,0.0,-1.0));
#10793=DIRECTION('',(0.0,0.0,-1.0));
#10794=DIRECTION('',(0.0,-1.0,0.0));
#10795=DIRECTION('',(0.0,-1.0,0.0));
#10796=DIRECTION('',(0.0,-1.0,0.0));
#10797=DIRECTION('',(0.0,-1.0,0.0));
#10798=DIRECTION('',(0.0,0.0,-1.0));
#10799=DIRECTION('',(0.0,0.0,-1.0));
#10800=DIRECTION('',(0.0,0.0,1.0));
#10801=DIRECTION('',(0.0,0.0,-1.0));
#10802=DIRECTION('',(-1.0,0.0,0.0));
#10803=DIRECTION('',(0.0,0.0,1.0));
#10804=DIRECTION('',(-1.0,0.0,0.0));
#10805=DIRECTION('',(0.0,0.0,1.0));
#10806=DIRECTION('',(0.0,0.0,-1.0));
#10807=DIRECTION('',(1.0,0.0,0.0));
#10808=DIRECTION('',(0.0,0.0,-1.0));
#10809=DIRECTION('',(0.0,0.0,1.0));
#10810=DIRECTION('',(1.0,0.0,0.0));
#10811=DIRECTION('',(0.0,0.0,-1.0));
#10812=DIRECTION('',(-1.0,0.0,0.0));
#10813=DIRECTION('',(-1.0,0.0,0.0));
#10814=DIRECTION('',(0.0,0.0,1.0));
#10815=DIRECTION('',(-1.0,0.0,0.0));
#10816=DIRECTION('',(0.0,0.0,1.0));
#10817=DIRECTION('',(0.0,1.0,0.0));
#10818=DIRECTION('',(1.0,0.0,0.0));
#10819=DIRECTION('',(0.0,-1.0,0.0));
#10820=DIRECTION('',(1.0,0.0,0.0));
#10821=DIRECTION('',(0.0,1.0,0.0));
#10822=DIRECTION('',(0.0,-1.0,0.0));
#10823=DIRECTION('',(0.0,1.0,0.0));
#10824=DIRECTION('',(0.0,-1.0,0.0));
#10825=DIRECTION('',(1.0,0.0,0.0));
#10826=DIRECTION('',(0.0,1.0,0.0));
#10827=DIRECTION('',(0.0,-1.0,0.0));
#10828=DIRECTION('',(-1.0,0.0,0.0));
#10829=DIRECTION('',(0.0,-1.0,0.0));
#10830=DIRECTION('',(0.0,1.0,0.0));
#10831=DIRECTION('',(-1.0,0.0,0.0));
#10832=DIRECTION('',(0.0,-1.0,0.0));
#10833=DIRECTION('',(-1.0,0.0,0.0));
#10834=DIRECTION('',(0.0,1.0,0.0));
#10835=DIRECTION('',(0.0,1.0,0.0));
#10836=DIRECTION('',(0.0,1.0,0.0));
#10837=DIRECTION('',(0.0,1.0,0.0));
#10838=DIRECTION('',(0.0,1.0,0.0));
#10839=DIRECTION('',(0.0,1.0,0.0));
#10840=DIRECTION('',(1.0,0.0,0.0));
#10841=DIRECTION('',(0.0,-1.0,0.0));
#10842=DIRECTION('',(1.0,0.0,0.0));
#10843=DIRECTION('',(0.0,1.0,0.0));
#10844=DIRECTION('',(1.0,0.0,0.0));
#10845=DIRECTION('',(0.0,-1.0,0.0));
#10846=DIRECTION('',(0.0,-1.0,0.0));
#10847=DIRECTION('',(0.0,0.0,-1.0));
#10848=DIRECTION('',(0.0,0.0,-1.0));
#10849=DIRECTION('',(0.707106781186498,0.0,0.707106781186598));
#10850=DIRECTION('',(0.0,-1.0,0.0));
#10851=DIRECTION('',(0.0,-1.0,0.0));
#10852=DIRECTION('',(0.0,-1.0,0.0));
#10853=DIRECTION('',(0.0,-1.0,0.0));
#10854=DIRECTION('',(-0.707106781186498,0.0,0.707106781186597));
#10855=DIRECTION('',(0.0,0.0,-1.0));
#10856=DIRECTION('',(0.0,0.0,-1.0));
#10857=DIRECTION('',(0.0,1.0,0.0));
#10858=DIRECTION('',(0.0,-1.0,0.0));
#10859=DIRECTION('',(0.0,1.0,0.0));
#10860=DIRECTION('',(0.0,1.0,0.0));
#10861=DIRECTION('',(0.0,1.0,0.0));
#10862=DIRECTION('',(0.0,1.0,0.0));
#10863=DIRECTION('',(-1.0,0.0,0.0));
#10864=DIRECTION('',(0.0,-1.0,0.0));
#10865=DIRECTION('',(0.0,1.0,0.0));
#10866=DIRECTION('',(1.0,0.0,0.0));
#10867=DIRECTION('',(0.0,1.0,0.0));
#10868=DIRECTION('',(0.0,-1.0,0.0));
#10869=DIRECTION('',(0.0,-1.0,0.0));
#10870=DIRECTION('',(0.0,1.0,0.0));
#10871=DIRECTION('',(0.0,-1.0,0.0));
#10872=DIRECTION('',(1.0,0.0,0.0));
#10873=DIRECTION('',(0.0,-1.0,0.0));
#10874=DIRECTION('',(0.0,1.0,0.0));
#10875=DIRECTION('',(1.0,0.0,0.0));
#10876=DIRECTION('',(0.0,-1.0,0.0));
#10877=DIRECTION('',(0.0,1.0,0.0));
#10878=DIRECTION('',(0.0,1.0,0.0));
#10879=DIRECTION('',(0.0,-1.0,0.0));
#10880=DIRECTION('',(0.0,-1.0,0.0));
#10881=DIRECTION('',(0.0,1.0,0.0));
#10882=DIRECTION('',(1.0,0.0,0.0));
#10883=DIRECTION('',(0.0,-1.0,0.0));
#10884=DIRECTION('',(0.0,1.0,0.0));
#10885=DIRECTION('',(0.0,-1.0,0.0));
#10886=DIRECTION('',(0.0,1.0,0.0));
#10887=DIRECTION('',(1.0,0.0,0.0));
#10888=DIRECTION('',(0.0,-1.0,0.0));
#10889=DIRECTION('',(0.0,1.0,0.0));
#10890=DIRECTION('',(0.0,0.0,-1.0));
#10891=DIRECTION('',(0.707106781186548,0.0,0.707106781186548));
#10892=DIRECTION('',(0.0,0.0,1.0));
#10893=DIRECTION('',(0.0,-1.0,0.0));
#10894=DIRECTION('',(0.0,-1.0,0.0));
#10895=DIRECTION('',(0.0,0.0,-1.0));
#10896=DIRECTION('',(0.0,0.0,1.0));
#10897=DIRECTION('',(0.0,-1.0,0.0));
#10898=DIRECTION('',(0.0,-1.0,0.0));
#10899=DIRECTION('',(0.0,-1.0,0.0));
#10900=DIRECTION('',(0.0,-1.0,0.0));
#10901=DIRECTION('',(0.0,0.0,-1.0));
#10902=DIRECTION('',(0.0,0.0,-1.0));
#10903=DIRECTION('',(0.0,-1.0,0.0));
#10904=DIRECTION('',(0.0,-1.0,0.0));
#10905=DIRECTION('',(0.0,-1.0,0.0));
#10906=DIRECTION('',(0.0,-1.0,0.0));
#10907=DIRECTION('',(0.0,0.0,-1.0));
#10908=DIRECTION('',(0.0,0.0,-1.0));
#10909=DIRECTION('',(0.0,-1.0,0.0));
#10910=DIRECTION('',(0.0,-1.0,0.0));
#10911=DIRECTION('',(0.0,0.0,-1.0));
#10912=DIRECTION('',(0.0,0.0,-1.0));
#10913=DIRECTION('',(0.0,-1.0,0.0));
#10914=DIRECTION('',(0.0,0.0,-1.0));
#10915=DIRECTION('',(0.0,-1.0,0.0));
#10916=DIRECTION('',(0.0,-1.0,0.0));
#10917=DIRECTION('',(-0.707106781186498,0.0,0.707106781186597));
#10918=DIRECTION('',(1.33226762955E-14,0.0,-1.0));
#10919=DIRECTION('',(0.0,-1.0,0.0));
#10920=DIRECTION('',(0.0,-1.0,0.0));
#10921=DIRECTION('',(0.0,-1.0,0.0));
#10922=DIRECTION('',(0.0,-1.0,0.0));
#10923=DIRECTION('',(0.0,-1.0,0.0));
#10924=DIRECTION('',(0.0,-1.0,0.0));
#10925=DIRECTION('',(0.0,-1.0,0.0));
#10926=DIRECTION('',(0.0,0.0,1.0));
#10927=DIRECTION('',(0.0,0.0,-1.0));
#10928=DIRECTION('',(0.0,0.0,-1.0));
#10929=DIRECTION('',(0.0,0.0,1.0));
#10930=DIRECTION('',(0.0,0.0,-1.0));
#10931=DIRECTION('',(-1.0,0.0,0.0));
#10932=DIRECTION('',(0.0,0.0,1.0));
#10933=DIRECTION('',(-1.0,0.0,0.0));
#10934=DIRECTION('',(0.0,0.0,1.0));
#10935=DIRECTION('',(0.0,0.0,-1.0));
#10936=DIRECTION('',(0.0,0.0,-1.0));
#10937=DIRECTION('',(0.0,0.0,-1.0));
#10938=DIRECTION('',(-1.0,0.0,0.0));
#10939=DIRECTION('',(0.0,0.0,1.0));
#10940=DIRECTION('',(-1.0,0.0,0.0));
#10941=DIRECTION('',(0.0,0.0,1.0));
#10942=DIRECTION('',(0.0,0.0,1.0));
#10943=DIRECTION('',(0.707106781186548,0.0,-0.707106781186548));
#10944=DIRECTION('',(0.0,-1.0,0.0));
#10945=DIRECTION('',(0.0,-1.0,0.0));
#10946=DIRECTION('',(0.707106781186548,0.0,0.707106781186548));
#10947=DIRECTION('',(0.0,0.0,-1.0));
#10948=DIRECTION('',(0.0,-0.832050294337844,-0.554700196225229));
#10949=DIRECTION('',(0.0,-1.0,0.0));
#10950=DIRECTION('',(0.0,0.0,-1.0));
#10951=DIRECTION('',(0.0,1.0,0.0));
#10952=DIRECTION('',(0.0,-1.0,0.0));
#10953=DIRECTION('',(0.0,0.0,-1.0));
#10954=DIRECTION('',(0.0,1.0,0.0));
#10955=DIRECTION('',(0.0,0.832050294337844,-0.554700196225229));
#10956=DIRECTION('',(0.0,1.0,0.0));
#10957=DIRECTION('',(0.0,0.942578556478323,0.333984527886008));
#10958=DIRECTION('',(0.0,0.0,1.0));
#10959=DIRECTION('',(0.0,-1.0,0.0));
#10960=DIRECTION('',(0.0,1.0,0.0));
#10961=DIRECTION('',(0.0,0.0,1.0));
#10962=DIRECTION('',(0.0,-0.942578556478323,0.333984527886008));
#10963=DIRECTION('',(0.0,-1.0,0.0));
#10964=DIRECTION('',(-1.0,0.0,0.0));
#10965=DIRECTION('',(0.0,1.0,0.0));
#10966=DIRECTION('',(0.0,0.0,-1.0));
#10967=DIRECTION('',(0.0,-1.0,0.0));
#10968=DIRECTION('',(0.0,-0.832050294337844,-0.554700196225229));
#10969=DIRECTION('',(0.0,0.832050294337844,-0.554700196225229));
#10970=DIRECTION('',(0.0,1.0,0.0));
#10971=DIRECTION('',(0.0,0.0,-1.0));
#10972=DIRECTION('',(0.0,-1.0,0.0));
#10973=DIRECTION('',(0.0,-1.0,0.0));
#10974=DIRECTION('',(0.0,0.0,1.0));
#10975=DIRECTION('',(0.0,0.942578556478323,0.333984527886008));
#10976=DIRECTION('',(0.0,1.0,0.0));
#10977=DIRECTION('',(0.0,-1.0,0.0));
#10978=DIRECTION('',(0.0,-0.942578556478323,0.333984527886008));
#10979=DIRECTION('',(0.0,0.0,1.0));
#10980=DIRECTION('',(0.0,1.0,0.0));
#10981=DIRECTION('',(-1.0,0.0,0.0));
#10982=DIRECTION('',(-1.0,0.0,0.0));
#10983=DIRECTION('',(-1.0,0.0,0.0));
#10984=DIRECTION('',(-1.0,0.0,0.0));
#10985=DIRECTION('',(-1.0,0.0,0.0));
#10986=DIRECTION('',(-1.0,0.0,0.0));
#10987=DIRECTION('',(-1.0,0.0,0.0));
#10988=DIRECTION('',(-1.0,0.0,0.0));
#10989=DIRECTION('',(-1.0,0.0,0.0));
#10990=DIRECTION('',(-1.0,0.0,0.0));
#10991=DIRECTION('',(-1.0,0.0,0.0));
#10992=DIRECTION('',(0.0,-0.832050294337844,-0.554700196225229));
#10993=DIRECTION('',(0.0,-1.0,0.0));
#10994=DIRECTION('',(0.0,0.0,-1.0));
#10995=DIRECTION('',(0.0,1.0,0.0));
#10996=DIRECTION('',(0.0,-1.0,0.0));
#10997=DIRECTION('',(0.0,0.0,-1.0));
#10998=DIRECTION('',(0.0,1.0,0.0));
#10999=DIRECTION('',(0.0,0.832050294337844,-0.554700196225229));
#11000=DIRECTION('',(0.0,1.0,0.0));
#11001=DIRECTION('',(0.0,0.942578556478323,0.333984527886008));
#11002=DIRECTION('',(0.0,0.0,1.0));
#11003=DIRECTION('',(0.0,-1.0,0.0));
#11004=DIRECTION('',(0.0,1.0,0.0));
#11005=DIRECTION('',(0.0,0.0,1.0));
#11006=DIRECTION('',(0.0,-0.942578556478323,0.333984527886008));
#11007=DIRECTION('',(0.0,-1.0,0.0));
#11008=DIRECTION('',(-1.0,0.0,0.0));
#11009=DIRECTION('',(0.0,1.0,0.0));
#11010=DIRECTION('',(0.0,0.0,-1.0));
#11011=DIRECTION('',(0.0,-1.0,0.0));
#11012=DIRECTION('',(0.0,-0.832050294337844,-0.554700196225229));
#11013=DIRECTION('',(0.0,0.832050294337844,-0.554700196225229));
#11014=DIRECTION('',(0.0,1.0,0.0));
#11015=DIRECTION('',(0.0,0.0,-1.0));
#11016=DIRECTION('',(0.0,-1.0,0.0));
#11017=DIRECTION('',(0.0,-1.0,0.0));
#11018=DIRECTION('',(0.0,0.0,1.0));
#11019=DIRECTION('',(0.0,0.942578556478323,0.333984527886008));
#11020=DIRECTION('',(0.0,1.0,0.0));
#11021=DIRECTION('',(0.0,-1.0,0.0));
#11022=DIRECTION('',(0.0,-0.942578556478323,0.333984527886008));
#11023=DIRECTION('',(0.0,0.0,1.0));
#11024=DIRECTION('',(0.0,1.0,0.0));
#11025=DIRECTION('',(-1.0,0.0,0.0));
#11026=DIRECTION('',(-1.0,0.0,0.0));
#11027=DIRECTION('',(-1.0,0.0,0.0));
#11028=DIRECTION('',(-1.0,0.0,0.0));
#11029=DIRECTION('',(-1.0,0.0,0.0));
#11030=DIRECTION('',(-1.0,0.0,0.0));
#11031=DIRECTION('',(-1.0,0.0,0.0));
#11032=DIRECTION('',(-1.0,0.0,0.0));
#11033=DIRECTION('',(-1.0,0.0,0.0));
#11034=DIRECTION('',(-1.0,0.0,0.0));
#11035=DIRECTION('',(-1.0,0.0,0.0));
#11036=DIRECTION('',(0.0,-0.832050294337844,-0.554700196225229));
#11037=DIRECTION('',(0.0,-1.0,0.0));
#11038=DIRECTION('',(0.0,0.0,-1.0));
#11039=DIRECTION('',(0.0,1.0,0.0));
#11040=DIRECTION('',(0.0,-1.0,0.0));
#11041=DIRECTION('',(0.0,0.0,-1.0));
#11042=DIRECTION('',(0.0,1.0,0.0));
#11043=DIRECTION('',(0.0,0.832050294337844,-0.554700196225229));
#11044=DIRECTION('',(0.0,1.0,0.0));
#11045=DIRECTION('',(0.0,0.942578556478323,0.333984527886008));
#11046=DIRECTION('',(0.0,0.0,1.0));
#11047=DIRECTION('',(0.0,-1.0,0.0));
#11048=DIRECTION('',(0.0,1.0,0.0));
#11049=DIRECTION('',(0.0,0.0,1.0));
#11050=DIRECTION('',(0.0,-0.942578556478323,0.333984527886008));
#11051=DIRECTION('',(0.0,-1.0,0.0));
#11052=DIRECTION('',(-1.0,0.0,0.0));
#11053=DIRECTION('',(0.0,1.0,0.0));
#11054=DIRECTION('',(0.0,0.0,-1.0));
#11055=DIRECTION('',(0.0,-1.0,0.0));
#11056=DIRECTION('',(0.0,-0.832050294337844,-0.554700196225229));
#11057=DIRECTION('',(0.0,0.832050294337844,-0.554700196225229));
#11058=DIRECTION('',(0.0,1.0,0.0));
#11059=DIRECTION('',(0.0,0.0,-1.0));
#11060=DIRECTION('',(0.0,-1.0,0.0));
#11061=DIRECTION('',(0.0,-1.0,0.0));
#11062=DIRECTION('',(0.0,0.0,1.0));
#11063=DIRECTION('',(0.0,0.942578556478323,0.333984527886008));
#11064=DIRECTION('',(0.0,1.0,0.0));
#11065=DIRECTION('',(0.0,-1.0,0.0));
#11066=DIRECTION('',(0.0,-0.942578556478323,0.333984527886008));
#11067=DIRECTION('',(0.0,0.0,1.0));
#11068=DIRECTION('',(0.0,1.0,0.0));
#11069=DIRECTION('',(-1.0,0.0,0.0));
#11070=DIRECTION('',(-1.0,0.0,0.0));
#11071=DIRECTION('',(-1.0,0.0,0.0));
#11072=DIRECTION('',(-1.0,0.0,0.0));
#11073=DIRECTION('',(-1.0,0.0,0.0));
#11074=DIRECTION('',(-1.0,0.0,0.0));
#11075=DIRECTION('',(-1.0,0.0,0.0));
#11076=DIRECTION('',(-1.0,0.0,0.0));
#11077=DIRECTION('',(-1.0,0.0,0.0));
#11078=DIRECTION('',(-1.0,0.0,0.0));
#11079=DIRECTION('',(-1.0,0.0,0.0));
#11080=DIRECTION('',(0.0,-0.832050294337844,-0.554700196225229));
#11081=DIRECTION('',(0.0,-1.0,0.0));
#11082=DIRECTION('',(0.0,0.0,-1.0));
#11083=DIRECTION('',(0.0,1.0,0.0));
#11084=DIRECTION('',(0.0,-1.0,0.0));
#11085=DIRECTION('',(0.0,0.0,-1.0));
#11086=DIRECTION('',(0.0,1.0,0.0));
#11087=DIRECTION('',(0.0,0.832050294337844,-0.554700196225229));
#11088=DIRECTION('',(0.0,1.0,0.0));
#11089=DIRECTION('',(0.0,0.942578556478323,0.333984527886008));
#11090=DIRECTION('',(0.0,0.0,1.0));
#11091=DIRECTION('',(0.0,-1.0,0.0));
#11092=DIRECTION('',(0.0,1.0,0.0));
#11093=DIRECTION('',(0.0,0.0,1.0));
#11094=DIRECTION('',(0.0,-0.942578556478323,0.333984527886008));
#11095=DIRECTION('',(0.0,-1.0,0.0));
#11096=DIRECTION('',(-1.0,0.0,0.0));
#11097=DIRECTION('',(0.0,1.0,0.0));
#11098=DIRECTION('',(0.0,0.0,-1.0));
#11099=DIRECTION('',(0.0,-1.0,0.0));
#11100=DIRECTION('',(0.0,-0.832050294337844,-0.554700196225229));
#11101=DIRECTION('',(0.0,0.832050294337844,-0.554700196225229));
#11102=DIRECTION('',(0.0,1.0,0.0));
#11103=DIRECTION('',(0.0,0.0,-1.0));
#11104=DIRECTION('',(0.0,-1.0,0.0));
#11105=DIRECTION('',(0.0,-1.0,0.0));
#11106=DIRECTION('',(0.0,0.0,1.0));
#11107=DIRECTION('',(0.0,0.942578556478323,0.333984527886008));
#11108=DIRECTION('',(0.0,1.0,0.0));
#11109=DIRECTION('',(0.0,-1.0,0.0));
#11110=DIRECTION('',(0.0,-0.942578556478323,0.333984527886008));
#11111=DIRECTION('',(0.0,0.0,1.0));
#11112=DIRECTION('',(0.0,1.0,0.0));
#11113=DIRECTION('',(-1.0,0.0,0.0));
#11114=DIRECTION('',(-1.0,0.0,0.0));
#11115=DIRECTION('',(-1.0,0.0,0.0));
#11116=DIRECTION('',(-1.0,0.0,0.0));
#11117=DIRECTION('',(-1.0,0.0,0.0));
#11118=DIRECTION('',(-1.0,0.0,0.0));
#11119=DIRECTION('',(-1.0,0.0,0.0));
#11120=DIRECTION('',(-1.0,0.0,0.0));
#11121=DIRECTION('',(-1.0,0.0,0.0));
#11122=DIRECTION('',(-1.0,0.0,0.0));
#11123=DIRECTION('',(-1.0,0.0,0.0));
#11124=DIRECTION('',(0.0,-1.0,0.0));
#11125=DIRECTION('',(0.0,-1.0,0.0));
#11126=DIRECTION('',(0.0,-0.832050294337844,-0.554700196225229));
#11127=DIRECTION('',(0.0,-1.0,0.0));
#11128=DIRECTION('',(0.0,0.0,-1.0));
#11129=DIRECTION('',(0.0,1.0,0.0));
#11130=DIRECTION('',(0.0,-1.0,0.0));
#11131=DIRECTION('',(0.0,0.0,-1.0));
#11132=DIRECTION('',(0.0,1.0,0.0));
#11133=DIRECTION('',(0.0,0.832050294337844,-0.554700196225229));
#11134=DIRECTION('',(0.0,1.0,0.0));
#11135=DIRECTION('',(0.0,0.0,1.0));
#11136=DIRECTION('',(0.0,-0.942578556478323,0.333984527886008));
#11137=DIRECTION('',(0.0,-1.0,0.0));
#11138=DIRECTION('',(0.0,1.0,0.0));
#11139=DIRECTION('',(0.0,0.942578556478323,0.333984527886008));
#11140=DIRECTION('',(0.0,0.0,1.0));
#11141=DIRECTION('',(0.0,-1.0,0.0));
#11142=DIRECTION('',(-1.0,0.0,0.0));
#11143=DIRECTION('',(0.0,1.0,0.0));
#11144=DIRECTION('',(0.0,0.0,-1.0));
#11145=DIRECTION('',(0.0,-1.0,0.0));
#11146=DIRECTION('',(0.0,-0.832050294337844,-0.554700196225229));
#11147=DIRECTION('',(0.0,0.832050294337844,-0.554700196225229));
#11148=DIRECTION('',(0.0,1.0,0.0));
#11149=DIRECTION('',(0.0,0.0,-1.0));
#11150=DIRECTION('',(0.0,-1.0,0.0));
#11151=DIRECTION('',(0.0,-0.942578556478323,0.333984527886008));
#11152=DIRECTION('',(0.0,0.0,1.0));
#11153=DIRECTION('',(0.0,1.0,0.0));
#11154=DIRECTION('',(0.0,-1.0,0.0));
#11155=DIRECTION('',(0.0,-1.0,0.0));
#11156=DIRECTION('',(0.0,0.0,1.0));
#11157=DIRECTION('',(0.0,0.942578556478323,0.333984527886008));
#11158=DIRECTION('',(0.0,1.0,0.0));
#11159=DIRECTION('',(-1.0,0.0,0.0));
#11160=DIRECTION('',(-1.0,0.0,0.0));
#11161=DIRECTION('',(-1.0,0.0,0.0));
#11162=DIRECTION('',(-1.0,0.0,0.0));
#11163=DIRECTION('',(-1.0,0.0,0.0));
#11164=DIRECTION('',(-1.0,0.0,0.0));
#11165=DIRECTION('',(-1.0,0.0,0.0));
#11166=DIRECTION('',(-1.0,0.0,0.0));
#11167=DIRECTION('',(-1.0,0.0,0.0));
#11168=DIRECTION('',(-1.0,0.0,0.0));
#11169=DIRECTION('',(-1.0,0.0,0.0));
#11170=DIRECTION('',(0.0,0.0,-1.0));
#11171=DIRECTION('',(0.0,1.0,0.0));
#11172=DIRECTION('',(1.0,0.0,0.0));
#11173=DIRECTION('',(0.0,-1.0,0.0));
#11174=DIRECTION('',(-0.707106781186548,0.0,-0.707106781186548));
#11175=CARTESIAN_POINT('',(13.1,4.8,-2.49));
#11176=DIRECTION('',(0.0,-1.0,-0.0));
#11177=DIRECTION('',(-0.81815739217847,0.0,-0.574994331818779));
#11178=CARTESIAN_POINT('',(11.48500517228,4.8,-3.625005172276));
#11179=DIRECTION('',(0.0,1.0,0.0));
#11180=DIRECTION('',(-1.0,0.0,0.0));
#11181=CARTESIAN_POINT('',(11.48500517228,4.8,-1.354994827724));
#11182=DIRECTION('',(0.0,1.0,0.0));
#11183=DIRECTION('',(0.818157392178437,0.0,-0.574994331818826));
#11184=CARTESIAN_POINT('',(13.1,4.8,-2.49));
#11185=DIRECTION('',(0.0,-1.0,0.0));
#11186=DIRECTION('',(0.87412963197252,0.0,0.485692687311211));
#11187=DIRECTION('',(0.0,0.0,1.0));
#11188=CARTESIAN_POINT('',(-11.48500517228,4.8,-1.354994827724));
#11189=DIRECTION('',(-0.0,1.0,0.0));
#11190=DIRECTION('',(1.0,0.0,0.0));
#11191=DIRECTION('',(0.0,0.0,-1.0));
#11192=DIRECTION('',(0.707106781186548,0.0,-0.707106781186548));
#11193=CARTESIAN_POINT('',(-11.48500517228,4.8,-3.625005172276));
#11194=DIRECTION('',(0.0,1.0,0.0));
#11195=DIRECTION('',(-0.81815739217847,0.0,0.574994331818779));
#11196=CARTESIAN_POINT('',(-13.1,4.8,-2.49));
#11197=DIRECTION('',(0.0,-1.0,-0.0));
#11198=DIRECTION('',(-0.87412963197252,0.0,-0.485692687311211));
#11199=DIRECTION('',(0.0,0.0,1.0));
#11200=CARTESIAN_POINT('',(-13.1,4.8,-2.49));
#11201=DIRECTION('',(0.0,-1.0,0.0));
#11202=DIRECTION('',(0.81815739217847,0.0,0.574994331818779));
#11203=CARTESIAN_POINT('',(14.488936325,1.3,-2.49));
#11204=DIRECTION('',(-1.0,0.0,0.0));
#11205=DIRECTION('',(0.0,0.0,1.0));
#11206=DIRECTION('',(0.0,1.0,0.0));
#11207=DIRECTION('',(1.034360722909E-14,0.0,-1.0));
#11208=DIRECTION('',(0.0,-1.0,0.0));
#11209=DIRECTION('',(0.0,-1.0,0.0));
#11210=DIRECTION('',(-1.034360722909E-14,0.0,-1.0));
#11211=DIRECTION('',(0.0,1.0,0.0));
#11212=DIRECTION('',(-0.381052885423978,0.924553242658345,0.0));
#11213=DIRECTION('',(0.0,1.0,0.0));
#11214=DIRECTION('',(1.0,0.0,0.0));
#11215=DIRECTION('',(-0.435560928104302,-0.900159251415503,0.0));
#11216=DIRECTION('',(-1.0,0.0,0.0));
#11217=DIRECTION('',(0.0,0.0,-1.0));
#11218=CARTESIAN_POINT('',(13.1,-3.3,-2.49));
#11219=DIRECTION('',(0.0,1.0,0.0));
#11220=DIRECTION('',(-0.496518527890198,0.0,0.868026123720796));
#11221=DIRECTION('',(0.0,0.0,-1.0));
#11222=DIRECTION('',(0.0,0.0,-1.0));
#11223=CARTESIAN_POINT('',(13.1,-3.3,-2.49));
#11224=DIRECTION('',(0.0,1.0,0.0));
#11225=DIRECTION('',(0.496518527890198,0.0,-0.868026123720796));
#11226=DIRECTION('',(0.0,0.0,-1.0));
#11227=DIRECTION('',(-1.0,0.0,0.0));
#11228=DIRECTION('',(0.0,0.0,-1.0));
#11229=CARTESIAN_POINT('',(-13.1,-3.3,-2.49));
#11230=DIRECTION('',(0.0,1.0,0.0));
#11231=DIRECTION('',(-0.496518527890198,0.0,0.868026123720796));
#11232=DIRECTION('',(0.0,0.0,-1.0));
#11233=DIRECTION('',(1.0,0.0,0.0));
#11234=DIRECTION('',(0.0,0.0,-1.0));
#11235=CARTESIAN_POINT('',(-13.1,-3.3,-2.49));
#11236=DIRECTION('',(0.0,1.0,0.0));
#11237=DIRECTION('',(0.496518527890198,0.0,-0.868026123720796));
#11238=DIRECTION('',(0.0,0.0,-1.0));
#11239=DIRECTION('',(1.0,0.0,0.0));
#11240=DIRECTION('',(0.0,0.0,-1.0));
#11241=DIRECTION('',(0.0,1.27437132399E-14,-1.0));
#11242=DIRECTION('',(0.0,-1.27437132399E-14,-1.0));
#11243=DIRECTION('',(0.0,0.0,-1.0));
#11244=DIRECTION('',(-0.381052885423978,0.924553242658345,0.0));
#11245=DIRECTION('',(0.0,-1.0,0.0));
#11246=DIRECTION('',(0.0,0.0,-1.0));
#11247=DIRECTION('',(0.0,-1.0,0.0));
#11248=DIRECTION('',(0.0,1.0,0.0));
#11249=CARTESIAN_POINT('',(11.8,1.3,-2.49));
#11250=DIRECTION('',(-1.0,0.0,0.0));
#11251=DIRECTION('',(0.0,0.0,1.0));
#11252=DIRECTION('',(1.0,0.0,0.0));
#11253=DIRECTION('',(-0.435560928104302,-0.900159251415503,0.0));
#11254=DIRECTION('',(0.0,0.0,-1.0));
#11255=DIRECTION('',(0.0,0.0,-1.0));
#11256=CARTESIAN_POINT('',(13.1,-2.31,-2.49));
#11257=DIRECTION('',(0.0,-1.0,0.0));
#11258=DIRECTION('',(0.671260627625783,0.0,0.741221404034881));
#11259=CARTESIAN_POINT('',(13.1,-2.06,-2.49));
#11260=DIRECTION('',(0.0,-1.0,0.0));
#11261=DIRECTION('',(0.73530076510128,0.0,0.677740942279181));
#11262=CARTESIAN_POINT('',(13.1,-2.06,-2.49));
#11263=DIRECTION('',(0.0,-1.0,0.0));
#11264=DIRECTION('',(0.87412963197252,0.0,0.485692687311211));
#11265=CARTESIAN_POINT('',(13.1,-2.06,-2.49));
#11266=DIRECTION('',(0.0,-1.0,-0.0));
#11267=DIRECTION('',(-0.81815739217847,0.0,-0.574994331818779));
#11268=CARTESIAN_POINT('',(13.1,-2.06,-2.49));
#11269=DIRECTION('',(0.0,1.0,0.0));
#11270=DIRECTION('',(0.73530076510128,0.0,-0.677740942279181));
#11271=DIRECTION('',(0.0,-1.0,0.0));
#11272=DIRECTION('',(0.0,-1.0,0.0));
#11273=CARTESIAN_POINT('',(11.48500517228,2.7,-3.625005172276));
#11274=DIRECTION('',(0.0,-1.0,0.0));
#11275=DIRECTION('',(0.81815739217847,0.0,0.574994331818779));
#11276=CARTESIAN_POINT('',(11.48500517228,2.7,-1.354994827724));
#11277=DIRECTION('',(0.0,-1.0,0.0));
#11278=DIRECTION('',(-1.0,0.0,0.0));
#11279=CARTESIAN_POINT('',(-11.48500517228,2.7,-1.354994827724));
#11280=DIRECTION('',(0.0,-1.0,-0.0));
#11281=DIRECTION('',(-0.81815739217847,0.0,-0.574994331818779));
#11282=DIRECTION('',(0.0,0.0,-1.0));
#11283=CARTESIAN_POINT('',(-11.48500517228,2.7,-3.625005172276));
#11284=DIRECTION('',(0.0,-1.0,0.0));
#11285=DIRECTION('',(1.0,0.0,0.0));
#11286=DIRECTION('',(0.0,-1.0,0.0));
#11287=DIRECTION('',(0.0,-1.0,0.0));
#11288=CARTESIAN_POINT('',(-13.1,-2.06,-2.49));
#11289=DIRECTION('',(0.0,-1.0,0.0));
#11290=DIRECTION('',(0.81815739217847,0.0,0.574994331818779));
#11291=DIRECTION('',(0.0,-1.0,0.0));
#11292=DIRECTION('',(0.0,-1.0,0.0));
#11293=DIRECTION('',(0.0,-1.0,0.0));
#11294=CARTESIAN_POINT('',(-13.1,-2.06,-2.49));
#11295=DIRECTION('',(0.0,-1.0,-0.0));
#11296=DIRECTION('',(-0.87412963197252,0.0,-0.485692687311211));
#11297=DIRECTION('',(0.0,-1.0,0.0));
#11298=DIRECTION('',(0.0,1.0,0.0));
#11299=DIRECTION('',(0.0,0.0,-1.0));
#11300=DIRECTION('',(0.0,0.0,-1.0));
#11301=DIRECTION('',(0.0,1.0,0.0));
#11302=CARTESIAN_POINT('',(-11.8,1.3,-2.49));
#11303=DIRECTION('',(1.0,0.0,0.0));
#11304=DIRECTION('',(0.0,0.0,-1.0));
#11305=DIRECTION('',(-1.0,0.0,0.0));
#11306=CARTESIAN_POINT('',(-14.488936325,1.3,-2.49));
#11307=DIRECTION('',(1.0,0.0,0.0));
#11308=DIRECTION('',(0.0,0.0,-1.0));
#11309=DIRECTION('',(-1.0,0.0,0.0));
#11310=DIRECTION('',(-0.381052885424013,-0.924553242658331,0.0));
#11311=DIRECTION('',(0.0,1.0,0.0));
#11312=DIRECTION('',(-0.435560928104302,0.900159251415503,0.0));
#11313=DIRECTION('',(0.0,0.0,-1.0));
#11314=DIRECTION('',(0.0,0.0,-1.0));
#11315=DIRECTION('',(-0.435560928104302,0.900159251415503,0.0));
#11316=DIRECTION('',(0.0,0.0,-1.0));
#11317=DIRECTION('',(0.0,0.0,-1.0));
#11318=DIRECTION('',(0.0,1.0,0.0));
#11319=DIRECTION('',(-0.381052885424013,-0.924553242658331,0.0));
#11320=DIRECTION('',(0.0,0.0,-1.0));
#11321=DIRECTION('',(0.0,0.0,-1.0));
#11322=CARTESIAN_POINT('',(-13.1,-2.31,-2.49));
#11323=DIRECTION('',(0.0,-1.0,0.0));
#11324=DIRECTION('',(0.633670364060474,0.0,0.773603173281668));
#11325=CARTESIAN_POINT('',(-13.1,-2.06,-2.49));
#11326=DIRECTION('',(0.0,-1.0,0.0));
#11327=DIRECTION('',(0.688218010736641,0.0,0.725503941889843));
#11328=CARTESIAN_POINT('',(-13.1,-2.06,-2.49));
#11329=DIRECTION('',(0.0,1.0,0.0));
#11330=DIRECTION('',(0.688218010736641,0.0,-0.725503941889843));
#11331=CARTESIAN_POINT('',(-13.1,-2.31,-2.49));
#11332=DIRECTION('',(0.0,1.0,0.0));
#11333=DIRECTION('',(0.633670364060474,0.0,-0.773603173281668));
#11334=CARTESIAN_POINT('',(13.1,-2.31,-2.49));
#11335=DIRECTION('',(0.0,1.0,0.0));
#11336=DIRECTION('',(0.671260627625783,0.0,-0.741221404034881));
#11337=DIRECTION('',(0.0,-1.0,0.0));
ENDSEC;
END-ISO-10303-21;
