ISO-10303-21;
HEADER;
FILE_DESCRIPTION (( 'STEP AP214' ),
    '1' );
FILE_NAME ('SI-46014-F.STEP',
    '2022-01-22T16:00:18',
    ( '' ),
    ( '' ),
    'SwSTEP 2.0',
    'SolidWorks 2017',
    '' );
FILE_SCHEMA (( 'AUTOMOTIVE_DESIGN' ));
ENDSEC;

DATA;
#1 = CARTESIAN_POINT ( 'NONE',  ( 0.1142984638647554000, 0.6666141732283453700, 0.2575511811023609700 ) ) ;
#2 = VECTOR ( 'NONE', #2044, 39.37007874015748100 ) ;
#3 = PLANE ( 'NONE',  #8070 ) ;
#4 = DIRECTION ( 'NONE',  ( 0.0000000000000000000, -1.000000000000000000, -9.840950985822402700E-017 ) ) ;
#5 = CARTESIAN_POINT ( 'NONE',  ( 0.2399385210375706300, 0.6355511811023624200, 0.09870736768358971700 ) ) ;
#6 = ORIENTED_EDGE ( 'NONE', *, *, #4224, .F. ) ;
#7 = DIRECTION ( 'NONE',  ( 0.0000000000000000000, 1.000000000000000000, 0.0000000000000000000 ) ) ;
#8 = EDGE_CURVE ( 'NONE', #8101, #9542, #7738, .T. ) ;
#9 = LINE ( 'NONE', #2361, #9487 ) ;
#10 = AXIS2_PLACEMENT_3D ( 'NONE', #2175, #1487, #8989 ) ;
#11 = CARTESIAN_POINT ( 'NONE',  ( -0.2249999999999999800, -0.1250000000000000000, -0.04849584923580589600 ) ) ;
#12 = ORIENTED_EDGE ( 'NONE', *, *, #315, .F. ) ;
#13 = LINE ( 'NONE', #4103, #5774 ) ;
#14 = ORIENTED_EDGE ( 'NONE', *, *, #1760, .T. ) ;
#15 = CARTESIAN_POINT ( 'NONE',  ( 0.1295137373393535100, 0.6355511811023624200, 0.1704271400810135600 ) ) ;
#16 = FACE_OUTER_BOUND ( 'NONE', #83, .T. ) ;
#17 = CARTESIAN_POINT ( 'NONE',  ( 0.1745137373393535200, 0.6705511811023621100, 0.1485002118027675400 ) ) ;
#18 = DIRECTION ( 'NONE',  ( -2.492171718503151100E-016, 0.0000000000000000000, -1.000000000000000000 ) ) ;
#19 = ORIENTED_EDGE ( 'NONE', *, *, #5710, .F. ) ;
#20 = ADVANCED_FACE ( 'NONE', ( #511 ), #4464, .F. ) ;
#21 = EDGE_LOOP ( 'NONE', ( #1978, #8058, #1590, #4331 ) ) ;
#22 = DIRECTION ( 'NONE',  ( 1.000000000000000000, -0.0000000000000000000, -0.0000000000000000000 ) ) ;
#23 = EDGE_CURVE ( 'NONE', #1805, #2568, #4897, .T. ) ;
#24 = LINE ( 'NONE', #235, #5440 ) ;
#25 = VECTOR ( 'NONE', #3503, 39.37007874015748100 ) ;
#26 = VERTEX_POINT ( 'NONE', #8445 ) ;
#27 = CARTESIAN_POINT ( 'NONE',  ( 0.1671644312585831600, 0.6705511811023621100, 0.2073173628908212800 ) ) ;
#28 = CARTESIAN_POINT ( 'NONE',  ( 0.1745137373393535200, 0.6705511811023621100, 0.1485002118027675400 ) ) ;
#29 = ORIENTED_EDGE ( 'NONE', *, *, #5644, .F. ) ;
#30 = EDGE_CURVE ( 'NONE', #8462, #104, #5703, .T. ) ;
#31 = CARTESIAN_POINT ( 'NONE',  ( 0.3155511811023642400, 0.06600000000000103000, 0.2238645401817222200 ) ) ;
#32 = VECTOR ( 'NONE', #8905, 39.37007874015748100 ) ;
#33 = FACE_OUTER_BOUND ( 'NONE', #1437, .T. ) ;
#34 = DIRECTION ( 'NONE',  ( -1.000000000000000000, 0.0000000000000000000, 0.0000000000000000000 ) ) ;
#35 = CARTESIAN_POINT ( 'NONE',  ( 0.3250000000000002300, 0.6666141732283462600, -0.3949533149417188700 ) ) ;
#36 = B_SPLINE_CURVE_WITH_KNOTS ( 'NONE', 3,
 ( #3772, #5277, #7665, #6785, #7600, #6747 ),
 .UNSPECIFIED., .F., .F.,
 ( 4, 2, 4 ),
 ( 0.0000000000000000000, 0.5000000000000000000, 1.000000000000000000 ),
 .UNSPECIFIED. ) ;
#37 = FACE_OUTER_BOUND ( 'NONE', #7445, .T. ) ;
#38 = ORIENTED_EDGE ( 'NONE', *, *, #2464, .T. ) ;
#39 = VECTOR ( 'NONE', #4113, 39.37007874015748100 ) ;
#40 = CARTESIAN_POINT ( 'NONE',  ( 0.1850000000000024400, 0.5358241725520462900, -0.4035511811023668200 ) ) ;
#41 = ORIENTED_EDGE ( 'NONE', *, *, #8164, .T. ) ;
#42 = PLANE ( 'NONE',  #393 ) ;
#43 = VECTOR ( 'NONE', #9591, 39.37007874015748100 ) ;
#44 = CIRCLE ( 'NONE', #6658, 0.003937007874015758400 ) ;
#45 = VERTEX_POINT ( 'NONE', #4534 ) ;
#46 = ADVANCED_FACE ( 'NONE', ( #1460 ), #5468, .T. ) ;
#47 = EDGE_CURVE ( 'NONE', #2124, #4979, #6651, .T. ) ;
#48 = CIRCLE ( 'NONE', #2288, 0.01250000000000000200 ) ;
#49 = PRESENTATION_LAYER_ASSIGNMENT (  '', '', ( #730 ) ) ;
#50 = PLANE ( 'NONE',  #2673 ) ;
#51 = CARTESIAN_POINT ( 'NONE',  ( 0.1605905511811046600, 0.06600000000000103000, 0.2669999999999999600 ) ) ;
#52 = EDGE_LOOP ( 'NONE', ( #2636, #9677, #8128, #4869 ) ) ;
#53 = CARTESIAN_POINT ( 'NONE',  ( -0.3155511811023644600, 0.01999999999999994100, 0.0000000000000000000 ) ) ;
#54 = DIRECTION ( 'NONE',  ( -1.000000000000000000, 0.0000000000000000000, 4.960794269481283100E-017 ) ) ;
#55 = ORIENTED_EDGE ( 'NONE', *, *, #9782, .F. ) ;
#56 = EDGE_CURVE ( 'NONE', #3696, #2026, #8217, .T. ) ;
#57 = VECTOR ( 'NONE', #7841, 39.37007874015748100 ) ;
#58 = CARTESIAN_POINT ( 'NONE',  ( 0.3069533149417180100, 0.6666141732283454900, 0.2669999999999995200 ) ) ;
#59 = ORIENTED_EDGE ( 'NONE', *, *, #2924, .F. ) ;
#60 = ORIENTED_EDGE ( 'NONE', *, *, #7621, .F. ) ;
#61 = CARTESIAN_POINT ( 'NONE',  ( -0.2399385210375706000, 0.6355511811023624200, -0.09287881401875214300 ) ) ;
#62 =( BOUNDED_CURVE ( )  B_SPLINE_CURVE ( 3, ( #2788, #5193, #5226, #661 ),
 .UNSPECIFIED., .F., .F. ) 
 B_SPLINE_CURVE_WITH_KNOTS ( ( 4, 4 ),
 ( 3.141592653589793100, 4.712388980384689700 ),
 .UNSPECIFIED. ) 
 CURVE ( )  GEOMETRIC_REPRESENTATION_ITEM ( )  RATIONAL_B_SPLINE_CURVE ( ( 1.000000000000000000, 0.8047378541243649400, 0.8047378541243649400, 1.000000000000000000 ) ) 
 REPRESENTATION_ITEM ( '' )  );
#63 = VECTOR ( 'NONE', #7858, 39.37007874015748100 ) ;
#64 = CARTESIAN_POINT ( 'NONE',  ( 0.2561045361904967200, 0.2705511811023621500, 0.009827287307507419400 ) ) ;
#65 = ORIENTED_EDGE ( 'NONE', *, *, #7091, .T. ) ;
#66 = MECHANICAL_DESIGN_GEOMETRIC_PRESENTATION_REPRESENTATION (  '', ( #5940 ), #1747 ) ;
#67 = FACE_OUTER_BOUND ( 'NONE', #1394, .T. ) ;
#68 = CARTESIAN_POINT ( 'NONE',  ( -0.6140847758790486400, 0.6666141732283464800, -0.3996141732283464100 ) ) ;
#69 = ADVANCED_FACE ( 'NONE', ( #4532 ), #1523, .F. ) ;
#70 = ORIENTED_EDGE ( 'NONE', *, *, #6547, .T. ) ;
#71 = DIRECTION ( 'NONE',  ( 0.0000000000000000000, 1.000000000000000000, 0.0000000000000000000 ) ) ;
#72 = DIRECTION ( 'NONE',  ( 1.000000000000000000, -0.0000000000000000000, 0.0000000000000000000 ) ) ;
#73 = CARTESIAN_POINT ( 'NONE',  ( 0.2399385210375705500, 0.2705511811023621500, -0.09287881401875221200 ) ) ;
#74 = VECTOR ( 'NONE', #5167, 39.37007874015748100 ) ;
#75 = ORIENTED_EDGE ( 'NONE', *, *, #1553, .T. ) ;
#76 = CARTESIAN_POINT ( 'NONE',  ( -0.2669099894223583300, 0.6666141732283462600, 0.2073173628908212800 ) ) ;
#77 = VECTOR ( 'NONE', #9759, 39.37007874015748100 ) ;
#78 = EDGE_LOOP ( 'NONE', ( #9793, #9108, #4800, #7988 ) ) ;
#79 = EDGE_CURVE ( 'NONE', #6648, #3985, #8700, .T. ) ;
#80 = DIRECTION ( 'NONE',  ( -1.000000000000000000, -0.0000000000000000000, -0.0000000000000000000 ) ) ;
#81 = CARTESIAN_POINT ( 'NONE',  ( -0.2755511811023642600, 0.05455008786923420300, -0.06845163660186287500 ) ) ;
#82 = CARTESIAN_POINT ( 'NONE',  ( -0.2249999999999999800, -0.1250000000000000000, -0.04849584923580589600 ) ) ;
#83 = EDGE_LOOP ( 'NONE', ( #6255, #1598, #5384, #6242 ) ) ;
#84 = FACE_OUTER_BOUND ( 'NONE', #1499, .T. ) ;
#85 = ORIENTED_EDGE ( 'NONE', *, *, #7238, .T. ) ;
#86 = DIRECTION ( 'NONE',  ( -0.0000000000000000000, 1.000000000000000000, -0.0000000000000000000 ) ) ;
#87 = CARTESIAN_POINT ( 'NONE',  ( -0.3069533149417181300, 0.6666141732283454900, 0.2669999999999986800 ) ) ;
#88 = EDGE_LOOP ( 'NONE', ( #6153, #9815, #3119, #9056 ) ) ;
#89 = EDGE_CURVE ( 'NONE', #935, #2958, #4649, .T. ) ;
#90 = ADVANCED_FACE ( 'NONE', ( #620 ), #2996, .F. ) ;
#91 = ORIENTED_EDGE ( 'NONE', *, *, #787, .F. ) ;
#92 = VECTOR ( 'NONE', #2775, 39.37007874015748100 ) ;
#93 = DIRECTION ( 'NONE',  ( -1.000000000000000000, 0.0000000000000000000, 0.0000000000000000000 ) ) ;
#94 = CARTESIAN_POINT ( 'NONE',  ( 0.3116141732283466700, 0.6705511811023621100, 0.1077457736259981300 ) ) ;
#95 = ORIENTED_EDGE ( 'NONE', *, *, #9122, .F. ) ;
#96 = FACE_OUTER_BOUND ( 'NONE', #4124, .T. ) ;
#97 = PLANE ( 'NONE',  #8904 ) ;
#98 = CARTESIAN_POINT ( 'NONE',  ( -0.3069533149417182900, 0.6676448794795242200, 0.2575511811023621400 ) ) ;
#99 = EDGE_CURVE ( 'NONE', #1533, #8726, #6303, .T. ) ;
#100 = VERTEX_POINT ( 'NONE', #3112 ) ;
#101 = FILL_AREA_STYLE_COLOUR ( '', #1475 ) ;
#102 = DIRECTION ( 'NONE',  ( 0.0000000000000000000, 0.0000000000000000000, 1.000000000000000000 ) ) ;
#103 = DIRECTION ( 'NONE',  ( 0.0000000000000000000, 0.0000000000000000000, 1.000000000000000000 ) ) ;
#104 = VERTEX_POINT ( 'NONE', #9058 ) ;
#105 = AXIS2_PLACEMENT_3D ( 'NONE', #6733, #2983, #4436 ) ;
#106 = LINE ( 'NONE', #7235, #1518 ) ;
#107 = CARTESIAN_POINT ( 'NONE',  ( -0.1490000000000000500, -0.1674264068711929000, 0.1619999999999999800 ) ) ;
#108 =( GEOMETRIC_REPRESENTATION_CONTEXT ( 3 ) GLOBAL_UNCERTAINTY_ASSIGNED_CONTEXT ( ( #8729 ) ) GLOBAL_UNIT_ASSIGNED_CONTEXT ( ( #2752, #1157, #8048 ) ) REPRESENTATION_CONTEXT ( 'NONE', 'WORKASPACE' ) );
#109 = ORIENTED_EDGE ( 'NONE', *, *, #2806, .T. ) ;
#110 = CARTESIAN_POINT ( 'NONE',  ( -0.3250000000000023400, 0.02999999999999994000, -0.1119999999999999900 ) ) ;
#111 = CARTESIAN_POINT ( 'NONE',  ( 0.1653149606299236800, -1.397468885565925700E-015, 0.2575511811023649100 ) ) ;
#112 = EDGE_CURVE ( 'NONE', #6755, #4247, #3468, .T. ) ;
#113 = ORIENTED_EDGE ( 'NONE', *, *, #1129, .T. ) ;
#114 = CARTESIAN_POINT ( 'NONE',  ( -0.3250000000000023400, 0.02999999999999994000, -0.1119999999999999900 ) ) ;
#115 = ADVANCED_FACE ( 'NONE', ( #9149 ), #50, .F. ) ;
#116 = FACE_OUTER_BOUND ( 'NONE', #3921, .T. ) ;
#117 = CARTESIAN_POINT ( 'NONE',  ( 0.2733513886040114200, 0.6666141732283462600, -0.2064179702976515800 ) ) ;
#118 = VERTEX_POINT ( 'NONE', #3850 ) ;
#119 = CARTESIAN_POINT ( 'NONE',  ( -0.2669099894223583300, 0.6705511811023621100, 0.2073173628908212800 ) ) ;
#120 = AXIS2_PLACEMENT_3D ( 'NONE', #1346, #6567, #5825 ) ;
#121 = ORIENTED_EDGE ( 'NONE', *, *, #6640, .T. ) ;
#122 = FACE_OUTER_BOUND ( 'NONE', #7239, .T. ) ;
#123 = CARTESIAN_POINT ( 'NONE',  ( 0.3155511811023641900, 0.01450000000000000100, -0.2729397864125761000 ) ) ;
#124 = CARTESIAN_POINT ( 'NONE',  ( 0.3055511811023641800, 0.01450000000000000100, -0.4035511811023634300 ) ) ;
#125 = DIRECTION ( 'NONE',  ( -1.000000000000000000, 0.0000000000000000000, 0.0000000000000000000 ) ) ;
#126 = ORIENTED_EDGE ( 'NONE', *, *, #9393, .F. ) ;
#127 = VECTOR ( 'NONE', #1789, 39.37007874015748100 ) ;
#128 = DIRECTION ( 'NONE',  ( -0.0000000000000000000, -1.000000000000000000, -0.0000000000000000000 ) ) ;
#129 = ORIENTED_EDGE ( 'NONE', *, *, #8130, .F. ) ;
#130 = EDGE_LOOP ( 'NONE', ( #2796, #9119, #2836, #2431 ) ) ;
#131 = EDGE_CURVE ( 'NONE', #6307, #6985, #6183, .T. ) ;
#132 = LINE ( 'NONE', #5028, #9623 ) ;
#133 = DIRECTION ( 'NONE',  ( 0.0000000000000000000, -1.000000000000000000, 0.0000000000000000000 ) ) ;
#134 = PLANE ( 'NONE',  #3783 ) ;
#135 = EDGE_CURVE ( 'NONE', #9118, #1757, #2639, .T. ) ;
#136 = PLANE ( 'NONE',  #5388 ) ;
#137 = ORIENTED_EDGE ( 'NONE', *, *, #4149, .F. ) ;
#138 = ADVANCED_FACE ( 'NONE', ( #8453 ), #792, .F. ) ;
#139 = ORIENTED_EDGE ( 'NONE', *, *, #503, .F. ) ;
#140 = DIRECTION ( 'NONE',  ( 0.0000000000000000000, -1.000000000000000000, -0.0000000000000000000 ) ) ;
#141 = ORIENTED_EDGE ( 'NONE', *, *, #4311, .T. ) ;
#142 = VECTOR ( 'NONE', #6141, 39.37007874015748100 ) ;
#143 = CYLINDRICAL_SURFACE ( 'NONE', #4213, 0.01250000000000000200 ) ;
#144 = EDGE_CURVE ( 'NONE', #254, #8247, #6433, .T. ) ;
#145 = DIRECTION ( 'NONE',  ( 2.492171718503151100E-016, 0.0000000000000000000, 1.000000000000000000 ) ) ;
#146 = VECTOR ( 'NONE', #2404, 39.37007874015748100 ) ;
#147 = CARTESIAN_POINT ( 'NONE',  ( 0.0000000000000000000, 0.0000000000000000000, 0.0000000000000000000 ) ) ;
#148 = ORIENTED_EDGE ( 'NONE', *, *, #328, .T. ) ;
#149 = LINE ( 'NONE', #6185, #5448 ) ;
#150 = DIRECTION ( 'NONE',  ( 6.829619984160666100E-015, 1.000000000000000000, 0.0000000000000000000 ) ) ;
#151 = ORIENTED_EDGE ( 'NONE', *, *, #8666, .F. ) ;
#152 = DIRECTION ( 'NONE',  ( 1.000000000000000000, 0.0000000000000000000, 0.0000000000000000000 ) ) ;
#153 = AXIS2_PLACEMENT_3D ( 'NONE', #1669, #133, #3940 ) ;
#154 = LINE ( 'NONE', #410, #960 ) ;
#155 = CARTESIAN_POINT ( 'NONE',  ( 0.3250000000000021800, 0.05599999999999997300, -0.1740000000000000200 ) ) ;
#156 = VECTOR ( 'NONE', #3147, 39.37007874015748100 ) ;
#157 = ORIENTED_EDGE ( 'NONE', *, *, #7807, .F. ) ;
#158 = EDGE_CURVE ( 'NONE', #7789, #4396, #1099, .T. ) ;
#159 = CYLINDRICAL_SURFACE ( 'NONE', #6417, 0.01250000000000000200 ) ;
#160 = CARTESIAN_POINT ( 'NONE',  ( 0.2755511811023643200, 0.0000000000000000000, -0.3828791539144444400 ) ) ;
#161 = CARTESIAN_POINT ( 'NONE',  ( -0.3173036717348476900, 0.6705511811023621100, -0.4053036717348476000 ) ) ;
#162 = VECTOR ( 'NONE', #1163, 39.37007874015748100 ) ;
#163 = B_SPLINE_CURVE_WITH_KNOTS ( 'NONE', 3,
 ( #2226, #8331, #748, #6027, #9172, #5427 ),
 .UNSPECIFIED., .F., .F.,
 ( 4, 2, 4 ),
 ( 0.0000000000000000000, 0.5000000000000000000, 1.000000000000000000 ),
 .UNSPECIFIED. ) ;
#164 = ORIENTED_EDGE ( 'NONE', *, *, #1145, .T. ) ;
#165 = ADVANCED_FACE ( 'NONE', ( #4190 ), #9221, .F. ) ;
#166 = EDGE_LOOP ( 'NONE', ( #2736, #8952, #6095, #8422, #4982, #9690, #2789, #4086, #4934, #6391, #9435, #7767, #3473, #139 ) ) ;
#167 = DIRECTION ( 'NONE',  ( 0.0000000000000000000, 0.0000000000000000000, -1.000000000000000000 ) ) ;
#168 = VECTOR ( 'NONE', #145, 39.37007874015748100 ) ;
#169 = CIRCLE ( 'NONE', #4880, 0.01000000000000003000 ) ;
#170 = ORIENTED_EDGE ( 'NONE', *, *, #6587, .F. ) ;
#171 = EDGE_CURVE ( 'NONE', #8812, #578, #2162, .T. ) ;
#172 =( LENGTH_UNIT ( ) NAMED_UNIT ( * ) SI_UNIT ( $, .METRE. ) );
#173 = STYLED_ITEM ( 'NONE', ( #6127 ), #4171 ) ;
#174 = PLANE ( 'NONE',  #4202 ) ;
#175 = ORIENTED_EDGE ( 'NONE', *, *, #7010, .T. ) ;
#176 = DIRECTION ( 'NONE',  ( 0.0000000000000000000, 1.000000000000000000, 0.0000000000000000000 ) ) ;
#177 = FACE_OUTER_BOUND ( 'NONE', #7330, .T. ) ;
#178 = ORIENTED_EDGE ( 'NONE', *, *, #7774, .T. ) ;
#179 = AXIS2_PLACEMENT_3D ( 'NONE', #82, #3141, #3078 ) ;
#180 = EDGE_CURVE ( 'NONE', #9635, #9581, #400, .T. ) ;
#181 = LINE ( 'NONE', #872, #2531 ) ;
#182 = ORIENTED_EDGE ( 'NONE', *, *, #4850, .F. ) ;
#183 = CARTESIAN_POINT ( 'NONE',  ( 0.1808241725520474400, 0.5399999999999987000, -0.4129999999999977600 ) ) ;
#184 = ADVANCED_FACE ( 'NONE', ( #1683 ), #5414, .F. ) ;
#185 = VECTOR ( 'NONE', #3278, 39.37007874015748100 ) ;
#186 = EDGE_LOOP ( 'NONE', ( #2218, #3267, #2808, #538 ) ) ;
#187 = DIRECTION ( 'NONE',  ( -0.0000000000000000000, -1.000000000000000000, -0.0000000000000000000 ) ) ;
#188 = CARTESIAN_POINT ( 'NONE',  ( -0.3250000000000023400, 0.08200000000000000300, -0.2637107877407313700 ) ) ;
#189 = CARTESIAN_POINT ( 'NONE',  ( -0.1959325888690782400, 0.6705511811023621100, 0.0000000000000000000 ) ) ;
#190 = AXIS2_PLACEMENT_3D ( 'NONE', #2390, #5356, #6907 ) ;
#191 = ORIENTED_EDGE ( 'NONE', *, *, #2504, .F. ) ;
#192 = LINE ( 'NONE', #263, #7878 ) ;
#193 = VERTEX_POINT ( 'NONE', #952 ) ;
#194 = DIRECTION ( 'NONE',  ( 0.0000000000000000000, 0.0000000000000000000, -1.000000000000000000 ) ) ;
#195 = ORIENTED_EDGE ( 'NONE', *, *, #3997, .F. ) ;
#196 = PLANE ( 'NONE',  #1037 ) ;
#197 = DIRECTION ( 'NONE',  ( -1.000000000000000000, 0.0000000000000000000, 0.0000000000000000000 ) ) ;
#198 = ORIENTED_EDGE ( 'NONE', *, *, #2953, .F. ) ;
#199 = LINE ( 'NONE', #8170, #5739 ) ;
#200 = ORIENTED_EDGE ( 'NONE', *, *, #6436, .T. ) ;
#201 = PLANE ( 'NONE',  #8463 ) ;
#202 = ORIENTED_EDGE ( 'NONE', *, *, #2238, .T. ) ;
#203 = EDGE_CURVE ( 'NONE', #7742, #1668, #9270, .T. ) ;
#204 = AXIS2_PLACEMENT_3D ( 'NONE', #954, #1772, #7036 ) ;
#205 = ORIENTED_EDGE ( 'NONE', *, *, #2976, .F. ) ;
#206 = CARTESIAN_POINT ( 'NONE',  ( -0.3069533149417181300, 0.6666141732283454900, -0.4129999999999987000 ) ) ;
#207 = DIRECTION ( 'NONE',  ( 0.0000000000000000000, -1.000000000000000000, -0.0000000000000000000 ) ) ;
#208 = CARTESIAN_POINT ( 'NONE',  ( 0.2249999999999999800, -0.1250000000000000000, -0.04849584923580595900 ) ) ;
#209 = ADVANCED_FACE ( 'NONE', ( #975 ), #174, .F. ) ;
#210 = ORIENTED_EDGE ( 'NONE', *, *, #2359, .F. ) ;
#211 = LINE ( 'NONE', #795, #3404 ) ;
#212 = DIRECTION ( 'NONE',  ( 1.000000000000000000, 0.0000000000000000000, -2.492171718503151100E-016 ) ) ;
#213 = EDGE_CURVE ( 'NONE', #5539, #8669, #8803, .T. ) ;
#214 = EDGE_LOOP ( 'NONE', ( #1021, #364, #2907, #7452 ) ) ;
#215 = CYLINDRICAL_SURFACE ( 'NONE', #2944, 0.003937007874015758400 ) ;
#216 = DIRECTION ( 'NONE',  ( 1.000000000000000000, 0.0000000000000000000, -2.164346195853768800E-016 ) ) ;
#217 = ORIENTED_EDGE ( 'NONE', *, *, #158, .F. ) ;
#218 = EDGE_CURVE ( 'NONE', #8831, #8101, #2047, .T. ) ;
#219 = CARTESIAN_POINT ( 'NONE',  ( -0.2399385210375706000, 0.6355511811023624200, -0.1833786526941293700 ) ) ;
#220 = VECTOR ( 'NONE', #3512, 39.37007874015748100 ) ;
#221 =( LENGTH_UNIT ( ) NAMED_UNIT ( * ) SI_UNIT ( $, .METRE. ) );
#222 = DIRECTION ( 'NONE',  ( 0.0000000000000000000, 0.0000000000000000000, -1.000000000000000000 ) ) ;
#223 = ORIENTED_EDGE ( 'NONE', *, *, #8, .T. ) ;
#224 = FACE_BOUND ( 'NONE', #6192, .T. ) ;
#225 = EDGE_CURVE ( 'NONE', #7164, #5151, #7130, .T. ) ;
#226 = EDGE_LOOP ( 'NONE', ( #6527, #2018, #7654, #265 ) ) ;
#227 = CARTESIAN_POINT ( 'NONE',  ( -0.2755511811023642600, 0.01450000000000000100, 0.07990778161457233500 ) ) ;
#228 = LINE ( 'NONE', #5858, #3781 ) ;
#229 = ADVANCED_FACE ( 'NONE', ( #4181 ), #8501, .F. ) ;
#230 = CARTESIAN_POINT ( 'NONE',  ( 0.2490000000000001400, -0.1250000000000000000, 0.1470000000000000500 ) ) ;
#231 = EDGE_LOOP ( 'NONE', ( #2946, #8667, #3073, #2245 ) ) ;
#232 = LINE ( 'NONE', #1114, #7688 ) ;
#233 = FILL_AREA_STYLE_COLOUR ( '', #4841 ) ;
#234 = ORIENTED_EDGE ( 'NONE', *, *, #7326, .F. ) ;
#235 = CARTESIAN_POINT ( 'NONE',  ( -0.3155511811023645200, 1.051902008275098300E-015, -0.1119999999999999700 ) ) ;
#236 = EDGE_CURVE ( 'NONE', #556, #1811, #48, .T. ) ;
#237 = ORIENTED_EDGE ( 'NONE', *, *, #391, .T. ) ;
#238 = CARTESIAN_POINT ( 'NONE',  ( -0.2249999999999999800, -0.1250000000000000000, -0.04849584923580589600 ) ) ;
#239 = LINE ( 'NONE', #2470, #4722 ) ;
#240 = DIRECTION ( 'NONE',  ( -0.0000000000000000000, 1.000000000000000000, -0.0000000000000000000 ) ) ;
#241 = ORIENTED_EDGE ( 'NONE', *, *, #8164, .F. ) ;
#242 = ORIENTED_EDGE ( 'NONE', *, *, #907, .F. ) ;
#243 = LINE ( 'NONE', #8203, #944 ) ;
#244 = CARTESIAN_POINT ( 'NONE',  ( -0.3116141732283463900, 0.5399999999999987000, 0.2669999999999993500 ) ) ;
#245 = ORIENTED_EDGE ( 'NONE', *, *, #1527, .F. ) ;
#246 = ORIENTED_EDGE ( 'NONE', *, *, #5184, .T. ) ;
#247 = CARTESIAN_POINT ( 'NONE',  ( 0.2399385210375706000, 0.6355511811023624200, 0.009827287307507424600 ) ) ;
#248 = LINE ( 'NONE', #3599, #3559 ) ;
#249 = LINE ( 'NONE', #5708, #7827 ) ;
#250 = CARTESIAN_POINT ( 'NONE',  ( -0.02499999999999993900, -0.1250000000000000000, -0.3375000000000000800 ) ) ;
#251 = DIRECTION ( 'NONE',  ( 1.000000000000000000, 0.0000000000000000000, 0.0000000000000000000 ) ) ;
#252 = EDGE_LOOP ( 'NONE', ( #9304, #8623, #9360 ) ) ;
#253 = CIRCLE ( 'NONE', #2995, 0.009999999999999995000 ) ;
#254 = VERTEX_POINT ( 'NONE', #2336 ) ;
#255 = DIRECTION ( 'NONE',  ( 0.0000000000000000000, 0.0000000000000000000, -1.000000000000000000 ) ) ;
#256 = ADVANCED_FACE ( 'NONE', ( #5348 ), #5372, .F. ) ;
#257 = EDGE_LOOP ( 'NONE', ( #3156, #1817, #8034, #7173 ) ) ;
#258 = DIRECTION ( 'NONE',  ( -0.0000000000000000000, -1.000000000000000000, -0.0000000000000000000 ) ) ;
#259 = EDGE_CURVE ( 'NONE', #8812, #396, #5809, .T. ) ;
#260 = LINE ( 'NONE', #6009, #1900 ) ;
#261 = CARTESIAN_POINT ( 'NONE',  ( 0.2669099894223583300, 0.6205511811023621800, 0.1385002118027675600 ) ) ;
#262 = AXIS2_PLACEMENT_3D ( 'NONE', #1962, #5067, #8818 ) ;
#263 = CARTESIAN_POINT ( 'NONE',  ( -0.3250000000000023400, 0.05599999999999997300, 0.09990778161457224100 ) ) ;
#264 = LINE ( 'NONE', #452, #6046 ) ;
#265 = ORIENTED_EDGE ( 'NONE', *, *, #4915, .F. ) ;
#266 = LINE ( 'NONE', #3148, #381 ) ;
#267 = DIRECTION ( 'NONE',  ( 0.0000000000000000000, 0.0000000000000000000, 1.000000000000000000 ) ) ;
#268 = ORIENTED_EDGE ( 'NONE', *, *, #4126, .F. ) ;
#269 = EDGE_CURVE ( 'NONE', #4826, #833, #8090, .T. ) ;
#270 = FACE_OUTER_BOUND ( 'NONE', #6548, .T. ) ;
#271 = FACE_OUTER_BOUND ( 'NONE', #6315, .T. ) ;
#272 = DIRECTION ( 'NONE',  ( 1.000000000000000000, 3.462928498309767600E-015, 3.661961499347902900E-015 ) ) ;
#273 = EDGE_LOOP ( 'NONE', ( #528, #9568, #6672, #9365 ) ) ;
#274 = DIRECTION ( 'NONE',  ( -1.000000000000000000, 0.0000000000000000000, 1.082173097926884400E-016 ) ) ;
#275 = DIRECTION ( 'NONE',  ( 0.0000000000000000000, 0.0000000000000000000, 1.000000000000000000 ) ) ;
#276 = AXIS2_PLACEMENT_3D ( 'NONE', #5433, #912, #9115 ) ;
#277 = LINE ( 'NONE', #1695, #8559 ) ;
#278 = CYLINDRICAL_SURFACE ( 'NONE', #4499, 0.01181102362204731000 ) ;
#279 = CARTESIAN_POINT ( 'NONE',  ( -0.1142984638647553800, 0.6705511811023621100, 0.2170512116749741500 ) ) ;
#280 = ADVANCED_FACE ( 'NONE', ( #5934 ), #8401, .F. ) ;
#281 = ORIENTED_EDGE ( 'NONE', *, *, #4554, .F. ) ;
#282 = EDGE_CURVE ( 'NONE', #2540, #9486, #6062, .T. ) ;
#283 = DIRECTION ( 'NONE',  ( 0.0000000000000000000, 0.0000000000000000000, 1.000000000000000000 ) ) ;
#284 = EDGE_LOOP ( 'NONE', ( #2592, #4225, #779, #7328 ) ) ;
#285 = FACE_OUTER_BOUND ( 'NONE', #3343, .T. ) ;
#286 = DIRECTION ( 'NONE',  ( -0.0000000000000000000, -1.000000000000000000, -0.0000000000000000000 ) ) ;
#287 = ORIENTED_EDGE ( 'NONE', *, *, #5380, .T. ) ;
#288 = PLANE ( 'NONE',  #6536 ) ;
#289 = FACE_OUTER_BOUND ( 'NONE', #3807, .T. ) ;
#290 = ORIENTED_EDGE ( 'NONE', *, *, #922, .T. ) ;
#291 = CARTESIAN_POINT ( 'NONE',  ( -0.09886766424711565500, 0.6508742176484813000, 0.1857501766271326100 ) ) ;
#292 = EDGE_CURVE ( 'NONE', #7713, #5859, #1331, .T. ) ;
#293 = CARTESIAN_POINT ( 'NONE',  ( -0.2051873039643365700, 0.01450000000000000900, -0.3828791539144444400 ) ) ;
#294 = CIRCLE ( 'NONE', #1692, 0.01250000000000000200 ) ;
#295 = CARTESIAN_POINT ( 'NONE',  ( 0.3116141732283445000, 0.6619533149417186100, 0.2670000000000015700 ) ) ;
#296 = ORIENTED_EDGE ( 'NONE', *, *, #236, .F. ) ;
#297 = PLANE ( 'NONE',  #8509 ) ;
#298 = CARTESIAN_POINT ( 'NONE',  ( -0.3173036717348486400, 0.6723036717348476200, -0.4130000000000033100 ) ) ;
#299 = ADVANCED_FACE ( 'NONE', ( #3109 ), #136, .F. ) ;
#300 = FACE_OUTER_BOUND ( 'NONE', #3158, .T. ) ;
#301 = ORIENTED_EDGE ( 'NONE', *, *, #6224, .T. ) ;
#302 = DIRECTION ( 'NONE',  ( 0.0000000000000000000, -1.000000000000000000, -0.0000000000000000000 ) ) ;
#303 = DIRECTION ( 'NONE',  ( -7.270224262302431900E-017, 0.8191520442889931300, -0.5735764363510441600 ) ) ;
#304 = EDGE_LOOP ( 'NONE', ( #4918, #5738, #5162, #175 ) ) ;
#305 = PRODUCT_DEFINITION_CONTEXT ( 'detailed design', #3444, 'design' ) ;
#306 = CARTESIAN_POINT ( 'NONE',  ( -0.1850000000000007200, 0.5358241725520464000, -0.4035511811023654900 ) ) ;
#307 = ORIENTED_EDGE ( 'NONE', *, *, #3491, .T. ) ;
#308 = CYLINDRICAL_SURFACE ( 'NONE', #3150, 0.009999999999999995000 ) ;
#309 = ORIENTED_EDGE ( 'NONE', *, *, #2590, .F. ) ;
#310 = DIRECTION ( 'NONE',  ( -1.459106284977188500E-016, 0.0000000000000000000, -1.000000000000000000 ) ) ;
#311 = EDGE_CURVE ( 'NONE', #7009, #9635, #1798, .T. ) ;
#312 = DIRECTION ( 'NONE',  ( 0.0000000000000000000, -1.000000000000000000, 0.0000000000000000000 ) ) ;
#313 = ORIENTED_EDGE ( 'NONE', *, *, #9434, .T. ) ;
#314 = CARTESIAN_POINT ( 'NONE',  ( -0.02499999999999993900, -0.1674264068711929000, -0.3500000000000000900 ) ) ;
#315 = EDGE_CURVE ( 'NONE', #2241, #5611, #4065, .T. ) ;
#316 = AXIS2_PLACEMENT_3D ( 'NONE', #4965, #438, #9369 ) ;
#317 = ORIENTED_EDGE ( 'NONE', *, *, #2167, .T. ) ;
#318 = VECTOR ( 'NONE', #7979, 39.37007874015748100 ) ;
#319 = DIRECTION ( 'NONE',  ( -3.661961499347914700E-015, 3.462928498309717100E-015, 1.000000000000000000 ) ) ;
#320 = VERTEX_POINT ( 'NONE', #3911 ) ;
#321 = EDGE_CURVE ( 'NONE', #8020, #5408, #5572, .T. ) ;
#322 = DIRECTION ( 'NONE',  ( 0.0000000000000000000, 0.0000000000000000000, 1.000000000000000000 ) ) ;
#323 = ADVANCED_FACE ( 'NONE', ( #9521 ), #6234, .F. ) ;
#324 = DIRECTION ( 'NONE',  ( 2.492171718503151100E-016, 0.0000000000000000000, 1.000000000000000000 ) ) ;
#325 = DIRECTION ( 'NONE',  ( 0.0000000000000000000, 0.0000000000000000000, -1.000000000000000000 ) ) ;
#326 = DIRECTION ( 'NONE',  ( 0.0000000000000000000, 0.0000000000000000000, 1.000000000000000000 ) ) ;
#327 = VERTEX_POINT ( 'NONE', #1636 ) ;
#328 = EDGE_CURVE ( 'NONE', #118, #5001, #3587, .T. ) ;
#329 = VECTOR ( 'NONE', #18, 39.37007874015748100 ) ;
#330 = AXIS2_PLACEMENT_3D ( 'NONE', #4819, #5632, #7196 ) ;
#331 = CARTESIAN_POINT ( 'NONE',  ( 0.2399385210375706000, 0.2705511811023621500, 0.009827287307507424600 ) ) ;
#332 = ORIENTED_EDGE ( 'NONE', *, *, #7326, .T. ) ;
#333 = DIRECTION ( 'NONE',  ( 7.652119359617602200E-017, 0.7071067811865414700, 0.7071067811865535700 ) ) ;
#334 = CARTESIAN_POINT ( 'NONE',  ( 0.3116141732283466700, 0.6799999999999999400, 0.2489533149417188000 ) ) ;
#335 = FACE_OUTER_BOUND ( 'NONE', #3734, .T. ) ;
#336 = CARTESIAN_POINT ( 'NONE',  ( 0.3173036717348479700, 0.6723036717348459500, -0.4035511811023613200 ) ) ;
#337 = EDGE_CURVE ( 'NONE', #491, #3852, #1572, .T. ) ;
#338 = ORIENTED_EDGE ( 'NONE', *, *, #4928, .F. ) ;
#339 = LINE ( 'NONE', #5824, #8153 ) ;
#340 = DIRECTION ( 'NONE',  ( 1.000000000000000000, 0.0000000000000000000, -0.0000000000000000000 ) ) ;
#341 = ORIENTED_EDGE ( 'NONE', *, *, #2309, .T. ) ;
#342 = AXIS2_PLACEMENT_3D ( 'NONE', #3946, #9710, #3237 ) ;
#343 = CONICAL_SURFACE ( 'NONE', #8733, 0.04849584923580589600, 0.6108652381980129700 ) ;
#344 = CARTESIAN_POINT ( 'NONE',  ( 0.08354462770099668800, 0.6355511811023624200, 0.2575511811023651300 ) ) ;
#345 = CARTESIAN_POINT ( 'NONE',  ( -0.2669099894223583300, 0.6705511811023621100, 0.1385002118027675600 ) ) ;
#346 = ORIENTED_EDGE ( 'NONE', *, *, #6669, .F. ) ;
#347 = VECTOR ( 'NONE', #5912, 39.37007874015748100 ) ;
#348 = B_SPLINE_CURVE_WITH_KNOTS ( 'NONE', 3,
 ( #4242, #5831, #1320, #3606, #5030, #469 ),
 .UNSPECIFIED., .F., .F.,
 ( 4, 2, 4 ),
 ( 0.0000000000000000000, 0.5000000000000000000, 1.000000000000000000 ),
 .UNSPECIFIED. ) ;
#349 = CARTESIAN_POINT ( 'NONE',  ( -0.3155511811023621300, 0.6666141732283464800, -0.3949533149417182000 ) ) ;
#350 = ADVANCED_FACE ( 'NONE', ( #6883 ), #1106, .F. ) ;
#351 = EDGE_CURVE ( 'NONE', #684, #9387, #5225, .T. ) ;
#352 = VERTEX_POINT ( 'NONE', #2591 ) ;
#353 = LINE ( 'NONE', #8296, #7078 ) ;
#354 = FILL_AREA_STYLE ('',( #4882 ) ) ;
#355 = DIRECTION ( 'NONE',  ( -1.033065433525962600E-016, 0.0000000000000000000, -1.000000000000000000 ) ) ;
#356 = UNCERTAINTY_MEASURE_WITH_UNIT (LENGTH_MEASURE( 1.000000000000000100E-005 ), #9615, 'distance_accuracy_value', 'NONE');
#357 = VERTEX_POINT ( 'NONE', #9317 ) ;
#358 = CARTESIAN_POINT ( 'NONE',  ( 0.3155511811023651300, -0.1549999999999977800, -0.1420480947161671400 ) ) ;
#359 = DIRECTION ( 'NONE',  ( -3.661961499347914700E-015, -3.462928498309717900E-015, 1.000000000000000000 ) ) ;
#360 = EDGE_LOOP ( 'NONE', ( #1895, #1057 ) ) ;
#361 = DIRECTION ( 'NONE',  ( -1.000000000000000000, 0.0000000000000000000, 0.0000000000000000000 ) ) ;
#362 = AXIS2_PLACEMENT_3D ( 'NONE', #8448, #6903, #1561 ) ;
#363 = ORIENTED_EDGE ( 'NONE', *, *, #3979, .T. ) ;
#364 = ORIENTED_EDGE ( 'NONE', *, *, #6792, .F. ) ;
#365 = DIRECTION ( 'NONE',  ( -0.0000000000000000000, -0.0000000000000000000, 1.000000000000000000 ) ) ;
#366 = EDGE_CURVE ( 'NONE', #4198, #6025, #7478, .T. ) ;
#367 = CARTESIAN_POINT ( 'NONE',  ( -0.3250000000000023400, 0.05599999999999997300, -0.1120000000000000200 ) ) ;
#368 = EDGE_LOOP ( 'NONE', ( #6353, #2166, #59, #7893 ) ) ;
#369 = CARTESIAN_POINT ( 'NONE',  ( 1.365923996832131600E-016, 0.6705511811023621100, 0.0000000000000000000 ) ) ;
#370 = DIRECTION ( 'NONE',  ( 1.000000000000000000, 0.0000000000000000000, 0.0000000000000000000 ) ) ;
#371 = VERTEX_POINT ( 'NONE', #8536 ) ;
#372 = CARTESIAN_POINT ( 'NONE',  ( 0.1750000000000000400, -0.1674264068711929000, -0.3375000000000000800 ) ) ;
#373 = ORIENTED_EDGE ( 'NONE', *, *, #6120, .T. ) ;
#374 = FACE_OUTER_BOUND ( 'NONE', #5909, .T. ) ;
#375 = VECTOR ( 'NONE', #1650, 39.37007874015748100 ) ;
#376 = DIRECTION ( 'NONE',  ( -0.0000000000000000000, 0.7071067811865503500, 0.7071067811865448000 ) ) ;
#377 = ADVANCED_FACE ( 'NONE', ( #7612 ), #1761, .F. ) ;
#378 = VECTOR ( 'NONE', #3457, 39.37007874015748100 ) ;
#379 = AXIS2_PLACEMENT_3D ( 'NONE', #9791, #2029, #6736 ) ;
#380 = VERTEX_POINT ( 'NONE', #7771 ) ;
#381 = VECTOR ( 'NONE', #8418, 39.37007874015748100 ) ;
#382 = DIRECTION ( 'NONE',  ( 0.0000000000000000000, -1.313388458492436200E-015, -1.000000000000000000 ) ) ;
#383 = ORIENTED_EDGE ( 'NONE', *, *, #2986, .T. ) ;
#384 = CARTESIAN_POINT ( 'NONE',  ( -0.3116141732283463900, 0.6666141732283453700, 0.2575511811023609700 ) ) ;
#385 = DIRECTION ( 'NONE',  ( -1.000000000000000000, 3.462928498309742800E-015, -0.0000000000000000000 ) ) ;
#386 = LINE ( 'NONE', #7375, #3214 ) ;
#387 = VECTOR ( 'NONE', #3279, 39.37007874015748100 ) ;
#388 = ORIENTED_EDGE ( 'NONE', *, *, #562, .T. ) ;
#389 = CARTESIAN_POINT ( 'NONE',  ( 0.3250000000000002300, 0.6666141732283462600, 0.0000000000000000000 ) ) ;
#390 = DIRECTION ( 'NONE',  ( -1.000000000000000000, 0.0000000000000000000, -3.661961499347914700E-015 ) ) ;
#391 = EDGE_CURVE ( 'NONE', #9285, #7160, #1450, .T. ) ;
#392 = LINE ( 'NONE', #1176, #9257 ) ;
#393 = AXIS2_PLACEMENT_3D ( 'NONE', #4583, #1580, #6106 ) ;
#394 = LINE ( 'NONE', #5009, #9259 ) ;
#395 = CARTESIAN_POINT ( 'NONE',  ( 0.3113051303775445400, 0.6621293029295948200, -0.4035511811023637700 ) ) ;
#396 = VERTEX_POINT ( 'NONE', #8634 ) ;
#397 = EDGE_LOOP ( 'NONE', ( #2701, #8815, #7801, #1888 ) ) ;
#398 = DIRECTION ( 'NONE',  ( -0.0000000000000000000, 1.000000000000000000, -0.0000000000000000000 ) ) ;
#399 = EDGE_CURVE ( 'NONE', #8737, #7583, #3461, .T. ) ;
#400 = LINE ( 'NONE', #3170, #8571 ) ;
#401 = CARTESIAN_POINT ( 'NONE',  ( -0.1490000000000000500, -0.1250000000000000000, 0.1769999999999999900 ) ) ;
#402 = CARTESIAN_POINT ( 'NONE',  ( 0.08354462770099668800, 0.4705511811023621000, 0.2575511811023651300 ) ) ;
#403 = CARTESIAN_POINT ( 'NONE',  ( -0.3155511811023642400, 0.08200000000000000300, -0.2637107877407313700 ) ) ;
#404 = LINE ( 'NONE', #6306, #9039 ) ;
#405 = ADVANCED_FACE ( 'NONE', ( #9138 ), #7058, .F. ) ;
#406 = DIRECTION ( 'NONE',  ( -0.0000000000000000000, 1.000000000000000000, -0.0000000000000000000 ) ) ;
#407 = EDGE_CURVE ( 'NONE', #8757, #4255, #5116, .T. ) ;
#408 = ORIENTED_EDGE ( 'NONE', *, *, #6120, .F. ) ;
#409 = FACE_OUTER_BOUND ( 'NONE', #8841, .T. ) ;
#410 = CARTESIAN_POINT ( 'NONE',  ( -0.2669099894223583300, 0.6705511811023621100, 0.2073173628908212800 ) ) ;
#411 = ORIENTED_EDGE ( 'NONE', *, *, #2126, .F. ) ;
#412 = EDGE_CURVE ( 'NONE', #3167, #1317, #5696, .T. ) ;
#413 = CARTESIAN_POINT ( 'NONE',  ( -0.3116141732283464500, 0.6666141732283464800, -0.5562695347634599700 ) ) ;
#414 = CARTESIAN_POINT ( 'NONE',  ( 0.3055511811023642900, 1.403100757040926000, 0.2575511811023650800 ) ) ;
#415 = DIRECTION ( 'NONE',  ( -0.0000000000000000000, 1.000000000000000000, -0.0000000000000000000 ) ) ;
#416 = CARTESIAN_POINT ( 'NONE',  ( -0.2561045361904967200, 0.2705511811023621500, 0.009827287307507483500 ) ) ;
#417 = B_SPLINE_CURVE_WITH_KNOTS ( 'NONE', 3,
 ( #3896, #4629, #9822, #3046, #5322, #87 ),
 .UNSPECIFIED., .F., .F.,
 ( 4, 2, 4 ),
 ( 0.0000000000000000000, 0.5000000000000000000, 1.000000000000000000 ),
 .UNSPECIFIED. ) ;
#418 = AXIS2_PLACEMENT_3D ( 'NONE', #2257, #5931, #9770 ) ;
#419 = VECTOR ( 'NONE', #4669, 39.37007874015748900 ) ;
#420 = EDGE_LOOP ( 'NONE', ( #4093, #4738, #3678, #9178 ) ) ;
#421 = CYLINDRICAL_SURFACE ( 'NONE', #5121, 0.01338582677165354500 ) ;
#422 = ORIENTED_EDGE ( 'NONE', *, *, #2934, .F. ) ;
#423 = CARTESIAN_POINT ( 'NONE',  ( -0.3186013962196658800, 0.6785573680010763600, 0.2489533149417182100 ) ) ;
#424 = ADVANCED_FACE ( 'NONE', ( #3948 ), #288, .F. ) ;
#425 = DIRECTION ( 'NONE',  ( 3.462928498309742800E-015, -1.000000000000000000, 0.0000000000000000000 ) ) ;
#426 = EDGE_CURVE ( 'NONE', #4450, #7164, #4518, .T. ) ;
#427 = ORIENTED_EDGE ( 'NONE', *, *, #3054, .F. ) ;
#428 = CIRCLE ( 'NONE', #6187, 0.01338582677165354500 ) ;
#429 = CARTESIAN_POINT ( 'NONE',  ( 0.2755511811023643200, 0.05455008786923420300, 0.07990778161457226500 ) ) ;
#430 = VERTEX_POINT ( 'NONE', #3413 ) ;
#431 = ORIENTED_EDGE ( 'NONE', *, *, #6650, .T. ) ;
#432 = PLANE ( 'NONE',  #5536 ) ;
#433 = CARTESIAN_POINT ( 'NONE',  ( 0.3250000000000015700, 0.03999999999999992500, 0.2238645401817222200 ) ) ;
#434 = ORIENTED_EDGE ( 'NONE', *, *, #7407, .F. ) ;
#435 = FACE_OUTER_BOUND ( 'NONE', #591, .T. ) ;
#436 = ORIENTED_EDGE ( 'NONE', *, *, #1357, .F. ) ;
#437 = ADVANCED_FACE ( 'NONE', ( #7363 ), #3347, .T. ) ;
#438 = DIRECTION ( 'NONE',  ( -0.0000000000000000000, 1.000000000000000000, 0.0000000000000000000 ) ) ;
#439 = ORIENTED_EDGE ( 'NONE', *, *, #2023, .F. ) ;
#440 = DIRECTION ( 'NONE',  ( -8.007501788431322200E-017, -0.7071067811865500200, -0.7071067811865450200 ) ) ;
#441 = ORIENTED_EDGE ( 'NONE', *, *, #5957, .F. ) ;
#442 = CARTESIAN_POINT ( 'NONE',  ( -0.2249999999999999800, 0.01450000000000000900, 0.06250000000000000000 ) ) ;
#443 = EDGE_CURVE ( 'NONE', #8685, #4740, #8692, .T. ) ;
#444 = FACE_OUTER_BOUND ( 'NONE', #3567, .T. ) ;
#445 = CARTESIAN_POINT ( 'NONE',  ( -0.02499999999999993900, -0.1674264068711929000, -0.3500000000000000900 ) ) ;
#446 = CARTESIAN_POINT ( 'NONE',  ( -0.3155511811023645200, 1.445294972210693300E-015, 0.09990778161457240800 ) ) ;
#447 = EDGE_CURVE ( 'NONE', #9762, #9658, #6641, .T. ) ;
#448 = AXIS2_PLACEMENT_3D ( 'NONE', #7727, #2397, #3960 ) ;
#449 = VERTEX_POINT ( 'NONE', #9737 ) ;
#450 = CARTESIAN_POINT ( 'NONE',  ( -0.3116141732283464500, 0.6666141732283464800, 0.2489533149417181800 ) ) ;
#451 = ADVANCED_FACE ( 'NONE', ( #8442 ), #159, .T. ) ;
#452 = CARTESIAN_POINT ( 'NONE',  ( -0.3250000000000000100, 0.6666141732283464800, -0.07300000000000000900 ) ) ;
#453 = ORIENTED_EDGE ( 'NONE', *, *, #8270, .F. ) ;
#454 = CYLINDRICAL_SURFACE ( 'NONE', #5596, 0.01250000000000000200 ) ;
#455 = EDGE_CURVE ( 'NONE', #1027, #7183, #611, .T. ) ;
#456 = CARTESIAN_POINT ( 'NONE',  ( 0.08354462770099667400, 0.4705511811023621000, 0.2208086550377015000 ) ) ;
#457 = DIRECTION ( 'NONE',  ( -0.5773502691896271700, 0.5773502691896226200, 0.5773502691896271700 ) ) ;
#458 = VERTEX_POINT ( 'NONE', #5114 ) ;
#459 = LINE ( 'NONE', #3753, #2698 ) ;
#460 = PLANE ( 'NONE',  #9489 ) ;
#461 = AXIS2_PLACEMENT_3D ( 'NONE', #2892, #1265, #9638 ) ;
#462 = ORIENTED_EDGE ( 'NONE', *, *, #5734, .F. ) ;
#463 = VECTOR ( 'NONE', #7343, 39.37007874015748100 ) ;
#464 = DIRECTION ( 'NONE',  ( -0.6209323667996100600, 0.0000000000000000000, 0.7838641437523690100 ) ) ;
#465 = DIRECTION ( 'NONE',  ( -0.0000000000000000000, 1.000000000000000000, -0.0000000000000000000 ) ) ;
#466 = CARTESIAN_POINT ( 'NONE',  ( 0.3250000000000015700, 0.05599999999999997300, 0.07990778161457223700 ) ) ;
#467 = ORIENTED_EDGE ( 'NONE', *, *, #9258, .F. ) ;
#468 = LINE ( 'NONE', #7065, #7928 ) ;
#469 = CARTESIAN_POINT ( 'NONE',  ( 0.3069533149417188500, 0.6800000000000007100, -0.3996141732283464100 ) ) ;
#470 = EDGE_CURVE ( 'NONE', #6558, #5299, #4404, .T. ) ;
#471 = ORIENTED_EDGE ( 'NONE', *, *, #7427, .T. ) ;
#472 = VECTOR ( 'NONE', #2031, 39.37007874015748100 ) ;
#473 = APPLICATION_PROTOCOL_DEFINITION ( 'draft international standard', 'automotive_design', 1998, #3444 ) ;
#474 = CARTESIAN_POINT ( 'NONE',  ( 0.3055511811023642900, 0.6605511811023620000, 0.2575511811023650800 ) ) ;
#475 = ORIENTED_EDGE ( 'NONE', *, *, #4679, .F. ) ;
#476 = DIRECTION ( 'NONE',  ( 3.542742354896064800E-015, 1.000000000000000000, 9.840950985822402700E-017 ) ) ;
#477 = DIRECTION ( 'NONE',  ( 0.0000000000000000000, -0.0000000000000000000, -1.000000000000000000 ) ) ;
#478 = VECTOR ( 'NONE', #2812, 39.37007874015748100 ) ;
#479 = CARTESIAN_POINT ( 'NONE',  ( -0.3116141732283498300, 0.06600000000000103000, 0.2669999999999999600 ) ) ;
#480 = ORIENTED_EDGE ( 'NONE', *, *, #5439, .T. ) ;
#481 = FACE_OUTER_BOUND ( 'NONE', #765, .T. ) ;
#482 = EDGE_CURVE ( 'NONE', #254, #2958, #3701, .T. ) ;
#483 = ORIENTED_EDGE ( 'NONE', *, *, #4071, .T. ) ;
#484 = CARTESIAN_POINT ( 'NONE',  ( 0.3173036717348479700, 0.6723036717348459500, -0.4035511811023618200 ) ) ;
#485 = ORIENTED_EDGE ( 'NONE', *, *, #1217, .T. ) ;
#486 = VECTOR ( 'NONE', #7263, 39.37007874015748100 ) ;
#487 = CIRCLE ( 'NONE', #7304, 0.01181102362204731000 ) ;
#488 = DIRECTION ( 'NONE',  ( 1.000000000000000000, 0.0000000000000000000, 0.0000000000000000000 ) ) ;
#489 = EDGE_LOOP ( 'NONE', ( #3316, #2053, #6922, #2938 ) ) ;
#490 = CARTESIAN_POINT ( 'NONE',  ( -0.3116141732283463900, 0.6705511811023621100, -0.3949533149417182600 ) ) ;
#491 = VERTEX_POINT ( 'NONE', #576 ) ;
#492 = DIRECTION ( 'NONE',  ( -0.0000000000000000000, -1.000000000000000000, -0.0000000000000000000 ) ) ;
#493 = AXIS2_PLACEMENT_3D ( 'NONE', #9159, #9191, #4624 ) ;
#494 = ORIENTED_EDGE ( 'NONE', *, *, #3638, .T. ) ;
#495 = FACE_OUTER_BOUND ( 'NONE', #186, .T. ) ;
#496 = SURFACE_STYLE_FILL_AREA ( #7914 ) ;
#497 = CARTESIAN_POINT ( 'NONE',  ( -0.2733513886040114200, 0.6666141732283462600, 0.1452368461752705000 ) ) ;
#498 = CARTESIAN_POINT ( 'NONE',  ( 0.3116141732283466700, 0.6705511811023621100, 0.2489533149417188000 ) ) ;
#499 = DIRECTION ( 'NONE',  ( 1.000000000000000000, 0.0000000000000000000, 0.0000000000000000000 ) ) ;
#500 = VERTEX_POINT ( 'NONE', #8169 ) ;
#501 = COLOUR_RGB ( '',0.7921568627450980000, 0.8196078431372548800, 0.9333333333333333500 ) ;
#502 = CARTESIAN_POINT ( 'NONE',  ( 0.3155511811023641900, 0.08200000000000000300, 0.0000000000000000000 ) ) ;
#503 = EDGE_CURVE ( 'NONE', #5014, #4371, #392, .T. ) ;
#504 = FACE_OUTER_BOUND ( 'NONE', #2793, .T. ) ;
#505 = FACE_OUTER_BOUND ( 'NONE', #6516, .T. ) ;
#506 = ORIENTED_EDGE ( 'NONE', *, *, #4384, .T. ) ;
#507 = AXIS2_PLACEMENT_3D ( 'NONE', #8781, #553, #2114 ) ;
#508 = CARTESIAN_POINT ( 'NONE',  ( -0.3116141732283510500, 7.761524661896600800E-016, 0.2575511811023631400 ) ) ;
#509 = DIRECTION ( 'NONE',  ( 0.0000000000000000000, 0.0000000000000000000, 1.000000000000000000 ) ) ;
#510 = CARTESIAN_POINT ( 'NONE',  ( 0.3116141732283477800, 0.6619533149417187200, 0.2536141732283463400 ) ) ;
#511 = FACE_OUTER_BOUND ( 'NONE', #5911, .T. ) ;
#512 = LENGTH_MEASURE_WITH_UNIT ( LENGTH_MEASURE( 0.02539999999999999900 ), #221 );
#513 = CARTESIAN_POINT ( 'NONE',  ( -0.3155511811023633500, 0.6619533149417181600, -0.3996141732283464100 ) ) ;
#514 = ORIENTED_EDGE ( 'NONE', *, *, #2712, .T. ) ;
#515 = EDGE_CURVE ( 'NONE', #4509, #1604, #4639, .T. ) ;
#516 = AXIS2_PLACEMENT_3D ( 'NONE', #8147, #5126, #5155 ) ;
#517 = CARTESIAN_POINT ( 'NONE',  ( 0.0000000000000000000, 0.6605511811023621100, 0.1973173628908212700 ) ) ;
#518 = EDGE_LOOP ( 'NONE', ( #716, #4852, #3280, #60, #338, #2496, #6732, #3764 ) ) ;
#519 = LINE ( 'NONE', #571, #5358 ) ;
#520 = VERTEX_POINT ( 'NONE', #9704 ) ;
#521 = EDGE_CURVE ( 'NONE', #6325, #9554, #5271, .T. ) ;
#522 = DIRECTION ( 'NONE',  ( 0.0000000000000000000, -0.0000000000000000000, 1.000000000000000000 ) ) ;
#523 = CARTESIAN_POINT ( 'NONE',  ( -0.2249999999999999800, -0.1050000000000000100, 0.0000000000000000000 ) ) ;
#524 = VERTEX_POINT ( 'NONE', #2966 ) ;
#525 = CARTESIAN_POINT ( 'NONE',  ( -0.1249999999999999600, 0.01450000000000000100, -0.3375000000000000800 ) ) ;
#526 = AXIS2_PLACEMENT_3D ( 'NONE', #9331, #9297, #3275 ) ;
#527 = LINE ( 'NONE', #1565, #9047 ) ;
#528 = ORIENTED_EDGE ( 'NONE', *, *, #3390, .T. ) ;
#529 =( LENGTH_UNIT ( ) NAMED_UNIT ( * ) SI_UNIT ( $, .METRE. ) );
#530 = LINE ( 'NONE', #8302, #5729 ) ;
#531 = ORIENTED_EDGE ( 'NONE', *, *, #9066, .F. ) ;
#532 = DIRECTION ( 'NONE',  ( 0.5773502691896370600, 0.5773502691896152900, 0.5773502691896249500 ) ) ;
#533 = EDGE_CURVE ( 'NONE', #8289, #320, #9758, .T. ) ;
#534 = DIRECTION ( 'NONE',  ( -0.0000000000000000000, -0.0000000000000000000, 1.000000000000000000 ) ) ;
#535 = DIRECTION ( 'NONE',  ( 0.0000000000000000000, 0.0000000000000000000, -1.000000000000000000 ) ) ;
#536 = VERTEX_POINT ( 'NONE', #5962 ) ;
#537 = DIRECTION ( 'NONE',  ( 1.000000000000000000, -0.0000000000000000000, -0.0000000000000000000 ) ) ;
#538 = ORIENTED_EDGE ( 'NONE', *, *, #6137, .T. ) ;
#539 = DIRECTION ( 'NONE',  ( 0.0000000000000000000, -1.000000000000000000, 2.891205793294662500E-015 ) ) ;
#540 = VECTOR ( 'NONE', #6615, 39.37007874015748100 ) ;
#541 = ORIENTED_EDGE ( 'NONE', *, *, #8398, .F. ) ;
#542 = AXIS2_PLACEMENT_3D ( 'NONE', #306, #2484, #8590 ) ;
#543 = ORIENTED_EDGE ( 'NONE', *, *, #7128, .T. ) ;
#544 = DIRECTION ( 'NONE',  ( 3.661961499347913900E-015, 0.0000000000000000000, 1.000000000000000000 ) ) ;
#545 = EDGE_CURVE ( 'NONE', #4159, #6668, #7240, .T. ) ;
#546 = ORIENTED_EDGE ( 'NONE', *, *, #8137, .T. ) ;
#547 = SURFACE_STYLE_FILL_AREA ( #2048 ) ;
#548 = ORIENTED_EDGE ( 'NONE', *, *, #2375, .F. ) ;
#549 = CARTESIAN_POINT ( 'NONE',  ( -0.3116141732283476100, 0.06600000000000101600, 0.2536141732283463400 ) ) ;
#550 = VECTOR ( 'NONE', #1634, 39.37007874015748100 ) ;
#551 =( GEOMETRIC_REPRESENTATION_CONTEXT ( 3 ) GLOBAL_UNCERTAINTY_ASSIGNED_CONTEXT ( ( #634 ) ) GLOBAL_UNIT_ASSIGNED_CONTEXT ( ( #2223, #1600, #9102 ) ) REPRESENTATION_CONTEXT ( 'NONE', 'WORKASPACE' ) );
#552 = CARTESIAN_POINT ( 'NONE',  ( -0.2399385210375706000, 0.6355511811023624200, 0.09870736768358978600 ) ) ;
#553 = DIRECTION ( 'NONE',  ( 1.000000000000000000, 0.0000000000000000000, -2.492171718503151100E-016 ) ) ;
#554 = ORIENTED_EDGE ( 'NONE', *, *, #2844, .F. ) ;
#555 = VECTOR ( 'NONE', #7339, 39.37007874015748100 ) ;
#556 = VERTEX_POINT ( 'NONE', #3874 ) ;
#557 = CYLINDRICAL_SURFACE ( 'NONE', #2242, 0.01000000000000003000 ) ;
#558 = CARTESIAN_POINT ( 'NONE',  ( 0.1653149606299236500, -1.430189469801922900E-015, -0.4130000000000027500 ) ) ;
#559 = DIRECTION ( 'NONE',  ( 0.0000000000000000000, 0.0000000000000000000, 1.000000000000000000 ) ) ;
#560 = DIRECTION ( 'NONE',  ( 0.0000000000000000000, -0.0000000000000000000, -1.000000000000000000 ) ) ;
#561 = ORIENTED_EDGE ( 'NONE', *, *, #5294, .T. ) ;
#562 = EDGE_CURVE ( 'NONE', #9029, #9813, #968, .T. ) ;
#563 = LINE ( 'NONE', #9307, #8389 ) ;
#564 = AXIS2_PLACEMENT_3D ( 'NONE', #4799, #2492, #7792 ) ;
#565 = EDGE_LOOP ( 'NONE', ( #7974, #2644, #3590, #1896 ) ) ;
#566 = LINE ( 'NONE', #64, #5071 ) ;
#567 = EDGE_CURVE ( 'NONE', #4159, #9029, #735, .T. ) ;
#568 = ORIENTED_EDGE ( 'NONE', *, *, #4831, .T. ) ;
#569 = CARTESIAN_POINT ( 'NONE',  ( -0.1142984638647553800, 0.6666141732283462600, 0.2575511811023651900 ) ) ;
#570 = CIRCLE ( 'NONE', #1676, 0.01499999999999999400 ) ;
#571 = CARTESIAN_POINT ( 'NONE',  ( -0.2669099894223583300, 0.6205511811023621800, 0.1385002118027675600 ) ) ;
#572 = CARTESIAN_POINT ( 'NONE',  ( 0.3071293029295943400, 0.6663051303775455700, 0.2575511811023615300 ) ) ;
#573 = CARTESIAN_POINT ( 'NONE',  ( 0.1250000000000000300, 0.01450000000000000100, -0.2374999999999999900 ) ) ;
#574 = VERTEX_POINT ( 'NONE', #8299 ) ;
#575 = LINE ( 'NONE', #5471, #4027 ) ;
#576 = CARTESIAN_POINT ( 'NONE',  ( -0.2755511811023642600, 0.01450000000000000100, 0.07990778161457233500 ) ) ;
#577 = DIRECTION ( 'NONE',  ( -0.0000000000000000000, 0.0000000000000000000, 1.000000000000000000 ) ) ;
#578 = VERTEX_POINT ( 'NONE', #7493 ) ;
#579 = PLANE ( 'NONE',  #2495 ) ;
#580 = LINE ( 'NONE', #61, #1185 ) ;
#581 = DIRECTION ( 'NONE',  ( 0.0000000000000000000, 0.0000000000000000000, -1.000000000000000000 ) ) ;
#582 = VERTEX_POINT ( 'NONE', #3737 ) ;
#583 = EDGE_CURVE ( 'NONE', #8898, #9418, #5002, .T. ) ;
#584 = VERTEX_POINT ( 'NONE', #5275 ) ;
#585 = LINE ( 'NONE', #2050, #2369 ) ;
#586 = ORIENTED_EDGE ( 'NONE', *, *, #5499, .T. ) ;
#587 = AXIS2_PLACEMENT_3D ( 'NONE', #2929, #4415, #639 ) ;
#588 = EDGE_LOOP ( 'NONE', ( #4675, #8237, #1652, #5214 ) ) ;
#589 = ADVANCED_FACE ( 'NONE', ( #6528 ), #3, .T. ) ;
#590 = PLANE ( 'NONE',  #7868 ) ;
#591 = EDGE_LOOP ( 'NONE', ( #711, #5855, #7673, #170 ) ) ;
#592 = CARTESIAN_POINT ( 'NONE',  ( 0.3155511811023630800, 0.6723036717348477300, -0.4053036717348482100 ) ) ;
#593 = VECTOR ( 'NONE', #8581, 39.37007874015748100 ) ;
#594 = CIRCLE ( 'NONE', #3439, 0.01500000000000001200 ) ;
#595 = DIRECTION ( 'NONE',  ( 0.0000000000000000000, -0.0000000000000000000, -1.000000000000000000 ) ) ;
#596 = VECTOR ( 'NONE', #6437, 39.37007874015748100 ) ;
#597 = EDGE_CURVE ( 'NONE', #5434, #7742, #2984, .T. ) ;
#598 = ORIENTED_EDGE ( 'NONE', *, *, #321, .T. ) ;
#599 =( NAMED_UNIT ( * ) PLANE_ANGLE_UNIT ( ) SI_UNIT ( $, .RADIAN. ) );
#600 = LINE ( 'NONE', #5455, #7465 ) ;
#601 = SURFACE_STYLE_USAGE ( .BOTH. , #6404 ) ;
#602 = ORIENTED_EDGE ( 'NONE', *, *, #3716, .F. ) ;
#603 = CARTESIAN_POINT ( 'NONE',  ( -0.3155511811023621900, 0.6666141732283464800, -0.3949533149417182000 ) ) ;
#604 = ORIENTED_EDGE ( 'NONE', *, *, #5743, .T. ) ;
#605 = LINE ( 'NONE', #2715, #7961 ) ;
#606 = FACE_OUTER_BOUND ( 'NONE', #4961, .T. ) ;
#607 = CARTESIAN_POINT ( 'NONE',  ( 0.3116141732283466700, 0.6705511811023621100, -0.3949533149417188100 ) ) ;
#608 = ORIENTED_EDGE ( 'NONE', *, *, #8197, .T. ) ;
#609 = CARTESIAN_POINT ( 'NONE',  ( 0.3250000000000015700, 0.01999999999999994100, 0.06990778161457220100 ) ) ;
#610 = CARTESIAN_POINT ( 'NONE',  ( 0.1850000000000023800, 0.5358241725520462900, 0.2670000000000046200 ) ) ;
#611 = CIRCLE ( 'NONE', #9798, 0.01181102362204724000 ) ;
#612 = CARTESIAN_POINT ( 'NONE',  ( 0.3136692388140299200, 0.6619533149417187200, -0.4031268775732669300 ) ) ;
#613 = CARTESIAN_POINT ( 'NONE',  ( 0.1295137373393535100, 0.2705511811023621500, 0.1704271400810135600 ) ) ;
#614 = CIRCLE ( 'NONE', #6007, 0.01250000000000000200 ) ;
#615 = ORIENTED_EDGE ( 'NONE', *, *, #6697, .F. ) ;
#616 = DIRECTION ( 'NONE',  ( 0.0000000000000000000, -0.0000000000000000000, 1.000000000000000000 ) ) ;
#617 = DIRECTION ( 'NONE',  ( -0.0000000000000000000, -0.0000000000000000000, 1.000000000000000000 ) ) ;
#618 = EDGE_CURVE ( 'NONE', #5224, #7778, #2749, .T. ) ;
#619 = EDGE_CURVE ( 'NONE', #3898, #3409, #8797, .T. ) ;
#620 = FACE_OUTER_BOUND ( 'NONE', #7336, .T. ) ;
#621 = VECTOR ( 'NONE', #324, 39.37007874015748100 ) ;
#622 = ORIENTED_EDGE ( 'NONE', *, *, #3184, .T. ) ;
#623 = CARTESIAN_POINT ( 'NONE',  ( 0.2755511811023643200, 0.01450000000000000100, 0.2575511811023650800 ) ) ;
#624 = CARTESIAN_POINT ( 'NONE',  ( 0.0000000000000000000, 0.0000000000000000000, 0.0000000000000000000 ) ) ;
#625 = CARTESIAN_POINT ( 'NONE',  ( -0.3155511811023643000, 0.01450000000000000100, -0.4035511811023633200 ) ) ;
#626 = DIRECTION ( 'NONE',  ( 0.0000000000000000000, -0.0000000000000000000, -1.000000000000000000 ) ) ;
#627 = EDGE_CURVE ( 'NONE', #7713, #4375, #4525, .T. ) ;
#628 = LINE ( 'NONE', #9706, #5486 ) ;
#629 = ORIENTED_EDGE ( 'NONE', *, *, #7544, .T. ) ;
#630 = DIRECTION ( 'NONE',  ( 1.000000000000000000, 0.0000000000000000000, -1.459106284977188500E-016 ) ) ;
#631 = FACE_OUTER_BOUND ( 'NONE', #7757, .T. ) ;
#632 = CARTESIAN_POINT ( 'NONE',  ( -0.3155511811023642400, 0.07200000000000000800, -0.2637107877407313100 ) ) ;
#633 = ORIENTED_EDGE ( 'NONE', *, *, #9604, .F. ) ;
#634 = UNCERTAINTY_MEASURE_WITH_UNIT (LENGTH_MEASURE( 1.000000000000000100E-005 ), #2223, 'distance_accuracy_value', 'NONE');
#635 = EDGE_CURVE ( 'NONE', #5584, #1439, #3219, .T. ) ;
#636 = CARTESIAN_POINT ( 'NONE',  ( 0.3069533149417188500, 0.6800000000000007100, 0.2536141732283463400 ) ) ;
#637 = SURFACE_STYLE_FILL_AREA ( #6742 ) ;
#638 = ORIENTED_EDGE ( 'NONE', *, *, #2231, .T. ) ;
#639 = DIRECTION ( 'NONE',  ( 0.0000000000000000000, -0.0000000000000000000, 1.000000000000000000 ) ) ;
#640 = EDGE_LOOP ( 'NONE', ( #5491, #9314, #5523, #3780 ) ) ;
#641 = LINE ( 'NONE', #372, #2181 ) ;
#642 = ADVANCED_FACE ( 'NONE', ( #7004 ), #2261, .T. ) ;
#643 = ORIENTED_EDGE ( 'NONE', *, *, #3596, .F. ) ;
#644 = EDGE_CURVE ( 'NONE', #5665, #2171, #277, .T. ) ;
#645 =( BOUNDED_CURVE ( )  B_SPLINE_CURVE ( 3, ( #7387, #5106, #4343, #9603 ),
 .UNSPECIFIED., .F., .F. ) 
 B_SPLINE_CURVE_WITH_KNOTS ( ( 4, 4 ),
 ( 1.570796326794896600, 3.141592653589793100 ),
 .UNSPECIFIED. ) 
 CURVE ( )  GEOMETRIC_REPRESENTATION_ITEM ( )  RATIONAL_B_SPLINE_CURVE ( ( 1.000000000000000000, 0.8047378541243649400, 0.8047378541243649400, 1.000000000000000000 ) ) 
 REPRESENTATION_ITEM ( '' )  );
#646 = PLANE ( 'NONE',  #6382 ) ;
#647 = DIRECTION ( 'NONE',  ( 1.000000000000000000, -0.0000000000000000000, -0.0000000000000000000 ) ) ;
#648 = DIRECTION ( 'NONE',  ( 0.0000000000000000000, 0.0000000000000000000, 1.000000000000000000 ) ) ;
#649 = EDGE_LOOP ( 'NONE', ( #4416, #1017, #3871, #1033 ) ) ;
#650 = AXIS2_PLACEMENT_3D ( 'NONE', #238, #8649, #2707 ) ;
#651 = FACE_OUTER_BOUND ( 'NONE', #2571, .T. ) ;
#652 = VERTEX_POINT ( 'NONE', #9208 ) ;
#653 = VERTEX_POINT ( 'NONE', #8496 ) ;
#654 = PLANE ( 'NONE',  #3756 ) ;
#655 = EDGE_CURVE ( 'NONE', #449, #6648, #9022, .T. ) ;
#656 = ORIENTED_EDGE ( 'NONE', *, *, #7599, .T. ) ;
#657 = LINE ( 'NONE', #3407, #92 ) ;
#658 = VERTEX_POINT ( 'NONE', #1030 ) ;
#659 = CARTESIAN_POINT ( 'NONE',  ( -0.3155511811023643000, 0.03999999999999992500, -0.2537107877407313000 ) ) ;
#660 = CARTESIAN_POINT ( 'NONE',  ( -0.3155511811023650700, -0.1549999999999955000, -0.1639519052838328500 ) ) ;
#661 = CARTESIAN_POINT ( 'NONE',  ( 0.1745137373393535200, 0.6705511811023621100, 0.1973173628908212700 ) ) ;
#662 = VERTEX_POINT ( 'NONE', #8665 ) ;
#663 = AXIS2_PLACEMENT_3D ( 'NONE', #6647, #664, #7513 ) ;
#664 = DIRECTION ( 'NONE',  ( 1.000000000000000000, -3.462928498309742800E-015, 0.0000000000000000000 ) ) ;
#665 = CARTESIAN_POINT ( 'NONE',  ( -0.2669099894223583300, 0.6799999999999999400, 0.1503393543984664600 ) ) ;
#666 = ADVANCED_FACE ( 'NONE', ( #7481 ), #2661, .F. ) ;
#667 = MECHANICAL_DESIGN_GEOMETRIC_PRESENTATION_REPRESENTATION (  '', ( #1874 ), #9511 ) ;
#668 = VERTEX_POINT ( 'NONE', #4803 ) ;
#669 = LINE ( 'NONE', #2199, #2671 ) ;
#670 = CARTESIAN_POINT ( 'NONE',  ( -0.3250000000000000700, 0.6666141732283462600, 0.1077457736259981600 ) ) ;
#671 = CARTESIAN_POINT ( 'NONE',  ( 0.3151268775732672400, 0.6686692388140284000, -0.3949533149417187600 ) ) ;
#672 = EDGE_CURVE ( 'NONE', #6875, #7376, #5462, .T. ) ;
#673 = ORIENTED_EDGE ( 'NONE', *, *, #7758, .T. ) ;
#674 = CARTESIAN_POINT ( 'NONE',  ( -0.08354462770099661800, 0.6355511811023624200, 0.2575511811023651900 ) ) ;
#675 = LINE ( 'NONE', #3394, #6426 ) ;
#676 = DIRECTION ( 'NONE',  ( 1.000000000000000000, 0.0000000000000000000, 0.0000000000000000000 ) ) ;
#677 = ORIENTED_EDGE ( 'NONE', *, *, #4447, .T. ) ;
#678 = VECTOR ( 'NONE', #6491, 39.37007874015748100 ) ;
#679 = PLANE ( 'NONE',  #2217 ) ;
#680 = DIRECTION ( 'NONE',  ( 0.0000000000000000000, 0.0000000000000000000, 1.000000000000000000 ) ) ;
#681 = CARTESIAN_POINT ( 'NONE',  ( 0.1605905511811046800, 0.06600000000000101600, 0.2575511811023651300 ) ) ;
#682 = EDGE_CURVE ( 'NONE', #3434, #662, #4752, .T. ) ;
#683 = AXIS2_PLACEMENT_3D ( 'NONE', #7681, #831, #8451 ) ;
#684 = VERTEX_POINT ( 'NONE', #1002 ) ;
#685 = VECTOR ( 'NONE', #9802, 39.37007874015748100 ) ;
#686 = DIRECTION ( 'NONE',  ( -5.782411586589324900E-015, 1.000000000000000000, 0.0000000000000000000 ) ) ;
#687 = VERTEX_POINT ( 'NONE', #9471 ) ;
#688 = FACE_OUTER_BOUND ( 'NONE', #2614, .T. ) ;
#689 = ORIENTED_EDGE ( 'NONE', *, *, #3310, .F. ) ;
#690 = DIRECTION ( 'NONE',  ( 0.0000000000000000000, 1.000000000000000000, 0.0000000000000000000 ) ) ;
#691 = DIRECTION ( 'NONE',  ( 0.0000000000000000000, 0.0000000000000000000, -1.000000000000000000 ) ) ;
#692 = ORIENTED_EDGE ( 'NONE', *, *, #9596, .T. ) ;
#693 = DIRECTION ( 'NONE',  ( -6.954409837152875700E-015, 3.491481338843133400E-015, 1.000000000000000000 ) ) ;
#694 = ADVANCED_FACE ( 'NONE', ( #2751 ), #2533, .F. ) ;
#695 = CYLINDRICAL_SURFACE ( 'NONE', #7890, 0.01181102362204731000 ) ;
#696 = DIRECTION ( 'NONE',  ( 0.0000000000000000000, 0.0000000000000000000, 1.000000000000000000 ) ) ;
#697 = EDGE_CURVE ( 'NONE', #3212, #4305, #9642, .T. ) ;
#698 = CARTESIAN_POINT ( 'NONE',  ( -0.3250000000000023400, 0.03999999999999992500, -0.2537107877407313000 ) ) ;
#699 = AXIS2_PLACEMENT_3D ( 'NONE', #9478, #1180, #7233 ) ;
#700 = ORIENTED_EDGE ( 'NONE', *, *, #269, .F. ) ;
#701 = DIRECTION ( 'NONE',  ( -1.000000000000000000, 0.0000000000000000000, 2.164346195853768800E-016 ) ) ;
#702 = CYLINDRICAL_SURFACE ( 'NONE', #4717, 0.01250000000000000200 ) ;
#703 =( LENGTH_UNIT ( ) NAMED_UNIT ( * ) SI_UNIT ( $, .METRE. ) );
#704 = DIRECTION ( 'NONE',  ( 2.492171718503151100E-016, 0.0000000000000000000, 1.000000000000000000 ) ) ;
#705 = ORIENTED_EDGE ( 'NONE', *, *, #5546, .T. ) ;
#706 = LINE ( 'NONE', #6111, #3193 ) ;
#707 = EDGE_CURVE ( 'NONE', #6307, #1380, #1922, .T. ) ;
#708 = DIRECTION ( 'NONE',  ( -1.000000000000000000, -0.0000000000000000000, -0.0000000000000000000 ) ) ;
#709 = CARTESIAN_POINT ( 'NONE',  ( -0.2669099894223583300, 0.6664090454786311100, 0.1385002118027675600 ) ) ;
#710 = DIRECTION ( 'NONE',  ( -1.000000000000000000, 0.0000000000000000000, -0.0000000000000000000 ) ) ;
#711 = ORIENTED_EDGE ( 'NONE', *, *, #8246, .F. ) ;
#712 = COLOUR_RGB ( '',0.7921568627450980000, 0.8196078431372548800, 0.9333333333333333500 ) ;
#713 = DIRECTION ( 'NONE',  ( -5.782411586589324900E-015, 1.000000000000000000, 0.0000000000000000000 ) ) ;
#714 = ORIENTED_EDGE ( 'NONE', *, *, #282, .T. ) ;
#715 = AXIS2_PLACEMENT_3D ( 'NONE', #5592, #4069, #325 ) ;
#716 = ORIENTED_EDGE ( 'NONE', *, *, #6048, .T. ) ;
#717 = VECTOR ( 'NONE', #7102, 39.37007874015748100 ) ;
#718 = DIRECTION ( 'NONE',  ( 0.0000000000000000000, 1.000000000000000000, 0.0000000000000000000 ) ) ;
#719 = VECTOR ( 'NONE', #22, 39.37007874015748100 ) ;
#720 = DIRECTION ( 'NONE',  ( 1.000000000000000000, 0.0000000000000000000, -2.492171718503151100E-016 ) ) ;
#721 = DIRECTION ( 'NONE',  ( -0.0000000000000000000, 1.000000000000000000, -0.0000000000000000000 ) ) ;
#722 = VECTOR ( 'NONE', #2128, 39.37007874015748100 ) ;
#723 = ORIENTED_EDGE ( 'NONE', *, *, #4850, .T. ) ;
#724 = ADVANCED_FACE ( 'NONE', ( #9133 ), #3339, .F. ) ;
#725 = DIRECTION ( 'NONE',  ( 1.000000000000000000, 0.0000000000000000000, -2.492171718503151100E-016 ) ) ;
#726 = EDGE_CURVE ( 'NONE', #8421, #9145, #970, .T. ) ;
#727 = ORIENTED_EDGE ( 'NONE', *, *, #794, .T. ) ;
#728 = LINE ( 'NONE', #2912, #4866 ) ;
#729 = CONICAL_SURFACE ( 'NONE', #9200, 0.04849584923580589600, 0.6108652381980129700 ) ;
#730 = STYLED_ITEM ( 'NONE', ( #9076 ), #3137 ) ;
#731 = ORIENTED_EDGE ( 'NONE', *, *, #7832, .T. ) ;
#732 = DIRECTION ( 'NONE',  ( -0.0000000000000000000, 1.000000000000000000, -0.0000000000000000000 ) ) ;
#733 = CARTESIAN_POINT ( 'NONE',  ( -0.2669099894223583300, 0.6705511811023621100, 0.1503393543984664600 ) ) ;
#734 = ORIENTED_EDGE ( 'NONE', *, *, #8033, .T. ) ;
#735 = LINE ( 'NONE', #8269, #9018 ) ;
#736 = CIRCLE ( 'NONE', #448, 0.01250000000000000200 ) ;
#737 = CARTESIAN_POINT ( 'NONE',  ( -0.3155511811023643000, 0.6705511811023621100, -0.3935511811023632600 ) ) ;
#738 = CIRCLE ( 'NONE', #5273, 0.01250000000000000200 ) ;
#739 = CARTESIAN_POINT ( 'NONE',  ( 0.3113051303775445400, 0.6621293029295948200, 0.2575511811023637500 ) ) ;
#740 = ORIENTED_EDGE ( 'NONE', *, *, #5787, .F. ) ;
#741 = EDGE_CURVE ( 'NONE', #1276, #2542, #4530, .T. ) ;
#742 = CARTESIAN_POINT ( 'NONE',  ( 0.2669099894223583300, 0.6205511811023621800, 0.2073173628908212800 ) ) ;
#743 = ORIENTED_EDGE ( 'NONE', *, *, #7027, .T. ) ;
#744 = CARTESIAN_POINT ( 'NONE',  ( -0.2249999999999999800, -0.1250000000000000000, -0.04849584923580589600 ) ) ;
#745 = FILL_AREA_STYLE_COLOUR ( '', #8931 ) ;
#746 = VECTOR ( 'NONE', #822, 39.37007874015748100 ) ;
#747 = DIRECTION ( 'NONE',  ( -0.7071067811865463500, -0.7071067811865487900, 0.0000000000000000000 ) ) ;
#748 = CARTESIAN_POINT ( 'NONE',  ( -0.3136692388140289200, 0.6619533149417187200, 0.2571268775732675800 ) ) ;
#749 = VECTOR ( 'NONE', #3155, 39.37007874015748100 ) ;
#750 = CARTESIAN_POINT ( 'NONE',  ( 0.3235573680010763200, 0.6736013962196657500, -0.3949533149417187600 ) ) ;
#751 = ORIENTED_EDGE ( 'NONE', *, *, #2941, .F. ) ;
#752 = AXIS2_PLACEMENT_3D ( 'NONE', #4598, #6118, #2351 ) ;
#753 = ADVANCED_FACE ( 'NONE', ( #8799 ), #6339, .T. ) ;
#754 = DIRECTION ( 'NONE',  ( -1.201444672329394600E-029, 1.000000000000000000, -3.462928498309717500E-015 ) ) ;
#755 = CARTESIAN_POINT ( 'NONE',  ( -0.3055511811023642900, 0.6605511811023620000, -0.4035511811023633200 ) ) ;
#756 = PLANE ( 'NONE',  #2889 ) ;
#757 = ORIENTED_EDGE ( 'NONE', *, *, #2756, .F. ) ;
#758 = CYLINDRICAL_SURFACE ( 'NONE', #2845, 0.009999999999999995000 ) ;
#759 = EDGE_LOOP ( 'NONE', ( #4608, #9401, #9448, #3082 ) ) ;
#760 = EDGE_CURVE ( 'NONE', #9166, #4380, #5230, .T. ) ;
#761 = AXIS2_PLACEMENT_3D ( 'NONE', #6884, #2426, #7690 ) ;
#762 = DIRECTION ( 'NONE',  ( 1.000000000000000000, -1.156482317317871800E-014, 0.0000000000000000000 ) ) ;
#763 = FACE_OUTER_BOUND ( 'NONE', #2014, .T. ) ;
#764 = ORIENTED_EDGE ( 'NONE', *, *, #3669, .T. ) ;
#765 = EDGE_LOOP ( 'NONE', ( #2007, #7406, #2135, #3641 ) ) ;
#766 = DIRECTION ( 'NONE',  ( 0.0000000000000000000, 0.0000000000000000000, 1.000000000000000000 ) ) ;
#767 = CARTESIAN_POINT ( 'NONE',  ( -0.3173036717348476900, 0.6723036717348465100, -0.4035511811023611600 ) ) ;
#768 = LINE ( 'NONE', #4142, #6914 ) ;
#769 = ORIENTED_EDGE ( 'NONE', *, *, #5518, .T. ) ;
#770 = PLANE ( 'NONE',  #3708 ) ;
#771 = EDGE_CURVE ( 'NONE', #4740, #2286, #2989, .T. ) ;
#772 = CARTESIAN_POINT ( 'NONE',  ( 0.2755511811023643200, 0.01450000000000000100, 0.07990778161457226500 ) ) ;
#773 = PLANE ( 'NONE',  #2567 ) ;
#774 = VECTOR ( 'NONE', #1374, 39.37007874015748100 ) ;
#775 = EDGE_LOOP ( 'NONE', ( #8786, #1477, #1272, #5169, #1744, #8859, #1235, #3752, #1080, #436, #5568, #1068, #3689, #6435, #5919, #5265, #6320, #7949, #7437, #883 ) ) ;
#776 = DIRECTION ( 'NONE',  ( 3.518350040768382100E-015, -0.9659258262890679800, -0.2588190451025214100 ) ) ;
#777 = ADVANCED_FACE ( 'NONE', ( #6877 ), #8639, .T. ) ;
#778 = AXIS2_PLACEMENT_3D ( 'NONE', #5218, #690, #6794 ) ;
#779 = ORIENTED_EDGE ( 'NONE', *, *, #311, .F. ) ;
#780 = DIRECTION ( 'NONE',  ( 0.0000000000000000000, 1.000000000000000000, 0.0000000000000000000 ) ) ;
#781 = CARTESIAN_POINT ( 'NONE',  ( 0.3136692388140288600, 0.6701268775732669400, -0.3949533149417188700 ) ) ;
#782 = CARTESIAN_POINT ( 'NONE',  ( -0.3116141732283464500, 0.6666141732283464800, -0.5562695347634599700 ) ) ;
#783 = ORIENTED_EDGE ( 'NONE', *, *, #1375, .T. ) ;
#784 = VECTOR ( 'NONE', #7131, 39.37007874015748100 ) ;
#785 = CARTESIAN_POINT ( 'NONE',  ( 0.1750000000000000400, 0.01450000000000000100, -0.3500000000000000900 ) ) ;
#786 = ORIENTED_EDGE ( 'NONE', *, *, #7734, .T. ) ;
#787 = EDGE_CURVE ( 'NONE', #500, #4678, #9761, .T. ) ;
#788 = ORIENTED_EDGE ( 'NONE', *, *, #6478, .T. ) ;
#789 = EDGE_LOOP ( 'NONE', ( #1471, #8400 ) ) ;
#790 = VECTOR ( 'NONE', #4388, 39.37007874015748100 ) ;
#791 = ORIENTED_EDGE ( 'NONE', *, *, #2045, .F. ) ;
#792 = PLANE ( 'NONE',  #4693 ) ;
#793 = CARTESIAN_POINT ( 'NONE',  ( -0.3250000000000023400, 0.06600000000000103000, 0.2669999999999999600 ) ) ;
#794 = EDGE_CURVE ( 'NONE', #653, #193, #2267, .T. ) ;
#795 = CARTESIAN_POINT ( 'NONE',  ( 0.3155511811023642400, 0.01450000000000000100, -0.06845163660186295900 ) ) ;
#796 = ADVANCED_FACE ( 'NONE', ( #7730 ), #1077, .F. ) ;
#797 = ORIENTED_EDGE ( 'NONE', *, *, #3301, .T. ) ;
#798 = CARTESIAN_POINT ( 'NONE',  ( 0.1850000000000024400, 0.5358241725520462900, 0.2575511811023668000 ) ) ;
#799 = VERTEX_POINT ( 'NONE', #936 ) ;
#800 = VECTOR ( 'NONE', #7, 39.37007874015748100 ) ;
#801 = ORIENTED_EDGE ( 'NONE', *, *, #9131, .T. ) ;
#802 = LINE ( 'NONE', #5682, #4948 ) ;
#803 = DIRECTION ( 'NONE',  ( 0.0000000000000000000, 1.000000000000000000, 0.0000000000000000000 ) ) ;
#804 = DIRECTION ( 'NONE',  ( 1.000000000000000000, 0.0000000000000000000, 0.0000000000000000000 ) ) ;
#805 = DIRECTION ( 'NONE',  ( 0.7838641437523689000, 0.0000000000000000000, -0.6209323667996099500 ) ) ;
#806 = VERTEX_POINT ( 'NONE', #9206 ) ;
#807 = VECTOR ( 'NONE', #1362, 39.37007874015748100 ) ;
#808 = EDGE_CURVE ( 'NONE', #4198, #8898, #3224, .T. ) ;
#809 = DIRECTION ( 'NONE',  ( -0.0000000000000000000, 1.000000000000000000, -0.0000000000000000000 ) ) ;
#810 = ORIENTED_EDGE ( 'NONE', *, *, #5662, .F. ) ;
#811 = DIRECTION ( 'NONE',  ( -0.0000000000000000000, 0.0000000000000000000, -1.000000000000000000 ) ) ;
#812 = EDGE_CURVE ( 'NONE', #3346, #5256, #3705, .T. ) ;
#813 = DIRECTION ( 'NONE',  ( -0.0000000000000000000, 1.000000000000000000, -0.0000000000000000000 ) ) ;
#814 = CYLINDRICAL_SURFACE ( 'NONE', #9506, 0.009999999999999995000 ) ;
#815 = ADVANCED_FACE ( 'NONE', ( #8563 ), #7797, .F. ) ;
#816 = EDGE_LOOP ( 'NONE', ( #4883, #9470, #1859, #5075 ) ) ;
#817 = FACE_OUTER_BOUND ( 'NONE', #9738, .T. ) ;
#818 = DIRECTION ( 'NONE',  ( -0.0000000000000000000, -1.000000000000000000, -0.0000000000000000000 ) ) ;
#819 = VERTEX_POINT ( 'NONE', #4063 ) ;
#820 = EDGE_CURVE ( 'NONE', #3554, #2927, #5566, .T. ) ;
#821 = ORIENTED_EDGE ( 'NONE', *, *, #5339, .T. ) ;
#822 = DIRECTION ( 'NONE',  ( 0.0000000000000000000, 1.000000000000000000, 0.0000000000000000000 ) ) ;
#823 = VECTOR ( 'NONE', #4449, 39.37007874015748100 ) ;
#824 = DIRECTION ( 'NONE',  ( 1.000000000000000000, 0.0000000000000000000, 0.0000000000000000000 ) ) ;
#825 = CARTESIAN_POINT ( 'NONE',  ( -0.2755511811023642600, 0.05455008786923420300, -0.06845163660186287500 ) ) ;
#826 = ORIENTED_EDGE ( 'NONE', *, *, #4311, .F. ) ;
#827 = ORIENTED_EDGE ( 'NONE', *, *, #5282, .F. ) ;
#828 = PLANE ( 'NONE',  #1351 ) ;
#829 = EDGE_CURVE ( 'NONE', #1439, #4509, #1679, .T. ) ;
#830 = VECTOR ( 'NONE', #7332, 39.37007874015748100 ) ;
#831 = DIRECTION ( 'NONE',  ( 0.0000000000000000000, -1.313388458492436200E-015, -1.000000000000000000 ) ) ;
#832 = AXIS2_PLACEMENT_3D ( 'NONE', #3230, #8534, #7865 ) ;
#833 = VERTEX_POINT ( 'NONE', #6230 ) ;
#834 = ORIENTED_EDGE ( 'NONE', *, *, #4363, .F. ) ;
#835 = CARTESIAN_POINT ( 'NONE',  ( -0.3116141732283464500, 0.6666141732283464800, -0.5562695347634599700 ) ) ;
#836 = ORIENTED_EDGE ( 'NONE', *, *, #812, .T. ) ;
#837 = EDGE_CURVE ( 'NONE', #9775, #3747, #6753, .T. ) ;
#838 = ORIENTED_EDGE ( 'NONE', *, *, #1133, .F. ) ;
#839 = SURFACE_STYLE_USAGE ( .BOTH. , #7589 ) ;
#840 = FACE_OUTER_BOUND ( 'NONE', #9091, .T. ) ;
#841 = VECTOR ( 'NONE', #6318, 39.37007874015748100 ) ;
#842 = SURFACE_SIDE_STYLE ('',( #7489 ) ) ;
#843 = DIRECTION ( 'NONE',  ( -1.000000000000000000, 0.0000000000000000000, 0.0000000000000000000 ) ) ;
#844 = CARTESIAN_POINT ( 'NONE',  ( 0.2399385210375705500, 0.6355511811023624200, -0.1833786526941294200 ) ) ;
#845 = B_SPLINE_CURVE_WITH_KNOTS ( 'NONE', 3,
 ( #334, #1087, #2642, #4998, #7943, #3370 ),
 .UNSPECIFIED., .F., .F.,
 ( 4, 2, 4 ),
 ( 0.0000000000000000000, 0.5000000000000000000, 1.000000000000000000 ),
 .UNSPECIFIED. ) ;
#846 = CYLINDRICAL_SURFACE ( 'NONE', #832, 0.06250000000000000000 ) ;
#847 = ORIENTED_EDGE ( 'NONE', *, *, #6375, .T. ) ;
#848 = STYLED_ITEM ( 'NONE', ( #5538 ), #2107 ) ;
#849 = ADVANCED_FACE ( 'NONE', ( #3104 ), #6330, .F. ) ;
#850 = LINE ( 'NONE', #119, #8431 ) ;
#851 = DIRECTION ( 'NONE',  ( -1.000000000000000000, 0.0000000000000000000, -6.196326175084991300E-017 ) ) ;
#852 =( CONVERSION_BASED_UNIT ( 'INCH', #6176 ) LENGTH_UNIT ( ) NAMED_UNIT ( #8879 ) );
#853 = FACE_OUTER_BOUND ( 'NONE', #1085, .T. ) ;
#854 = VERTEX_POINT ( 'NONE', #9280 ) ;
#855 = CARTESIAN_POINT ( 'NONE',  ( -0.3250000000000023400, 0.03999999999999992500, 0.2238645401817222200 ) ) ;
#856 = EDGE_CURVE ( 'NONE', #7551, #4255, #2710, .T. ) ;
#857 = CARTESIAN_POINT ( 'NONE',  ( 1.365923996832131600E-016, 0.6705511811023621100, 0.0000000000000000000 ) ) ;
#858 = VECTOR ( 'NONE', #5407, 39.37007874015748100 ) ;
#859 = VECTOR ( 'NONE', #8699, 39.37007874015748100 ) ;
#860 = CARTESIAN_POINT ( 'NONE',  ( -0.2755511811023642600, 0.01450000000000000100, 0.2575511811023651900 ) ) ;
#861 = CARTESIAN_POINT ( 'NONE',  ( 0.1653149606299236500, 0.06600000000000103000, 0.2670000000000029600 ) ) ;
#862 = ORIENTED_EDGE ( 'NONE', *, *, #8825, .F. ) ;
#863 = CARTESIAN_POINT ( 'NONE',  ( -0.2755511811023642600, 0.05455008786923420300, -0.2729397864125760500 ) ) ;
#864 = VERTEX_POINT ( 'NONE', #7054 ) ;
#865 = AXIS2_PLACEMENT_3D ( 'NONE', #3208, #1773, #4720 ) ;
#866 = DIRECTION ( 'NONE',  ( 0.0000000000000000000, 0.9659258262890679800, -0.2588190451025214100 ) ) ;
#867 = VECTOR ( 'NONE', #80, 39.37007874015748100 ) ;
#868 = EDGE_CURVE ( 'NONE', #1257, #7683, #5004, .T. ) ;
#869 = VECTOR ( 'NONE', #9608, 39.37007874015748100 ) ;
#870 = ADVANCED_FACE ( 'NONE', ( #505 ), #4121, .T. ) ;
#871 = ORIENTED_EDGE ( 'NONE', *, *, #6148, .F. ) ;
#872 = CARTESIAN_POINT ( 'NONE',  ( -0.2755511811023642600, 0.05455008786923420300, 0.2575511811023651900 ) ) ;
#873 = DIRECTION ( 'NONE',  ( 0.0000000000000000000, 0.0000000000000000000, 1.000000000000000000 ) ) ;
#874 = DIRECTION ( 'NONE',  ( -0.5773502691896271700, 0.5773502691896226200, 0.5773502691896271700 ) ) ;
#875 = CARTESIAN_POINT ( 'NONE',  ( 0.1760831814196595300, 0.6705511811023621100, 0.2222871597821836100 ) ) ;
#876 = ORIENTED_EDGE ( 'NONE', *, *, #2738, .T. ) ;
#877 = LINE ( 'NONE', #8840, #5137 ) ;
#878 = ORIENTED_EDGE ( 'NONE', *, *, #958, .F. ) ;
#879 = DIRECTION ( 'NONE',  ( -0.0000000000000000000, -1.000000000000000000, -0.0000000000000000000 ) ) ;
#880 = CARTESIAN_POINT ( 'NONE',  ( -0.3155511811023643000, 0.05599999999999997300, -0.1940000000000000300 ) ) ;
#881 = DIRECTION ( 'NONE',  ( -1.082173097926884400E-016, 0.0000000000000000000, -1.000000000000000000 ) ) ;
#882 = VECTOR ( 'NONE', #9275, 39.37007874015748100 ) ;
#883 = ORIENTED_EDGE ( 'NONE', *, *, #8320, .T. ) ;
#884 = DIRECTION ( 'NONE',  ( 0.0000000000000000000, 0.0000000000000000000, 1.000000000000000000 ) ) ;
#885 = CIRCLE ( 'NONE', #8174, 0.01181102362204724000 ) ;
#886 = DIRECTION ( 'NONE',  ( 1.000000000000000000, -0.0000000000000000000, -0.0000000000000000000 ) ) ;
#887 = ORIENTED_EDGE ( 'NONE', *, *, #1819, .F. ) ;
#888 = EDGE_CURVE ( 'NONE', #3034, #3826, #8323, .T. ) ;
#889 = STYLED_ITEM ( 'NONE', ( #3836 ), #9019 ) ;
#890 = CARTESIAN_POINT ( 'NONE',  ( 0.0000000000000000000, 0.6205511811023621800, 0.0000000000000000000 ) ) ;
#891 = ORIENTED_EDGE ( 'NONE', *, *, #1642, .T. ) ;
#892 = ADVANCED_FACE ( 'NONE', ( #271 ), #7963, .F. ) ;
#893 = CYLINDRICAL_SURFACE ( 'NONE', #8613, 0.01181102362204724000 ) ;
#894 = ORIENTED_EDGE ( 'NONE', *, *, #942, .T. ) ;
#895 = DIRECTION ( 'NONE',  ( -1.000000000000000000, 0.0000000000000000000, 0.0000000000000000000 ) ) ;
#896 = CARTESIAN_POINT ( 'NONE',  ( -0.3055511811023642300, 1.403100757040926000, 0.2575511811023651900 ) ) ;
#897 = ORIENTED_EDGE ( 'NONE', *, *, #3483, .T. ) ;
#898 = EDGE_CURVE ( 'NONE', #3409, #3898, #738, .T. ) ;
#899 = CARTESIAN_POINT ( 'NONE',  ( -0.1295137373393534800, 0.2705511811023621500, 0.09870736768358978600 ) ) ;
#900 = ORIENTED_EDGE ( 'NONE', *, *, #4020, .T. ) ;
#901 = MECHANICAL_DESIGN_GEOMETRIC_PRESENTATION_REPRESENTATION (  '', ( #8012 ), #9016 ) ;
#902 = FACE_OUTER_BOUND ( 'NONE', #1286, .T. ) ;
#903 = ORIENTED_EDGE ( 'NONE', *, *, #4657, .F. ) ;
#904 = EDGE_CURVE ( 'NONE', #2485, #2157, #9523, .T. ) ;
#905 = ORIENTED_EDGE ( 'NONE', *, *, #5352, .F. ) ;
#906 = CARTESIAN_POINT ( 'NONE',  ( -0.2755511811023642600, 0.01450000000000000100, 0.2575511811023651900 ) ) ;
#907 = EDGE_CURVE ( 'NONE', #4450, #4315, #3829, .T. ) ;
#908 = EDGE_LOOP ( 'NONE', ( #3792, #2670, #1949, #4820 ) ) ;
#909 = LINE ( 'NONE', #9717, #2448 ) ;
#910 = CARTESIAN_POINT ( 'NONE',  ( 0.1490000000000000800, -0.1250000000000000000, 0.1620000000000000100 ) ) ;
#911 = CARTESIAN_POINT ( 'NONE',  ( -0.3155511811023642400, 0.05455008786923420300, -0.06845163660186287500 ) ) ;
#912 = DIRECTION ( 'NONE',  ( -0.0000000000000000000, 0.0000000000000000000, 1.000000000000000000 ) ) ;
#913 = ORIENTED_EDGE ( 'NONE', *, *, #9301, .T. ) ;
#914 = FACE_OUTER_BOUND ( 'NONE', #5295, .T. ) ;
#915 = ADVANCED_FACE ( 'NONE', ( #1324 ), #1102, .T. ) ;
#916 = DIRECTION ( 'NONE',  ( 1.459106284977188500E-016, 0.0000000000000000000, 1.000000000000000000 ) ) ;
#917 = AXIS2_PLACEMENT_3D ( 'NONE', #835, #6880, #3956 ) ;
#918 = ORIENTED_EDGE ( 'NONE', *, *, #2424, .F. ) ;
#919 = FACE_OUTER_BOUND ( 'NONE', #226, .T. ) ;
#920 = CARTESIAN_POINT ( 'NONE',  ( -0.3250000000000023400, 0.05599999999999997300, -0.1940000000000000300 ) ) ;
#921 = DIRECTION ( 'NONE',  ( -3.661961499347914700E-015, 3.462928498309717100E-015, 1.000000000000000000 ) ) ;
#922 = EDGE_CURVE ( 'NONE', #5584, #4072, #8902, .T. ) ;
#923 = VERTEX_POINT ( 'NONE', #3623 ) ;
#924 = DIRECTION ( 'NONE',  ( -0.0000000000000000000, -0.0000000000000000000, -1.000000000000000000 ) ) ;
#925 = LINE ( 'NONE', #2327, #5306 ) ;
#926 = DIRECTION ( 'NONE',  ( -1.000000000000000000, 0.0000000000000000000, -6.196326175084991300E-017 ) ) ;
#927 = ORIENTED_EDGE ( 'NONE', *, *, #5662, .T. ) ;
#928 = DIRECTION ( 'NONE',  ( -1.000000000000000000, 0.0000000000000000000, 0.0000000000000000000 ) ) ;
#929 = VECTOR ( 'NONE', #5984, 39.37007874015748100 ) ;
#930 = AXIS2_PLACEMENT_3D ( 'NONE', #4604, #1535, #2360 ) ;
#931 = ORIENTED_EDGE ( 'NONE', *, *, #3002, .T. ) ;
#932 = VECTOR ( 'NONE', #8714, 39.37007874015748100 ) ;
#933 = DIRECTION ( 'NONE',  ( -0.5773502691896271700, 0.5773502691896226200, -0.5773502691896271700 ) ) ;
#934 = DIRECTION ( 'NONE',  ( 0.0000000000000000000, -0.0000000000000000000, -1.000000000000000000 ) ) ;
#935 = VERTEX_POINT ( 'NONE', #1202 ) ;
#936 = CARTESIAN_POINT ( 'NONE',  ( 0.2669099894223583300, 0.6705511811023621100, 0.2073173628908212800 ) ) ;
#937 = ADVANCED_FACE ( 'NONE', ( #8084 ), #1065, .F. ) ;
#938 = EDGE_LOOP ( 'NONE', ( #5933, #3609, #1365, #3436 ) ) ;
#939 = EDGE_CURVE ( 'NONE', #4371, #8143, #7124, .T. ) ;
#940 = VECTOR ( 'NONE', #4006, 39.37007874015748100 ) ;
#941 = CARTESIAN_POINT ( 'NONE',  ( -0.3071293029295945100, 0.6663051303775455700, -0.4035511811023610500 ) ) ;
#942 = EDGE_CURVE ( 'NONE', #7702, #7541, #4878, .T. ) ;
#943 = ORIENTED_EDGE ( 'NONE', *, *, #7642, .F. ) ;
#944 = VECTOR ( 'NONE', #8950, 39.37007874015748100 ) ;
#945 = ORIENTED_EDGE ( 'NONE', *, *, #8113, .T. ) ;
#946 = CARTESIAN_POINT ( 'NONE',  ( 0.2669099894223583300, 0.6205511811023621800, 0.2073173628908212800 ) ) ;
#947 = ORIENTED_EDGE ( 'NONE', *, *, #3108, .T. ) ;
#948 = VECTOR ( 'NONE', #6627, 39.37007874015748100 ) ;
#949 = VECTOR ( 'NONE', #7057, 39.37007874015748100 ) ;
#950 = EDGE_CURVE ( 'NONE', #9542, #380, #6851, .T. ) ;
#951 = UNCERTAINTY_MEASURE_WITH_UNIT (LENGTH_MEASURE( 1.000000000000000100E-005 ), #3101, 'distance_accuracy_value', 'NONE');
#952 = CARTESIAN_POINT ( 'NONE',  ( 0.3250000000000015700, 0.05599999999999997300, 0.07990778161457226500 ) ) ;
#953 = PRESENTATION_STYLE_ASSIGNMENT (( #6093 ) ) ;
#954 = CARTESIAN_POINT ( 'NONE',  ( 1.365923996832131600E-016, 4.097771990496394800E-016, 0.2575511811023634700 ) ) ;
#955 = DIRECTION ( 'NONE',  ( 1.000000000000000000, -0.0000000000000000000, -0.0000000000000000000 ) ) ;
#956 = EDGE_LOOP ( 'NONE', ( #3269, #7125, #5728, #65, #9806, #4644 ) ) ;
#957 = ORIENTED_EDGE ( 'NONE', *, *, #3491, .F. ) ;
#958 = EDGE_CURVE ( 'NONE', #8171, #2346, #6532, .T. ) ;
#959 = VERTEX_POINT ( 'NONE', #1 ) ;
#960 = VECTOR ( 'NONE', #5681, 39.37007874015748100 ) ;
#961 = VECTOR ( 'NONE', #8027, 39.37007874015748100 ) ;
#962 = CARTESIAN_POINT ( 'NONE',  ( 0.2561045361904967200, 0.2705511811023621500, -0.09287881401875221200 ) ) ;
#963 = ADVANCED_FACE ( 'NONE', ( #1454 ), #6817, .F. ) ;
#964 = FACE_OUTER_BOUND ( 'NONE', #8824, .T. ) ;
#965 = EDGE_CURVE ( 'NONE', #4599, #3712, #7847, .T. ) ;
#966 = DIRECTION ( 'NONE',  ( 0.0000000000000000000, -1.000000000000000000, -0.0000000000000000000 ) ) ;
#967 = VERTEX_POINT ( 'NONE', #5717 ) ;
#968 = LINE ( 'NONE', #2329, #6748 ) ;
#969 = LINE ( 'NONE', #2183, #6056 ) ;
#970 = LINE ( 'NONE', #2505, #7242 ) ;
#971 = ORIENTED_EDGE ( 'NONE', *, *, #412, .T. ) ;
#972 = AXIS2_PLACEMENT_3D ( 'NONE', #8773, #1307, #9702 ) ;
#973 = CARTESIAN_POINT ( 'NONE',  ( 0.3250000000000015700, 0.6619533149417187200, 0.2536141732283463400 ) ) ;
#974 = DIRECTION ( 'NONE',  ( 0.0000000000000000000, 0.0000000000000000000, -1.000000000000000000 ) ) ;
#975 = FACE_OUTER_BOUND ( 'NONE', #7808, .T. ) ;
#976 = CARTESIAN_POINT ( 'NONE',  ( 0.3155511811023642400, 1.403100757040926000, -0.4035511811023634300 ) ) ;
#977 = VECTOR ( 'NONE', #3932, 39.37007874015748100 ) ;
#978 = ORIENTED_EDGE ( 'NONE', *, *, #4498, .T. ) ;
#979 = EDGE_CURVE ( 'NONE', #8462, #959, #44, .T. ) ;
#980 = CARTESIAN_POINT ( 'NONE',  ( 0.3116141732283477800, 0.06600000000000101600, 0.2536141732283463400 ) ) ;
#981 = ORIENTED_EDGE ( 'NONE', *, *, #9131, .F. ) ;
#982 = CYLINDRICAL_SURFACE ( 'NONE', #6895, 0.009999999999999995000 ) ;
#983 = ADVANCED_FACE ( 'NONE', ( #2867 ), #4514, .T. ) ;
#984 = ORIENTED_EDGE ( 'NONE', *, *, #225, .F. ) ;
#985 = AXIS2_PLACEMENT_3D ( 'NONE', #7876, #7037, #8545 ) ;
#986 = CIRCLE ( 'NONE', #6768, 0.01500000000000001200 ) ;
#987 = ORIENTED_EDGE ( 'NONE', *, *, #7440, .F. ) ;
#988 = DIRECTION ( 'NONE',  ( 1.000000000000000000, -0.0000000000000000000, -0.0000000000000000000 ) ) ;
#989 = CIRCLE ( 'NONE', #3603, 0.01181102362204731000 ) ;
#990 = ORIENTED_EDGE ( 'NONE', *, *, #8081, .F. ) ;
#991 = CARTESIAN_POINT ( 'NONE',  ( 0.2249999999999999800, -0.1250000000000000000, -5.607386366632090100E-017 ) ) ;
#992 = DIRECTION ( 'NONE',  ( -0.0000000000000000000, 1.000000000000000000, -0.0000000000000000000 ) ) ;
#993 = EDGE_CURVE ( 'NONE', #9813, #1194, #1790, .T. ) ;
#994 = AXIS2_PLACEMENT_3D ( 'NONE', #9286, #7133, #7063 ) ;
#995 = VECTOR ( 'NONE', #4481, 39.37007874015748100 ) ;
#996 = ORIENTED_EDGE ( 'NONE', *, *, #9009, .T. ) ;
#997 = ORIENTED_EDGE ( 'NONE', *, *, #4887, .F. ) ;
#998 = CARTESIAN_POINT ( 'NONE',  ( -0.3071293029295945100, 0.6663051303775458000, 0.2575511811023609700 ) ) ;
#999 = DIRECTION ( 'NONE',  ( -0.0000000000000000000, 1.000000000000000000, -0.0000000000000000000 ) ) ;
#1000 = ADVANCED_FACE ( 'NONE', ( #5793 ), #8552, .F. ) ;
#1001 = DIRECTION ( 'NONE',  ( 3.462928498309742800E-015, 1.000000000000000000, 0.0000000000000000000 ) ) ;
#1002 = CARTESIAN_POINT ( 'NONE',  ( 0.2733513886040114200, 0.6799999999999999400, 0.1077457736259981600 ) ) ;
#1003 = EDGE_LOOP ( 'NONE', ( #3202, #5156, #5189, #705 ) ) ;
#1004 = FACE_OUTER_BOUND ( 'NONE', #5149, .T. ) ;
#1005 = CARTESIAN_POINT ( 'NONE',  ( -0.2249999999999999800, -0.1050000000000000100, -0.06250000000000001400 ) ) ;
#1006 = ORIENTED_EDGE ( 'NONE', *, *, #6345, .F. ) ;
#1007 = EDGE_CURVE ( 'NONE', #8998, #6222, #4398, .T. ) ;
#1008 = AXIS2_PLACEMENT_3D ( 'NONE', #7616, #5289, #766 ) ;
#1009 = ORIENTED_EDGE ( 'NONE', *, *, #3259, .T. ) ;
#1010 = DIRECTION ( 'NONE',  ( 1.000000000000000000, 0.0000000000000000000, -1.459106284977188500E-016 ) ) ;
#1011 = CARTESIAN_POINT ( 'NONE',  ( -0.3155511811023642400, 0.05455008786923420300, 0.2575511811023651900 ) ) ;
#1012 = ORIENTED_EDGE ( 'NONE', *, *, #5153, .T. ) ;
#1013 = LINE ( 'NONE', #3015, #8265 ) ;
#1014 = CARTESIAN_POINT ( 'NONE',  ( 0.2755511811023642600, 0.05455008786923420300, -0.06845163660186294500 ) ) ;
#1015 = EDGE_CURVE ( 'NONE', #8783, #5760, #7232, .T. ) ;
#1016 = CARTESIAN_POINT ( 'NONE',  ( -0.3074383457803943100, 0.6666141732283454900, 0.2669999999999987900 ) ) ;
#1017 = ORIENTED_EDGE ( 'NONE', *, *, #829, .T. ) ;
#1018 = VECTOR ( 'NONE', #102, 39.37007874015748100 ) ;
#1019 = AXIS2_PLACEMENT_3D ( 'NONE', #1741, #4823, #4079 ) ;
#1020 = CARTESIAN_POINT ( 'NONE',  ( -0.1645137373393535100, 0.6205511811023621800, 0.2073173628908212800 ) ) ;
#1021 = ORIENTED_EDGE ( 'NONE', *, *, #7501, .T. ) ;
#1022 = DIRECTION ( 'NONE',  ( 3.491481338843120300E-015, -2.855284053342700200E-017, -1.000000000000000000 ) ) ;
#1023 = VECTOR ( 'NONE', #3415, 39.37007874015748100 ) ;
#1024 = CARTESIAN_POINT ( 'NONE',  ( -0.3151185744823470400, 0.6619533149417185000, -0.4130000000000014200 ) ) ;
#1025 = DIRECTION ( 'NONE',  ( 1.000000000000000000, -0.0000000000000000000, -0.0000000000000000000 ) ) ;
#1026 = B_SPLINE_CURVE_WITH_KNOTS ( 'NONE', 3,
 ( #5997, #2935, #8922, #612, #5895, #4526 ),
 .UNSPECIFIED., .F., .F.,
 ( 4, 2, 4 ),
 ( 0.0000000000000000000, 0.5000000000000000000, 1.000000000000000000 ),
 .UNSPECIFIED. ) ;
#1027 = VERTEX_POINT ( 'NONE', #739 ) ;
#1028 = CARTESIAN_POINT ( 'NONE',  ( -0.2755511811023642600, 0.0000000000000000000, 0.1871780396547222100 ) ) ;
#1029 = CIRCLE ( 'NONE', #7132, 0.01338582677165354500 ) ;
#1030 = CARTESIAN_POINT ( 'NONE',  ( -0.08354462770099661800, 0.2705511811023621500, 0.1704271400810135900 ) ) ;
#1031 = EDGE_CURVE ( 'NONE', #2561, #687, #8436, .T. ) ;
#1032 = DIRECTION ( 'NONE',  ( 0.0000000000000000000, 0.0000000000000000000, -1.000000000000000000 ) ) ;
#1033 = ORIENTED_EDGE ( 'NONE', *, *, #922, .F. ) ;
#1034 = CARTESIAN_POINT ( 'NONE',  ( -0.3250000000000023400, 0.03999999999999992500, -0.1940000000000000100 ) ) ;
#1035 = CYLINDRICAL_SURFACE ( 'NONE', #7976, 0.01000000000000003000 ) ;
#1036 = CARTESIAN_POINT ( 'NONE',  ( -0.2249999999999999800, -0.1250000000000000000, -0.04849584923580589600 ) ) ;
#1037 = AXIS2_PLACEMENT_3D ( 'NONE', #6167, #8367, #2434 ) ;
#1038 = DIRECTION ( 'NONE',  ( -0.5773502691896271700, 0.5773502691896226200, 0.5773502691896271700 ) ) ;
#1039 = ORIENTED_EDGE ( 'NONE', *, *, #9596, .F. ) ;
#1040 = CARTESIAN_POINT ( 'NONE',  ( -0.3250000000000023400, 0.05599999999999997300, 0.07990778161457226500 ) ) ;
#1041 = VECTOR ( 'NONE', #8428, 39.37007874015748100 ) ;
#1042 = DIRECTION ( 'NONE',  ( 1.000000000000000000, 0.0000000000000000000, -0.0000000000000000000 ) ) ;
#1043 = EDGE_LOOP ( 'NONE', ( #5216, #6231, #2083, #8517 ) ) ;
#1044 = VECTOR ( 'NONE', #1366, 39.37007874015748100 ) ;
#1045 = EDGE_CURVE ( 'NONE', #2003, #3554, #1912, .T. ) ;
#1046 = DIRECTION ( 'NONE',  ( -2.492171718503151100E-016, 0.0000000000000000000, -1.000000000000000000 ) ) ;
#1047 = ORIENTED_EDGE ( 'NONE', *, *, #482, .T. ) ;
#1048 = DIRECTION ( 'NONE',  ( 0.0000000000000000000, 0.0000000000000000000, -1.000000000000000000 ) ) ;
#1049 = VECTOR ( 'NONE', #7033, 39.37007874015748100 ) ;
#1050 = CARTESIAN_POINT ( 'NONE',  ( -0.3126448794795239100, 0.6619533149417185000, -0.4035511811023626500 ) ) ;
#1051 = EDGE_LOOP ( 'NONE', ( #8652, #5923, #8339, #4340 ) ) ;
#1052 = ORIENTED_EDGE ( 'NONE', *, *, #6394, .T. ) ;
#1053 = CYLINDRICAL_SURFACE ( 'NONE', #5100, 0.01338582677165354500 ) ;
#1054 = CARTESIAN_POINT ( 'NONE',  ( -0.3250000000000023400, 0.07200000000000000800, -0.2637107877407313100 ) ) ;
#1055 = ADVANCED_FACE ( 'NONE', ( #1442 ), #7482, .T. ) ;
#1056 = AXIS2_PLACEMENT_3D ( 'NONE', #2425, #9202, #9308 ) ;
#1057 = ORIENTED_EDGE ( 'NONE', *, *, #820, .F. ) ;
#1058 = ORIENTED_EDGE ( 'NONE', *, *, #6109, .F. ) ;
#1059 = DIRECTION ( 'NONE',  ( -0.7071067811865413600, 0.7071067811865536800, 1.839735182345990300E-016 ) ) ;
#1060 = DIRECTION ( 'NONE',  ( 0.0000000000000000000, 1.000000000000000000, 3.441422560204223200E-015 ) ) ;
#1061 = VECTOR ( 'NONE', #7303, 39.37007874015748100 ) ;
#1062 = DIRECTION ( 'NONE',  ( 0.0000000000000000000, 0.0000000000000000000, -1.000000000000000000 ) ) ;
#1063 = DIRECTION ( 'NONE',  ( -0.0000000000000000000, 1.000000000000000000, -0.0000000000000000000 ) ) ;
#1064 = ORIENTED_EDGE ( 'NONE', *, *, #1322, .T. ) ;
#1065 = PLANE ( 'NONE',  #2104 ) ;
#1066 = ORIENTED_EDGE ( 'NONE', *, *, #5585, .F. ) ;
#1067 = PLANE ( 'NONE',  #4015 ) ;
#1068 = ORIENTED_EDGE ( 'NONE', *, *, #7532, .T. ) ;
#1069 = DIRECTION ( 'NONE',  ( 0.0000000000000000000, 0.0000000000000000000, 1.000000000000000000 ) ) ;
#1070 = EDGE_CURVE ( 'NONE', #806, #6180, #2392, .T. ) ;
#1071 = FACE_OUTER_BOUND ( 'NONE', #8731, .T. ) ;
#1072 = CYLINDRICAL_SURFACE ( 'NONE', #5960, 0.003937007874015724600 ) ;
#1073 = MANIFOLD_SOLID_BREP ( 'Cut-Extrude3', #8093 ) ;
#1074 = DIRECTION ( 'NONE',  ( 0.0000000000000000000, 0.0000000000000000000, 1.000000000000000000 ) ) ;
#1075 = VECTOR ( 'NONE', #7255, 39.37007874015748100 ) ;
#1076 = CARTESIAN_POINT ( 'NONE',  ( 0.2569099894223583800, 0.6705511811023621100, 0.1485002118027675400 ) ) ;
#1077 = PLANE ( 'NONE',  #9736 ) ;
#1078 = EDGE_LOOP ( 'NONE', ( #5986, #6461, #8490, #9640 ) ) ;
#1079 = VECTOR ( 'NONE', #988, 39.37007874015748100 ) ;
#1080 = ORIENTED_EDGE ( 'NONE', *, *, #5518, .F. ) ;
#1081 = CARTESIAN_POINT ( 'NONE',  ( 0.3155511811023650200, -0.1174999999999977700, -0.1739999999999999900 ) ) ;
#1082 = EDGE_CURVE ( 'NONE', #5542, #3805, #6419, .T. ) ;
#1083 = VECTOR ( 'NONE', #851, 39.37007874015748100 ) ;
#1084 = DIRECTION ( 'NONE',  ( -3.462928498309742800E-015, 1.000000000000000000, 0.0000000000000000000 ) ) ;
#1085 = EDGE_LOOP ( 'NONE', ( #1360, #9600, #1415, #3844 ) ) ;
#1086 = DIRECTION ( 'NONE',  ( -3.661961499347914700E-015, -3.462928498309717500E-015, -1.000000000000000000 ) ) ;
#1087 = CARTESIAN_POINT ( 'NONE',  ( 0.3151185744823510900, 0.6800000000000002700, 0.2489533149417187700 ) ) ;
#1088 = DIRECTION ( 'NONE',  ( 1.000000000000000000, 0.0000000000000000000, -2.164346195853768800E-016 ) ) ;
#1089 = EDGE_LOOP ( 'NONE', ( #8059, #9784, #6073, #7055 ) ) ;
#1090 = VECTOR ( 'NONE', #9431, 39.37007874015748100 ) ;
#1091 = LINE ( 'NONE', #9662, #6876 ) ;
#1092 = DIRECTION ( 'NONE',  ( 0.0000000000000000000, 0.0000000000000000000, -1.000000000000000000 ) ) ;
#1093 = ORIENTED_EDGE ( 'NONE', *, *, #4725, .T. ) ;
#1094 = VERTEX_POINT ( 'NONE', #9300 ) ;
#1095 = EDGE_CURVE ( 'NONE', #8475, #524, #7837, .T. ) ;
#1096 = DIRECTION ( 'NONE',  ( 1.429450973073895100E-016, 0.8191520442889931300, 0.5735764363510441600 ) ) ;
#1097 = CARTESIAN_POINT ( 'NONE',  ( -0.3116141732283464500, 0.6799999999999999400, 0.1077457736259981600 ) ) ;
#1098 = DIRECTION ( 'NONE',  ( 0.0000000000000000000, 0.0000000000000000000, -1.000000000000000000 ) ) ;
#1099 = CIRCLE ( 'NONE', #3175, 0.01000000000000000000 ) ;
#1100 = AXIS2_PLACEMENT_3D ( 'NONE', #2399, #128, #5400 ) ;
#1101 = VECTOR ( 'NONE', #6560, 39.37007874015748100 ) ;
#1102 = PLANE ( 'NONE',  #7360 ) ;
#1103 = EDGE_LOOP ( 'NONE', ( #4281, #2952 ) ) ;
#1104 = DIRECTION ( 'NONE',  ( -3.462928498309742800E-015, 1.000000000000000000, -1.313388458492436200E-015 ) ) ;
#1105 = AXIS2_PLACEMENT_3D ( 'NONE', #9336, #376, #6356 ) ;
#1106 = PLANE ( 'NONE',  #7231 ) ;
#1107 = CARTESIAN_POINT ( 'NONE',  ( 0.02500000000000004000, -0.1674264068711929000, -0.2374999999999999900 ) ) ;
#1108 = VECTOR ( 'NONE', #8258, 39.37007874015748100 ) ;
#1109 = EDGE_LOOP ( 'NONE', ( #8539, #1226, #5178, #3618 ) ) ;
#1110 = ADVANCED_FACE ( 'NONE', ( #6044 ), #6182, .F. ) ;
#1111 = EDGE_CURVE ( 'NONE', #7842, #4487, #4745, .T. ) ;
#1112 = DIRECTION ( 'NONE',  ( 1.000000000000000000, 0.0000000000000000000, 0.0000000000000000000 ) ) ;
#1113 = FACE_OUTER_BOUND ( 'NONE', #7912, .T. ) ;
#1114 = CARTESIAN_POINT ( 'NONE',  ( -0.3155511811023633500, 0.6666141732283464800, -0.3996141732283464100 ) ) ;
#1115 = EDGE_LOOP ( 'NONE', ( #6508, #2737, #1263, #2577 ) ) ;
#1116 = CARTESIAN_POINT ( 'NONE',  ( -0.1645137373393535100, 0.6205511811023621800, 0.1385002118027675600 ) ) ;
#1117 = CARTESIAN_POINT ( 'NONE',  ( 0.3116141732283466700, 0.6705511811023626700, -0.3949533149417188100 ) ) ;
#1118 = VERTEX_POINT ( 'NONE', #155 ) ;
#1119 = ORIENTED_EDGE ( 'NONE', *, *, #7297, .T. ) ;
#1120 = DIRECTION ( 'NONE',  ( -1.274600948223789800E-016, -1.000000000000000000, -3.441422560204232300E-015 ) ) ;
#1121 = VECTOR ( 'NONE', #7107, 39.37007874015748100 ) ;
#1122 = CARTESIAN_POINT ( 'NONE',  ( -0.3155511811023633500, 0.6619533149417182700, -0.4006448794795245400 ) ) ;
#1123 = VERTEX_POINT ( 'NONE', #5392 ) ;
#1124 = CARTESIAN_POINT ( 'NONE',  ( 0.3116141732283466700, 0.6666141732283464800, 0.1077457736259981300 ) ) ;
#1125 = EDGE_LOOP ( 'NONE', ( #6690, #7883, #2879, #6263 ) ) ;
#1126 = ORIENTED_EDGE ( 'NONE', *, *, #4991, .F. ) ;
#1127 = VECTOR ( 'NONE', #9601, 39.37007874015748100 ) ;
#1128 = ORIENTED_EDGE ( 'NONE', *, *, #1961, .F. ) ;
#1129 = EDGE_CURVE ( 'NONE', #4699, #5299, #5689, .T. ) ;
#1130 = CARTESIAN_POINT ( 'NONE',  ( 0.1808241725520474400, 0.5399999999999987000, 0.2669999999999993500 ) ) ;
#1131 = ORIENTED_EDGE ( 'NONE', *, *, #1673, .T. ) ;
#1132 = DIRECTION ( 'NONE',  ( 0.0000000000000000000, 0.0000000000000000000, -1.000000000000000000 ) ) ;
#1133 = EDGE_CURVE ( 'NONE', #7217, #7702, #4047, .T. ) ;
#1134 = AXIS2_PLACEMENT_3D ( 'NONE', #9801, #747, #5333 ) ;
#1135 = ADVANCED_FACE ( 'NONE', ( #8200 ), #7074, .T. ) ;
#1136 = VERTEX_POINT ( 'NONE', #8618 ) ;
#1137 = CYLINDRICAL_SURFACE ( 'NONE', #120, 0.01499999999999997700 ) ;
#1138 = ORIENTED_EDGE ( 'NONE', *, *, #2543, .F. ) ;
#1139 = DIRECTION ( 'NONE',  ( -0.0000000000000000000, 1.000000000000000000, -0.0000000000000000000 ) ) ;
#1140 = ORIENTED_EDGE ( 'NONE', *, *, #5244, .F. ) ;
#1141 = EDGE_CURVE ( 'NONE', #45, #6145, #6169, .T. ) ;
#1142 = DIRECTION ( 'NONE',  ( 0.0000000000000000000, 1.000000000000000000, 0.0000000000000000000 ) ) ;
#1143 = DIRECTION ( 'NONE',  ( 1.000000000000000000, 0.0000000000000000000, 0.0000000000000000000 ) ) ;
#1144 = VERTEX_POINT ( 'NONE', #513 ) ;
#1145 = EDGE_CURVE ( 'NONE', #8006, #8831, #1664, .T. ) ;
#1146 = FACE_OUTER_BOUND ( 'NONE', #5399, .T. ) ;
#1147 = AXIS2_PLACEMENT_3D ( 'NONE', #8567, #9391, #3290 ) ;
#1148 = PLANE ( 'NONE',  #6589 ) ;
#1149 = ORIENTED_EDGE ( 'NONE', *, *, #8434, .T. ) ;
#1150 = CARTESIAN_POINT ( 'NONE',  ( 1.502516396515345700E-015, 0.08200000000000000300, -0.4035511811023634900 ) ) ;
#1151 = DIRECTION ( 'NONE',  ( -0.0000000000000000000, 1.000000000000000000, -0.0000000000000000000 ) ) ;
#1152 = LINE ( 'NONE', #6036, #6701 ) ;
#1153 = CARTESIAN_POINT ( 'NONE',  ( 0.3155511811023642400, 0.01999999999999994100, -0.1019999999999999900 ) ) ;
#1154 = EDGE_CURVE ( 'NONE', #8611, #799, #5217, .T. ) ;
#1155 = VERTEX_POINT ( 'NONE', #3020 ) ;
#1156 = FACE_OUTER_BOUND ( 'NONE', #9063, .T. ) ;
#1157 =( NAMED_UNIT ( * ) PLANE_ANGLE_UNIT ( ) SI_UNIT ( $, .RADIAN. ) );
#1158 = ADVANCED_FACE ( 'NONE', ( #853 ), #4632, .F. ) ;
#1159 = ORIENTED_EDGE ( 'NONE', *, *, #1262, .T. ) ;
#1160 = AXIS2_PLACEMENT_3D ( 'NONE', #8690, #9551, #1883 ) ;
#1161 = VECTOR ( 'NONE', #3157, 39.37007874015748100 ) ;
#1162 = DIRECTION ( 'NONE',  ( 1.000000000000000000, -1.976217220297097300E-016, 3.754812718564484000E-015 ) ) ;
#1163 = DIRECTION ( 'NONE',  ( 0.0000000000000000000, -1.000000000000000000, 0.0000000000000000000 ) ) ;
#1164 = DIRECTION ( 'NONE',  ( 0.0000000000000000000, 0.0000000000000000000, -1.000000000000000000 ) ) ;
#1165 = ORIENTED_EDGE ( 'NONE', *, *, #1819, .T. ) ;
#1166 = CARTESIAN_POINT ( 'NONE',  ( 0.2755511811023643200, 0.01450000000000000100, 0.07990778161457226500 ) ) ;
#1167 = EDGE_CURVE ( 'NONE', #6621, #9558, #4995, .T. ) ;
#1168 = EDGE_LOOP ( 'NONE', ( #4591, #1386, #3580, #3431 ) ) ;
#1169 = FACE_OUTER_BOUND ( 'NONE', #4411, .T. ) ;
#1170 = DIRECTION ( 'NONE',  ( 1.000000000000000000, 0.0000000000000000000, 0.0000000000000000000 ) ) ;
#1171 = ORIENTED_EDGE ( 'NONE', *, *, #8940, .T. ) ;
#1172 = CARTESIAN_POINT ( 'NONE',  ( 0.3116141732283445000, 0.6619533149417186100, -0.4130000000000015900 ) ) ;
#1173 = AXIS2_PLACEMENT_3D ( 'NONE', #6519, #3417, #6553 ) ;
#1174 = CYLINDRICAL_SURFACE ( 'NONE', #9355, 0.009999999999999995000 ) ;
#1175 = CARTESIAN_POINT ( 'NONE',  ( -0.07499999999999996900, -0.1250000000000000000, -0.2500000000000000000 ) ) ;
#1176 = CARTESIAN_POINT ( 'NONE',  ( 0.08354462770099668800, 0.2705511811023621500, 0.2575511811023651300 ) ) ;
#1177 = DIRECTION ( 'NONE',  ( 0.0000000000000000000, 1.000000000000000000, -1.968190197164480500E-016 ) ) ;
#1178 = ORIENTED_EDGE ( 'NONE', *, *, #2250, .F. ) ;
#1179 = FACE_OUTER_BOUND ( 'NONE', #2827, .T. ) ;
#1180 = DIRECTION ( 'NONE',  ( 1.000000000000000000, 0.0000000000000000000, -0.0000000000000000000 ) ) ;
#1181 = EDGE_CURVE ( 'NONE', #819, #5120, #8073, .T. ) ;
#1182 = PLANE ( 'NONE',  #6564 ) ;
#1183 = VERTEX_POINT ( 'NONE', #1398 ) ;
#1184 = ADVANCED_FACE ( 'NONE', ( #606 ), #5195, .F. ) ;
#1185 = VECTOR ( 'NONE', #7488, 39.37007874015748900 ) ;
#1186 = ORIENTED_EDGE ( 'NONE', *, *, #8912, .F. ) ;
#1187 = CARTESIAN_POINT ( 'NONE',  ( -0.3055511811023642300, 0.6605511811023620000, 0.2575511811023651900 ) ) ;
#1188 = ORIENTED_EDGE ( 'NONE', *, *, #9110, .T. ) ;
#1189 = VECTOR ( 'NONE', #365, 39.37007874015748100 ) ;
#1190 = LINE ( 'NONE', #53, #8425 ) ;
#1191 = DIRECTION ( 'NONE',  ( 0.0000000000000000000, 0.0000000000000000000, -1.000000000000000000 ) ) ;
#1192 = EDGE_CURVE ( 'NONE', #1734, #7217, #2033, .T. ) ;
#1193 = CIRCLE ( 'NONE', #7751, 0.01338582677165354500 ) ;
#1194 = VERTEX_POINT ( 'NONE', #1363 ) ;
#1195 = LENGTH_MEASURE_WITH_UNIT ( LENGTH_MEASURE( 0.02539999999999999900 ), #529 );
#1196 = DIRECTION ( 'NONE',  ( 0.0000000000000000000, 0.0000000000000000000, 1.000000000000000000 ) ) ;
#1197 = ORIENTED_EDGE ( 'NONE', *, *, #8188, .F. ) ;
#1198 = ORIENTED_EDGE ( 'NONE', *, *, #6436, .F. ) ;
#1199 = CARTESIAN_POINT ( 'NONE',  ( -0.1490000000000000500, -0.1250000000000000000, 0.1469999999999999400 ) ) ;
#1200 = CIRCLE ( 'NONE', #4001, 0.01338582677165354500 ) ;
#1201 = LINE ( 'NONE', #4816, #9011 ) ;
#1202 = CARTESIAN_POINT ( 'NONE',  ( -0.3250000000000000100, 0.6619533149417181600, 0.2536141732283463400 ) ) ;
#1203 = CARTESIAN_POINT ( 'NONE',  ( -0.3155511811023643000, 1.403100757040926000, -0.4035511811023633200 ) ) ;
#1204 = DIRECTION ( 'NONE',  ( 0.0000000000000000000, 0.0000000000000000000, 1.000000000000000000 ) ) ;
#1205 = ORIENTED_EDGE ( 'NONE', *, *, #5140, .T. ) ;
#1206 = EDGE_CURVE ( 'NONE', #4319, #1118, #7471, .T. ) ;
#1207 = VECTOR ( 'NONE', #8363, 39.37007874015748100 ) ;
#1208 = AXIS2_PLACEMENT_3D ( 'NONE', #3501, #2106, #8776 ) ;
#1209 = DIRECTION ( 'NONE',  ( 0.0000000000000000000, 0.0000000000000000000, -1.000000000000000000 ) ) ;
#1210 = VECTOR ( 'NONE', #2850, 39.37007874015748100 ) ;
#1211 = VECTOR ( 'NONE', #6412, 39.37007874015748100 ) ;
#1212 = ADVANCED_FACE ( 'NONE', ( #33 ), #9722, .F. ) ;
#1213 = CARTESIAN_POINT ( 'NONE',  ( 0.2669099894223583300, 0.6205511811023621800, 0.2073173628908212800 ) ) ;
#1214 = ORIENTED_EDGE ( 'NONE', *, *, #515, .F. ) ;
#1215 = ORIENTED_EDGE ( 'NONE', *, *, #8216, .T. ) ;
#1216 = DIRECTION ( 'NONE',  ( -1.000000000000000000, -0.0000000000000000000, -0.0000000000000000000 ) ) ;
#1217 = EDGE_CURVE ( 'NONE', #254, #5611, #36, .T. ) ;
#1218 = VECTOR ( 'NONE', #6829, 39.37007874015748100 ) ;
#1219 = CARTESIAN_POINT ( 'NONE',  ( -0.6140847758790486400, 0.6666141732283464800, 0.2536141732283463400 ) ) ;
#1220 = FACE_OUTER_BOUND ( 'NONE', #6940, .T. ) ;
#1221 = ORIENTED_EDGE ( 'NONE', *, *, #1534, .T. ) ;
#1222 = CARTESIAN_POINT ( 'NONE',  ( -1.016877172955771100E-016, 0.6705511811023621100, 0.2475511811023651300 ) ) ;
#1223 = AXIS2_PLACEMENT_3D ( 'NONE', #3333, #1732, #6308 ) ;
#1224 = ADVANCED_FACE ( 'NONE', ( #3215 ), #729, .T. ) ;
#1225 = DIRECTION ( 'NONE',  ( 0.0000000000000000000, 0.0000000000000000000, 1.000000000000000000 ) ) ;
#1226 = ORIENTED_EDGE ( 'NONE', *, *, #7405, .T. ) ;
#1227 = LINE ( 'NONE', #8576, #57 ) ;
#1228 = DIRECTION ( 'NONE',  ( -3.518350040768382100E-015, -0.9659258262890679800, 0.2588190451025214100 ) ) ;
#1229 = ORIENTED_EDGE ( 'NONE', *, *, #1145, .F. ) ;
#1230 = EDGE_CURVE ( 'NONE', #2893, #4396, #1201, .T. ) ;
#1231 = FILL_AREA_STYLE_COLOUR ( '', #6017 ) ;
#1232 = AXIS2_PLACEMENT_3D ( 'NONE', #6848, #5489, #843 ) ;
#1233 = LINE ( 'NONE', #6360, #9044 ) ;
#1234 = ORIENTED_EDGE ( 'NONE', *, *, #8486, .T. ) ;
#1235 = ORIENTED_EDGE ( 'NONE', *, *, #6520, .F. ) ;
#1236 = DIRECTION ( 'NONE',  ( -0.0000000000000000000, 1.000000000000000000, -0.0000000000000000000 ) ) ;
#1237 = FACE_OUTER_BOUND ( 'NONE', #4362, .T. ) ;
#1238 = DIRECTION ( 'NONE',  ( -0.0000000000000000000, 0.0000000000000000000, 1.000000000000000000 ) ) ;
#1239 = VERTEX_POINT ( 'NONE', #1081 ) ;
#1240 = CARTESIAN_POINT ( 'NONE',  ( 0.1959325888690782400, 0.6705511811023621100, 0.004393306531884149200 ) ) ;
#1241 = CARTESIAN_POINT ( 'NONE',  ( 0.3116141732283445000, 0.6619533149417187200, 0.2575511811023637500 ) ) ;
#1242 = EDGE_CURVE ( 'NONE', #2241, #6868, #6744, .T. ) ;
#1243 = EDGE_LOOP ( 'NONE', ( #3065, #3164, #2191, #6955 ) ) ;
#1244 = LINE ( 'NONE', #5851, #4214 ) ;
#1245 = DIRECTION ( 'NONE',  ( 0.7071067811865502400, 0.7071067811865446900, -1.762231522034916700E-016 ) ) ;
#1246 = ORIENTED_EDGE ( 'NONE', *, *, #8794, .F. ) ;
#1247 = VERTEX_POINT ( 'NONE', #2674 ) ;
#1248 = CARTESIAN_POINT ( 'NONE',  ( -0.2399385210375706000, 0.6355511811023624200, 0.09870736768358978600 ) ) ;
#1249 = DIRECTION ( 'NONE',  ( 0.0000000000000000000, 1.000000000000000000, 0.0000000000000000000 ) ) ;
#1250 = AXIS2_PLACEMENT_3D ( 'NONE', #8328, #780, #5267 ) ;
#1251 = EDGE_LOOP ( 'NONE', ( #9201, #2362, #9318, #9716 ) ) ;
#1252 = FACE_OUTER_BOUND ( 'NONE', #3026, .T. ) ;
#1253 = ORIENTED_EDGE ( 'NONE', *, *, #8371, .F. ) ;
#1254 = ORIENTED_EDGE ( 'NONE', *, *, #4412, .T. ) ;
#1255 = DIRECTION ( 'NONE',  ( 0.0000000000000000000, 0.0000000000000000000, -1.000000000000000000 ) ) ;
#1256 = DIRECTION ( 'NONE',  ( -2.492171718503151100E-016, 0.0000000000000000000, -1.000000000000000000 ) ) ;
#1257 = VERTEX_POINT ( 'NONE', #8745 ) ;
#1258 = DIRECTION ( 'NONE',  ( 0.0000000000000000000, -0.0000000000000000000, 1.000000000000000000 ) ) ;
#1259 = LINE ( 'NONE', #9225, #7176 ) ;
#1260 = PLANE ( 'NONE',  #4620 ) ;
#1261 = DIRECTION ( 'NONE',  ( 0.0000000000000000000, 0.0000000000000000000, -1.000000000000000000 ) ) ;
#1262 = EDGE_CURVE ( 'NONE', #3581, #5416, #6999, .T. ) ;
#1263 = ORIENTED_EDGE ( 'NONE', *, *, #9066, .T. ) ;
#1264 = PLANE ( 'NONE',  #7723 ) ;
#1265 = DIRECTION ( 'NONE',  ( 1.000000000000000000, -1.274600948223916000E-016, 3.661961499347913900E-015 ) ) ;
#1266 = ADVANCED_FACE ( 'NONE', ( #3694 ), #3368, .T. ) ;
#1267 = ORIENTED_EDGE ( 'NONE', *, *, #269, .T. ) ;
#1268 = VECTOR ( 'NONE', #4250, 39.37007874015748100 ) ;
#1269 = EDGE_CURVE ( 'NONE', #7323, #7096, #5556, .T. ) ;
#1270 = CARTESIAN_POINT ( 'NONE',  ( 0.3155511811023630800, 0.6619533149417187200, 0.2536141732283463400 ) ) ;
#1271 = CARTESIAN_POINT ( 'NONE',  ( 0.2669099894223583300, 0.6705511811023621100, 0.2073173628908212800 ) ) ;
#1272 = ORIENTED_EDGE ( 'NONE', *, *, #7154, .F. ) ;
#1273 = LINE ( 'NONE', #8039, #9825 ) ;
#1274 = CARTESIAN_POINT ( 'NONE',  ( -0.3069533149417182900, 0.6686692388140284000, -0.4031268775732669300 ) ) ;
#1275 = AXIS2_PLACEMENT_3D ( 'NONE', #8325, #9068, #4543 ) ;
#1276 = VERTEX_POINT ( 'NONE', #3371 ) ;
#1277 = FACE_OUTER_BOUND ( 'NONE', #588, .T. ) ;
#1278 = PLANE ( 'NONE',  #1208 ) ;
#1279 = DIRECTION ( 'NONE',  ( 0.0000000000000000000, 0.0000000000000000000, -1.000000000000000000 ) ) ;
#1280 = CARTESIAN_POINT ( 'NONE',  ( 0.3116141732283466700, 0.6799999999999999400, -0.3949533149417188100 ) ) ;
#1281 = ORIENTED_EDGE ( 'NONE', *, *, #3954, .F. ) ;
#1282 = CARTESIAN_POINT ( 'NONE',  ( 0.2669099894223583300, 0.6605511811023621100, 0.2073173628908212800 ) ) ;
#1283 = CIRCLE ( 'NONE', #105, 0.01181102362204724000 ) ;
#1284 = DIRECTION ( 'NONE',  ( 1.000000000000000000, 3.462928498309742400E-015, 0.0000000000000000000 ) ) ;
#1285 = EDGE_CURVE ( 'NONE', #380, #6498, #8673, .T. ) ;
#1286 = EDGE_LOOP ( 'NONE', ( #8036, #3602, #2244, #6596, #7458 ) ) ;
#1287 = AXIS2_PLACEMENT_3D ( 'NONE', #4421, #9742, #5177 ) ;
#1288 = DIRECTION ( 'NONE',  ( -0.7071067811865401300, 0.0000000000000000000, 0.7071067811865549000 ) ) ;
#1289 = VERTEX_POINT ( 'NONE', #9260 ) ;
#1290 =( NAMED_UNIT ( * ) SI_UNIT ( $, .STERADIAN. ) SOLID_ANGLE_UNIT ( ) );
#1291 = DIRECTION ( 'NONE',  ( 0.0000000000000000000, 0.0000000000000000000, 1.000000000000000000 ) ) ;
#1292 = DIRECTION ( 'NONE',  ( -3.491481338843144800E-015, 3.491481338843132600E-015, -1.000000000000000000 ) ) ;
#1293 = EDGE_LOOP ( 'NONE', ( #8996, #4078, #5654, #4144, #3962, #8891, #6042, #8791, #2858, #4064, #6510, #7098, #8212, #3113, #1066, #3536, #7972, #8319, #9439, #9748, #3506, #309, #2320, #6050 ) ) ;
#1294 = LENGTH_MEASURE_WITH_UNIT ( LENGTH_MEASURE( 0.02539999999999999900 ), #8000 );
#1295 = CARTESIAN_POINT ( 'NONE',  ( 0.07500000000000005300, -0.1674264068711929000, -0.3625000000000001000 ) ) ;
#1296 = EDGE_CURVE ( 'NONE', #5791, #7650, #5676, .T. ) ;
#1297 = ORIENTED_EDGE ( 'NONE', *, *, #8137, .F. ) ;
#1298 = DIRECTION ( 'NONE',  ( 0.7071067811865523500, 0.0000000000000000000, 0.7071067811865426900 ) ) ;
#1299 = DIRECTION ( 'NONE',  ( 6.829619984160661400E-015, 1.000000000000000000, 0.0000000000000000000 ) ) ;
#1300 = ORIENTED_EDGE ( 'NONE', *, *, #4991, .T. ) ;
#1301 = VECTOR ( 'NONE', #3375, 39.37007874015748100 ) ;
#1302 = DIRECTION ( 'NONE',  ( 1.000000000000000000, 0.0000000000000000000, 0.0000000000000000000 ) ) ;
#1303 = VERTEX_POINT ( 'NONE', #9402 ) ;
#1304 = CARTESIAN_POINT ( 'NONE',  ( -0.3250000000000027300, -0.1174999999999954800, -0.1320000000000000100 ) ) ;
#1305 = ORIENTED_EDGE ( 'NONE', *, *, #9025, .F. ) ;
#1306 = FACE_OUTER_BOUND ( 'NONE', #1606, .T. ) ;
#1307 = DIRECTION ( 'NONE',  ( 0.0000000000000000000, -1.000000000000000000, 0.0000000000000000000 ) ) ;
#1308 = AXIS2_PLACEMENT_3D ( 'NONE', #4811, #3330, #3263 ) ;
#1309 = ORIENTED_EDGE ( 'NONE', *, *, #321, .F. ) ;
#1310 = ORIENTED_EDGE ( 'NONE', *, *, #8742, .T. ) ;
#1311 = VECTOR ( 'NONE', #6761, 39.37007874015748100 ) ;
#1312 = FACE_OUTER_BOUND ( 'NONE', #3341, .T. ) ;
#1313 = CARTESIAN_POINT ( 'NONE',  ( 0.2627678537986273800, 0.6705511811023621100, 0.1426423474264984800 ) ) ;
#1314 = CARTESIAN_POINT ( 'NONE',  ( -0.3155511811023633500, 0.6619533149417181600, 0.2536141732283463400 ) ) ;
#1315 = VECTOR ( 'NONE', #1032, 39.37007874015748100 ) ;
#1316 = CARTESIAN_POINT ( 'NONE',  ( -0.1295137373393534800, 0.6355511811023624200, 0.1704271400810135900 ) ) ;
#1317 = VERTEX_POINT ( 'NONE', #9111 ) ;
#1318 = LINE ( 'NONE', #9302, #9509 ) ;
#1319 = ADVANCED_FACE ( 'NONE', ( #1312 ), #8218, .T. ) ;
#1320 = CARTESIAN_POINT ( 'NONE',  ( 0.3069533149417183500, 0.6736013962196661900, -0.4115573680010760600 ) ) ;
#1321 = EDGE_CURVE ( 'NONE', #7083, #3178, #9121, .T. ) ;
#1322 = EDGE_CURVE ( 'NONE', #2633, #6000, #1901, .T. ) ;
#1323 = VECTOR ( 'NONE', #1228, 39.37007874015748900 ) ;
#1324 = FACE_OUTER_BOUND ( 'NONE', #2734, .T. ) ;
#1325 = AXIS2_PLACEMENT_3D ( 'NONE', #3398, #2669, #4164 ) ;
#1326 = ORIENTED_EDGE ( 'NONE', *, *, #4320, .T. ) ;
#1327 = DIRECTION ( 'NONE',  ( -1.000000000000000000, -0.0000000000000000000, 1.082173097926884400E-016 ) ) ;
#1328 = CARTESIAN_POINT ( 'NONE',  ( 0.3069533149417185700, 0.6705511811023621100, 0.2546448794795240200 ) ) ;
#1329 = DIRECTION ( 'NONE',  ( 1.000000000000000000, 0.0000000000000000000, -2.492171718503151100E-016 ) ) ;
#1330 = VERTEX_POINT ( 'NONE', #8322 ) ;
#1331 = LINE ( 'NONE', #9249, #1675 ) ;
#1332 = EDGE_CURVE ( 'NONE', #8898, #3494, #3569, .T. ) ;
#1333 = VERTEX_POINT ( 'NONE', #6670 ) ;
#1334 = ORIENTED_EDGE ( 'NONE', *, *, #5499, .F. ) ;
#1335 = CARTESIAN_POINT ( 'NONE',  ( -0.2490000000000000500, -0.1250000000000000000, 0.1769999999999999900 ) ) ;
#1336 = EDGE_CURVE ( 'NONE', #2062, #7936, #4162, .T. ) ;
#1337 = AXIS2_PLACEMENT_3D ( 'NONE', #4193, #3489, #4158 ) ;
#1338 = CARTESIAN_POINT ( 'NONE',  ( 0.1750000000000000400, -0.1250000000000000000, -0.3625000000000001000 ) ) ;
#1339 = EDGE_LOOP ( 'NONE', ( #6518, #4353, #3725, #2176 ) ) ;
#1340 = CARTESIAN_POINT ( 'NONE',  ( 0.3136692388140299200, 0.6619533149417187200, 0.2571268775732668500 ) ) ;
#1341 = FACE_OUTER_BOUND ( 'NONE', #5284, .T. ) ;
#1342 = CARTESIAN_POINT ( 'NONE',  ( -0.2490000000000000500, 0.01450000000000000100, 0.1620000000000000100 ) ) ;
#1343 = ORIENTED_EDGE ( 'NONE', *, *, #9485, .T. ) ;
#1344 = DIRECTION ( 'NONE',  ( 5.782411586589324900E-015, 1.000000000000000000, 0.0000000000000000000 ) ) ;
#1345 = EDGE_CURVE ( 'NONE', #8685, #7810, #594, .T. ) ;
#1346 = CARTESIAN_POINT ( 'NONE',  ( -0.2490000000000000500, -0.1674264068711929000, 0.1620000000000000100 ) ) ;
#1347 = DIRECTION ( 'NONE',  ( 1.000000000000000000, 0.0000000000000000000, 0.0000000000000000000 ) ) ;
#1348 = LINE ( 'NONE', #5578, #5364 ) ;
#1349 = ORIENTED_EDGE ( 'NONE', *, *, #455, .F. ) ;
#1350 = CARTESIAN_POINT ( 'NONE',  ( 0.1645137373393535400, 0.6705511811023621100, 0.09870736768358974500 ) ) ;
#1351 = AXIS2_PLACEMENT_3D ( 'NONE', #2388, #6115, #7680 ) ;
#1352 = VECTOR ( 'NONE', #617, 39.37007874015748100 ) ;
#1353 = DIRECTION ( 'NONE',  ( -6.829619984160658200E-015, 1.000000000000000000, 0.0000000000000000000 ) ) ;
#1354 = ORIENTED_EDGE ( 'NONE', *, *, #9685, .T. ) ;
#1355 = ORIENTED_EDGE ( 'NONE', *, *, #7108, .F. ) ;
#1356 = CARTESIAN_POINT ( 'NONE',  ( -0.1249999999999999600, -0.1250000000000000000, -0.3375000000000000800 ) ) ;
#1357 = EDGE_CURVE ( 'NONE', #352, #9566, #6735, .T. ) ;
#1358 = CARTESIAN_POINT ( 'NONE',  ( -0.1645137373393535100, 0.6664090454786311100, 0.2073173628908212800 ) ) ;
#1359 = VECTOR ( 'NONE', #3309, 39.37007874015748100 ) ;
#1360 = ORIENTED_EDGE ( 'NONE', *, *, #2523, .T. ) ;
#1361 = DIRECTION ( 'NONE',  ( 1.000000000000000000, 3.462928498309742800E-015, 0.0000000000000000000 ) ) ;
#1362 = DIRECTION ( 'NONE',  ( -0.7071067811865424700, 0.7071067811865526800, 1.635715144099911200E-014 ) ) ;
#1363 = CARTESIAN_POINT ( 'NONE',  ( 0.2669099894223583300, 0.6799999999999999400, 0.1503393543984664600 ) ) ;
#1364 = AXIS2_PLACEMENT_3D ( 'NONE', #5363, #8459, #3933 ) ;
#1365 = ORIENTED_EDGE ( 'NONE', *, *, #4013, .T. ) ;
#1366 = DIRECTION ( 'NONE',  ( 0.0000000000000000000, 0.0000000000000000000, 1.000000000000000000 ) ) ;
#1367 = LINE ( 'NONE', #9569, #8838 ) ;
#1368 = ORIENTED_EDGE ( 'NONE', *, *, #521, .T. ) ;
#1369 = CARTESIAN_POINT ( 'NONE',  ( 8.096168917827749600E-017, 0.01450000000000000100, 0.2575511811023651300 ) ) ;
#1370 = ADVANCED_FACE ( 'NONE', ( #5332 ), #1072, .F. ) ;
#1371 = AXIS2_PLACEMENT_3D ( 'NONE', #7011, #2476, #9293 ) ;
#1372 = UNCERTAINTY_MEASURE_WITH_UNIT (LENGTH_MEASURE( 1.000000000000000100E-005 ), #5437, 'distance_accuracy_value', 'NONE');
#1373 = ORIENTED_EDGE ( 'NONE', *, *, #8727, .T. ) ;
#1374 = DIRECTION ( 'NONE',  ( 0.0000000000000000000, 0.0000000000000000000, 1.000000000000000000 ) ) ;
#1375 = EDGE_CURVE ( 'NONE', #5771, #9127, #9741, .T. ) ;
#1376 = DIRECTION ( 'NONE',  ( 0.0000000000000000000, 0.0000000000000000000, 1.000000000000000000 ) ) ;
#1377 = ORIENTED_EDGE ( 'NONE', *, *, #6766, .T. ) ;
#1378 = VECTOR ( 'NONE', #1382, 39.37007874015748100 ) ;
#1379 = DIRECTION ( 'NONE',  ( 1.000000000000000000, 3.614007241618234000E-015, 0.0000000000000000000 ) ) ;
#1380 = VERTEX_POINT ( 'NONE', #2279 ) ;
#1381 = UNCERTAINTY_MEASURE_WITH_UNIT (LENGTH_MEASURE( 1.000000000000000100E-005 ), #7960, 'distance_accuracy_value', 'NONE');
#1382 = DIRECTION ( 'NONE',  ( 0.0000000000000000000, 1.000000000000000000, 0.0000000000000000000 ) ) ;
#1383 = DIRECTION ( 'NONE',  ( 1.000000000000000000, -3.462928498309742800E-015, 0.0000000000000000000 ) ) ;
#1384 = CARTESIAN_POINT ( 'NONE',  ( 0.1605905511811047700, 0.5358241725520462900, -0.4035511811023667600 ) ) ;
#1385 = CARTESIAN_POINT ( 'NONE',  ( -0.3250000000000023400, 0.08200000000000000300, -0.2637107877407313700 ) ) ;
#1386 = ORIENTED_EDGE ( 'NONE', *, *, #888, .T. ) ;
#1387 = FACE_OUTER_BOUND ( 'NONE', #1766, .T. ) ;
#1388 = ORIENTED_EDGE ( 'NONE', *, *, #6620, .F. ) ;
#1389 = VECTOR ( 'NONE', #4930, 39.37007874015748100 ) ;
#1390 = DIRECTION ( 'NONE',  ( 1.000000000000000000, 3.462928498309742400E-015, 0.0000000000000000000 ) ) ;
#1391 = DIRECTION ( 'NONE',  ( 0.0000000000000000000, 0.0000000000000000000, 1.000000000000000000 ) ) ;
#1392 = ADVANCED_FACE ( 'NONE', ( #7112 ), #9094, .F. ) ;
#1393 = DIRECTION ( 'NONE',  ( -0.0000000000000000000, 0.0000000000000000000, -1.000000000000000000 ) ) ;
#1394 = EDGE_LOOP ( 'NONE', ( #5351, #1643, #4858, #7874 ) ) ;
#1395 = EDGE_CURVE ( 'NONE', #45, #8421, #3443, .T. ) ;
#1396 = VECTOR ( 'NONE', #1096, 39.37007874015748100 ) ;
#1397 = PRESENTATION_LAYER_ASSIGNMENT (  '', '', ( #889 ) ) ;
#1398 = CARTESIAN_POINT ( 'NONE',  ( -0.2749385210375706000, 0.6705511811023621100, -0.2183786526941294000 ) ) ;
#1399 = ORIENTED_EDGE ( 'NONE', *, *, #4785, .F. ) ;
#1400 = CARTESIAN_POINT ( 'NONE',  ( -0.2733513886040114200, 0.6705511811023621100, -0.08658759291419086700 ) ) ;
#1401 = FACE_OUTER_BOUND ( 'NONE', #6251, .T. ) ;
#1402 = DIRECTION ( 'NONE',  ( -1.274600948223789800E-016, -1.000000000000000000, 3.441422560204232300E-015 ) ) ;
#1403 = EDGE_CURVE ( 'NONE', #9796, #8485, #2140, .T. ) ;
#1404 = ORIENTED_EDGE ( 'NONE', *, *, #5631, .T. ) ;
#1405 = CARTESIAN_POINT ( 'NONE',  ( -0.2399385210375706000, 0.2705511811023621500, -0.09287881401875214300 ) ) ;
#1406 = LINE ( 'NONE', #625, #463 ) ;
#1407 = CARTESIAN_POINT ( 'NONE',  ( -0.2669099894223583300, 0.6705511811023621100, 0.1385002118027675600 ) ) ;
#1408 = DIRECTION ( 'NONE',  ( 1.000000000000000000, -1.976217220297097300E-016, -3.754812718564484000E-015 ) ) ;
#1409 = CARTESIAN_POINT ( 'NONE',  ( -3.824587191129968100E-015, -1.169126130441946300E-015, -0.4130000000000021400 ) ) ;
#1410 = VERTEX_POINT ( 'NONE', #733 ) ;
#1411 = FACE_OUTER_BOUND ( 'NONE', #4180, .T. ) ;
#1412 = DIRECTION ( 'NONE',  ( -1.000000000000000000, 0.0000000000000000000, 2.891205793294679400E-015 ) ) ;
#1413 = CARTESIAN_POINT ( 'NONE',  ( 0.2249999999999999800, -0.1250000000000000000, -0.04849584923580595900 ) ) ;
#1414 = CARTESIAN_POINT ( 'NONE',  ( 0.1490000000000000800, 0.01450000000000000100, 0.1620000000000000100 ) ) ;
#1415 = ORIENTED_EDGE ( 'NONE', *, *, #8940, .F. ) ;
#1416 = CARTESIAN_POINT ( 'NONE',  ( 0.2399385210375705500, 0.2705511811023621500, -0.1833786526941294200 ) ) ;
#1417 = VECTOR ( 'NONE', #4801, 39.37007874015748100 ) ;
#1418 = ADVANCED_FACE ( 'NONE', ( #5099 ), #8350, .F. ) ;
#1419 = EDGE_CURVE ( 'NONE', #1123, #7789, #1190, .T. ) ;
#1420 = ORIENTED_EDGE ( 'NONE', *, *, #1015, .F. ) ;
#1421 = LINE ( 'NONE', #5900, #6976 ) ;
#1422 = ORIENTED_EDGE ( 'NONE', *, *, #5688, .F. ) ;
#1423 = AXIS2_PLACEMENT_3D ( 'NONE', #5735, #6481, #8646 ) ;
#1424 = DIRECTION ( 'NONE',  ( -0.0000000000000000000, 0.0000000000000000000, -1.000000000000000000 ) ) ;
#1425 = CARTESIAN_POINT ( 'NONE',  ( 0.2561045361904967200, 0.6517171962552883400, -0.09287881401875221200 ) ) ;
#1426 = ORIENTED_EDGE ( 'NONE', *, *, #2683, .T. ) ;
#1427 = CARTESIAN_POINT ( 'NONE',  ( -0.3155511811023643000, 0.6605511811023620000, -0.4035511811023633200 ) ) ;
#1428 = AXIS2_PLACEMENT_3D ( 'NONE', #4665, #9198, #2355 ) ;
#1429 = VERTEX_POINT ( 'NONE', #2246 ) ;
#1430 = DIRECTION ( 'NONE',  ( 1.000000000000000000, -3.462928498309742800E-015, 0.0000000000000000000 ) ) ;
#1431 = CIRCLE ( 'NONE', #699, 0.009999999999999995000 ) ;
#1432 = LINE ( 'NONE', #8377, #6408 ) ;
#1433 = CARTESIAN_POINT ( 'NONE',  ( -0.07499999999999996900, -0.1250000000000000000, -0.2500000000000000000 ) ) ;
#1434 = DIRECTION ( 'NONE',  ( 0.0000000000000000000, 3.462928498309717500E-015, -1.000000000000000000 ) ) ;
#1435 = LINE ( 'NONE', #5405, #7952 ) ;
#1436 = EDGE_CURVE ( 'NONE', #4979, #8611, #1557, .T. ) ;
#1437 = EDGE_LOOP ( 'NONE', ( #4491, #6612, #9024, #2769 ) ) ;
#1438 = LINE ( 'NONE', #8553, #1563 ) ;
#1439 = VERTEX_POINT ( 'NONE', #4661 ) ;
#1440 = CARTESIAN_POINT ( 'NONE',  ( -0.3116141732283463900, 0.6705511811023621100, -0.4129999999999999200 ) ) ;
#1441 = PRESENTATION_STYLE_ASSIGNMENT (( #2786 ) ) ;
#1442 = FACE_OUTER_BOUND ( 'NONE', #6112, .T. ) ;
#1443 = DIRECTION ( 'NONE',  ( -1.000000000000000000, 0.0000000000000000000, 2.492171718503151100E-016 ) ) ;
#1444 = DIRECTION ( 'NONE',  ( -0.0000000000000000000, 1.000000000000000000, -0.0000000000000000000 ) ) ;
#1445 = CARTESIAN_POINT ( 'NONE',  ( 0.3155511811023651300, -0.1549999999999977800, -0.1420480947161671400 ) ) ;
#1446 = AXIS2_PLACEMENT_3D ( 'NONE', #517, #3492, #7225 ) ;
#1447 = ADVANCED_FACE ( 'NONE', ( #4734 ), #3019, .F. ) ;
#1448 = DIRECTION ( 'NONE',  ( 1.000000000000000000, -0.0000000000000000000, -0.0000000000000000000 ) ) ;
#1449 = EDGE_LOOP ( 'NONE', ( #862, #3856, #6586, #7433 ) ) ;
#1450 = LINE ( 'NONE', #7897, #4886 ) ;
#1451 = CARTESIAN_POINT ( 'NONE',  ( 0.3155511811023644100, 0.05599999999999993900, -0.1319999999999999800 ) ) ;
#1452 = DIRECTION ( 'NONE',  ( 0.7071067811865425800, 0.0000000000000000000, -0.7071067811865523500 ) ) ;
#1453 = CIRCLE ( 'NONE', #5500, 0.01181102362204731000 ) ;
#1454 = FACE_OUTER_BOUND ( 'NONE', #6151, .T. ) ;
#1455 = ORIENTED_EDGE ( 'NONE', *, *, #8352, .T. ) ;
#1456 = CLOSED_SHELL ( 'NONE', ( #7871, #2453, #1184, #1629 ) ) ;
#1457 = DIRECTION ( 'NONE',  ( 1.000000000000000000, -0.0000000000000000000, -0.0000000000000000000 ) ) ;
#1458 = EDGE_CURVE ( 'NONE', #7778, #3838, #7708, .T. ) ;
#1459 = EDGE_CURVE ( 'NONE', #687, #8475, #6626, .T. ) ;
#1460 = FACE_OUTER_BOUND ( 'NONE', #5890, .T. ) ;
#1461 = LINE ( 'NONE', #5142, #2764 ) ;
#1462 = CARTESIAN_POINT ( 'NONE',  ( 0.2755511811023643200, 0.05455008786923420300, 0.2575511811023650800 ) ) ;
#1463 = ORIENTED_EDGE ( 'NONE', *, *, #1458, .T. ) ;
#1464 = FILL_AREA_STYLE_COLOUR ( '', #5827 ) ;
#1465 = EDGE_CURVE ( 'NONE', #2228, #8171, #9239, .T. ) ;
#1466 = EDGE_LOOP ( 'NONE', ( #6838, #700, #2049, #821 ) ) ;
#1467 = DIRECTION ( 'NONE',  ( -1.000000000000000000, 0.0000000000000000000, 0.0000000000000000000 ) ) ;
#1468 = LINE ( 'NONE', #6791, #1693 ) ;
#1469 = CARTESIAN_POINT ( 'NONE',  ( -0.3055511811023642900, 0.6605511811023620000, -0.4035511811023633200 ) ) ;
#1470 = ADVANCED_FACE ( 'NONE', ( #5915 ), #770, .T. ) ;
#1471 = ORIENTED_EDGE ( 'NONE', *, *, #7312, .T. ) ;
#1472 = AXIS2_PLACEMENT_3D ( 'NONE', #3064, #8365, #3841 ) ;
#1473 = CARTESIAN_POINT ( 'NONE',  ( -0.1295137373393534800, 0.6355511811023624200, 0.09870736768358978600 ) ) ;
#1474 = CARTESIAN_POINT ( 'NONE',  ( -0.3116141732283463900, 0.6666141732283454900, -0.4129999999999988700 ) ) ;
#1475 = COLOUR_RGB ( '',0.7921568627450980000, 0.8196078431372548800, 0.9333333333333333500 ) ;
#1476 = PLANE ( 'NONE',  #5652 ) ;
#1477 = ORIENTED_EDGE ( 'NONE', *, *, #6209, .F. ) ;
#1478 = LINE ( 'NONE', #2482, #7997 ) ;
#1479 = EDGE_LOOP ( 'NONE', ( #6165, #3144, #5724, #1712 ) ) ;
#1480 = EDGE_CURVE ( 'NONE', #2914, #2468, #1432, .T. ) ;
#1481 = CARTESIAN_POINT ( 'NONE',  ( -0.02499999999999993900, -0.1674264068711929000, -0.3625000000000001000 ) ) ;
#1482 = DIRECTION ( 'NONE',  ( 1.000000000000000000, 0.0000000000000000000, 0.0000000000000000000 ) ) ;
#1483 = CARTESIAN_POINT ( 'NONE',  ( 0.3116141732283477800, 0.9930951913557764000, 0.2536141732283463400 ) ) ;
#1484 = ORIENTED_EDGE ( 'NONE', *, *, #1321, .F. ) ;
#1485 = LINE ( 'NONE', #1976, #4089 ) ;
#1486 = ORIENTED_EDGE ( 'NONE', *, *, #3360, .T. ) ;
#1487 = DIRECTION ( 'NONE',  ( 0.0000000000000000000, 1.000000000000000000, 0.0000000000000000000 ) ) ;
#1488 = ORIENTED_EDGE ( 'NONE', *, *, #7964, .T. ) ;
#1489 = DIRECTION ( 'NONE',  ( -1.000000000000000000, 0.0000000000000000000, 0.0000000000000000000 ) ) ;
#1490 = DIRECTION ( 'NONE',  ( 3.661961499347914700E-015, 0.0000000000000000000, -1.000000000000000000 ) ) ;
#1491 = EDGE_CURVE ( 'NONE', #7697, #9558, #9632, .T. ) ;
#1492 = DIRECTION ( 'NONE',  ( 0.0000000000000000000, 0.0000000000000000000, -1.000000000000000000 ) ) ;
#1493 = ORIENTED_EDGE ( 'NONE', *, *, #8641, .T. ) ;
#1494 = ADVANCED_FACE ( 'NONE', ( #8893 ), #828, .T. ) ;
#1495 = LINE ( 'NONE', #8273, #4567 ) ;
#1496 = ORIENTED_EDGE ( 'NONE', *, *, #8625, .T. ) ;
#1497 = DIRECTION ( 'NONE',  ( 0.0000000000000000000, 1.000000000000000000, 0.0000000000000000000 ) ) ;
#1498 = DIRECTION ( 'NONE',  ( -0.0000000000000000000, -1.000000000000000000, 6.566942292462163400E-016 ) ) ;
#1499 = EDGE_LOOP ( 'NONE', ( #9008, #3984, #3992, #6555 ) ) ;
#1500 = CARTESIAN_POINT ( 'NONE',  ( -0.3250000000000011800, 0.6666141732283464800, -0.3996141732283464100 ) ) ;
#1501 = ORIENTED_EDGE ( 'NONE', *, *, #2600, .T. ) ;
#1502 = CYLINDRICAL_SURFACE ( 'NONE', #7136, 0.01181102362204724000 ) ;
#1503 = CARTESIAN_POINT ( 'NONE',  ( -0.3116141732283464500, 0.6619533149417188300, -0.4035511811023631500 ) ) ;
#1504 = DIRECTION ( 'NONE',  ( 0.7071067811865448000, 0.7071067811865503500, 0.0000000000000000000 ) ) ;
#1505 = ORIENTED_EDGE ( 'NONE', *, *, #4557, .T. ) ;
#1506 = CARTESIAN_POINT ( 'NONE',  ( -0.2733513886040114200, 0.6666141732283462600, 0.1077457736259981600 ) ) ;
#1507 = FACE_OUTER_BOUND ( 'NONE', #3060, .T. ) ;
#1508 = CARTESIAN_POINT ( 'NONE',  ( 0.3250000000000021800, 0.05599999999999997300, -0.1740000000000000200 ) ) ;
#1509 = CARTESIAN_POINT ( 'NONE',  ( 0.2561045361904967200, 0.6517171962552883400, -0.1833786526941294200 ) ) ;
#1510 = CARTESIAN_POINT ( 'NONE',  ( -0.1605124221163134500, 0.6799999999999999400, 0.2170512116749741300 ) ) ;
#1511 = ORIENTED_EDGE ( 'NONE', *, *, #6718, .F. ) ;
#1512 = VECTOR ( 'NONE', #2913, 39.37007874015748100 ) ;
#1513 = DIRECTION ( 'NONE',  ( -3.407850961927375400E-031, -9.840950985822402700E-017, 1.000000000000000000 ) ) ;
#1514 = CARTESIAN_POINT ( 'NONE',  ( -0.08354462770099661800, 0.6355511811023624200, 0.1704271400810135900 ) ) ;
#1515 = DIRECTION ( 'NONE',  ( 0.0000000000000000000, 1.000000000000000000, 0.0000000000000000000 ) ) ;
#1516 = EDGE_CURVE ( 'NONE', #2542, #5495, #6870, .T. ) ;
#1517 = VERTEX_POINT ( 'NONE', #9162 ) ;
#1518 = VECTOR ( 'NONE', #1151, 39.37007874015748100 ) ;
#1519 = ADVANCED_FACE ( 'NONE', ( #7223 ), #1661, .T. ) ;
#1520 = CARTESIAN_POINT ( 'NONE',  ( -0.2669099894223583300, 0.6705511811023621100, 0.1485002118027675400 ) ) ;
#1521 = EDGE_LOOP ( 'NONE', ( #7720, #7198, #1777, #8102 ) ) ;
#1522 = VECTOR ( 'NONE', #9049, 39.37007874015748100 ) ;
#1523 = PLANE ( 'NONE',  #2160 ) ;
#1524 = ORIENTED_EDGE ( 'NONE', *, *, #7274, .F. ) ;
#1525 = DIRECTION ( 'NONE',  ( 0.0000000000000000000, 0.0000000000000000000, -1.000000000000000000 ) ) ;
#1526 = LINE ( 'NONE', #4772, #4141 ) ;
#1527 = EDGE_CURVE ( 'NONE', #9486, #6682, #4387, .T. ) ;
#1528 = DIRECTION ( 'NONE',  ( 3.661961499347914700E-015, 0.0000000000000000000, 1.000000000000000000 ) ) ;
#1529 = AXIS2_PLACEMENT_3D ( 'NONE', #9262, #4010, #2512 ) ;
#1530 = ORIENTED_EDGE ( 'NONE', *, *, #180, .T. ) ;
#1531 = FACE_OUTER_BOUND ( 'NONE', #3834, .T. ) ;
#1532 = DIRECTION ( 'NONE',  ( -0.0000000000000000000, 1.000000000000000000, 0.0000000000000000000 ) ) ;
#1533 = VERTEX_POINT ( 'NONE', #5417 ) ;
#1534 = EDGE_CURVE ( 'NONE', #4380, #4198, #3931, .T. ) ;
#1535 = DIRECTION ( 'NONE',  ( 0.0000000000000000000, -1.000000000000000000, -0.0000000000000000000 ) ) ;
#1536 = ORIENTED_EDGE ( 'NONE', *, *, #5770, .T. ) ;
#1537 = PLANE ( 'NONE',  #1134 ) ;
#1538 = CARTESIAN_POINT ( 'NONE',  ( -0.3545511811023659400, 0.01450000000000000100, -0.3545511811023611700 ) ) ;
#1539 = ORIENTED_EDGE ( 'NONE', *, *, #2419, .T. ) ;
#1540 = VECTOR ( 'NONE', #5334, 39.37007874015748100 ) ;
#1541 = DIRECTION ( 'NONE',  ( -3.661961499347914700E-015, -3.462928498309717900E-015, -1.000000000000000000 ) ) ;
#1542 = ORIENTED_EDGE ( 'NONE', *, *, #5770, .F. ) ;
#1543 = AXIS2_PLACEMENT_3D ( 'NONE', #3344, #9519, #1048 ) ;
#1544 = ADVANCED_FACE ( 'NONE', ( #9001 ), #7852, .F. ) ;
#1545 = CARTESIAN_POINT ( 'NONE',  ( -0.2733513886040114200, 0.6666141732283462600, -0.2064179702976515800 ) ) ;
#1546 = ORIENTED_EDGE ( 'NONE', *, *, #5294, .F. ) ;
#1547 = LINE ( 'NONE', #7298, #5675 ) ;
#1548 = CIRCLE ( 'NONE', #1543, 0.01500000000000001200 ) ;
#1549 = CARTESIAN_POINT ( 'NONE',  ( 0.1671644312585831600, 0.6799999999999999400, 0.2073173628908212800 ) ) ;
#1550 = DIRECTION ( 'NONE',  ( 0.0000000000000000000, 0.0000000000000000000, 1.000000000000000000 ) ) ;
#1551 = ORIENTED_EDGE ( 'NONE', *, *, #7188, .F. ) ;
#1552 = DIRECTION ( 'NONE',  ( -0.0000000000000000000, 0.0000000000000000000, 1.000000000000000000 ) ) ;
#1553 = EDGE_CURVE ( 'NONE', #8615, #582, #2379, .T. ) ;
#1554 = CLOSED_SHELL ( 'NONE', ( #1701, #1610, #6887, #6401 ) ) ;
#1555 = ORIENTED_EDGE ( 'NONE', *, *, #236, .T. ) ;
#1556 = VECTOR ( 'NONE', #9817, 39.37007874015748100 ) ;
#1557 = LINE ( 'NONE', #6053, #2731 ) ;
#1558 = AXIS2_PLACEMENT_3D ( 'NONE', #7922, #992, #6292 ) ;
#1559 = FACE_OUTER_BOUND ( 'NONE', #368, .T. ) ;
#1560 = CARTESIAN_POINT ( 'NONE',  ( -0.3155511811023642400, 0.05599999999999997300, -0.1120000000000000200 ) ) ;
#1561 = DIRECTION ( 'NONE',  ( 0.0000000000000000000, 0.0000000000000000000, 1.000000000000000000 ) ) ;
#1562 = ORIENTED_EDGE ( 'NONE', *, *, #5475, .F. ) ;
#1563 = VECTOR ( 'NONE', #2544, 39.37007874015748100 ) ;
#1564 = VERTEX_POINT ( 'NONE', #8614 ) ;
#1565 = CARTESIAN_POINT ( 'NONE',  ( -0.3155511811023645200, 1.125451761950674600E-015, -0.2537107877407313000 ) ) ;
#1566 = LINE ( 'NONE', #9032, #7605 ) ;
#1567 = VECTOR ( 'NONE', #7095, 39.37007874015748900 ) ;
#1568 = ORIENTED_EDGE ( 'NONE', *, *, #8472, .T. ) ;
#1569 = EDGE_CURVE ( 'NONE', #5123, #6379, #7591, .T. ) ;
#1570 = ADVANCED_FACE ( 'NONE', ( #2854 ), #143, .T. ) ;
#1571 = DIRECTION ( 'NONE',  ( 0.0000000000000000000, 0.0000000000000000000, -1.000000000000000000 ) ) ;
#1572 = LINE ( 'NONE', #227, #1920 ) ;
#1573 = DIRECTION ( 'NONE',  ( -3.661961499347914700E-015, 3.462928498309717100E-015, 1.000000000000000000 ) ) ;
#1574 = DIRECTION ( 'NONE',  ( 1.000000000000000000, -1.156482317317871800E-014, 0.0000000000000000000 ) ) ;
#1575 = LINE ( 'NONE', #6063, #7014 ) ;
#1576 = DIRECTION ( 'NONE',  ( 0.0000000000000000000, -0.9659258262890679800, -0.2588190451025214100 ) ) ;
#1577 = VERTEX_POINT ( 'NONE', #1776 ) ;
#1578 = STYLED_ITEM ( 'NONE', ( #3132 ), #5904 ) ;
#1579 = ORIENTED_EDGE ( 'NONE', *, *, #7599, .F. ) ;
#1580 = DIRECTION ( 'NONE',  ( 0.0000000000000000000, 1.000000000000000000, 0.0000000000000000000 ) ) ;
#1581 = DIRECTION ( 'NONE',  ( 1.000000000000000000, 0.0000000000000000000, 0.0000000000000000000 ) ) ;
#1582 = EDGE_LOOP ( 'NONE', ( #4407, #6707, #769, #3675 ) ) ;
#1583 = VECTOR ( 'NONE', #3493, 39.37007874015748100 ) ;
#1584 = DIRECTION ( 'NONE',  ( 0.0000000000000000000, -0.0000000000000000000, 1.000000000000000000 ) ) ;
#1585 = DIRECTION ( 'NONE',  ( 0.0000000000000000000, 1.000000000000000000, 0.0000000000000000000 ) ) ;
#1586 = EDGE_CURVE ( 'NONE', #5379, #8839, #2969, .T. ) ;
#1587 = AXIS2_PLACEMENT_3D ( 'NONE', #9684, #1390, #7408 ) ;
#1588 = DIRECTION ( 'NONE',  ( 0.0000000000000000000, 0.0000000000000000000, 1.000000000000000000 ) ) ;
#1589 = LINE ( 'NONE', #117, #9413 ) ;
#1590 = ORIENTED_EDGE ( 'NONE', *, *, #7384, .F. ) ;
#1591 = DIRECTION ( 'NONE',  ( -0.7071067811865550100, -0.0000000000000000000, -0.7071067811865401300 ) ) ;
#1592 = DIRECTION ( 'NONE',  ( 1.000000000000000000, 0.0000000000000000000, 0.0000000000000000000 ) ) ;
#1593 = FACE_OUTER_BOUND ( 'NONE', #3033, .T. ) ;
#1594 = ADVANCED_FACE ( 'NONE', ( #9504 ), #8483, .T. ) ;
#1595 = ORIENTED_EDGE ( 'NONE', *, *, #6520, .T. ) ;
#1596 = EDGE_CURVE ( 'NONE', #2306, #4329, #4153, .T. ) ;
#1597 = LINE ( 'NONE', #569, #74 ) ;
#1598 = ORIENTED_EDGE ( 'NONE', *, *, #6967, .F. ) ;
#1599 = ORIENTED_EDGE ( 'NONE', *, *, #2543, .T. ) ;
#1600 =( NAMED_UNIT ( * ) PLANE_ANGLE_UNIT ( ) SI_UNIT ( $, .RADIAN. ) );
#1601 = DIRECTION ( 'NONE',  ( 1.000000000000000000, -0.0000000000000000000, -0.0000000000000000000 ) ) ;
#1602 = DIRECTION ( 'NONE',  ( -3.542742354896064800E-015, -1.000000000000000000, 1.968190197164480500E-016 ) ) ;
#1603 = B_SPLINE_CURVE_WITH_KNOTS ( 'NONE', 3,
 ( #3000, #9834, #8360, #750, #9077, #35 ),
 .UNSPECIFIED., .F., .F.,
 ( 4, 2, 4 ),
 ( 0.0000000000000000000, 0.5000000000000000000, 1.000000000000000000 ),
 .UNSPECIFIED. ) ;
#1604 = VERTEX_POINT ( 'NONE', #6975 ) ;
#1605 = VECTOR ( 'NONE', #9050, 39.37007874015748100 ) ;
#1606 = EDGE_LOOP ( 'NONE', ( #7515, #6762, #4668, #1530 ) ) ;
#1607 = EDGE_CURVE ( 'NONE', #2324, #1875, #2131, .T. ) ;
#1608 = VERTEX_POINT ( 'NONE', #8584 ) ;
#1609 = DIRECTION ( 'NONE',  ( 1.000000000000000000, 0.0000000000000000000, 0.0000000000000000000 ) ) ;
#1610 = ADVANCED_FACE ( 'NONE', ( #8178 ), #5091, .T. ) ;
#1611 = VERTEX_POINT ( 'NONE', #9265 ) ;
#1612 = LINE ( 'NONE', #3502, #4339 ) ;
#1613 = ORIENTED_EDGE ( 'NONE', *, *, #939, .T. ) ;
#1614 = CARTESIAN_POINT ( 'NONE',  ( -0.3250000000000000100, 0.6619533149417181600, 0.2536141732283463400 ) ) ;
#1615 = DIRECTION ( 'NONE',  ( 0.0000000000000000000, 0.0000000000000000000, -1.000000000000000000 ) ) ;
#1616 = EDGE_CURVE ( 'NONE', #2324, #8831, #487, .T. ) ;
#1617 = CARTESIAN_POINT ( 'NONE',  ( -0.3071293029295945100, 0.6663051303775456800, 0.2669999999999986800 ) ) ;
#1618 = ORIENTED_EDGE ( 'NONE', *, *, #618, .T. ) ;
#1619 = FACE_OUTER_BOUND ( 'NONE', #3258, .T. ) ;
#1620 = ORIENTED_EDGE ( 'NONE', *, *, #171, .T. ) ;
#1621 = VECTOR ( 'NONE', #4108, 39.37007874015748100 ) ;
#1622 = CARTESIAN_POINT ( 'NONE',  ( -0.1749999999999999900, 0.01450000000000000100, -0.2500000000000000000 ) ) ;
#1623 = AXIS2_PLACEMENT_3D ( 'NONE', #3663, #8862, #6599 ) ;
#1624 = EDGE_LOOP ( 'NONE', ( #2393, #1640, #9152, #7290 ) ) ;
#1625 = CARTESIAN_POINT ( 'NONE',  ( -0.1749999999999999900, -0.1674264068711929000, -0.2500000000000000000 ) ) ;
#1626 = CARTESIAN_POINT ( 'NONE',  ( -0.3116141732283476100, 0.6619533149417188300, -0.3996141732283464100 ) ) ;
#1627 = DIRECTION ( 'NONE',  ( -8.962718471908360700E-016, -0.2588190451025214600, 0.9659258262890680900 ) ) ;
#1628 = EDGE_LOOP ( 'NONE', ( #3939, #1221, #6252, #7052 ) ) ;
#1629 = ADVANCED_FACE ( 'NONE', ( #2248 ), #8548, .T. ) ;
#1630 = LINE ( 'NONE', #5705, #9472 ) ;
#1631 = EDGE_CURVE ( 'NONE', #8735, #7034, #249, .T. ) ;
#1632 =( NAMED_UNIT ( * ) PLANE_ANGLE_UNIT ( ) SI_UNIT ( $, .RADIAN. ) );
#1633 = VERTEX_POINT ( 'NONE', #3437 ) ;
#1634 = DIRECTION ( 'NONE',  ( 1.000000000000000000, -0.0000000000000000000, -3.469446951953611400E-015 ) ) ;
#1635 = EDGE_CURVE ( 'NONE', #193, #8921, #6618, .T. ) ;
#1636 = CARTESIAN_POINT ( 'NONE',  ( 0.3055511811023641800, 0.6605511811023620000, -0.4035511811023634300 ) ) ;
#1637 = LINE ( 'NONE', #5164, #9477 ) ;
#1638 = AXIS2_PLACEMENT_3D ( 'NONE', #5591, #7030, #1001 ) ;
#1639 = DIRECTION ( 'NONE',  ( 0.0000000000000000000, 0.0000000000000000000, -1.000000000000000000 ) ) ;
#1640 = ORIENTED_EDGE ( 'NONE', *, *, #337, .F. ) ;
#1641 = CARTESIAN_POINT ( 'NONE',  ( 0.1754120862760199500, 0.1754120862760194500, 0.2575511811023655200 ) ) ;
#1642 = EDGE_CURVE ( 'NONE', #2540, #1757, #7938, .T. ) ;
#1643 = ORIENTED_EDGE ( 'NONE', *, *, #8825, .T. ) ;
#1644 = CARTESIAN_POINT ( 'NONE',  ( -0.3155511811023621900, 0.6666141732283464800, -0.07300000000000000900 ) ) ;
#1645 = FACE_OUTER_BOUND ( 'NONE', #5649, .T. ) ;
#1646 = CARTESIAN_POINT ( 'NONE',  ( -0.3113051303775470300, 0.6621293029295948200, -0.4035511811023631000 ) ) ;
#1647 = DIRECTION ( 'NONE',  ( -0.0000000000000000000, -0.0000000000000000000, -1.000000000000000000 ) ) ;
#1648 = ORIENTED_EDGE ( 'NONE', *, *, #3965, .T. ) ;
#1649 = VERTEX_POINT ( 'NONE', #5637 ) ;
#1650 = DIRECTION ( 'NONE',  ( 0.0000000000000000000, 1.000000000000000000, 0.0000000000000000000 ) ) ;
#1651 = EDGE_CURVE ( 'NONE', #7810, #8685, #1548, .T. ) ;
#1652 = ORIENTED_EDGE ( 'NONE', *, *, #6996, .T. ) ;
#1653 = ORIENTED_EDGE ( 'NONE', *, *, #8110, .T. ) ;
#1654 = DIRECTION ( 'NONE',  ( -0.0000000000000000000, -0.0000000000000000000, 1.000000000000000000 ) ) ;
#1655 = ADVANCED_FACE ( 'NONE', ( #8415 ), #8010, .T. ) ;
#1656 = ORIENTED_EDGE ( 'NONE', *, *, #8999, .T. ) ;
#1657 = EDGE_CURVE ( 'NONE', #5495, #3852, #6274, .T. ) ;
#1658 = ORIENTED_EDGE ( 'NONE', *, *, #4645, .T. ) ;
#1659 = DIRECTION ( 'NONE',  ( -0.0000000000000000000, 1.000000000000000000, -0.0000000000000000000 ) ) ;
#1660 = VECTOR ( 'NONE', #4073, 39.37007874015748100 ) ;
#1661 = CYLINDRICAL_SURFACE ( 'NONE', #1019, 0.009999999999999995000 ) ;
#1662 = DIRECTION ( 'NONE',  ( -1.000000000000000000, 0.0000000000000000000, 0.0000000000000000000 ) ) ;
#1663 = DIRECTION ( 'NONE',  ( 0.0000000000000000000, 0.0000000000000000000, -1.000000000000000000 ) ) ;
#1664 = B_SPLINE_CURVE_WITH_KNOTS ( 'NONE', 3,
 ( #7381, #5951, #5842, #5811, #2856, #5880 ),
 .UNSPECIFIED., .F., .F.,
 ( 4, 2, 4 ),
 ( 0.0000000000000000000, 0.5000000000000000000, 1.000000000000000000 ),
 .UNSPECIFIED. ) ;
#1665 = FACE_OUTER_BOUND ( 'NONE', #816, .T. ) ;
#1666 = ORIENTED_EDGE ( 'NONE', *, *, #6424, .F. ) ;
#1667 = LINE ( 'NONE', #8356, #4291 ) ;
#1668 = VERTEX_POINT ( 'NONE', #7105 ) ;
#1669 = CARTESIAN_POINT ( 'NONE',  ( 0.1250000000000000300, 0.01450000000000000100, -0.2500000000000000000 ) ) ;
#1670 = DIRECTION ( 'NONE',  ( 0.0000000000000000000, 1.000000000000000000, 0.0000000000000000000 ) ) ;
#1671 = VECTOR ( 'NONE', #5481, 39.37007874015748100 ) ;
#1672 = DIRECTION ( 'NONE',  ( -0.0000000000000000000, 1.000000000000000000, -0.0000000000000000000 ) ) ;
#1673 = EDGE_CURVE ( 'NONE', #9542, #2914, #8063, .T. ) ;
#1674 = CARTESIAN_POINT ( 'NONE',  ( 0.0000000000000000000, 0.2705511811023621500, -0.1833786526941293700 ) ) ;
#1675 = VECTOR ( 'NONE', #2406, 39.37007874015748100 ) ;
#1676 = AXIS2_PLACEMENT_3D ( 'NONE', #1998, #5648, #1132 ) ;
#1677 = FACE_OUTER_BOUND ( 'NONE', #8139, .T. ) ;
#1678 = DIRECTION ( 'NONE',  ( 6.829619984160658200E-015, 1.000000000000000000, 0.0000000000000000000 ) ) ;
#1679 = LINE ( 'NONE', #3323, #5699 ) ;
#1680 = ADVANCED_FACE ( 'NONE', ( #7579 ), #7199, .F. ) ;
#1681 = DIRECTION ( 'NONE',  ( 0.0000000000000000000, 0.0000000000000000000, -1.000000000000000000 ) ) ;
#1682 = DIRECTION ( 'NONE',  ( 0.0000000000000000000, -3.661961499347899700E-015, 1.000000000000000000 ) ) ;
#1683 = FACE_OUTER_BOUND ( 'NONE', #6793, .T. ) ;
#1684 = EDGE_CURVE ( 'NONE', #3395, #327, #3670, .T. ) ;
#1685 = VECTOR ( 'NONE', #1601, 39.37007874015748100 ) ;
#1686 = CARTESIAN_POINT ( 'NONE',  ( 0.2561045361904967200, 0.2705511811023621500, 0.009827287307507419400 ) ) ;
#1687 = ORIENTED_EDGE ( 'NONE', *, *, #898, .F. ) ;
#1688 = DIRECTION ( 'NONE',  ( 0.0000000000000000000, 0.0000000000000000000, 1.000000000000000000 ) ) ;
#1689 = DIRECTION ( 'NONE',  ( 0.0000000000000000000, 1.000000000000000000, 0.0000000000000000000 ) ) ;
#1690 = EDGE_CURVE ( 'NONE', #3427, #3043, #4377, .T. ) ;
#1691 = ORIENTED_EDGE ( 'NONE', *, *, #7494, .T. ) ;
#1692 = AXIS2_PLACEMENT_3D ( 'NONE', #6695, #5376, #1639 ) ;
#1693 = VECTOR ( 'NONE', #4395, 39.37007874015748100 ) ;
#1694 = CARTESIAN_POINT ( 'NONE',  ( -0.3173036717348476900, 0.6800000000000001600, 0.2593036717348475900 ) ) ;
#1695 = CARTESIAN_POINT ( 'NONE',  ( 0.1605905511811047700, 0.5358241725520462900, -0.4035511811023667600 ) ) ;
#1696 = ORIENTED_EDGE ( 'NONE', *, *, #3761, .F. ) ;
#1697 = CARTESIAN_POINT ( 'NONE',  ( -0.3250000000000023400, 0.08200000000000000300, -0.4129999999999998700 ) ) ;
#1698 = DIRECTION ( 'NONE',  ( -6.954409837152875700E-015, 3.491481338843133000E-015, -1.000000000000000000 ) ) ;
#1699 = VECTOR ( 'NONE', #1752, 39.37007874015748100 ) ;
#1700 = EDGE_LOOP ( 'NONE', ( #113, #1767, #3743, #7228, #8333, #554 ) ) ;
#1701 = ADVANCED_FACE ( 'NONE', ( #6395 ), #9112, .T. ) ;
#1702 = PLANE ( 'NONE',  #6074 ) ;
#1703 = CIRCLE ( 'NONE', #3742, 0.01500000000000001200 ) ;
#1704 = EDGE_LOOP ( 'NONE', ( #1802, #1595, #301, #8309 ) ) ;
#1705 = EDGE_CURVE ( 'NONE', #2817, #9429, #4039, .T. ) ;
#1706 = AXIS2_PLACEMENT_3D ( 'NONE', #8209, #1513, #2873 ) ;
#1707 = CARTESIAN_POINT ( 'NONE',  ( 0.3155511811023643000, 0.05455008786923420300, 0.2575511811023650800 ) ) ;
#1708 = VERTEX_POINT ( 'NONE', #4178 ) ;
#1709 = LINE ( 'NONE', #4638, #9559 ) ;
#1710 = VERTEX_POINT ( 'NONE', #7981 ) ;
#1711 = DIRECTION ( 'NONE',  ( 0.0000000000000000000, 0.0000000000000000000, -1.000000000000000000 ) ) ;
#1712 = ORIENTED_EDGE ( 'NONE', *, *, #2203, .F. ) ;
#1713 = EDGE_CURVE ( 'NONE', #6582, #8549, #5666, .T. ) ;
#1714 = DIRECTION ( 'NONE',  ( 0.0000000000000000000, 0.0000000000000000000, -1.000000000000000000 ) ) ;
#1715 = VERTEX_POINT ( 'NONE', #2680 ) ;
#1716 = AXIS2_PLACEMENT_3D ( 'NONE', #9374, #8111, #7201 ) ;
#1717 = LINE ( 'NONE', #5795, #6579 ) ;
#1718 = ORIENTED_EDGE ( 'NONE', *, *, #4342, .T. ) ;
#1719 = DIRECTION ( 'NONE',  ( 1.000000000000000000, 0.0000000000000000000, 0.0000000000000000000 ) ) ;
#1720 = DIRECTION ( 'NONE',  ( 0.0000000000000000000, -0.0000000000000000000, 1.000000000000000000 ) ) ;
#1721 = VERTEX_POINT ( 'NONE', #1153 ) ;
#1722 = DIRECTION ( 'NONE',  ( 0.0000000000000000000, 1.000000000000000000, 0.0000000000000000000 ) ) ;
#1723 = ADVANCED_FACE ( 'NONE', ( #2022 ), #7141, .T. ) ;
#1724 = EDGE_CURVE ( 'NONE', #1410, #5345, #6146, .T. ) ;
#1725 = EDGE_LOOP ( 'NONE', ( #9100, #8796, #3878, #4148 ) ) ;
#1726 = VECTOR ( 'NONE', #8968, 39.37007874015748100 ) ;
#1727 = CARTESIAN_POINT ( 'NONE',  ( 0.3173036717348476900, 0.6799999999999999400, -0.4053036717348482100 ) ) ;
#1728 = DIRECTION ( 'NONE',  ( 1.000000000000000000, -0.0000000000000000000, -0.0000000000000000000 ) ) ;
#1729 = VERTEX_POINT ( 'NONE', #552 ) ;
#1730 = AXIS2_PLACEMENT_3D ( 'NONE', #3869, #6952, #125 ) ;
#1731 = DIRECTION ( 'NONE',  ( -0.0000000000000000000, -0.0000000000000000000, 1.000000000000000000 ) ) ;
#1732 = DIRECTION ( 'NONE',  ( 0.0000000000000000000, -1.000000000000000000, 0.0000000000000000000 ) ) ;
#1733 = CARTESIAN_POINT ( 'NONE',  ( 0.3155511811023644600, 1.092739197465705300E-015, 0.2238645401817222200 ) ) ;
#1734 = VERTEX_POINT ( 'NONE', #2111 ) ;
#1735 = FACE_OUTER_BOUND ( 'NONE', #7637, .T. ) ;
#1736 = CARTESIAN_POINT ( 'NONE',  ( 0.3250000000000015700, 0.02999999999999994000, -0.1119999999999999900 ) ) ;
#1737 = EDGE_CURVE ( 'NONE', #4396, #5672, #3925, .T. ) ;
#1738 = ORIENTED_EDGE ( 'NONE', *, *, #2896, .T. ) ;
#1739 = CARTESIAN_POINT ( 'NONE',  ( -0.3250000000000023400, 0.05599999999999997300, -0.1940000000000000300 ) ) ;
#1740 = VECTOR ( 'NONE', #8140, 39.37007874015748100 ) ;
#1741 = CARTESIAN_POINT ( 'NONE',  ( -0.3250000000000023400, 0.02999999999999994000, 0.06990778161457228400 ) ) ;
#1742 = CARTESIAN_POINT ( 'NONE',  ( 0.3116141732283477800, 0.06600000000000103000, 0.2575511811023623000 ) ) ;
#1743 = CLOSED_SHELL ( 'NONE', ( #2409, #2695, #229, #9703, #9031, #9078, #4098, #2182, #7038, #4050 ) ) ;
#1744 = ORIENTED_EDGE ( 'NONE', *, *, #171, .F. ) ;
#1745 = CARTESIAN_POINT ( 'NONE',  ( 0.3116141732283466700, 0.6705511811023621100, -0.07300000000000000900 ) ) ;
#1746 = ADVANCED_FACE ( 'NONE', ( #3084 ), #7400, .F. ) ;
#1747 =( GEOMETRIC_REPRESENTATION_CONTEXT ( 3 ) GLOBAL_UNCERTAINTY_ASSIGNED_CONTEXT ( ( #8427 ) ) GLOBAL_UNIT_ASSIGNED_CONTEXT ( ( #4285, #3719, #9593 ) ) REPRESENTATION_CONTEXT ( 'NONE', 'WORKASPACE' ) );
#1748 = ORIENTED_EDGE ( 'NONE', *, *, #2195, .F. ) ;
#1749 = DIRECTION ( 'NONE',  ( 1.000000000000000000, 0.0000000000000000000, 0.0000000000000000000 ) ) ;
#1750 = VECTOR ( 'NONE', #3598, 39.37007874015748100 ) ;
#1751 = PLANE ( 'NONE',  #3922 ) ;
#1752 = DIRECTION ( 'NONE',  ( -0.0000000000000000000, -0.0000000000000000000, 1.000000000000000000 ) ) ;
#1753 = DIRECTION ( 'NONE',  ( 0.5773502691896321700, 0.5773502691896206200, -0.5773502691896247300 ) ) ;
#1754 = VERTEX_POINT ( 'NONE', #9585 ) ;
#1755 = VECTOR ( 'NONE', #2553, 39.37007874015748100 ) ;
#1756 = DIRECTION ( 'NONE',  ( 0.0000000000000000000, 0.0000000000000000000, -1.000000000000000000 ) ) ;
#1757 = VERTEX_POINT ( 'NONE', #3537 ) ;
#1758 = LINE ( 'NONE', #1733, #1049 ) ;
#1759 = DIRECTION ( 'NONE',  ( 2.492171718503151100E-016, 0.0000000000000000000, 1.000000000000000000 ) ) ;
#1760 = EDGE_CURVE ( 'NONE', #819, #1144, #1769, .T. ) ;
#1761 = PLANE ( 'NONE',  #2480 ) ;
#1762 = AXIS2_PLACEMENT_3D ( 'NONE', #3017, #8283, #6731 ) ;
#1763 = ORIENTED_EDGE ( 'NONE', *, *, #4601, .T. ) ;
#1764 = CYLINDRICAL_SURFACE ( 'NONE', #7317, 0.003937007874015724600 ) ;
#1765 = DIRECTION ( 'NONE',  ( 0.0000000000000000000, 0.0000000000000000000, 1.000000000000000000 ) ) ;
#1766 = EDGE_LOOP ( 'NONE', ( #307, #6705, #8196, #8407 ) ) ;
#1767 = ORIENTED_EDGE ( 'NONE', *, *, #9781, .T. ) ;
#1768 = FACE_OUTER_BOUND ( 'NONE', #7905, .T. ) ;
#1769 = LINE ( 'NONE', #8077, #8885 ) ;
#1770 = EDGE_CURVE ( 'NONE', #5319, #6813, #132, .T. ) ;
#1771 = FACE_OUTER_BOUND ( 'NONE', #6138, .T. ) ;
#1772 = DIRECTION ( 'NONE',  ( 0.0000000000000000000, -3.661961499347899700E-015, -1.000000000000000000 ) ) ;
#1773 = DIRECTION ( 'NONE',  ( -0.7071067811865521200, 0.0000000000000000000, 0.7071067811865430200 ) ) ;
#1774 = ORIENTED_EDGE ( 'NONE', *, *, #993, .F. ) ;
#1775 = ADVANCED_FACE ( 'NONE', ( #5547 ), #8897, .T. ) ;
#1776 = CARTESIAN_POINT ( 'NONE',  ( 0.1250000000000000300, -0.1250000000000000000, -0.2625000000000000100 ) ) ;
#1777 = ORIENTED_EDGE ( 'NONE', *, *, #4009, .T. ) ;
#1778 = PLANE ( 'NONE',  #2778 ) ;
#1779 = MECHANICAL_DESIGN_GEOMETRIC_PRESENTATION_REPRESENTATION (  '', ( #4512 ), #9268 ) ;
#1780 = LINE ( 'NONE', #1646, #2378 ) ;
#1781 = CARTESIAN_POINT ( 'NONE',  ( 0.2399385210375705500, 0.2705511811023621500, -0.1833786526941294200 ) ) ;
#1782 = ORIENTED_EDGE ( 'NONE', *, *, #7224, .T. ) ;
#1783 = FACE_OUTER_BOUND ( 'NONE', #6214, .T. ) ;
#1784 = EDGE_CURVE ( 'NONE', #8888, #1094, #9493, .T. ) ;
#1785 = CARTESIAN_POINT ( 'NONE',  ( -0.2669099894223583300, 0.6605511811023621100, 0.2073173628908212800 ) ) ;
#1786 = CARTESIAN_POINT ( 'NONE',  ( 0.1653265940589108400, 0.1854975784931286700, -0.4130000000000033600 ) ) ;
#1787 = ORIENTED_EDGE ( 'NONE', *, *, #4320, .F. ) ;
#1788 = DIRECTION ( 'NONE',  ( 0.0000000000000000000, 3.201384367575298700E-015, 1.000000000000000000 ) ) ;
#1789 = DIRECTION ( 'NONE',  ( 1.000000000000000000, -0.0000000000000000000, 0.0000000000000000000 ) ) ;
#1790 = LINE ( 'NONE', #2156, #3579 ) ;
#1791 = PRODUCT ( 'SI-46014-F', 'SI-46014-F', '', ( #2783 ) ) ;
#1792 = ORIENTED_EDGE ( 'NONE', *, *, #5396, .F. ) ;
#1793 = AXIS2_PLACEMENT_3D ( 'NONE', #6415, #3400, #5664 ) ;
#1794 = CARTESIAN_POINT ( 'NONE',  ( -0.2627678537986273800, 0.6705511811023621100, 0.2031752272670903400 ) ) ;
#1795 = DIRECTION ( 'NONE',  ( -1.000000000000000000, 0.0000000000000000000, -0.0000000000000000000 ) ) ;
#1796 = DIRECTION ( 'NONE',  ( 0.0000000000000000000, -0.0000000000000000000, 1.000000000000000000 ) ) ;
#1797 = CARTESIAN_POINT ( 'NONE',  ( -0.3250000000000023400, 0.01999999999999994100, 0.06990778161457220100 ) ) ;
#1798 = LINE ( 'NONE', #2435, #858 ) ;
#1799 = MANIFOLD_SOLID_BREP ( 'Boss-Extrude5[3]', #7410 ) ;
#1800 = FACE_OUTER_BOUND ( 'NONE', #4582, .T. ) ;
#1801 = ADVANCED_FACE ( 'NONE', ( #4613 ), #2599, .F. ) ;
#1802 = ORIENTED_EDGE ( 'NONE', *, *, #1553, .F. ) ;
#1803 = EDGE_CURVE ( 'NONE', #4979, #8549, #6858, .T. ) ;
#1804 = CARTESIAN_POINT ( 'NONE',  ( 0.1959325888690782400, 0.6799999999999999400, 0.004393306531884149200 ) ) ;
#1805 = VERTEX_POINT ( 'NONE', #1282 ) ;
#1806 = ORIENTED_EDGE ( 'NONE', *, *, #4725, .F. ) ;
#1807 = CARTESIAN_POINT ( 'NONE',  ( -0.3074383457803943100, 0.6666141732283454900, -0.4129999999999988700 ) ) ;
#1808 = DIRECTION ( 'NONE',  ( -0.0000000000000000000, 1.000000000000000000, -0.0000000000000000000 ) ) ;
#1809 = FACE_OUTER_BOUND ( 'NONE', #214, .T. ) ;
#1810 = ORIENTED_EDGE ( 'NONE', *, *, #6048, .F. ) ;
#1811 = VERTEX_POINT ( 'NONE', #525 ) ;
#1812 = AXIS2_PLACEMENT_3D ( 'NONE', #9574, #6559, #6472 ) ;
#1813 = DIRECTION ( 'NONE',  ( 0.0000000000000000000, -1.000000000000000000, -0.0000000000000000000 ) ) ;
#1814 = PRESENTATION_STYLE_ASSIGNMENT (( #2951 ) ) ;
#1815 = ORIENTED_EDGE ( 'NONE', *, *, #1419, .T. ) ;
#1816 = LINE ( 'NONE', #11, #3605 ) ;
#1817 = ORIENTED_EDGE ( 'NONE', *, *, #1321, .T. ) ;
#1818 = DIRECTION ( 'NONE',  ( 0.5642220635390411400, -0.0000000000000000000, -0.8256230756318201400 ) ) ;
#1819 = EDGE_CURVE ( 'NONE', #8947, #2188, #585, .T. ) ;
#1820 = DIRECTION ( 'NONE',  ( 0.0000000000000000000, -1.000000000000000000, -3.491481338843133000E-015 ) ) ;
#1821 = CARTESIAN_POINT ( 'NONE',  ( -0.1142984638647554000, 0.6799999999999999400, 0.2536141732283463400 ) ) ;
#1822 = EDGE_CURVE ( 'NONE', #7617, #327, #2012, .T. ) ;
#1823 = AXIS2_PLACEMENT_3D ( 'NONE', #7422, #8201, #3655 ) ;
#1824 = DIRECTION ( 'NONE',  ( 0.0000000000000000000, -1.000000000000000000, 0.0000000000000000000 ) ) ;
#1825 = CARTESIAN_POINT ( 'NONE',  ( 0.2669099894223583300, 0.6705511811023621100, 0.2073173628908212800 ) ) ;
#1826 = ADVANCED_FACE ( 'NONE', ( #4855 ), #8107, .T. ) ;
#1827 = VECTOR ( 'NONE', #544, 39.37007874015748100 ) ;
#1828 = VERTEX_POINT ( 'NONE', #3573 ) ;
#1829 = LINE ( 'NONE', #6014, #9676 ) ;
#1830 = DIRECTION ( 'NONE',  ( -3.491481338843133000E-015, -1.000000000000000000, -0.0000000000000000000 ) ) ;
#1831 = ORIENTED_EDGE ( 'NONE', *, *, #3222, .F. ) ;
#1832 = DIRECTION ( 'NONE',  ( -0.0000000000000000000, 0.0000000000000000000, -1.000000000000000000 ) ) ;
#1833 = EDGE_CURVE ( 'NONE', #5760, #584, #8775, .T. ) ;
#1834 = PLANE ( 'NONE',  #7910 ) ;
#1835 = CARTESIAN_POINT ( 'NONE',  ( 0.3116141732283486700, 0.08200000000000000300, -0.4129999999999998700 ) ) ;
#1836 = DIRECTION ( 'NONE',  ( -3.661961499347914700E-015, -3.462928498309717900E-015, 1.000000000000000000 ) ) ;
#1837 = ORIENTED_EDGE ( 'NONE', *, *, #2359, .T. ) ;
#1838 = LINE ( 'NONE', #1107, #7521 ) ;
#1839 = ORIENTED_EDGE ( 'NONE', *, *, #5869, .T. ) ;
#1840 = ORIENTED_EDGE ( 'NONE', *, *, #1403, .T. ) ;
#1841 = CARTESIAN_POINT ( 'NONE',  ( 0.3055511811023642900, 0.6605511811023620000, 0.2575511811023650800 ) ) ;
#1842 = CARTESIAN_POINT ( 'NONE',  ( -0.07499999999999996900, -0.1674264068711929000, -0.2374999999999999900 ) ) ;
#1843 = DIRECTION ( 'NONE',  ( 0.0000000000000000000, 1.000000000000000000, 0.0000000000000000000 ) ) ;
#1844 = CARTESIAN_POINT ( 'NONE',  ( 0.1490000000000000800, -0.1674264068711929000, 0.1620000000000000100 ) ) ;
#1845 = ORIENTED_EDGE ( 'NONE', *, *, #9555, .T. ) ;
#1846 = FACE_OUTER_BOUND ( 'NONE', #8109, .T. ) ;
#1847 = CARTESIAN_POINT ( 'NONE',  ( 0.2249999999999999800, -0.1250000000000000000, -0.04849584923580595900 ) ) ;
#1848 = EDGE_CURVE ( 'NONE', #2366, #3395, #1421, .T. ) ;
#1849 = ORIENTED_EDGE ( 'NONE', *, *, #1465, .F. ) ;
#1850 = VECTOR ( 'NONE', #8603, 39.37007874015748100 ) ;
#1851 = CARTESIAN_POINT ( 'NONE',  ( 0.2669099894223583300, 0.6705511811023621100, 0.1385002118027675600 ) ) ;
#1852 = ADVANCED_FACE ( 'NONE', ( #7453 ), #9154, .T. ) ;
#1853 = AXIS2_PLACEMENT_3D ( 'NONE', #5479, #6215, #1681 ) ;
#1854 = ORIENTED_EDGE ( 'NONE', *, *, #2250, .T. ) ;
#1855 = DIRECTION ( 'NONE',  ( 0.0000000000000000000, 3.201384367575298700E-015, 1.000000000000000000 ) ) ;
#1856 = LINE ( 'NONE', #6795, #3760 ) ;
#1857 = CARTESIAN_POINT ( 'NONE',  ( -0.3250000000000023400, 0.03999999999999992500, 0.09990778161457228300 ) ) ;
#1858 = DIRECTION ( 'NONE',  ( 0.0000000000000000000, 0.0000000000000000000, 1.000000000000000000 ) ) ;
#1859 = ORIENTED_EDGE ( 'NONE', *, *, #8856, .F. ) ;
#1860 = CARTESIAN_POINT ( 'NONE',  ( -0.2733513886040114200, 0.6705511811023621100, 0.0000000000000000000 ) ) ;
#1861 = FACE_OUTER_BOUND ( 'NONE', #6545, .T. ) ;
#1862 = EDGE_CURVE ( 'NONE', #5408, #2754, #2588, .T. ) ;
#1863 = DIRECTION ( 'NONE',  ( -0.0000000000000000000, 1.000000000000000000, -0.0000000000000000000 ) ) ;
#1864 = ORIENTED_EDGE ( 'NONE', *, *, #4874, .T. ) ;
#1865 = SURFACE_STYLE_USAGE ( .BOTH. , #1938 ) ;
#1866 = VECTOR ( 'NONE', #1162, 39.37007874015748100 ) ;
#1867 = CARTESIAN_POINT ( 'NONE',  ( -0.3155511811023644100, 0.03999999999999992500, 0.0000000000000000000 ) ) ;
#1868 = AXIS2_PLACEMENT_3D ( 'NONE', #6721, #2970, #7564 ) ;
#1869 = CARTESIAN_POINT ( 'NONE',  ( 0.3155511811023650200, -0.1174999999999977700, -0.1320000000000000100 ) ) ;
#1870 = VERTEX_POINT ( 'NONE', #6867 ) ;
#1871 = DIRECTION ( 'NONE',  ( 0.0000000000000000000, -1.000000000000000000, 0.0000000000000000000 ) ) ;
#1872 = CYLINDRICAL_SURFACE ( 'NONE', #2624, 0.003937007874015724600 ) ;
#1873 = CARTESIAN_POINT ( 'NONE',  ( 0.2749385210375706000, 0.6705511811023621100, -0.1833786526941294200 ) ) ;
#1874 = STYLED_ITEM ( 'NONE', ( #6588 ), #4473 ) ;
#1875 = VERTEX_POINT ( 'NONE', #2341 ) ;
#1876 = FACE_OUTER_BOUND ( 'NONE', #52, .T. ) ;
#1877 = DIRECTION ( 'NONE',  ( -0.7071067811865463500, -0.7071067811865487900, 0.0000000000000000000 ) ) ;
#1878 = EDGE_CURVE ( 'NONE', #5345, #8974, #8533, .T. ) ;
#1879 = CARTESIAN_POINT ( 'NONE',  ( -0.3155511811023649100, -0.1174999999999955200, -0.1320000000000000100 ) ) ;
#1880 = DIRECTION ( 'NONE',  ( 9.396418828207817000E-014, 0.0000000000000000000, 1.000000000000000000 ) ) ;
#1881 = ADVANCED_FACE ( 'NONE', ( #3800 ), #3884, .F. ) ;
#1882 = EDGE_LOOP ( 'NONE', ( #990, #7401, #4840, #4975 ) ) ;
#1883 = DIRECTION ( 'NONE',  ( 0.0000000000000000000, -1.000000000000000000, 2.891205793294662500E-015 ) ) ;
#1884 = VECTOR ( 'NONE', #7844, 39.37007874015748100 ) ;
#1885 = ORIENTED_EDGE ( 'NONE', *, *, #8707, .F. ) ;
#1886 = LINE ( 'NONE', #3356, #1755 ) ;
#1887 = DIRECTION ( 'NONE',  ( 1.000000000000000000, 0.0000000000000000000, 0.0000000000000000000 ) ) ;
#1888 = ORIENTED_EDGE ( 'NONE', *, *, #1332, .T. ) ;
#1889 = ORIENTED_EDGE ( 'NONE', *, *, #8805, .F. ) ;
#1890 = DIRECTION ( 'NONE',  ( 0.0000000000000000000, 0.0000000000000000000, -1.000000000000000000 ) ) ;
#1891 = PLANE ( 'NONE',  #5796 ) ;
#1892 = SURFACE_STYLE_FILL_AREA ( #7269 ) ;
#1893 = DIRECTION ( 'NONE',  ( 0.0000000000000000000, 0.0000000000000000000, -1.000000000000000000 ) ) ;
#1894 = CARTESIAN_POINT ( 'NONE',  ( 0.2051873039643365700, 0.01450000000000000900, -0.3828791539144444400 ) ) ;
#1895 = ORIENTED_EDGE ( 'NONE', *, *, #2231, .F. ) ;
#1896 = ORIENTED_EDGE ( 'NONE', *, *, #6916, .T. ) ;
#1897 = ORIENTED_EDGE ( 'NONE', *, *, #292, .F. ) ;
#1898 = CARTESIAN_POINT ( 'NONE',  ( -0.2669099894223583300, 0.6205511811023621800, 0.1385002118027675600 ) ) ;
#1899 = EDGE_CURVE ( 'NONE', #7096, #8417, #9101, .T. ) ;
#1900 = VECTOR ( 'NONE', #6902, 39.37007874015748100 ) ;
#1901 = LINE ( 'NONE', #6857, #6157 ) ;
#1902 =( GEOMETRIC_REPRESENTATION_CONTEXT ( 3 ) GLOBAL_UNCERTAINTY_ASSIGNED_CONTEXT ( ( #6644 ) ) GLOBAL_UNIT_ASSIGNED_CONTEXT ( ( #852, #1632, #3161 ) ) REPRESENTATION_CONTEXT ( 'NONE', 'WORKASPACE' ) );
#1903 = ADVANCED_FACE ( 'NONE', ( #6023 ), #5179, .T. ) ;
#1904 = VECTOR ( 'NONE', #1104, 39.37007874015748100 ) ;
#1905 = CARTESIAN_POINT ( 'NONE',  ( -0.1295137373393534800, 0.2705511811023621500, 0.09870736768358978600 ) ) ;
#1906 = ORIENTED_EDGE ( 'NONE', *, *, #8457, .T. ) ;
#1907 = LINE ( 'NONE', #8695, #9746 ) ;
#1908 = CARTESIAN_POINT ( 'NONE',  ( 0.3155511811023644100, 0.05599999999999993900, -0.1740000000000000200 ) ) ;
#1909 = ORIENTED_EDGE ( 'NONE', *, *, #6485, .F. ) ;
#1910 = EDGE_CURVE ( 'NONE', #5707, #6452, #8290, .T. ) ;
#1911 = LINE ( 'NONE', #2755, #7718 ) ;
#1912 = LINE ( 'NONE', #1295, #4633 ) ;
#1913 = CARTESIAN_POINT ( 'NONE',  ( 0.08354462770099667400, 0.2705511811023621500, 0.2208086550377015000 ) ) ;
#1914 = ORIENTED_EDGE ( 'NONE', *, *, #407, .T. ) ;
#1915 = DIRECTION ( 'NONE',  ( -1.000000000000000000, 0.0000000000000000000, -0.0000000000000000000 ) ) ;
#1916 = CARTESIAN_POINT ( 'NONE',  ( -0.1645137373393535100, 0.6705511811023621100, 0.2073173628908212800 ) ) ;
#1917 = CARTESIAN_POINT ( 'NONE',  ( -0.2490000000000000500, -0.1250000000000000000, 0.1620000000000000100 ) ) ;
#1918 = AXIS2_PLACEMENT_3D ( 'NONE', #6487, #1954, #7815 ) ;
#1919 = EDGE_CURVE ( 'NONE', #2893, #9766, #7088, .T. ) ;
#1920 = VECTOR ( 'NONE', #4773, 39.37007874015748100 ) ;
#1921 = LINE ( 'NONE', #384, #2876 ) ;
#1922 = CIRCLE ( 'NONE', #9611, 0.06250000000000000000 ) ;
#1923 = FILL_AREA_STYLE_COLOUR ( '', #7585 ) ;
#1924 = VERTEX_POINT ( 'NONE', #3107 ) ;
#1925 = CARTESIAN_POINT ( 'NONE',  ( 0.3155511811023635200, 0.06600000000000101600, 0.2536141732283463400 ) ) ;
#1926 = EDGE_CURVE ( 'NONE', #7149, #396, #706, .T. ) ;
#1927 = CARTESIAN_POINT ( 'NONE',  ( 0.1490000000000000800, -0.1250000000000000000, 0.1770000000000000200 ) ) ;
#1928 = DIRECTION ( 'NONE',  ( -0.7071067811865413600, 0.7071067811865536800, -2.448660223918979900E-015 ) ) ;
#1929 = DIRECTION ( 'NONE',  ( 0.0000000000000000000, -1.000000000000000000, 0.0000000000000000000 ) ) ;
#1930 =( NAMED_UNIT ( * ) PLANE_ANGLE_UNIT ( ) SI_UNIT ( $, .RADIAN. ) );
#1931 = EDGE_LOOP ( 'NONE', ( #8808, #55, #4562, #1906, #182 ) ) ;
#1932 = AXIS2_PLACEMENT_3D ( 'NONE', #9768, #4549, #9013 ) ;
#1933 = LINE ( 'NONE', #8359, #2999 ) ;
#1934 = DIRECTION ( 'NONE',  ( 1.000000000000000000, 0.0000000000000000000, -1.459106284977188500E-016 ) ) ;
#1935 = ADVANCED_FACE ( 'NONE', ( #1179 ), #3308, .T. ) ;
#1936 = DIRECTION ( 'NONE',  ( 0.0000000000000000000, -1.000000000000000000, -0.0000000000000000000 ) ) ;
#1937 = AXIS2_PLACEMENT_3D ( 'NONE', #1054, #8654, #1092 ) ;
#1938 = SURFACE_SIDE_STYLE ('',( #3312 ) ) ;
#1939 = DIRECTION ( 'NONE',  ( 1.000000000000000000, 0.0000000000000000000, -0.0000000000000000000 ) ) ;
#1940 = ORIENTED_EDGE ( 'NONE', *, *, #4785, .T. ) ;
#1941 = DIRECTION ( 'NONE',  ( -0.0000000000000000000, -1.000000000000000000, -0.0000000000000000000 ) ) ;
#1942 = EDGE_CURVE ( 'NONE', #4002, #1330, #8650, .T. ) ;
#1943 = LINE ( 'NONE', #5767, #7635 ) ;
#1944 = ORIENTED_EDGE ( 'NONE', *, *, #6003, .T. ) ;
#1945 = CARTESIAN_POINT ( 'NONE',  ( -0.1959325888690782400, 0.6666141732283462600, 0.004393306531884149200 ) ) ;
#1946 = CARTESIAN_POINT ( 'NONE',  ( 0.3126448794795244600, 0.6705511811023621100, 0.2489533149417187700 ) ) ;
#1947 = DIRECTION ( 'NONE',  ( -0.7071067811865413600, -0.7071067811865536800, 1.839735182346002100E-016 ) ) ;
#1948 = LINE ( 'NONE', #4764, #8588 ) ;
#1949 = ORIENTED_EDGE ( 'NONE', *, *, #8507, .F. ) ;
#1950 = AXIS2_PLACEMENT_3D ( 'NONE', #8388, #6126, #7659 ) ;
#1951 = LINE ( 'NONE', #2608, #4552 ) ;
#1952 = CARTESIAN_POINT ( 'NONE',  ( -0.3155511811023650700, -0.1549999999999955000, -0.1639519052838328500 ) ) ;
#1953 = ORIENTED_EDGE ( 'NONE', *, *, #9434, .F. ) ;
#1954 = DIRECTION ( 'NONE',  ( -1.000000000000000000, -0.0000000000000000000, -0.0000000000000000000 ) ) ;
#1955 = ADVANCED_FACE ( 'NONE', ( #2481 ), #8406, .F. ) ;
#1956 = VERTEX_POINT ( 'NONE', #8958 ) ;
#1957 = LINE ( 'NONE', #4410, #4787 ) ;
#1958 = ORIENTED_EDGE ( 'NONE', *, *, #4688, .F. ) ;
#1959 = CARTESIAN_POINT ( 'NONE',  ( -0.3155511811023643000, 0.03000000000000001300, 0.07990778161457227900 ) ) ;
#1960 = PLANE ( 'NONE',  #6954 ) ;
#1961 = EDGE_CURVE ( 'NONE', #449, #2899, #6259, .T. ) ;
#1962 = CARTESIAN_POINT ( 'NONE',  ( 0.02500000000000004000, -0.1250000000000000000, -0.2500000000000000000 ) ) ;
#1963 = ORIENTED_EDGE ( 'NONE', *, *, #4020, .F. ) ;
#1964 = DIRECTION ( 'NONE',  ( 0.0000000000000000000, 0.0000000000000000000, -1.000000000000000000 ) ) ;
#1965 = EDGE_CURVE ( 'NONE', #5151, #8006, #6506, .T. ) ;
#1966 =( GEOMETRIC_REPRESENTATION_CONTEXT ( 3 ) GLOBAL_UNCERTAINTY_ASSIGNED_CONTEXT ( ( #7692 ) ) GLOBAL_UNIT_ASSIGNED_CONTEXT ( ( #7760, #2323, #7631 ) ) REPRESENTATION_CONTEXT ( 'NONE', 'WORKASPACE' ) );
#1967 = DIRECTION ( 'NONE',  ( 0.0000000000000000000, -0.0000000000000000000, 1.000000000000000000 ) ) ;
#1968 = ORIENTED_EDGE ( 'NONE', *, *, #7081, .T. ) ;
#1969 = CARTESIAN_POINT ( 'NONE',  ( 0.3116141732283445000, 0.6619533149417186100, 0.2670000000000015700 ) ) ;
#1970 = FACE_OUTER_BOUND ( 'NONE', #640, .T. ) ;
#1971 = ORIENTED_EDGE ( 'NONE', *, *, #3200, .F. ) ;
#1972 = PLANE ( 'NONE',  #6908 ) ;
#1973 = ADVANCED_FACE ( 'NONE', ( #6609 ), #6725, .T. ) ;
#1974 = ORIENTED_EDGE ( 'NONE', *, *, #5907, .T. ) ;
#1975 = EDGE_CURVE ( 'NONE', #6501, #8145, #5080, .T. ) ;
#1976 = CARTESIAN_POINT ( 'NONE',  ( -1.818551083781401100E-017, 0.6705511811023621100, 0.2475511811023651300 ) ) ;
#1977 = CARTESIAN_POINT ( 'NONE',  ( 0.1605905511811047400, 0.5358241725520462900, -0.4130000000000045900 ) ) ;
#1978 = ORIENTED_EDGE ( 'NONE', *, *, #1975, .F. ) ;
#1979 = VECTOR ( 'NONE', #7103, 39.37007874015748900 ) ;
#1980 = DIRECTION ( 'NONE',  ( 1.000000000000000000, 0.0000000000000000000, -5.782411586589358800E-015 ) ) ;
#1981 = ORIENTED_EDGE ( 'NONE', *, *, #8716, .F. ) ;
#1982 = CARTESIAN_POINT ( 'NONE',  ( -0.1850000000000007500, 0.5358241725520464000, -0.4130000000000033100 ) ) ;
#1983 = DIMENSIONAL_EXPONENTS ( 1.000000000000000000, 0.0000000000000000000, 0.0000000000000000000, 0.0000000000000000000, 0.0000000000000000000, 0.0000000000000000000, 0.0000000000000000000 ) ;
#1984 = VECTOR ( 'NONE', #72, 39.37007874015748100 ) ;
#1985 = DIRECTION ( 'NONE',  ( 2.492171718503151100E-016, 0.0000000000000000000, 1.000000000000000000 ) ) ;
#1986 = DIRECTION ( 'NONE',  ( -0.0000000000000000000, 1.000000000000000000, -0.0000000000000000000 ) ) ;
#1987 = EDGE_CURVE ( 'NONE', #2485, #3664, #8405, .T. ) ;
#1988 = EDGE_LOOP ( 'NONE', ( #3351, #198, #5609, #9491 ) ) ;
#1989 = CYLINDRICAL_SURFACE ( 'NONE', #5107, 0.01250000000000000200 ) ;
#1990 = CARTESIAN_POINT ( 'NONE',  ( 0.2755511811023643200, 0.01450000000000000100, -0.3828791539144444400 ) ) ;
#1991 = ORIENTED_EDGE ( 'NONE', *, *, #2896, .F. ) ;
#1992 = AXIS2_PLACEMENT_3D ( 'NONE', #9617, #8806, #6568 ) ;
#1993 = CIRCLE ( 'NONE', #3511, 0.01181102362204731000 ) ;
#1994 = CARTESIAN_POINT ( 'NONE',  ( 0.1085446277009964900, 0.6605511811023620000, 0.2575511811023650800 ) ) ;
#1995 = CARTESIAN_POINT ( 'NONE',  ( -0.3250000000000027300, -0.1174999999999954800, -0.1320000000000000100 ) ) ;
#1996 = DIRECTION ( 'NONE',  ( 0.0000000000000000000, 1.000000000000000000, 0.0000000000000000000 ) ) ;
#1997 = DIRECTION ( 'NONE',  ( 0.0000000000000000000, 0.0000000000000000000, 1.000000000000000000 ) ) ;
#1998 = CARTESIAN_POINT ( 'NONE',  ( -0.2490000000000000500, -0.1250000000000000000, 0.1620000000000000100 ) ) ;
#1999 = ORIENTED_EDGE ( 'NONE', *, *, #9209, .T. ) ;
#2000 = VECTOR ( 'NONE', #5296, 39.37007874015748100 ) ;
#2001 = B_SPLINE_CURVE_WITH_KNOTS ( 'NONE', 3,
 ( #9447, #1050, #5639, #5604, #1122, #7882 ),
 .UNSPECIFIED., .F., .F.,
 ( 4, 2, 4 ),
 ( 0.0000000000000000000, 0.5000000000000000000, 1.000000000000000000 ),
 .UNSPECIFIED. ) ;
#2002 = EDGE_CURVE ( 'NONE', #9558, #371, #239, .T. ) ;
#2003 = VERTEX_POINT ( 'NONE', #6269 ) ;
#2004 = PLANE ( 'NONE',  #3864 ) ;
#2005 = LINE ( 'NONE', #5303, #5766 ) ;
#2006 = CARTESIAN_POINT ( 'NONE',  ( 0.3250000000000015700, 0.03999999999999992500, 0.2238645401817222200 ) ) ;
#2007 = ORIENTED_EDGE ( 'NONE', *, *, #7629, .F. ) ;
#2008 = LINE ( 'NONE', #7860, #1417 ) ;
#2009 = CARTESIAN_POINT ( 'NONE',  ( -0.1490000000000000500, 0.01450000000000000100, 0.1469999999999999400 ) ) ;
#2010 = AXIS2_PLACEMENT_3D ( 'NONE', #3951, #5317, #8513 ) ;
#2011 = EDGE_LOOP ( 'NONE', ( #6604, #6218, #4664, #6992 ) ) ;
#2012 = LINE ( 'NONE', #7368, #478 ) ;
#2013 = CARTESIAN_POINT ( 'NONE',  ( -0.1645137373393535100, 0.6205511811023621800, 0.1385002118027675600 ) ) ;
#2014 = EDGE_LOOP ( 'NONE', ( #1039, #6456, #2067, #9143 ) ) ;
#2015 = CARTESIAN_POINT ( 'NONE',  ( -0.2490000000000000500, -0.1674264068711929000, 0.1769999999999999900 ) ) ;
#2016 = VECTOR ( 'NONE', #1408, 39.37007874015748100 ) ;
#2017 = CARTESIAN_POINT ( 'NONE',  ( 0.3116141732283442300, 0.6666141732283461500, -0.4035511811023643200 ) ) ;
#2018 = ORIENTED_EDGE ( 'NONE', *, *, #7814, .T. ) ;
#2019 = DIRECTION ( 'NONE',  ( -5.782411586589324900E-015, 1.000000000000000000, 0.0000000000000000000 ) ) ;
#2020 = EDGE_LOOP ( 'NONE', ( #7927, #622, #7468, #5732, #9526, #8580 ) ) ;
#2021 = LINE ( 'NONE', #3304, #7459 ) ;
#2022 = FACE_OUTER_BOUND ( 'NONE', #2849, .T. ) ;
#2023 = EDGE_CURVE ( 'NONE', #3490, #6134, #5432, .T. ) ;
#2024 =( NAMED_UNIT ( * ) SI_UNIT ( $, .STERADIAN. ) SOLID_ANGLE_UNIT ( ) );
#2025 = AXIS2_PLACEMENT_3D ( 'NONE', #3037, #725, #3008 ) ;
#2026 = VERTEX_POINT ( 'NONE', #5563 ) ;
#2027 =( CONVERSION_BASED_UNIT ( 'INCH', #8682 ) LENGTH_UNIT ( ) NAMED_UNIT ( #9599 ) );
#2028 = CARTESIAN_POINT ( 'NONE',  ( -0.1645137373393535100, 0.6605511811023621100, 0.2073173628908212800 ) ) ;
#2029 = DIRECTION ( 'NONE',  ( -8.962718471908360700E-016, -0.2588190451025214600, -0.9659258262890680900 ) ) ;
#2030 = ORIENTED_EDGE ( 'NONE', *, *, #7174, .T. ) ;
#2031 = DIRECTION ( 'NONE',  ( -0.0000000000000000000, -1.000000000000000000, 6.566942292462163400E-016 ) ) ;
#2032 = VECTOR ( 'NONE', #824, 39.37007874015748100 ) ;
#2033 = LINE ( 'NONE', #5227, #6635 ) ;
#2034 = CIRCLE ( 'NONE', #153, 0.01250000000000000200 ) ;
#2035 = VERTEX_POINT ( 'NONE', #1005 ) ;
#2036 = CARTESIAN_POINT ( 'NONE',  ( -0.3155511811023643000, 1.403100757040926000, -0.3935511811023632000 ) ) ;
#2037 = VECTOR ( 'NONE', #4146, 39.37007874015748100 ) ;
#2038 = DIRECTION ( 'NONE',  ( 0.0000000000000000000, 0.0000000000000000000, -1.000000000000000000 ) ) ;
#2039 = EDGE_CURVE ( 'NONE', #1633, #9232, #575, .T. ) ;
#2040 = FACE_OUTER_BOUND ( 'NONE', #775, .T. ) ;
#2041 = VECTOR ( 'NONE', #6653, 39.37007874015748100 ) ;
#2042 = DIRECTION ( 'NONE',  ( 0.5642220635390411400, 0.0000000000000000000, 0.8256230756318201400 ) ) ;
#2043 = ORIENTED_EDGE ( 'NONE', *, *, #8033, .F. ) ;
#2044 = DIRECTION ( 'NONE',  ( -0.7071067811865413600, -0.7071067811865536800, -1.839735182346002100E-016 ) ) ;
#2045 = EDGE_CURVE ( 'NONE', #7530, #2561, #8053, .T. ) ;
#2046 = ORIENTED_EDGE ( 'NONE', *, *, #4258, .F. ) ;
#2047 = LINE ( 'NONE', #206, #7966 ) ;
#2048 = FILL_AREA_STYLE ('',( #8242 ) ) ;
#2049 = ORIENTED_EDGE ( 'NONE', *, *, #4447, .F. ) ;
#2050 = CARTESIAN_POINT ( 'NONE',  ( -0.1645137373393535100, 0.6705511811023621100, 0.09870736768358978600 ) ) ;
#2051 = AXIS2_PLACEMENT_3D ( 'NONE', #1316, #4391, #3636 ) ;
#2052 = CARTESIAN_POINT ( 'NONE',  ( -0.2561045361904967200, 0.6517171962552883400, -0.1833786526941293700 ) ) ;
#2053 = ORIENTED_EDGE ( 'NONE', *, *, #8686, .T. ) ;
#2054 = LINE ( 'NONE', #291, #2408 ) ;
#2055 = ORIENTED_EDGE ( 'NONE', *, *, #7850, .F. ) ;
#2056 = ORIENTED_EDGE ( 'NONE', *, *, #4363, .T. ) ;
#2057 = EDGE_CURVE ( 'NONE', #4696, #1194, #7812, .T. ) ;
#2058 = DIRECTION ( 'NONE',  ( 0.0000000000000000000, 1.000000000000000000, -3.441422560204223200E-015 ) ) ;
#2059 = CARTESIAN_POINT ( 'NONE',  ( 0.3116141732283477800, 0.9930951913557764000, 0.2536141732283463400 ) ) ;
#2060 = DIRECTION ( 'NONE',  ( 0.0000000000000000000, -1.000000000000000000, 0.0000000000000000000 ) ) ;
#2061 = AXIS2_PLACEMENT_3D ( 'NONE', #4911, #2493, #6254 ) ;
#2062 = VERTEX_POINT ( 'NONE', #8505 ) ;
#2063 = CARTESIAN_POINT ( 'NONE',  ( 0.2755511811023642100, 0.01450000000000000100, -0.2729397864125761000 ) ) ;
#2064 = CARTESIAN_POINT ( 'NONE',  ( 0.1645137373393535100, 0.6205511811023621800, 0.1385002118027675600 ) ) ;
#2065 = VECTOR ( 'NONE', #4426, 39.37007874015748100 ) ;
#2066 = ADVANCED_FACE ( 'NONE', ( #817 ), #201, .F. ) ;
#2067 = ORIENTED_EDGE ( 'NONE', *, *, #5194, .T. ) ;
#2068 = DIRECTION ( 'NONE',  ( -0.0000000000000000000, -1.000000000000000000, -0.0000000000000000000 ) ) ;
#2069 = CARTESIAN_POINT ( 'NONE',  ( 0.3116141732283445000, 0.6619533149417187200, 0.2575511811023637500 ) ) ;
#2070 = EDGE_CURVE ( 'NONE', #959, #8263, #13, .T. ) ;
#2071 = VECTOR ( 'NONE', #5754, 39.37007874015748100 ) ;
#2072 = DIRECTION ( 'NONE',  ( 1.000000000000000000, 0.0000000000000000000, -1.409998620576266700E-016 ) ) ;
#2073 = EDGE_LOOP ( 'NONE', ( #3647, #2711, #1885, #1551 ) ) ;
#2074 = LINE ( 'NONE', #4872, #7382 ) ;
#2075 = DIRECTION ( 'NONE',  ( -0.0000000000000000000, 1.000000000000000000, -0.0000000000000000000 ) ) ;
#2076 = ORIENTED_EDGE ( 'NONE', *, *, #1961, .T. ) ;
#2077 = CARTESIAN_POINT ( 'NONE',  ( -0.3250000000000023400, 0.05599999999999997300, -0.1120000000000000200 ) ) ;
#2078 = CARTESIAN_POINT ( 'NONE',  ( 0.3250000000000015700, 0.03999999999999992500, 0.09990778161457228300 ) ) ;
#2079 = AXIS2_PLACEMENT_3D ( 'NONE', #8525, #7759, #1720 ) ;
#2080 = DIRECTION ( 'NONE',  ( 0.7071067811865536800, 0.7071067811865413600, 2.448660223918954300E-015 ) ) ;
#2081 = ORIENTED_EDGE ( 'NONE', *, *, #5507, .F. ) ;
#2082 = LINE ( 'NONE', #7899, #784 ) ;
#2083 = ORIENTED_EDGE ( 'NONE', *, *, #6837, .F. ) ;
#2084 = CARTESIAN_POINT ( 'NONE',  ( -0.2249999999999999800, -0.1250000000000000000, -0.04849584923580589600 ) ) ;
#2085 = ORIENTED_EDGE ( 'NONE', *, *, #2394, .T. ) ;
#2086 = DIRECTION ( 'NONE',  ( 0.5773502691896274000, 0.5773502691896227300, 0.5773502691896271700 ) ) ;
#2087 = CARTESIAN_POINT ( 'NONE',  ( 0.1850000000000024400, 0.5358241725520462900, 0.2575511811023668000 ) ) ;
#2088 = ORIENTED_EDGE ( 'NONE', *, *, #1007, .T. ) ;
#2089 = DIRECTION ( 'NONE',  ( 0.0000000000000000000, 0.0000000000000000000, -1.000000000000000000 ) ) ;
#2090 = CARTESIAN_POINT ( 'NONE',  ( 0.0000000000000000000, 0.6605511811023621100, 0.1485002118027675400 ) ) ;
#2091 = CARTESIAN_POINT ( 'NONE',  ( 0.3155511811023644100, 0.05599999999999997300, -0.1840000000000000000 ) ) ;
#2092 = EDGE_CURVE ( 'NONE', #668, #5312, #6844, .T. ) ;
#2093 = ORIENTED_EDGE ( 'NONE', *, *, #1031, .F. ) ;
#2094 = VECTOR ( 'NONE', #1698, 39.37007874015748100 ) ;
#2095 = CARTESIAN_POINT ( 'NONE',  ( -0.1850000000000007200, 0.5358241725520464000, -0.4035511811023654900 ) ) ;
#2096 = DIRECTION ( 'NONE',  ( 0.7071067811865486800, 0.7071067811865462400, 0.0000000000000000000 ) ) ;
#2097 = ORIENTED_EDGE ( 'NONE', *, *, #5163, .F. ) ;
#2098 = EDGE_CURVE ( 'NONE', #5408, #5791, #1758, .T. ) ;
#2099 = CARTESIAN_POINT ( 'NONE',  ( 0.1653149606299236800, 0.5358241725520462900, 0.2575511811023667400 ) ) ;
#2100 = DIRECTION ( 'NONE',  ( 1.000000000000000000, 0.0000000000000000000, -0.0000000000000000000 ) ) ;
#2101 = ORIENTED_EDGE ( 'NONE', *, *, #1899, .T. ) ;
#2102 = LINE ( 'NONE', #8750, #9330 ) ;
#2103 = DIRECTION ( 'NONE',  ( 0.0000000000000000000, 1.000000000000000000, 0.0000000000000000000 ) ) ;
#2104 = AXIS2_PLACEMENT_3D ( 'NONE', #3389, #5691, #7251 ) ;
#2105 = ORIENTED_EDGE ( 'NONE', *, *, #2375, .T. ) ;
#2106 = DIRECTION ( 'NONE',  ( 0.0000000000000000000, -1.000000000000000000, 0.0000000000000000000 ) ) ;
#2107 = MANIFOLD_SOLID_BREP ( 'Boss-Extrude5[11]', #1554 ) ;
#2108 = CARTESIAN_POINT ( 'NONE',  ( 0.2669099894223583300, 0.6664090454786311100, 0.1385002118027675600 ) ) ;
#2109 = CARTESIAN_POINT ( 'NONE',  ( 0.07500000000000005300, 0.01450000000000000100, -0.3375000000000000800 ) ) ;
#2110 = ORIENTED_EDGE ( 'NONE', *, *, #315, .T. ) ;
#2111 = CARTESIAN_POINT ( 'NONE',  ( -0.2399385210375706000, 0.2705511811023621500, 0.09870736768358978600 ) ) ;
#2112 = VECTOR ( 'NONE', #5192, 39.37007874015748100 ) ;
#2113 = ADVANCED_FACE ( 'NONE', ( #5531 ), #2508, .F. ) ;
#2114 = DIRECTION ( 'NONE',  ( 2.492171718503151100E-016, 0.0000000000000000000, 1.000000000000000000 ) ) ;
#2115 = EDGE_CURVE ( 'NONE', #1577, #4329, #5655, .T. ) ;
#2116 = ORIENTED_EDGE ( 'NONE', *, *, #4401, .T. ) ;
#2117 = LINE ( 'NONE', #8122, #6839 ) ;
#2118 = ORIENTED_EDGE ( 'NONE', *, *, #158, .T. ) ;
#2119 =( CONVERSION_BASED_UNIT ( 'INCH', #2569 ) LENGTH_UNIT ( ) NAMED_UNIT ( #3517 ) );
#2120 = LINE ( 'NONE', #4169, #8044 ) ;
#2121 = DIRECTION ( 'NONE',  ( 1.000000000000000000, 0.0000000000000000000, -0.0000000000000000000 ) ) ;
#2122 = DIRECTION ( 'NONE',  ( 1.000000000000000000, 0.0000000000000000000, -0.0000000000000000000 ) ) ;
#2123 = DIRECTION ( 'NONE',  ( 0.0000000000000000000, 1.000000000000000000, 0.0000000000000000000 ) ) ;
#2124 = VERTEX_POINT ( 'NONE', #6342 ) ;
#2125 = VECTOR ( 'NONE', #251, 39.37007874015748100 ) ;
#2126 = EDGE_CURVE ( 'NONE', #5069, #1439, #468, .T. ) ;
#2127 = EDGE_LOOP ( 'NONE', ( #1493, #4516, #2515, #8982, #5711, #3171 ) ) ;
#2128 = DIRECTION ( 'NONE',  ( 0.0000000000000000000, -0.0000000000000000000, 1.000000000000000000 ) ) ;
#2129 = ORIENTED_EDGE ( 'NONE', *, *, #9287, .F. ) ;
#2130 = CARTESIAN_POINT ( 'NONE',  ( -0.3155511811023621900, 0.6676448794795242200, -0.3949533149417182000 ) ) ;
#2131 = LINE ( 'NONE', #2446, #2491 ) ;
#2132 = EDGE_LOOP ( 'NONE', ( #8370, #4907, #6399, #7693 ) ) ;
#2133 = DIRECTION ( 'NONE',  ( 0.0000000000000000000, 0.0000000000000000000, 1.000000000000000000 ) ) ;
#2134 = CARTESIAN_POINT ( 'NONE',  ( -0.3055511811023642900, 0.6605511811023620000, -0.4035511811023633200 ) ) ;
#2135 = ORIENTED_EDGE ( 'NONE', *, *, #820, .T. ) ;
#2136 = EDGE_LOOP ( 'NONE', ( #7109, #2901, #121, #8481, #1186, #29 ) ) ;
#2137 = ADVANCED_FACE ( 'NONE', ( #122 ), #460, .T. ) ;
#2138 = ORIENTED_EDGE ( 'NONE', *, *, #6154, .T. ) ;
#2139 = VECTOR ( 'NONE', #9808, 39.37007874015748100 ) ;
#2140 = CIRCLE ( 'NONE', #4963, 0.009999999999999988100 ) ;
#2141 = VECTOR ( 'NONE', #6859, 39.37007874015748100 ) ;
#2142 = CARTESIAN_POINT ( 'NONE',  ( 0.1645137373393535100, 0.6705511811023621100, 0.1485002118027675400 ) ) ;
#2143 = VERTEX_POINT ( 'NONE', #2735 ) ;
#2144 = LINE ( 'NONE', #3862, #9637 ) ;
#2145 = EDGE_LOOP ( 'NONE', ( #9241, #7830, #4430, #2662 ) ) ;
#2146 = EDGE_CURVE ( 'NONE', #430, #4446, #6717, .T. ) ;
#2147 = EDGE_CURVE ( 'NONE', #6755, #4686, #8524, .T. ) ;
#2148 = FACE_OUTER_BOUND ( 'NONE', #1624, .T. ) ;
#2149 = ORIENTED_EDGE ( 'NONE', *, *, #9114, .F. ) ;
#2150 = CARTESIAN_POINT ( 'NONE',  ( -0.1490000000000000500, -0.1250000000000000000, 0.1619999999999999800 ) ) ;
#2151 = DIRECTION ( 'NONE',  ( -1.000000000000000000, 0.0000000000000000000, 0.0000000000000000000 ) ) ;
#2152 = DIRECTION ( 'NONE',  ( -1.000000000000000000, 3.491481338843133400E-015, 0.0000000000000000000 ) ) ;
#2153 = VECTOR ( 'NONE', #813, 39.37007874015748100 ) ;
#2154 = EDGE_CURVE ( 'NONE', #254, #5286, #4488, .T. ) ;
#2155 = CYLINDRICAL_SURFACE ( 'NONE', #9251, 0.01250000000000000200 ) ;
#2156 = CARTESIAN_POINT ( 'NONE',  ( 0.2669099894223583300, 0.6799999999999999400, 0.1503393543984664600 ) ) ;
#2157 = VERTEX_POINT ( 'NONE', #7135 ) ;
#2158 = DIRECTION ( 'NONE',  ( 1.000000000000000000, -0.0000000000000000000, -0.0000000000000000000 ) ) ;
#2159 = VERTEX_POINT ( 'NONE', #9473 ) ;
#2160 = AXIS2_PLACEMENT_3D ( 'NONE', #7647, #1489, #6760 ) ;
#2161 = AXIS2_PLACEMENT_3D ( 'NONE', #7666, #4646, #5307 ) ;
#2162 = LINE ( 'NONE', #5508, #168 ) ;
#2163 = CARTESIAN_POINT ( 'NONE',  ( -0.1959325888690782400, 0.6705511811023621100, -0.08658759291419086700 ) ) ;
#2164 = CARTESIAN_POINT ( 'NONE',  ( 0.2755511811023643200, 0.0000000000000000000, -0.3067141884898558200 ) ) ;
#2165 = LINE ( 'NONE', #3728, #9769 ) ;
#2166 = ORIENTED_EDGE ( 'NONE', *, *, #515, .T. ) ;
#2167 = EDGE_CURVE ( 'NONE', #7942, #8078, #4964, .T. ) ;
#2168 = DIRECTION ( 'NONE',  ( 0.0000000000000000000, -0.0000000000000000000, -1.000000000000000000 ) ) ;
#2169 =( NAMED_UNIT ( * ) SI_UNIT ( $, .STERADIAN. ) SOLID_ANGLE_UNIT ( ) );
#2170 = VECTOR ( 'NONE', #4472, 39.37007874015748100 ) ;
#2171 = VERTEX_POINT ( 'NONE', #1977 ) ;
#2172 = DIRECTION ( 'NONE',  ( -0.0000000000000000000, 1.000000000000000000, -1.313388458492436400E-015 ) ) ;
#2173 = AXIS2_PLACEMENT_3D ( 'NONE', #9444, #302, #6423 ) ;
#2174 = SURFACE_STYLE_FILL_AREA ( #2333 ) ;
#2175 = CARTESIAN_POINT ( 'NONE',  ( -0.2755511811023642600, 0.05455008786923420300, -0.06845163660186287500 ) ) ;
#2176 = ORIENTED_EDGE ( 'NONE', *, *, #4523, .F. ) ;
#2177 = VECTOR ( 'NONE', #187, 39.37007874015748100 ) ;
#2178 = EDGE_LOOP ( 'NONE', ( #4729, #7885, #7744, #4243, #9809, #2933 ) ) ;
#2179 = EDGE_CURVE ( 'NONE', #4210, #8757, #3916, .T. ) ;
#2180 = CARTESIAN_POINT ( 'NONE',  ( 0.1605124221163134500, 0.6666141732283462600, 0.2170512116749741300 ) ) ;
#2181 = VECTOR ( 'NONE', #5570, 39.37007874015748100 ) ;
#2182 = ADVANCED_FACE ( 'NONE', ( #3538 ), #9602, .T. ) ;
#2183 = CARTESIAN_POINT ( 'NONE',  ( 0.2733513886040114200, 0.6705511811023621100, 0.0000000000000000000 ) ) ;
#2184 = ORIENTED_EDGE ( 'NONE', *, *, #1095, .T. ) ;
#2185 = CARTESIAN_POINT ( 'NONE',  ( 0.1808241725520474400, 0.5399999999999987000, -0.4129999999999993700 ) ) ;
#2186 = AXIS2_PLACEMENT_3D ( 'NONE', #416, #7282, #4220 ) ;
#2187 = VERTEX_POINT ( 'NONE', #4895 ) ;
#2188 = VERTEX_POINT ( 'NONE', #8743 ) ;
#2189 = CARTESIAN_POINT ( 'NONE',  ( 0.0000000000000000000, 0.6605511811023621100, 0.1973173628908212700 ) ) ;
#2190 = VECTOR ( 'NONE', #5924, 39.37007874015748100 ) ;
#2191 = ORIENTED_EDGE ( 'NONE', *, *, #2870, .T. ) ;
#2192 = AXIS2_PLACEMENT_3D ( 'NONE', #3890, #3172, #8376 ) ;
#2193 = ORIENTED_EDGE ( 'NONE', *, *, #2471, .T. ) ;
#2194 = PLANE ( 'NONE',  #930 ) ;
#2195 = EDGE_CURVE ( 'NONE', #7520, #2313, #2120, .T. ) ;
#2196 = ORIENTED_EDGE ( 'NONE', *, *, #6238, .T. ) ;
#2197 = LINE ( 'NONE', #3634, #1378 ) ;
#2198 = EDGE_LOOP ( 'NONE', ( #7512, #6286, #2478, #6879 ) ) ;
#2199 = CARTESIAN_POINT ( 'NONE',  ( -0.3055511811023642900, 0.6605511811023620000, -0.4035511811023633200 ) ) ;
#2200 = EDGE_LOOP ( 'NONE', ( #8085, #3513, #14, #1388 ) ) ;
#2201 = CARTESIAN_POINT ( 'NONE',  ( -0.2755511811023642600, 0.0000000000000000000, 0.1871780396547222100 ) ) ;
#2202 = DIRECTION ( 'NONE',  ( 0.0000000000000000000, 0.0000000000000000000, 1.000000000000000000 ) ) ;
#2203 = EDGE_CURVE ( 'NONE', #1870, #8020, #5425, .T. ) ;
#2204 = AXIS2_PLACEMENT_3D ( 'NONE', #8961, #9779, #9055 ) ;
#2205 = ADVANCED_FACE ( 'NONE', ( #3423 ), #3467, .F. ) ;
#2206 = DIRECTION ( 'NONE',  ( -1.000000000000000000, 0.0000000000000000000, 0.0000000000000000000 ) ) ;
#2207 = EDGE_LOOP ( 'NONE', ( #1889, #8868, #8592, #3757 ) ) ;
#2208 = LINE ( 'NONE', #7712, #3160 ) ;
#2209 = ORIENTED_EDGE ( 'NONE', *, *, #351, .T. ) ;
#2210 = VECTOR ( 'NONE', #8957, 39.37007874015748900 ) ;
#2211 = DIRECTION ( 'NONE',  ( 0.0000000000000000000, -1.000000000000000000, 0.0000000000000000000 ) ) ;
#2212 = CARTESIAN_POINT ( 'NONE',  ( 0.2051873039643365700, 0.0000000000000000000, -0.3067141884898558200 ) ) ;
#2213 = DIRECTION ( 'NONE',  ( 1.000000000000000000, -0.0000000000000000000, -0.0000000000000000000 ) ) ;
#2214 = DIRECTION ( 'NONE',  ( 0.0000000000000000000, -1.000000000000000000, 6.566942292462162400E-016 ) ) ;
#2215 = ORIENTED_EDGE ( 'NONE', *, *, #9763, .T. ) ;
#2216 = EDGE_CURVE ( 'NONE', #7683, #1257, #2469, .T. ) ;
#2217 = AXIS2_PLACEMENT_3D ( 'NONE', #1451, #5964, #4 ) ;
#2218 = ORIENTED_EDGE ( 'NONE', *, *, #8782, .T. ) ;
#2219 = FACE_OUTER_BOUND ( 'NONE', #6997, .T. ) ;
#2220 = DIRECTION ( 'NONE',  ( 1.000000000000000000, 0.0000000000000000000, -2.492171718503151100E-016 ) ) ;
#2221 = EDGE_CURVE ( 'NONE', #1144, #4375, #232, .T. ) ;
#2222 = EDGE_LOOP ( 'NONE', ( #6798, #943, #4018, #1958 ) ) ;
#2223 =( CONVERSION_BASED_UNIT ( 'INCH', #6671 ) LENGTH_UNIT ( ) NAMED_UNIT ( #6628 ) );
#2224 = VECTOR ( 'NONE', #9824, 39.37007874015748100 ) ;
#2225 = CARTESIAN_POINT ( 'NONE',  ( 0.1142984638647553800, 0.6799999999999999400, 0.2536141732283463400 ) ) ;
#2226 = CARTESIAN_POINT ( 'NONE',  ( -0.3116141732283464500, 0.6619533149417188300, 0.2575511811023631400 ) ) ;
#2227 = CARTESIAN_POINT ( 'NONE',  ( 0.3071293029295943400, 0.6663051303775455700, -0.4129999999999995300 ) ) ;
#2228 = VERTEX_POINT ( 'NONE', #429 ) ;
#2229 = ADVANCED_FACE ( 'NONE', ( #1411 ), #695, .F. ) ;
#2230 = VECTOR ( 'NONE', #1245, 39.37007874015748900 ) ;
#2231 = EDGE_CURVE ( 'NONE', #2927, #3554, #4256, .T. ) ;
#2232 = CARTESIAN_POINT ( 'NONE',  ( -0.2669099894223583300, 0.6799999999999999400, 0.2073173628908212800 ) ) ;
#2233 = DIRECTION ( 'NONE',  ( -1.000000000000000000, 0.0000000000000000000, 0.0000000000000000000 ) ) ;
#2234 = ORIENTED_EDGE ( 'NONE', *, *, #9832, .T. ) ;
#2235 = DIRECTION ( 'NONE',  ( 0.0000000000000000000, 0.0000000000000000000, 1.000000000000000000 ) ) ;
#2236 = LINE ( 'NONE', #6159, #7325 ) ;
#2237 = CARTESIAN_POINT ( 'NONE',  ( -0.3250000000000029000, -0.1549999999999954700, -0.1420480947161671400 ) ) ;
#2238 = EDGE_CURVE ( 'NONE', #5151, #8101, #8393, .T. ) ;
#2239 = VERTEX_POINT ( 'NONE', #9510 ) ;
#2240 = VECTOR ( 'NONE', #1985, 39.37007874015748100 ) ;
#2241 = VERTEX_POINT ( 'NONE', #7229 ) ;
#2242 = AXIS2_PLACEMENT_3D ( 'NONE', #8210, #2937, #4456 ) ;
#2243 = DIRECTION ( 'NONE',  ( -0.0000000000000000000, -0.0000000000000000000, 1.000000000000000000 ) ) ;
#2244 = ORIENTED_EDGE ( 'NONE', *, *, #3216, .F. ) ;
#2245 = ORIENTED_EDGE ( 'NONE', *, *, #6503, .T. ) ;
#2246 = CARTESIAN_POINT ( 'NONE',  ( -0.1850000000000007500, 0.5358241725520464000, 0.2670000000000032300 ) ) ;
#2247 = FACE_OUTER_BOUND ( 'NONE', #360, .T. ) ;
#2248 = FACE_OUTER_BOUND ( 'NONE', #1103, .T. ) ;
#2249 = DIRECTION ( 'NONE',  ( 0.0000000000000000000, 1.000000000000000000, 0.0000000000000000000 ) ) ;
#2250 = EDGE_CURVE ( 'NONE', #6134, #4599, #5892, .T. ) ;
#2251 = ORIENTED_EDGE ( 'NONE', *, *, #5452, .F. ) ;
#2252 = CARTESIAN_POINT ( 'NONE',  ( 0.3155511811023621300, 0.6666141732283462600, 0.0000000000000000000 ) ) ;
#2253 = ADVANCED_FACE ( 'NONE', ( #9217 ), #8166, .F. ) ;
#2254 = ORIENTED_EDGE ( 'NONE', *, *, #8056, .F. ) ;
#2255 = CIRCLE ( 'NONE', #8708, 0.01500000000000001200 ) ;
#2256 = PLANE ( 'NONE',  #7926 ) ;
#2257 = CARTESIAN_POINT ( 'NONE',  ( 0.1645137373393535100, 0.6705511811023621100, 0.1385002118027675600 ) ) ;
#2258 = VECTOR ( 'NONE', #1830, 39.37007874015748100 ) ;
#2259 = ORIENTED_EDGE ( 'NONE', *, *, #5972, .F. ) ;
#2260 = FACE_OUTER_BOUND ( 'NONE', #1115, .T. ) ;
#2261 = PLANE ( 'NONE',  #5512 ) ;
#2262 = ORIENTED_EDGE ( 'NONE', *, *, #2167, .F. ) ;
#2263 = CARTESIAN_POINT ( 'NONE',  ( -0.2755511811023642600, 0.0000000000000000000, -0.3067141884898558200 ) ) ;
#2264 = DIRECTION ( 'NONE',  ( 0.0000000000000000000, 0.0000000000000000000, 1.000000000000000000 ) ) ;
#2265 = CARTESIAN_POINT ( 'NONE',  ( 0.3250000000000015700, 0.06600000000000103000, 0.2238645401817222200 ) ) ;
#2266 = LINE ( 'NONE', #1427, #3223 ) ;
#2267 = LINE ( 'NONE', #1040, #1211 ) ;
#2268 = ORIENTED_EDGE ( 'NONE', *, *, #5323, .T. ) ;
#2269 = ORIENTED_EDGE ( 'NONE', *, *, #9792, .T. ) ;
#2270 = EDGE_CURVE ( 'NONE', #8143, #7034, #7558, .T. ) ;
#2271 = VECTOR ( 'NONE', #1728, 39.37007874015748100 ) ;
#2272 = AXIS2_PLACEMENT_3D ( 'NONE', #2551, #1929, #5979 ) ;
#2273 = VECTOR ( 'NONE', #5268, 39.37007874015748100 ) ;
#2274 = DIRECTION ( 'NONE',  ( 1.000000000000000000, 0.0000000000000000000, 0.0000000000000000000 ) ) ;
#2275 = CARTESIAN_POINT ( 'NONE',  ( 0.2755511811023642600, 0.01450000000000000100, 0.1871780396547222100 ) ) ;
#2276 = ORIENTED_EDGE ( 'NONE', *, *, #8954, .F. ) ;
#2277 = CARTESIAN_POINT ( 'NONE',  ( -0.1749999999999999900, 0.01450000000000000100, -0.2374999999999999900 ) ) ;
#2278 = ADVANCED_FACE ( 'NONE', ( #3660 ), #4323, .F. ) ;
#2279 = CARTESIAN_POINT ( 'NONE',  ( -0.2249999999999999800, 0.01450000000000000900, -0.06250000000000000000 ) ) ;
#2280 = CARTESIAN_POINT ( 'NONE',  ( 0.1653149606299236800, -1.397468885565925700E-015, -0.4035511811023649300 ) ) ;
#2281 = EDGE_CURVE ( 'NONE', #6162, #9571, #9483, .T. ) ;
#2282 = ORIENTED_EDGE ( 'NONE', *, *, #8197, .F. ) ;
#2283 = CARTESIAN_POINT ( 'NONE',  ( 1.365923996832131600E-016, 0.6799999999999999400, 0.0000000000000000000 ) ) ;
#2284 = DIRECTION ( 'NONE',  ( -1.000000000000000000, 3.491481338843133000E-015, 0.0000000000000000000 ) ) ;
#2285 = FACE_OUTER_BOUND ( 'NONE', #5391, .T. ) ;
#2286 = VERTEX_POINT ( 'NONE', #2009 ) ;
#2287 = EDGE_LOOP ( 'NONE', ( #996, #7677 ) ) ;
#2288 = AXIS2_PLACEMENT_3D ( 'NONE', #9148, #6961, #6861 ) ;
#2289 = AXIS2_PLACEMENT_3D ( 'NONE', #8487, #8385, #5393 ) ;
#2290 = CARTESIAN_POINT ( 'NONE',  ( -0.1671644312585831600, 0.6705511811023621100, 0.2073173628908212800 ) ) ;
#2291 = DIRECTION ( 'NONE',  ( 0.7071067811865426900, -0.0000000000000000000, -0.7071067811865523500 ) ) ;
#2292 = SURFACE_STYLE_FILL_AREA ( #2718 ) ;
#2293 = PLANE ( 'NONE',  #418 ) ;
#2294 = VERTEX_POINT ( 'NONE', #7293 ) ;
#2295 = FACE_OUTER_BOUND ( 'NONE', #3557, .T. ) ;
#2296 = DIRECTION ( 'NONE',  ( -0.0000000000000000000, 0.0000000000000000000, 1.000000000000000000 ) ) ;
#2297 = DIRECTION ( 'NONE',  ( -0.0000000000000000000, 1.000000000000000000, -0.0000000000000000000 ) ) ;
#2298 = ORIENTED_EDGE ( 'NONE', *, *, #5564, .T. ) ;
#2299 = EDGE_CURVE ( 'NONE', #5052, #854, #8168, .T. ) ;
#2300 = CARTESIAN_POINT ( 'NONE',  ( 1.365923996832131600E-016, 0.6705511811023621100, 0.2073173628908212800 ) ) ;
#2301 = DIRECTION ( 'NONE',  ( 0.0000000000000000000, 1.000000000000000000, 0.0000000000000000000 ) ) ;
#2302 = LINE ( 'NONE', #8916, #9425 ) ;
#2303 = CLOSED_SHELL ( 'NONE', ( #3758, #3736, #1470, #9524 ) ) ;
#2304 = ADVANCED_FACE ( 'NONE', ( #6135 ), #5113, .T. ) ;
#2305 = DIRECTION ( 'NONE',  ( 3.491481338843109300E-015, 6.954409837152888300E-015, 1.000000000000000000 ) ) ;
#2306 = VERTEX_POINT ( 'NONE', #573 ) ;
#2307 = CARTESIAN_POINT ( 'NONE',  ( -0.2755511811023642600, 0.0000000000000000000, 0.2425715860306382500 ) ) ;
#2308 = PLANE ( 'NONE',  #1529 ) ;
#2309 = EDGE_CURVE ( 'NONE', #8911, #7476, #7200, .T. ) ;
#2310 = PLANE ( 'NONE',  #6616 ) ;
#2311 = EDGE_LOOP ( 'NONE', ( #4602, #1455, #7449, #1149, #8382, #586, #290, #2316, #764, #1501, #5715, #3367, #1666, #3197 ) ) ;
#2312 = VECTOR ( 'NONE', #6719, 39.37007874015748100 ) ;
#2313 = VERTEX_POINT ( 'NONE', #7327 ) ;
#2314 = DIRECTION ( 'NONE',  ( 0.0000000000000000000, 0.0000000000000000000, 1.000000000000000000 ) ) ;
#2315 = CARTESIAN_POINT ( 'NONE',  ( -0.1605124221163134500, 0.6705511811023621100, 0.2170512116749741300 ) ) ;
#2316 = ORIENTED_EDGE ( 'NONE', *, *, #2331, .T. ) ;
#2317 = CARTESIAN_POINT ( 'NONE',  ( 0.2755511811023643200, 0.0000000000000000000, -0.3828791539144444400 ) ) ;
#2318 = CARTESIAN_POINT ( 'NONE',  ( 0.3155511811023621300, 0.6666141732283462600, 0.004393306531884155200 ) ) ;
#2319 = MECHANICAL_DESIGN_GEOMETRIC_PRESENTATION_REPRESENTATION (  '', ( #7394 ), #5173 ) ;
#2320 = ORIENTED_EDGE ( 'NONE', *, *, #203, .F. ) ;
#2321 = VECTOR ( 'NONE', #465, 39.37007874015748100 ) ;
#2322 = CARTESIAN_POINT ( 'NONE',  ( -0.3069533149417182900, 0.6666141732283464800, -0.3996141732283464100 ) ) ;
#2323 =( NAMED_UNIT ( * ) PLANE_ANGLE_UNIT ( ) SI_UNIT ( $, .RADIAN. ) );
#2324 = VERTEX_POINT ( 'NONE', #9609 ) ;
#2325 = PLANE ( 'NONE',  #8852 ) ;
#2326 = LINE ( 'NONE', #8467, #6482 ) ;
#2327 = CARTESIAN_POINT ( 'NONE',  ( 0.1959325888690782400, 0.6666141732283462600, 0.004393306531884149200 ) ) ;
#2328 = ADVANCED_FACE ( 'NONE', ( #1169 ), #5853, .F. ) ;
#2329 = CARTESIAN_POINT ( 'NONE',  ( 0.2669099894223583300, 0.6799999999999999400, 0.2073173628908212800 ) ) ;
#2330 = ORIENTED_EDGE ( 'NONE', *, *, #7165, .F. ) ;
#2331 = EDGE_CURVE ( 'NONE', #4072, #7349, #5190, .T. ) ;
#2332 = LINE ( 'NONE', #8221, #329 ) ;
#2333 = FILL_AREA_STYLE ('',( #101 ) ) ;
#2334 = CARTESIAN_POINT ( 'NONE',  ( -0.1295137373393534800, 0.2705511811023621500, 0.1704271400810135900 ) ) ;
#2335 = EDGE_CURVE ( 'NONE', #2035, #6985, #3788, .T. ) ;
#2336 = CARTESIAN_POINT ( 'NONE',  ( -0.3155511811023621900, 0.6666141732283464800, 0.2489533149417181800 ) ) ;
#2337 = AXIS2_PLACEMENT_3D ( 'NONE', #7187, #3430, #8741 ) ;
#2338 = ORIENTED_EDGE ( 'NONE', *, *, #1480, .T. ) ;
#2339 = LINE ( 'NONE', #572, #2041 ) ;
#2340 = CARTESIAN_POINT ( 'NONE',  ( -0.2755511811023642600, 0.05455008786923420300, -0.06845163660186287500 ) ) ;
#2341 = CARTESIAN_POINT ( 'NONE',  ( -0.1808241725520471600, 0.5399999999999987000, -0.4129999999999993700 ) ) ;
#2342 = ORIENTED_EDGE ( 'NONE', *, *, #4902, .F. ) ;
#2343 = FACE_OUTER_BOUND ( 'NONE', #8285, .T. ) ;
#2344 = EDGE_CURVE ( 'NONE', #2159, #5930, #6500, .T. ) ;
#2345 = CARTESIAN_POINT ( 'NONE',  ( -0.3116141732283476100, -0.3311418764140568500, -0.3996141732283464100 ) ) ;
#2346 = VERTEX_POINT ( 'NONE', #5758 ) ;
#2347 = DIRECTION ( 'NONE',  ( 0.0000000000000000000, 1.000000000000000000, 0.0000000000000000000 ) ) ;
#2348 = CIRCLE ( 'NONE', #6171, 0.06250000000000001400 ) ;
#2349 = DIRECTION ( 'NONE',  ( 1.000000000000000000, -3.462928498309742800E-015, 0.0000000000000000000 ) ) ;
#2350 = AXIS2_PLACEMENT_3D ( 'NONE', #890, #6178, #2443 ) ;
#2351 = DIRECTION ( 'NONE',  ( 0.0000000000000000000, 0.0000000000000000000, -1.000000000000000000 ) ) ;
#2352 = ORIENTED_EDGE ( 'NONE', *, *, #1705, .T. ) ;
#2353 = DIRECTION ( 'NONE',  ( -0.0000000000000000000, 0.0000000000000000000, -1.000000000000000000 ) ) ;
#2354 = LINE ( 'NONE', #5840, #4957 ) ;
#2355 = DIRECTION ( 'NONE',  ( -1.000000000000000000, 0.0000000000000000000, -2.891205793294679400E-015 ) ) ;
#2356 = ADVANCED_FACE ( 'NONE', ( #7806 ), #9577, .F. ) ;
#2357 = ORIENTED_EDGE ( 'NONE', *, *, #6587, .T. ) ;
#2358 = FACE_OUTER_BOUND ( 'NONE', #7358, .T. ) ;
#2359 = EDGE_CURVE ( 'NONE', #7090, #9232, #2708, .T. ) ;
#2360 = DIRECTION ( 'NONE',  ( 0.0000000000000000000, 0.0000000000000000000, -1.000000000000000000 ) ) ;
#2361 = CARTESIAN_POINT ( 'NONE',  ( -0.1185446277009966600, 0.6705511811023621100, 0.1704271400810135900 ) ) ;
#2362 = ORIENTED_EDGE ( 'NONE', *, *, #2729, .F. ) ;
#2363 = VECTOR ( 'NONE', #1444, 39.37007874015748100 ) ;
#2364 = CARTESIAN_POINT ( 'NONE',  ( -0.3155511811023650700, -0.1549999999999955000, -0.1420480947161671400 ) ) ;
#2365 = B_SPLINE_CURVE_WITH_KNOTS ( 'NONE', 3,
 ( #2528, #3327, #8633, #4094, #9392, #7390 ),
 .UNSPECIFIED., .F., .F.,
 ( 4, 2, 4 ),
 ( 0.0000000000000000000, 0.5000000000000000000, 1.000000000000000000 ),
 .UNSPECIFIED. ) ;
#2366 = VERTEX_POINT ( 'NONE', #8889 ) ;
#2367 = AXIS2_PLACEMENT_3D ( 'NONE', #7715, #5449, #3211 ) ;
#2368 = ORIENTED_EDGE ( 'NONE', *, *, #7427, .F. ) ;
#2369 = VECTOR ( 'NONE', #581, 39.37007874015748100 ) ;
#2370 = CARTESIAN_POINT ( 'NONE',  ( 0.0000000000000000000, 0.6705511811023621100, 0.0000000000000000000 ) ) ;
#2371 = CARTESIAN_POINT ( 'NONE',  ( -0.1749999999999999900, -0.1674264068711929000, -0.2374999999999999900 ) ) ;
#2372 = ORIENTED_EDGE ( 'NONE', *, *, #2748, .F. ) ;
#2373 = CIRCLE ( 'NONE', #3270, 0.003937007874015724600 ) ;
#2374 = PLANE ( 'NONE',  #3672 ) ;
#2375 = EDGE_CURVE ( 'NONE', #3996, #7789, #2005, .T. ) ;
#2376 = EDGE_LOOP ( 'NONE', ( #313, #8132, #1991, #9733 ) ) ;
#2377 = EDGE_LOOP ( 'NONE', ( #1188, #673 ) ) ;
#2378 = VECTOR ( 'NONE', #9223, 39.37007874015748100 ) ;
#2379 = LINE ( 'NONE', #2541, #375 ) ;
#2380 = CARTESIAN_POINT ( 'NONE',  ( -0.1795879137239757300, 0.1795879137239768100, 0.2575511811023629100 ) ) ;
#2381 = LINE ( 'NONE', #389, #378 ) ;
#2382 = DIRECTION ( 'NONE',  ( -0.0000000000000000000, 1.000000000000000000, -0.0000000000000000000 ) ) ;
#2383 = CARTESIAN_POINT ( 'NONE',  ( -0.1490000000000000500, 0.01450000000000000100, 0.1769999999999999900 ) ) ;
#2384 = EDGE_LOOP ( 'NONE', ( #3072, #3048, #8755, #3089 ) ) ;
#2385 = ADVANCED_FACE ( 'NONE', ( #9339 ), #9734, .F. ) ;
#2386 = CIRCLE ( 'NONE', #2289, 0.04849584923580589600 ) ;
#2387 = AXIS2_PLACEMENT_3D ( 'NONE', #413, #8790, #6358 ) ;
#2388 = CARTESIAN_POINT ( 'NONE',  ( -0.2249999999999999800, -0.1250000000000000000, -0.04849584923580589600 ) ) ;
#2389 = ORIENTED_EDGE ( 'NONE', *, *, #6490, .T. ) ;
#2390 = CARTESIAN_POINT ( 'NONE',  ( -0.2490000000000000500, 0.01450000000000000100, 0.1620000000000000100 ) ) ;
#2391 = VECTOR ( 'NONE', #7338, 39.37007874015748100 ) ;
#2392 = LINE ( 'NONE', #6878, #156 ) ;
#2393 = ORIENTED_EDGE ( 'NONE', *, *, #1657, .T. ) ;
#2394 = EDGE_CURVE ( 'NONE', #4083, #9762, #4715, .T. ) ;
#2395 = CARTESIAN_POINT ( 'NONE',  ( 0.2051873039643365700, 0.0000000000000000000, -0.3828791539144444400 ) ) ;
#2396 = VECTOR ( 'NONE', #7190, 39.37007874015748100 ) ;
#2397 = DIRECTION ( 'NONE',  ( -0.0000000000000000000, -1.000000000000000000, -0.0000000000000000000 ) ) ;
#2398 = VECTOR ( 'NONE', #312, 39.37007874015748100 ) ;
#2399 = CARTESIAN_POINT ( 'NONE',  ( -0.2249999999999999800, -0.1250000000000000000, 0.0000000000000000000 ) ) ;
#2400 = ORIENTED_EDGE ( 'NONE', *, *, #7560, .T. ) ;
#2401 = AXIS2_PLACEMENT_3D ( 'NONE', #4539, #5389, #866 ) ;
#2402 = ORIENTED_EDGE ( 'NONE', *, *, #2924, .T. ) ;
#2403 =( BOUNDED_CURVE ( )  B_SPLINE_CURVE ( 3, ( #6577, #8816, #1358, #2028 ),
 .UNSPECIFIED., .F., .F. ) 
 B_SPLINE_CURVE_WITH_KNOTS ( ( 4, 4 ),
 ( 1.570796326794896600, 3.141592653589793100 ),
 .UNSPECIFIED. ) 
 CURVE ( )  GEOMETRIC_REPRESENTATION_ITEM ( )  RATIONAL_B_SPLINE_CURVE ( ( 1.000000000000000000, 0.8047378541243649400, 0.8047378541243649400, 1.000000000000000000 ) ) 
 REPRESENTATION_ITEM ( '' )  );
#2404 = DIRECTION ( 'NONE',  ( -0.0000000000000000000, 0.0000000000000000000, -1.000000000000000000 ) ) ;
#2405 = CARTESIAN_POINT ( 'NONE',  ( 0.1490000000000000800, -0.1250000000000000000, 0.1469999999999999900 ) ) ;
#2406 = DIRECTION ( 'NONE',  ( 7.228014483237722300E-015, 0.0000000000000000000, -1.000000000000000000 ) ) ;
#2407 = EDGE_LOOP ( 'NONE', ( #2869, #5839, #5252, #3516 ) ) ;
#2408 = VECTOR ( 'NONE', #1038, 39.37007874015748900 ) ;
#2409 = ADVANCED_FACE ( 'NONE', ( #2358 ), #2293, .F. ) ;
#2410 = ORIENTED_EDGE ( 'NONE', *, *, #5808, .T. ) ;
#2411 = DIRECTION ( 'NONE',  ( 1.000000000000000000, 0.0000000000000000000, -0.0000000000000000000 ) ) ;
#2412 = EDGE_CURVE ( 'NONE', #4207, #1118, #4366, .T. ) ;
#2413 = LINE ( 'NONE', #8052, #2170 ) ;
#2414 = ORIENTED_EDGE ( 'NONE', *, *, #5571, .F. ) ;
#2415 = DIRECTION ( 'NONE',  ( -0.0000000000000000000, -1.000000000000000000, -0.0000000000000000000 ) ) ;
#2416 = VECTOR ( 'NONE', #7467, 39.37007874015748100 ) ;
#2417 = ORIENTED_EDGE ( 'NONE', *, *, #7312, .F. ) ;
#2418 = DIRECTION ( 'NONE',  ( 0.0000000000000000000, 0.0000000000000000000, -1.000000000000000000 ) ) ;
#2419 = EDGE_CURVE ( 'NONE', #2159, #4371, #353, .T. ) ;
#2420 = FACE_OUTER_BOUND ( 'NONE', #6340, .T. ) ;
#2421 = EDGE_LOOP ( 'NONE', ( #4077, #1165, #151, #3867, #8778 ) ) ;
#2422 = LINE ( 'NONE', #8617, #5961 ) ;
#2423 = ORIENTED_EDGE ( 'NONE', *, *, #6529, .T. ) ;
#2424 = EDGE_CURVE ( 'NONE', #7842, #7017, #6708, .T. ) ;
#2425 = CARTESIAN_POINT ( 'NONE',  ( -0.3173036717348486900, 0.6723036717348476200, 0.2575511811023654100 ) ) ;
#2426 = DIRECTION ( 'NONE',  ( -0.5773502691896368300, 0.5773502691896152900, 0.5773502691896251800 ) ) ;
#2427 = B_SPLINE_CURVE_WITH_KNOTS ( 'NONE', 3,
 ( #498, #1946, #7197, #4929, #8074, #7234 ),
 .UNSPECIFIED., .F., .F.,
 ( 4, 2, 4 ),
 ( 0.0000000000000000000, 0.5000000000000000000, 1.000000000000000000 ),
 .UNSPECIFIED. ) ;
#2428 = ORIENTED_EDGE ( 'NONE', *, *, #1516, .T. ) ;
#2429 = ADVANCED_FACE ( 'NONE', ( #8976 ), #1476, .T. ) ;
#2430 = CIRCLE ( 'NONE', #5854, 0.01250000000000000200 ) ;
#2431 = ORIENTED_EDGE ( 'NONE', *, *, #583, .T. ) ;
#2432 = EDGE_CURVE ( 'NONE', #5665, #520, #6956, .T. ) ;
#2433 = EDGE_LOOP ( 'NONE', ( #5903, #5956, #5145, #6980 ) ) ;
#2434 = DIRECTION ( 'NONE',  ( 0.0000000000000000000, 0.0000000000000000000, 1.000000000000000000 ) ) ;
#2435 = CARTESIAN_POINT ( 'NONE',  ( 0.3250000000000002300, 0.6666141732283462600, -0.3949533149417188700 ) ) ;
#2436 = AXIS2_PLACEMENT_3D ( 'NONE', #7122, #385, #9456 ) ;
#2437 = EDGE_LOOP ( 'NONE', ( #8992, #1349, #6578, #1839 ) ) ;
#2438 = FACE_OUTER_BOUND ( 'NONE', #3055, .T. ) ;
#2439 = DIRECTION ( 'NONE',  ( 0.0000000000000000000, 0.0000000000000000000, 1.000000000000000000 ) ) ;
#2440 = ORIENTED_EDGE ( 'NONE', *, *, #3914, .F. ) ;
#2441 = AXIS2_PLACEMENT_3D ( 'NONE', #6947, #9271, #216 ) ;
#2442 = ORIENTED_EDGE ( 'NONE', *, *, #2039, .F. ) ;
#2443 = DIRECTION ( 'NONE',  ( 0.0000000000000000000, 0.0000000000000000000, 1.000000000000000000 ) ) ;
#2444 = CARTESIAN_POINT ( 'NONE',  ( 0.1645137373393535400, 0.6705511811023621100, 0.1385002118027675600 ) ) ;
#2445 = EDGE_CURVE ( 'NONE', #357, #8735, #7191, .T. ) ;
#2446 = CARTESIAN_POINT ( 'NONE',  ( -0.3074383457803943100, 0.6666141732283454900, -0.4129999999999988700 ) ) ;
#2447 = ORIENTED_EDGE ( 'NONE', *, *, #9678, .F. ) ;
#2448 = VECTOR ( 'NONE', #6011, 39.37007874015748100 ) ;
#2449 = CARTESIAN_POINT ( 'NONE',  ( 0.1605124221163134500, 0.6799999999999999400, 0.2170512116749741300 ) ) ;
#2450 = ORIENTED_EDGE ( 'NONE', *, *, #5697, .T. ) ;
#2451 = CYLINDRICAL_SURFACE ( 'NONE', #6495, 0.06250000000000000000 ) ;
#2452 = CARTESIAN_POINT ( 'NONE',  ( 0.2249999999999999800, 0.01450000000000000900, -5.607386366632090100E-017 ) ) ;
#2453 = ADVANCED_FACE ( 'NONE', ( #3907 ), #5180, .T. ) ;
#2454 = ORIENTED_EDGE ( 'NONE', *, *, #351, .F. ) ;
#2455 = LINE ( 'NONE', #508, #3045 ) ;
#2456 = DIRECTION ( 'NONE',  ( -3.491481338843133400E-015, 1.222734403092568300E-029, -1.000000000000000000 ) ) ;
#2457 = CARTESIAN_POINT ( 'NONE',  ( -0.3235573680010765400, 0.6619533149417181600, 0.2606013962196678800 ) ) ;
#2458 = ORIENTED_EDGE ( 'NONE', *, *, #5685, .T. ) ;
#2459 = CARTESIAN_POINT ( 'NONE',  ( -0.2669099894223583300, 0.6664090454786311100, 0.2073173628908212800 ) ) ;
#2460 = LINE ( 'NONE', #8151, #8397 ) ;
#2461 = EDGE_CURVE ( 'NONE', #6668, #4696, #8865, .T. ) ;
#2462 = PLANE ( 'NONE',  #3177 ) ;
#2463 = ORIENTED_EDGE ( 'NONE', *, *, #4748, .T. ) ;
#2464 = EDGE_CURVE ( 'NONE', #4781, #7017, #6129, .T. ) ;
#2465 = CARTESIAN_POINT ( 'NONE',  ( 0.2669099894223583300, 0.6666141732283462600, 0.2073173628908212800 ) ) ;
#2466 = VECTOR ( 'NONE', #7314, 39.37007874015748100 ) ;
#2467 = DIRECTION ( 'NONE',  ( -0.7071067811865536800, 0.7071067811865413600, 2.448660223918953900E-015 ) ) ;
#2468 = VERTEX_POINT ( 'NONE', #2227 ) ;
#2469 = CIRCLE ( 'NONE', #1793, 0.01250000000000000200 ) ;
#2470 = CARTESIAN_POINT ( 'NONE',  ( -0.3055511811023642300, 0.6705511811023621100, 0.2575511811023651900 ) ) ;
#2471 = EDGE_CURVE ( 'NONE', #2909, #7009, #1603, .T. ) ;
#2472 = ORIENTED_EDGE ( 'NONE', *, *, #2554, .F. ) ;
#2473 = DIRECTION ( 'NONE',  ( 0.0000000000000000000, 0.0000000000000000000, -1.000000000000000000 ) ) ;
#2474 = VECTOR ( 'NONE', #1164, 39.37007874015748100 ) ;
#2475 = CARTESIAN_POINT ( 'NONE',  ( 0.02500000000000004000, -0.1674264068711929000, -0.2625000000000000100 ) ) ;
#2476 = DIRECTION ( 'NONE',  ( -1.000000000000000000, 3.462928498309742800E-015, -0.0000000000000000000 ) ) ;
#2477 = ADVANCED_FACE ( 'NONE', ( #9093 ), #1872, .F. ) ;
#2478 = ORIENTED_EDGE ( 'NONE', *, *, #3222, .T. ) ;
#2479 = DIRECTION ( 'NONE',  ( 0.0000000000000000000, 0.0000000000000000000, 1.000000000000000000 ) ) ;
#2480 = AXIS2_PLACEMENT_3D ( 'NONE', #8570, #8604, #4030 ) ;
#2481 = FACE_OUTER_BOUND ( 'NONE', #2311, .T. ) ;
#2482 = CARTESIAN_POINT ( 'NONE',  ( -0.2755511811023642600, 0.05455008786923420300, -0.2729397864125760500 ) ) ;
#2483 = ORIENTED_EDGE ( 'NONE', *, *, #942, .F. ) ;
#2484 = DIRECTION ( 'NONE',  ( 1.976217220296966900E-016, 1.000000000000000000, -3.462928498309718700E-015 ) ) ;
#2485 = VERTEX_POINT ( 'NONE', #9142 ) ;
#2486 = EDGE_CURVE ( 'NONE', #4696, #1303, #4596, .T. ) ;
#2487 = VERTEX_POINT ( 'NONE', #6160 ) ;
#2488 = DIRECTION ( 'NONE',  ( -0.7071067811865536800, 0.7071067811865413600, -2.448660223918953900E-015 ) ) ;
#2489 = DIRECTION ( 'NONE',  ( 0.0000000000000000000, 0.0000000000000000000, 1.000000000000000000 ) ) ;
#2490 = LINE ( 'NONE', #2013, #948 ) ;
#2491 = VECTOR ( 'NONE', #9229, 39.37007874015748900 ) ;
#2492 = DIRECTION ( 'NONE',  ( 1.000000000000000000, -0.0000000000000000000, -0.0000000000000000000 ) ) ;
#2493 = DIRECTION ( 'NONE',  ( 1.000000000000000000, 3.462928498309742400E-015, 0.0000000000000000000 ) ) ;
#2494 = ORIENTED_EDGE ( 'NONE', *, *, #1242, .T. ) ;
#2495 = AXIS2_PLACEMENT_3D ( 'NONE', #7301, #8895, #6661 ) ;
#2496 = ORIENTED_EDGE ( 'NONE', *, *, #6766, .F. ) ;
#2497 = FACE_OUTER_BOUND ( 'NONE', #7104, .T. ) ;
#2498 = DIRECTION ( 'NONE',  ( 0.0000000000000000000, 0.0000000000000000000, -1.000000000000000000 ) ) ;
#2499 = VECTOR ( 'NONE', #8154, 39.37007874015748100 ) ;
#2500 = DIRECTION ( 'NONE',  ( 0.0000000000000000000, -1.000000000000000000, -0.0000000000000000000 ) ) ;
#2501 = ORIENTED_EDGE ( 'NONE', *, *, #3900, .F. ) ;
#2502 = ADVANCED_FACE ( 'NONE', ( #1401 ), #5335, .T. ) ;
#2503 = DIRECTION ( 'NONE',  ( -0.0000000000000000000, 1.000000000000000000, -0.0000000000000000000 ) ) ;
#2504 = EDGE_CURVE ( 'NONE', #9621, #3712, #566, .T. ) ;
#2505 = CARTESIAN_POINT ( 'NONE',  ( 0.2755511811023642600, 0.0000000000000000000, 0.1871780396547222100 ) ) ;
#2506 = ORIENTED_EDGE ( 'NONE', *, *, #1635, .T. ) ;
#2507 = LINE ( 'NONE', #4980, #722 ) ;
#2508 = PLANE ( 'NONE',  #7954 ) ;
#2509 = EDGE_LOOP ( 'NONE', ( #4157, #9476, #5092, #9488 ) ) ;
#2510 = VECTOR ( 'NONE', #4522, 39.37007874015748100 ) ;
#2511 = CIRCLE ( 'NONE', #9783, 0.01250000000000000200 ) ;
#2512 = DIRECTION ( 'NONE',  ( -3.462928498309742800E-015, 1.000000000000000000, 0.0000000000000000000 ) ) ;
#2513 = ORIENTED_EDGE ( 'NONE', *, *, #5016, .T. ) ;
#2514 = PLANE ( 'NONE',  #4042 ) ;
#2515 = ORIENTED_EDGE ( 'NONE', *, *, #9419, .F. ) ;
#2516 =( GEOMETRIC_REPRESENTATION_CONTEXT ( 3 ) GLOBAL_UNCERTAINTY_ASSIGNED_CONTEXT ( ( #9141 ) ) GLOBAL_UNIT_ASSIGNED_CONTEXT ( ( #6739, #599, #2992 ) ) REPRESENTATION_CONTEXT ( 'NONE', 'WORKASPACE' ) );
#2517 = VECTOR ( 'NONE', #6900, 39.37007874015748100 ) ;
#2518 = CARTESIAN_POINT ( 'NONE',  ( -0.3116141732283463900, 0.6799999999999999400, 0.2489533149417182400 ) ) ;
#2519 = VERTEX_POINT ( 'NONE', #8392 ) ;
#2520 = CARTESIAN_POINT ( 'NONE',  ( -0.2399385210375706000, 0.6355511811023624200, -0.09287881401875214300 ) ) ;
#2521 = CARTESIAN_POINT ( 'NONE',  ( -0.3155511811023643000, 0.6605511811023620000, -0.3935511811023632000 ) ) ;
#2522 = CARTESIAN_POINT ( 'NONE',  ( 0.3055511811023641800, 0.6605511811023620000, -0.4035511811023634300 ) ) ;
#2523 = EDGE_CURVE ( 'NONE', #5640, #662, #925, .T. ) ;
#2524 = ORIENTED_EDGE ( 'NONE', *, *, #2799, .F. ) ;
#2525 = FACE_OUTER_BOUND ( 'NONE', #9499, .T. ) ;
#2526 = ADVANCED_FACE ( 'NONE', ( #3063 ), #97, .F. ) ;
#2527 = ORIENTED_EDGE ( 'NONE', *, *, #2238, .F. ) ;
#2528 = CARTESIAN_POINT ( 'NONE',  ( -0.3250000000000000100, 0.6666141732283464800, -0.3949533149417182000 ) ) ;
#2529 = DIRECTION ( 'NONE',  ( -1.000000000000000000, 0.0000000000000000000, 2.492171718503151100E-016 ) ) ;
#2530 = CARTESIAN_POINT ( 'NONE',  ( 1.365923996832131600E-016, 0.6705511811023621100, -0.2064179702976515800 ) ) ;
#2531 = VECTOR ( 'NONE', #3254, 39.37007874015748100 ) ;
#2532 = ORIENTED_EDGE ( 'NONE', *, *, #3519, .F. ) ;
#2533 = PLANE ( 'NONE',  #9070 ) ;
#2534 = LINE ( 'NONE', #1952, #5254 ) ;
#2535 = CARTESIAN_POINT ( 'NONE',  ( 0.1250000000000000300, -0.1674264068711929000, -0.2625000000000000100 ) ) ;
#2536 = VERTEX_POINT ( 'NONE', #3094 ) ;
#2537 = EDGE_CURVE ( 'NONE', #3490, #4446, #6377, .T. ) ;
#2538 = PLANE ( 'NONE',  #7479 ) ;
#2539 = CYLINDRICAL_SURFACE ( 'NONE', #9443, 0.003937007874015758400 ) ;
#2540 = VERTEX_POINT ( 'NONE', #3123 ) ;
#2541 = CARTESIAN_POINT ( 'NONE',  ( 0.2399385210375706000, 0.2705511811023621500, 0.009827287307507424600 ) ) ;
#2542 = VERTEX_POINT ( 'NONE', #9173 ) ;
#2543 = EDGE_CURVE ( 'NONE', #7446, #2485, #7436, .T. ) ;
#2544 = DIRECTION ( 'NONE',  ( 0.0000000000000000000, 1.000000000000000000, 0.0000000000000000000 ) ) ;
#2545 = ADVANCED_FACE ( 'NONE', ( #6834 ), #8640, .T. ) ;
#2546 = ORIENTED_EDGE ( 'NONE', *, *, #726, .T. ) ;
#2547 = STYLED_ITEM ( 'NONE', ( #3560 ), #1799 ) ;
#2548 = LINE ( 'NONE', #755, #3505 ) ;
#2549 = ORIENTED_EDGE ( 'NONE', *, *, #6892, .F. ) ;
#2550 = DIRECTION ( 'NONE',  ( -0.0000000000000000000, 1.000000000000000000, 0.0000000000000000000 ) ) ;
#2551 = CARTESIAN_POINT ( 'NONE',  ( -0.07499999999999996900, 0.01450000000000000100, -0.2500000000000000000 ) ) ;
#2552 = ORIENTED_EDGE ( 'NONE', *, *, #1899, .F. ) ;
#2553 = DIRECTION ( 'NONE',  ( 1.000000000000000000, -0.0000000000000000000, -0.0000000000000000000 ) ) ;
#2554 = EDGE_CURVE ( 'NONE', #2618, #4271, #3414, .T. ) ;
#2555 = ORIENTED_EDGE ( 'NONE', *, *, #837, .F. ) ;
#2556 = ORIENTED_EDGE ( 'NONE', *, *, #8636, .T. ) ;
#2557 = VECTOR ( 'NONE', #4175, 39.37007874015748100 ) ;
#2558 = DIRECTION ( 'NONE',  ( 0.7071067811865486800, 0.7071067811865462400, 0.0000000000000000000 ) ) ;
#2559 = CARTESIAN_POINT ( 'NONE',  ( -0.2399385210375706000, 0.2705511811023621500, 0.009827287307507483500 ) ) ;
#2560 = DIRECTION ( 'NONE',  ( 2.492171718503151100E-016, 0.0000000000000000000, 1.000000000000000000 ) ) ;
#2561 = VERTEX_POINT ( 'NONE', #4368 ) ;
#2562 = AXIS2_PLACEMENT_3D ( 'NONE', #4029, #4843, #974 ) ;
#2563 = VECTOR ( 'NONE', #7701, 39.37007874015748100 ) ;
#2564 = CARTESIAN_POINT ( 'NONE',  ( 0.3055511811023642900, 0.05455008786923408500, 0.2575511811023650800 ) ) ;
#2565 = DIRECTION ( 'NONE',  ( -1.000000000000000000, 3.462928498309767600E-015, -3.661961499347902900E-015 ) ) ;
#2566 = DIRECTION ( 'NONE',  ( 0.0000000000000000000, 1.000000000000000000, 0.0000000000000000000 ) ) ;
#2567 = AXIS2_PLACEMENT_3D ( 'NONE', #6806, #2488, #8594 ) ;
#2568 = VERTEX_POINT ( 'NONE', #8939 ) ;
#2569 = LENGTH_MEASURE_WITH_UNIT ( LENGTH_MEASURE( 0.02539999999999999900 ), #9592 );
#2570 = EDGE_CURVE ( 'NONE', #5633, #4319, #3174, .T. ) ;
#2571 = EDGE_LOOP ( 'NONE', ( #6726, #4519, #4338, #7863, #5304, #8820 ) ) ;
#2572 = CARTESIAN_POINT ( 'NONE',  ( 0.3116141732283466700, 0.6799999999999999400, -0.07300000000000000900 ) ) ;
#2573 = ADVANCED_FACE ( 'NONE', ( #8758 ), #343, .T. ) ;
#2574 = VECTOR ( 'NONE', #7399, 39.37007874015748900 ) ;
#2575 = CARTESIAN_POINT ( 'NONE',  ( -1.417341327835060900E-018, 0.6605511811023620000, -0.4035511811023634300 ) ) ;
#2576 = CARTESIAN_POINT ( 'NONE',  ( 0.3155511811023642400, 0.02999999999999994000, -0.1119999999999999900 ) ) ;
#2577 = ORIENTED_EDGE ( 'NONE', *, *, #7642, .T. ) ;
#2578 = LINE ( 'NONE', #2252, #4827 ) ;
#2579 = ORIENTED_EDGE ( 'NONE', *, *, #4570, .F. ) ;
#2580 = LINE ( 'NONE', #8970, #2112 ) ;
#2581 = PLANE ( 'NONE',  #9525 ) ;
#2582 = DIRECTION ( 'NONE',  ( 0.0000000000000000000, 0.0000000000000000000, -1.000000000000000000 ) ) ;
#2583 = DIRECTION ( 'NONE',  ( 0.0000000000000000000, 0.0000000000000000000, 1.000000000000000000 ) ) ;
#2584 = ORIENTED_EDGE ( 'NONE', *, *, #2855, .T. ) ;
#2585 = VECTOR ( 'NONE', #1964, 39.37007874015748100 ) ;
#2586 = CARTESIAN_POINT ( 'NONE',  ( 0.3116141732283466700, 0.6666141732283464800, 0.2489533149417188000 ) ) ;
#2587 = ORIENTED_EDGE ( 'NONE', *, *, #5258, .T. ) ;
#2588 = LINE ( 'NONE', #5148, #8991 ) ;
#2589 = CARTESIAN_POINT ( 'NONE',  ( -0.3250000000000023400, 0.08200000000000000300, -0.2637107877407313700 ) ) ;
#2590 = EDGE_CURVE ( 'NONE', #1668, #8947, #2826, .T. ) ;
#2591 = CARTESIAN_POINT ( 'NONE',  ( 0.2399385210375705500, 0.2705511811023621500, -0.09287881401875221200 ) ) ;
#2592 = ORIENTED_EDGE ( 'NONE', *, *, #7711, .F. ) ;
#2593 = DIRECTION ( 'NONE',  ( -1.000000000000000000, 0.0000000000000000000, 1.459106284977188500E-016 ) ) ;
#2594 = VECTOR ( 'NONE', #2291, 39.37007874015748100 ) ;
#2595 = ADVANCED_FACE ( 'NONE', ( #4132 ), #3300, .F. ) ;
#2596 = CARTESIAN_POINT ( 'NONE',  ( -0.2249999999999999800, 0.01450000000000000900, 0.0000000000000000000 ) ) ;
#2597 = ORIENTED_EDGE ( 'NONE', *, *, #3947, .T. ) ;
#2598 = VERTEX_POINT ( 'NONE', #7475 ) ;
#2599 = CYLINDRICAL_SURFACE ( 'NONE', #3383, 0.01181102362204724000 ) ;
#2600 = EDGE_CURVE ( 'NONE', #8610, #1155, #4359, .T. ) ;
#2601 = DIRECTION ( 'NONE',  ( -0.0000000000000000000, 1.000000000000000000, -0.0000000000000000000 ) ) ;
#2602 = CARTESIAN_POINT ( 'NONE',  ( 1.502516396515344700E-015, -1.092739197465705300E-015, 0.2575511811023631900 ) ) ;
#2603 = VERTEX_POINT ( 'NONE', #5257 ) ;
#2604 = PLANE ( 'NONE',  #9811 ) ;
#2605 = CARTESIAN_POINT ( 'NONE',  ( -0.3250000000000023400, 0.06600000000000103000, 0.2238645401817222200 ) ) ;
#2606 = CARTESIAN_POINT ( 'NONE',  ( -0.2755511811023642600, 0.0000000000000000000, -0.3067141884898558200 ) ) ;
#2607 = ORIENTED_EDGE ( 'NONE', *, *, #979, .T. ) ;
#2608 = CARTESIAN_POINT ( 'NONE',  ( 0.1653149606299236800, -1.397468885565925700E-015, -0.4035511811023649300 ) ) ;
#2609 = EDGE_LOOP ( 'NONE', ( #4692, #6085, #6376, #7879 ) ) ;
#2610 = VECTOR ( 'NONE', #1010, 39.37007874015748100 ) ;
#2611 = VECTOR ( 'NONE', #1191, 39.37007874015748100 ) ;
#2612 = DIRECTION ( 'NONE',  ( 0.0000000000000000000, -0.0000000000000000000, 1.000000000000000000 ) ) ;
#2613 = LINE ( 'NONE', #8738, #596 ) ;
#2614 = EDGE_LOOP ( 'NONE', ( #1488, #4031, #6873, #1696 ) ) ;
#2615 = LINE ( 'NONE', #1990, #4168 ) ;
#2616 = EDGE_CURVE ( 'NONE', #3378, #536, #2460, .T. ) ;
#2617 = DIRECTION ( 'NONE',  ( 0.7838641437523689000, -0.0000000000000000000, 0.6209323667996099500 ) ) ;
#2618 = VERTEX_POINT ( 'NONE', #7413 ) ;
#2619 = ORIENTED_EDGE ( 'NONE', *, *, #3671, .T. ) ;
#2620 = PLANE ( 'NONE',  #7347 ) ;
#2621 = PLANE ( 'NONE',  #3074 ) ;
#2622 = FACE_OUTER_BOUND ( 'NONE', #252, .T. ) ;
#2623 = ORIENTED_EDGE ( 'NONE', *, *, #2537, .T. ) ;
#2624 = AXIS2_PLACEMENT_3D ( 'NONE', #782, #6066, #7594 ) ;
#2625 = CARTESIAN_POINT ( 'NONE',  ( 0.3069533149417179600, 0.6666141732283470400, -0.4035511811023621000 ) ) ;
#2626 = ADVANCED_FACE ( 'NONE', ( #9207 ), #4403, .F. ) ;
#2627 = DIRECTION ( 'NONE',  ( -0.0000000000000000000, 0.0000000000000000000, -1.000000000000000000 ) ) ;
#2628 =( NAMED_UNIT ( * ) PLANE_ANGLE_UNIT ( ) SI_UNIT ( $, .RADIAN. ) );
#2629 = VECTOR ( 'NONE', #3843, 39.37007874015748100 ) ;
#2630 = CARTESIAN_POINT ( 'NONE',  ( 0.3116141732283466700, 0.6705511811023621100, 0.2489533149417188000 ) ) ;
#2631 = CIRCLE ( 'NONE', #3110, 0.01250000000000000200 ) ;
#2632 = DIRECTION ( 'NONE',  ( 0.0000000000000000000, 0.0000000000000000000, 1.000000000000000000 ) ) ;
#2633 = VERTEX_POINT ( 'NONE', #3679 ) ;
#2634 = EDGE_CURVE ( 'NONE', #3434, #2909, #459, .T. ) ;
#2635 = DIRECTION ( 'NONE',  ( -0.0000000000000000000, -1.000000000000000000, -0.0000000000000000000 ) ) ;
#2636 = ORIENTED_EDGE ( 'NONE', *, *, #5644, .T. ) ;
#2637 = DIRECTION ( 'NONE',  ( 0.0000000000000000000, -0.0000000000000000000, 1.000000000000000000 ) ) ;
#2638 = CARTESIAN_POINT ( 'NONE',  ( 0.3116141732283466700, 0.6666141732283464800, -0.3949533149417188100 ) ) ;
#2639 = LINE ( 'NONE', #2380, #7137 ) ;
#2640 = CARTESIAN_POINT ( 'NONE',  ( 0.3250000000000015700, 0.08200000000000000300, -0.2637107877407313700 ) ) ;
#2641 = CARTESIAN_POINT ( 'NONE',  ( -0.2249999999999999800, -0.1250000000000000000, -0.04849584923580589600 ) ) ;
#2642 = CARTESIAN_POINT ( 'NONE',  ( 0.3186013962196662100, 0.6785573680010763600, 0.2489533149417188200 ) ) ;
#2643 = LINE ( 'NONE', #9433, #5820 ) ;
#2644 = ORIENTED_EDGE ( 'NONE', *, *, #8886, .T. ) ;
#2645 = AXIS2_PLACEMENT_3D ( 'NONE', #5, #5279, #720 ) ;
#2646 = CARTESIAN_POINT ( 'NONE',  ( -0.08354462770099661800, 0.2705511811023621500, 0.1704271400810135900 ) ) ;
#2647 = FACE_OUTER_BOUND ( 'NONE', #6696, .T. ) ;
#2648 = VERTEX_POINT ( 'NONE', #5130 ) ;
#2649 = APPLICATION_PROTOCOL_DEFINITION ( 'draft international standard', 'automotive_design', 1998, #7984 ) ;
#2650 = ADVANCED_FACE ( 'NONE', ( #6489 ), #5913, .F. ) ;
#2651 = CIRCLE ( 'NONE', #7086, 0.01181102362204731000 ) ;
#2652 = ORIENTED_EDGE ( 'NONE', *, *, #4437, .T. ) ;
#2653 = CARTESIAN_POINT ( 'NONE',  ( 0.3055511811023642300, 0.6705511811023621100, -4.458316487286628200E-017 ) ) ;
#2654 = CARTESIAN_POINT ( 'NONE',  ( -0.3250000000000023400, 0.03999999999999992500, 0.09990778161457228300 ) ) ;
#2655 = EDGE_CURVE ( 'NONE', #8735, #9041, #4478, .T. ) ;
#2656 = DIRECTION ( 'NONE',  ( 1.000000000000000000, -0.0000000000000000000, -0.0000000000000000000 ) ) ;
#2657 = CARTESIAN_POINT ( 'NONE',  ( -0.1142984638647553800, 0.6705511811023621100, 0.0000000000000000000 ) ) ;
#2658 = EDGE_CURVE ( 'NONE', #8911, #5576, #1283, .T. ) ;
#2659 = CARTESIAN_POINT ( 'NONE',  ( 0.1250000000000000300, 0.01450000000000000100, -0.2500000000000000000 ) ) ;
#2660 = LINE ( 'NONE', #9073, #6909 ) ;
#2661 = PLANE ( 'NONE',  #7549 ) ;
#2662 = ORIENTED_EDGE ( 'NONE', *, *, #2471, .F. ) ;
#2663 = VECTOR ( 'NONE', #8466, 39.37007874015748100 ) ;
#2664 = CARTESIAN_POINT ( 'NONE',  ( 0.3155511811023644600, 1.197689155582018700E-015, 0.07990778161457230700 ) ) ;
#2665 = EDGE_LOOP ( 'NONE', ( #7003, #6107, #8346, #200 ) ) ;
#2666 = FILL_AREA_STYLE ('',( #4413 ) ) ;
#2667 = EDGE_CURVE ( 'NONE', #6310, #9723, #2580, .T. ) ;
#2668 = CARTESIAN_POINT ( 'NONE',  ( 0.3069533149417188500, 0.6800000000000007100, 0.2536141732283463400 ) ) ;
#2669 = DIRECTION ( 'NONE',  ( -1.000000000000000000, 0.0000000000000000000, -0.0000000000000000000 ) ) ;
#2670 = ORIENTED_EDGE ( 'NONE', *, *, #6773, .F. ) ;
#2671 = VECTOR ( 'NONE', #5175, 39.37007874015748100 ) ;
#2672 = ORIENTED_EDGE ( 'NONE', *, *, #1822, .F. ) ;
#2673 = AXIS2_PLACEMENT_3D ( 'NONE', #3888, #7534, #3010 ) ;
#2674 = CARTESIAN_POINT ( 'NONE',  ( 0.3155511811023630800, 0.6666141732283464800, 0.2489533149417188500 ) ) ;
#2675 = AXIS2_PLACEMENT_3D ( 'NONE', #4842, #9246, #4028 ) ;
#2676 = ORIENTED_EDGE ( 'NONE', *, *, #4557, .F. ) ;
#2677 = DIRECTION ( 'NONE',  ( 0.0000000000000000000, -0.0000000000000000000, -1.000000000000000000 ) ) ;
#2678 = CARTESIAN_POINT ( 'NONE',  ( 0.2733513886040114200, 0.6799999999999999400, -0.2064179702976515800 ) ) ;
#2679 = ADVANCED_FACE ( 'NONE', ( #8276 ), #6611, .T. ) ;
#2680 = CARTESIAN_POINT ( 'NONE',  ( -0.3055511811023642300, 0.6605511811023620000, 0.2575511811023651900 ) ) ;
#2681 = ORIENTED_EDGE ( 'NONE', *, *, #2464, .F. ) ;
#2682 = ORIENTED_EDGE ( 'NONE', *, *, #5421, .F. ) ;
#2683 = EDGE_CURVE ( 'NONE', #833, #458, #7918, .T. ) ;
#2684 = VERTEX_POINT ( 'NONE', #2185 ) ;
#2685 = AXIS2_PLACEMENT_3D ( 'NONE', #1844, #5671, #3474 ) ;
#2686 = CARTESIAN_POINT ( 'NONE',  ( -0.3155511811023649100, -0.1174999999999955200, -0.1739999999999999900 ) ) ;
#2687 = ORIENTED_EDGE ( 'NONE', *, *, #6031, .F. ) ;
#2688 = LINE ( 'NONE', #7139, #5051 ) ;
#2689 = ORIENTED_EDGE ( 'NONE', *, *, #2299, .F. ) ;
#2690 = DIRECTION ( 'NONE',  ( 1.000000000000000000, -0.0000000000000000000, -0.0000000000000000000 ) ) ;
#2691 = EDGE_CURVE ( 'NONE', #5045, #3987, #2348, .T. ) ;
#2692 = CARTESIAN_POINT ( 'NONE',  ( 0.1653149606299236500, 0.08200000000000000300, -0.4129999999999998700 ) ) ;
#2693 = ORIENTED_EDGE ( 'NONE', *, *, #9404, .T. ) ;
#2694 = LINE ( 'NONE', #1995, #9081 ) ;
#2695 = ADVANCED_FACE ( 'NONE', ( #116 ), #9756, .F. ) ;
#2696 = CARTESIAN_POINT ( 'NONE',  ( 2.969743869577734200E-016, 0.6705511811023621100, 0.2170512116749742400 ) ) ;
#2697 = ORIENTED_EDGE ( 'NONE', *, *, #2756, .T. ) ;
#2698 = VECTOR ( 'NONE', #626, 39.37007874015748100 ) ;
#2699 = CARTESIAN_POINT ( 'NONE',  ( -0.3250000000000023400, 0.03999999999999992500, 0.09990778161457228300 ) ) ;
#2700 = DIRECTION ( 'NONE',  ( -0.0000000000000000000, -1.000000000000000000, -0.0000000000000000000 ) ) ;
#2701 = ORIENTED_EDGE ( 'NONE', *, *, #4299, .T. ) ;
#2702 = LINE ( 'NONE', #2954, #1044 ) ;
#2703 = DIRECTION ( 'NONE',  ( 0.0000000000000000000, 0.0000000000000000000, 1.000000000000000000 ) ) ;
#2704 = EDGE_CURVE ( 'NONE', #8519, #9571, #5643, .T. ) ;
#2705 = CARTESIAN_POINT ( 'NONE',  ( 0.3250000000000000700, 0.6666141732283462600, 0.004393306531884155200 ) ) ;
#2706 = EDGE_LOOP ( 'NONE', ( #5973, #2440, #4551, #4865 ) ) ;
#2707 = DIRECTION ( 'NONE',  ( 0.0000000000000000000, 0.0000000000000000000, -1.000000000000000000 ) ) ;
#2708 = CIRCLE ( 'NONE', #3131, 0.01181102362204731000 ) ;
#2709 = DIRECTION ( 'NONE',  ( 5.782411586589324900E-015, 1.000000000000000000, 0.0000000000000000000 ) ) ;
#2710 =( BOUNDED_CURVE ( )  B_SPLINE_CURVE ( 3, ( #6194, #1794, #2459, #3994 ),
 .UNSPECIFIED., .F., .F. ) 
 B_SPLINE_CURVE_WITH_KNOTS ( ( 4, 4 ),
 ( 1.570796326794896600, 3.141592653589793100 ),
 .UNSPECIFIED. ) 
 CURVE ( )  GEOMETRIC_REPRESENTATION_ITEM ( )  RATIONAL_B_SPLINE_CURVE ( ( 1.000000000000000000, 0.8047378541243649400, 0.8047378541243649400, 1.000000000000000000 ) ) 
 REPRESENTATION_ITEM ( '' )  );
#2711 = ORIENTED_EDGE ( 'NONE', *, *, #1586, .T. ) ;
#2712 = EDGE_CURVE ( 'NONE', #4794, #8583, #1630, .T. ) ;
#2713 = LINE ( 'NONE', #4702, #7448 ) ;
#2714 = DIRECTION ( 'NONE',  ( 1.000000000000000000, -0.0000000000000000000, -0.0000000000000000000 ) ) ;
#2715 = CARTESIAN_POINT ( 'NONE',  ( -0.3116141732283463900, 0.6799999999999999400, -0.4129999999999999200 ) ) ;
#2716 = ORIENTED_EDGE ( 'NONE', *, *, #9363, .F. ) ;
#2717 = CARTESIAN_POINT ( 'NONE',  ( 0.2249999999999999800, -0.1250000000000000000, 0.04849584923580584100 ) ) ;
#2718 = FILL_AREA_STYLE ('',( #1464 ) ) ;
#2719 = VECTOR ( 'NONE', #9218, 39.37007874015748100 ) ;
#2720 = DIRECTION ( 'NONE',  ( -0.0000000000000000000, 1.000000000000000000, -0.0000000000000000000 ) ) ;
#2721 = PLANE ( 'NONE',  #5917 ) ;
#2722 = ORIENTED_EDGE ( 'NONE', *, *, #6727, .T. ) ;
#2723 = ADVANCED_FACE ( 'NONE', ( #9711 ), #7908, .T. ) ;
#2724 = FACE_OUTER_BOUND ( 'NONE', #5036, .T. ) ;
#2725 = EDGE_LOOP ( 'NONE', ( #8941, #897, #8267, #826, #8497, #7333 ) ) ;
#2726 = CARTESIAN_POINT ( 'NONE',  ( -0.2755511811023642600, 0.05455008786923420300, 0.07990778161457233500 ) ) ;
#2727 = CARTESIAN_POINT ( 'NONE',  ( 0.3155511811023642400, 0.01450000000000000100, 0.07990778161457223700 ) ) ;
#2728 = EDGE_LOOP ( 'NONE', ( #8192, #608, #4863, #7898 ) ) ;
#2729 = EDGE_CURVE ( 'NONE', #1429, #1708, #3527, .T. ) ;
#2730 = CIRCLE ( 'NONE', #9670, 0.01181102362204724000 ) ;
#2731 = VECTOR ( 'NONE', #5320, 39.37007874015748100 ) ;
#2732 = DIRECTION ( 'NONE',  ( 0.0000000000000000000, 0.0000000000000000000, 1.000000000000000000 ) ) ;
#2733 = FACE_OUTER_BOUND ( 'NONE', #8241, .T. ) ;
#2734 = EDGE_LOOP ( 'NONE', ( #9587, #485, #981, #4038 ) ) ;
#2735 = CARTESIAN_POINT ( 'NONE',  ( -0.2569099894223583800, 0.6705511811023621100, 0.1485002118027675400 ) ) ;
#2736 = ORIENTED_EDGE ( 'NONE', *, *, #5753, .F. ) ;
#2737 = ORIENTED_EDGE ( 'NONE', *, *, #8901, .T. ) ;
#2738 = EDGE_CURVE ( 'NONE', #8757, #4271, #8384, .T. ) ;
#2739 = LINE ( 'NONE', #3785, #2032 ) ;
#2740 = VECTOR ( 'NONE', #2700, 39.37007874015748100 ) ;
#2741 = PLANE ( 'NONE',  #2918 ) ;
#2742 = CARTESIAN_POINT ( 'NONE',  ( -0.3250000000000000700, 0.6666141732283462600, 0.1077457736259981600 ) ) ;
#2743 = DIRECTION ( 'NONE',  ( 0.0000000000000000000, 0.0000000000000000000, -1.000000000000000000 ) ) ;
#2744 = DIRECTION ( 'NONE',  ( 6.946308972158770800E-015, -1.000000000000000000, 3.462928498309742800E-015 ) ) ;
#2745 = VERTEX_POINT ( 'NONE', #8009 ) ;
#2746 = AXIS2_PLACEMENT_3D ( 'NONE', #3924, #6800, #6765 ) ;
#2747 = CARTESIAN_POINT ( 'NONE',  ( -0.3250000000000023400, 0.02999999999999994000, -0.1119999999999999900 ) ) ;
#2748 = EDGE_CURVE ( 'NONE', #2187, #9166, #7070, .T. ) ;
#2749 = LINE ( 'NONE', #1510, #1207 ) ;
#2750 = VECTOR ( 'NONE', #3774, 39.37007874015748100 ) ;
#2751 = FACE_OUTER_BOUND ( 'NONE', #9036, .T. ) ;
#2752 =( CONVERSION_BASED_UNIT ( 'INCH', #6402 ) LENGTH_UNIT ( ) NAMED_UNIT ( #9692 ) );
#2753 = ORIENTED_EDGE ( 'NONE', *, *, #4496, .F. ) ;
#2754 = VERTEX_POINT ( 'NONE', #433 ) ;
#2755 = CARTESIAN_POINT ( 'NONE',  ( -0.3069533149417181300, 0.6666141732283454900, 0.2669999999999986800 ) ) ;
#2756 = EDGE_CURVE ( 'NONE', #4305, #7283, #106, .T. ) ;
#2757 = DIRECTION ( 'NONE',  ( 0.0000000000000000000, 0.0000000000000000000, 1.000000000000000000 ) ) ;
#2758 = DIRECTION ( 'NONE',  ( 1.000000000000000000, 0.0000000000000000000, -0.0000000000000000000 ) ) ;
#2759 = DIRECTION ( 'NONE',  ( 0.0000000000000000000, 0.0000000000000000000, 1.000000000000000000 ) ) ;
#2760 = SURFACE_SIDE_STYLE ('',( #3794 ) ) ;
#2761 = ORIENTED_EDGE ( 'NONE', *, *, #7978, .T. ) ;
#2762 = B_SPLINE_CURVE_WITH_KNOTS ( 'NONE', 3,
 ( #7672, #3134, #8439, #5311, #3882, #5559 ),
 .UNSPECIFIED., .F., .F.,
 ( 4, 2, 4 ),
 ( 0.0000000000000000000, 0.5000000000000000000, 1.000000000000000000 ),
 .UNSPECIFIED. ) ;
#2763 = AXIS2_PLACEMENT_3D ( 'NONE', #3231, #8535, #3262 ) ;
#2764 = VECTOR ( 'NONE', #5989, 39.37007874015748100 ) ;
#2765 = ORIENTED_EDGE ( 'NONE', *, *, #9224, .T. ) ;
#2766 = DIRECTION ( 'NONE',  ( 4.960794269481283100E-017, 0.0000000000000000000, -1.000000000000000000 ) ) ;
#2767 = DIRECTION ( 'NONE',  ( 1.000000000000000000, -0.0000000000000000000, -1.082173097926884400E-016 ) ) ;
#2768 = PLANE ( 'NONE',  #8420 ) ;
#2769 = ORIENTED_EDGE ( 'NONE', *, *, #958, .T. ) ;
#2770 = CARTESIAN_POINT ( 'NONE',  ( 0.3155511811023636300, 0.6619533149417187200, 0.2536141732283463400 ) ) ;
#2771 = EDGE_CURVE ( 'NONE', #5580, #7686, #3643, .T. ) ;
#2772 = VECTOR ( 'NONE', #5935, 39.37007874015748100 ) ;
#2773 = DIRECTION ( 'NONE',  ( -1.459106284977188500E-016, 0.0000000000000000000, -1.000000000000000000 ) ) ;
#2774 = ORIENTED_EDGE ( 'NONE', *, *, #6485, .T. ) ;
#2775 = DIRECTION ( 'NONE',  ( -1.000000000000000000, -0.0000000000000000000, -4.960794269481283100E-017 ) ) ;
#2776 = CARTESIAN_POINT ( 'NONE',  ( -0.2669099894223583300, 0.6605511811023621100, 0.1385002118027675600 ) ) ;
#2777 = ORIENTED_EDGE ( 'NONE', *, *, #6409, .T. ) ;
#2778 = AXIS2_PLACEMENT_3D ( 'NONE', #3953, #212, #8586 ) ;
#2779 = CARTESIAN_POINT ( 'NONE',  ( -0.3155511811023645200, 1.230401720066988000E-015, 0.07990778161457230700 ) ) ;
#2780 = FACE_OUTER_BOUND ( 'NONE', #9625, .T. ) ;
#2781 = DIRECTION ( 'NONE',  ( 0.0000000000000000000, 0.0000000000000000000, 1.000000000000000000 ) ) ;
#2782 = ORIENTED_EDGE ( 'NONE', *, *, #6996, .F. ) ;
#2783 = PRODUCT_CONTEXT ( 'NONE', #7984, 'mechanical' ) ;
#2784 = VECTOR ( 'NONE', #1302, 39.37007874015748100 ) ;
#2785 = EDGE_LOOP ( 'NONE', ( #1355, #3218, #195, #8294 ) ) ;
#2786 = SURFACE_STYLE_USAGE ( .BOTH. , #7245 ) ;
#2787 = DIRECTION ( 'NONE',  ( 0.0000000000000000000, 0.0000000000000000000, -1.000000000000000000 ) ) ;
#2788 = CARTESIAN_POINT ( 'NONE',  ( 0.1645137373393535100, 0.6605511811023621100, 0.2073173628908212800 ) ) ;
#2789 = ORIENTED_EDGE ( 'NONE', *, *, #56, .F. ) ;
#2790 = DIRECTION ( 'NONE',  ( 0.0000000000000000000, 0.0000000000000000000, -1.000000000000000000 ) ) ;
#2791 = EDGE_CURVE ( 'NONE', #6501, #26, #9197, .T. ) ;
#2792 = AXIS2_PLACEMENT_3D ( 'NONE', #3449, #4282, #1255 ) ;
#2793 = EDGE_LOOP ( 'NONE', ( #786, #6741, #4399, #4167 ) ) ;
#2794 = DIRECTION ( 'NONE',  ( 0.0000000000000000000, 0.0000000000000000000, -1.000000000000000000 ) ) ;
#2795 = VECTOR ( 'NONE', #3702, 39.37007874015748100 ) ;
#2796 = ORIENTED_EDGE ( 'NONE', *, *, #5833, .T. ) ;
#2797 =( NAMED_UNIT ( * ) PLANE_ANGLE_UNIT ( ) SI_UNIT ( $, .RADIAN. ) );
#2798 = ORIENTED_EDGE ( 'NONE', *, *, #9419, .T. ) ;
#2799 = EDGE_CURVE ( 'NONE', #8583, #4230, #8630, .T. ) ;
#2800 = DIRECTION ( 'NONE',  ( 0.8256230756318201400, 0.0000000000000000000, 0.5642220635390411400 ) ) ;
#2801 = DIRECTION ( 'NONE',  ( 0.0000000000000000000, 0.0000000000000000000, -1.000000000000000000 ) ) ;
#2802 = CARTESIAN_POINT ( 'NONE',  ( -0.3069533149417182900, 0.6666141732283453700, -0.4035511811023610500 ) ) ;
#2803 = ORIENTED_EDGE ( 'NONE', *, *, #1965, .T. ) ;
#2804 = AXIS2_PLACEMENT_3D ( 'NONE', #3179, #928, #9269 ) ;
#2805 = VECTOR ( 'NONE', #955, 39.37007874015748100 ) ;
#2806 = EDGE_CURVE ( 'NONE', #5139, #5069, #7180, .T. ) ;
#2807 = DIRECTION ( 'NONE',  ( 0.0000000000000000000, 1.000000000000000000, 0.0000000000000000000 ) ) ;
#2808 = ORIENTED_EDGE ( 'NONE', *, *, #1631, .T. ) ;
#2809 = DIRECTION ( 'NONE',  ( 0.0000000000000000000, 1.000000000000000000, 0.0000000000000000000 ) ) ;
#2810 = CARTESIAN_POINT ( 'NONE',  ( 0.3069533149417188500, 0.6800000000000007100, -0.3996141732283464100 ) ) ;
#2811 = VECTOR ( 'NONE', #811, 39.37007874015748100 ) ;
#2812 = DIRECTION ( 'NONE',  ( 0.0000000000000000000, 1.000000000000000000, 0.0000000000000000000 ) ) ;
#2813 = ADVANCED_FACE ( 'NONE', ( #9460 ), #2604, .F. ) ;
#2814 = DIRECTION ( 'NONE',  ( 0.0000000000000000000, -0.0000000000000000000, 1.000000000000000000 ) ) ;
#2815 = EDGE_CURVE ( 'NONE', #7160, #5576, #8146, .T. ) ;
#2816 = ORIENTED_EDGE ( 'NONE', *, *, #7415, .T. ) ;
#2817 = VERTEX_POINT ( 'NONE', #8718 ) ;
#2818 = VECTOR ( 'NONE', #1550, 39.37007874015748100 ) ;
#2819 = DIRECTION ( 'NONE',  ( 1.000000000000000000, -0.0000000000000000000, -0.0000000000000000000 ) ) ;
#2820 = CARTESIAN_POINT ( 'NONE',  ( -0.2755511811023642600, 0.01450000000000000100, 0.2425715860306383000 ) ) ;
#2821 = ORIENTED_EDGE ( 'NONE', *, *, #8625, .F. ) ;
#2822 = VECTOR ( 'NONE', #6326, 39.37007874015748100 ) ;
#2823 = EDGE_CURVE ( 'NONE', #5256, #7090, #845, .T. ) ;
#2824 = ORIENTED_EDGE ( 'NONE', *, *, #655, .F. ) ;
#2825 = CARTESIAN_POINT ( 'NONE',  ( 0.1295137373393535100, 0.6355511811023624200, 0.1704271400810135600 ) ) ;
#2826 = LINE ( 'NONE', #9790, #2939 ) ;
#2827 = EDGE_LOOP ( 'NONE', ( #5044, #9735, #6514, #422 ) ) ;
#2828 = DIRECTION ( 'NONE',  ( 1.000000000000000000, 0.0000000000000000000, -0.0000000000000000000 ) ) ;
#2829 = FACE_OUTER_BOUND ( 'NONE', #8235, .T. ) ;
#2830 = CARTESIAN_POINT ( 'NONE',  ( 0.3250000000000015700, 0.05599999999999997300, -0.1840000000000000000 ) ) ;
#2831 = CARTESIAN_POINT ( 'NONE',  ( 0.0000000000000000000, 0.6705511811023621100, 0.0000000000000000000 ) ) ;
#2832 = AXIS2_PLACEMENT_3D ( 'NONE', #7496, #2233, #2264 ) ;
#2833 = ORIENTED_EDGE ( 'NONE', *, *, #218, .T. ) ;
#2834 = ORIENTED_EDGE ( 'NONE', *, *, #8768, .F. ) ;
#2835 = UNCERTAINTY_MEASURE_WITH_UNIT (LENGTH_MEASURE( 1.000000000000000100E-005 ), #9557, 'distance_accuracy_value', 'NONE');
#2836 = ORIENTED_EDGE ( 'NONE', *, *, #1332, .F. ) ;
#2837 = DIRECTION ( 'NONE',  ( 0.0000000000000000000, 0.0000000000000000000, 1.000000000000000000 ) ) ;
#2838 = LINE ( 'NONE', #3697, #6265 ) ;
#2839 = DIRECTION ( 'NONE',  ( -0.7071067811865413600, 0.7071067811865536800, 2.448660223918979900E-015 ) ) ;
#2840 = ORIENTED_EDGE ( 'NONE', *, *, #888, .F. ) ;
#2841 = CARTESIAN_POINT ( 'NONE',  ( 0.3155511811023625200, 0.6723036717348477300, -0.4053036717348482100 ) ) ;
#2842 = ORIENTED_EDGE ( 'NONE', *, *, #1833, .F. ) ;
#2843 = EDGE_CURVE ( 'NONE', #8839, #193, #4123, .T. ) ;
#2844 = EDGE_CURVE ( 'NONE', #4699, #6682, #1993, .T. ) ;
#2845 = AXIS2_PLACEMENT_3D ( 'NONE', #4990, #9575, #9469 ) ;
#2846 = ORIENTED_EDGE ( 'NONE', *, *, #5380, .F. ) ;
#2847 = CARTESIAN_POINT ( 'NONE',  ( -0.3155511811023642400, 0.6605511811023620000, 0.2575511811023651900 ) ) ;
#2848 = CARTESIAN_POINT ( 'NONE',  ( 0.1849999999999987200, 0.5358241725520465100, 0.2575511811023643600 ) ) ;
#2849 = EDGE_LOOP ( 'NONE', ( #6387, #2884, #7498, #5990 ) ) ;
#2850 = DIRECTION ( 'NONE',  ( -0.0000000000000000000, 1.000000000000000000, -0.0000000000000000000 ) ) ;
#2851 = ORIENTED_EDGE ( 'NONE', *, *, #2712, .F. ) ;
#2852 = DIRECTION ( 'NONE',  ( 0.0000000000000000000, 0.0000000000000000000, 1.000000000000000000 ) ) ;
#2853 = LINE ( 'NONE', #2275, #1556 ) ;
#2854 = FACE_OUTER_BOUND ( 'NONE', #8202, .T. ) ;
#2855 = EDGE_CURVE ( 'NONE', #4450, #1144, #9590, .T. ) ;
#2856 = CARTESIAN_POINT ( 'NONE',  ( -0.3069533149417182900, 0.6701185744823510100, -0.4129999999999999200 ) ) ;
#2857 = VECTOR ( 'NONE', #3966, 39.37007874015748100 ) ;
#2858 = ORIENTED_EDGE ( 'NONE', *, *, #1713, .F. ) ;
#2859 = CIRCLE ( 'NONE', #4782, 0.01250000000000000200 ) ;
#2860 =( CONVERSION_BASED_UNIT ( 'INCH', #8307 ) LENGTH_UNIT ( ) NAMED_UNIT ( #8834 ) );
#2861 = CARTESIAN_POINT ( 'NONE',  ( -0.3250000000000023400, 0.03999999999999992500, -0.2537107877407313000 ) ) ;
#2862 = VERTEX_POINT ( 'NONE', #403 ) ;
#2863 = AXIS2_PLACEMENT_3D ( 'NONE', #8408, #8374, #762 ) ;
#2864 = AXIS2_PLACEMENT_3D ( 'NONE', #7800, #4771, #9500 ) ;
#2865 = DIRECTION ( 'NONE',  ( -0.0000000000000000000, -0.0000000000000000000, -1.000000000000000000 ) ) ;
#2866 = LINE ( 'NONE', #8087, #7123 ) ;
#2867 = FACE_OUTER_BOUND ( 'NONE', #3382, .T. ) ;
#2868 = CARTESIAN_POINT ( 'NONE',  ( 0.1653149606299236500, -1.430189469801922900E-015, 0.2670000000000027400 ) ) ;
#2869 = ORIENTED_EDGE ( 'NONE', *, *, #6872, .F. ) ;
#2870 = EDGE_CURVE ( 'NONE', #6558, #9118, #2102, .T. ) ;
#2871 = VERTEX_POINT ( 'NONE', #2776 ) ;
#2872 = VECTOR ( 'NONE', #4844, 39.37007874015748900 ) ;
#2873 = DIRECTION ( 'NONE',  ( 0.0000000000000000000, -1.000000000000000000, -9.840950985822402700E-017 ) ) ;
#2874 = CARTESIAN_POINT ( 'NONE',  ( -0.1605124221163134500, 0.6799999999999999400, 0.2170512116749741300 ) ) ;
#2875 = CARTESIAN_POINT ( 'NONE',  ( -0.3250000000000023400, 0.07200000000000000800, -0.2637107877407313100 ) ) ;
#2876 = VECTOR ( 'NONE', #3387, 39.37007874015748100 ) ;
#2877 = ORIENTED_EDGE ( 'NONE', *, *, #2885, .T. ) ;
#2878 = DIRECTION ( 'NONE',  ( 1.000000000000000000, 3.462928498309767600E-015, -3.661961499347902900E-015 ) ) ;
#2879 = ORIENTED_EDGE ( 'NONE', *, *, #1878, .F. ) ;
#2880 = DIRECTION ( 'NONE',  ( 3.661961499347914700E-015, 0.0000000000000000000, -1.000000000000000000 ) ) ;
#2881 = ORIENTED_EDGE ( 'NONE', *, *, #5844, .F. ) ;
#2882 = LINE ( 'NONE', #3235, #6314 ) ;
#2883 = CARTESIAN_POINT ( 'NONE',  ( 0.1142984638647553800, 0.6794079344954887500, 0.2575511811023651900 ) ) ;
#2884 = ORIENTED_EDGE ( 'NONE', *, *, #4736, .F. ) ;
#2885 = EDGE_CURVE ( 'NONE', #7262, #7634, #3050, .T. ) ;
#2886 = PLANE ( 'NONE',  #5922 ) ;
#2887 = ADVANCED_FACE ( 'NONE', ( #5171 ), #3899, .F. ) ;
#2888 = DIRECTION ( 'NONE',  ( -1.201444672329394600E-029, 1.000000000000000000, 3.462928498309717500E-015 ) ) ;
#2889 = AXIS2_PLACEMENT_3D ( 'NONE', #3775, #5999, #6750 ) ;
#2890 = VERTEX_POINT ( 'NONE', #5054 ) ;
#2891 = LINE ( 'NONE', #3539, #9160 ) ;
#2892 = CARTESIAN_POINT ( 'NONE',  ( 0.1605905511811047700, 0.5358241725520462900, 0.2575511811023667400 ) ) ;
#2893 = VERTEX_POINT ( 'NONE', #3534 ) ;
#2894 = AXIS2_PLACEMENT_3D ( 'NONE', #7019, #2550, #7824 ) ;
#2895 = CARTESIAN_POINT ( 'NONE',  ( -0.3116141732283463900, 0.6799999999999999400, 0.004393306531884155200 ) ) ;
#2896 = EDGE_CURVE ( 'NONE', #9820, #668, #4012, .T. ) ;
#2897 = DIRECTION ( 'NONE',  ( -0.0000000000000000000, 1.000000000000000000, -0.0000000000000000000 ) ) ;
#2898 = CARTESIAN_POINT ( 'NONE',  ( 0.3155511811023650200, -0.1174999999999977700, -0.1320000000000000100 ) ) ;
#2899 = VERTEX_POINT ( 'NONE', #5898 ) ;
#2900 = FACE_OUTER_BOUND ( 'NONE', #5090, .T. ) ;
#2901 = ORIENTED_EDGE ( 'NONE', *, *, #2975, .F. ) ;
#2902 = CARTESIAN_POINT ( 'NONE',  ( -0.1605124221163134500, 0.6666141732283462600, 0.2170512116749741300 ) ) ;
#2903 = CARTESIAN_POINT ( 'NONE',  ( 0.2569099894223583800, 0.6705511811023621100, 0.1485002118027675400 ) ) ;
#2904 = DIRECTION ( 'NONE',  ( -0.0000000000000000000, 1.000000000000000000, -0.0000000000000000000 ) ) ;
#2905 = AXIS2_PLACEMENT_3D ( 'NONE', #6155, #5426, #3959 ) ;
#2906 = CARTESIAN_POINT ( 'NONE',  ( 0.1750000000000000400, -0.1250000000000000000, -0.3500000000000000900 ) ) ;
#2907 = ORIENTED_EDGE ( 'NONE', *, *, #6087, .F. ) ;
#2908 = LINE ( 'NONE', #5813, #8725 ) ;
#2909 = VERTEX_POINT ( 'NONE', #1280 ) ;
#2910 = CARTESIAN_POINT ( 'NONE',  ( -0.2749385210375706000, 0.6705511811023621100, 0.1337073676835898200 ) ) ;
#2911 = ORIENTED_EDGE ( 'NONE', *, *, #1919, .T. ) ;
#2912 = CARTESIAN_POINT ( 'NONE',  ( -0.08354462770099661800, 0.6355511811023624200, 0.1704271400810135900 ) ) ;
#2913 = DIRECTION ( 'NONE',  ( 2.492171718503151100E-016, 0.0000000000000000000, 1.000000000000000000 ) ) ;
#2914 = VERTEX_POINT ( 'NONE', #5763 ) ;
#2915 = ORIENTED_EDGE ( 'NONE', *, *, #618, .F. ) ;
#2916 = DIRECTION ( 'NONE',  ( -0.5773502691896320600, 0.5773502691896275100, -0.5773502691896176300 ) ) ;
#2917 = EDGE_CURVE ( 'NONE', #3826, #7842, #7310, .T. ) ;
#2918 = AXIS2_PLACEMENT_3D ( 'NONE', #497, #464, #5024 ) ;
#2919 = EDGE_LOOP ( 'NONE', ( #5248, #5669, #7864, #5520 ) ) ;
#2920 = DIRECTION ( 'NONE',  ( 0.0000000000000000000, 0.0000000000000000000, -1.000000000000000000 ) ) ;
#2921 = DIRECTION ( 'NONE',  ( -0.5773502691896323900, 0.5773502691896205100, -0.5773502691896245100 ) ) ;
#2922 = ORIENTED_EDGE ( 'NONE', *, *, #7888, .F. ) ;
#2923 = FACE_OUTER_BOUND ( 'NONE', #7700, .T. ) ;
#2924 = EDGE_CURVE ( 'NONE', #7349, #1604, #5409, .T. ) ;
#2925 = CARTESIAN_POINT ( 'NONE',  ( 0.2669099894223583300, 0.6205511811023621800, 0.2073173628908212800 ) ) ;
#2926 = CARTESIAN_POINT ( 'NONE',  ( 0.2561045361904967200, 0.2705511811023621500, 0.009827287307507419400 ) ) ;
#2927 = VERTEX_POINT ( 'NONE', #2109 ) ;
#2928 = LINE ( 'NONE', #9182, #1018 ) ;
#2929 = CARTESIAN_POINT ( 'NONE',  ( -0.3250000000000023400, 0.08200000000000000300, -0.2637107877407313700 ) ) ;
#2930 = AXIS2_PLACEMENT_3D ( 'NONE', #6119, #5260, #2353 ) ;
#2931 = ADVANCED_FACE ( 'NONE', ( #5524 ), #579, .F. ) ;
#2932 = CARTESIAN_POINT ( 'NONE',  ( -0.3155511811023621900, 0.6723036717348476200, 0.2593036717348475900 ) ) ;
#2933 = ORIENTED_EDGE ( 'NONE', *, *, #1242, .F. ) ;
#2934 = EDGE_CURVE ( 'NONE', #6985, #2035, #6593, .T. ) ;
#2935 = CARTESIAN_POINT ( 'NONE',  ( 0.3155511811023635200, 0.6619533149417188300, -0.4006448794795242100 ) ) ;
#2936 = CARTESIAN_POINT ( 'NONE',  ( 0.1645137373393535100, 0.6205511811023621800, 0.2073173628908212800 ) ) ;
#2937 = DIRECTION ( 'NONE',  ( 1.000000000000000000, -0.0000000000000000000, -0.0000000000000000000 ) ) ;
#2938 = ORIENTED_EDGE ( 'NONE', *, *, #4057, .F. ) ;
#2939 = VECTOR ( 'NONE', #5223, 39.37007874015748100 ) ;
#2940 = PLANE ( 'NONE',  #6398 ) ;
#2941 = EDGE_CURVE ( 'NONE', #9429, #1956, #3289, .T. ) ;
#2942 = ORIENTED_EDGE ( 'NONE', *, *, #6892, .T. ) ;
#2943 = VECTOR ( 'NONE', #7416, 39.37007874015748100 ) ;
#2944 = AXIS2_PLACEMENT_3D ( 'NONE', #6860, #5466, #167 ) ;
#2945 = CARTESIAN_POINT ( 'NONE',  ( -0.3250000000000023400, 0.05599999999999997300, -0.1940000000000000300 ) ) ;
#2946 = ORIENTED_EDGE ( 'NONE', *, *, #4657, .T. ) ;
#2947 = VECTOR ( 'NONE', #8829, 39.37007874015748100 ) ;
#2948 = CARTESIAN_POINT ( 'NONE',  ( 0.0000000000000000000, 0.2705511811023621500, 0.0000000000000000000 ) ) ;
#2949 = STYLED_ITEM ( 'NONE', ( #4739 ), #5916 ) ;
#2950 = DIRECTION ( 'NONE',  ( 2.492171718503151100E-016, 0.0000000000000000000, 1.000000000000000000 ) ) ;
#2951 = SURFACE_STYLE_USAGE ( .BOTH. , #8817 ) ;
#2952 = ORIENTED_EDGE ( 'NONE', *, *, #7850, .T. ) ;
#2953 = EDGE_CURVE ( 'NONE', #5318, #8462, #1273, .T. ) ;
#2954 = CARTESIAN_POINT ( 'NONE',  ( 0.3250000000000002300, 0.6666141732283462600, 0.0000000000000000000 ) ) ;
#2955 = ADVANCED_FACE ( 'NONE', ( #1861 ), #5826, .F. ) ;
#2956 = EDGE_LOOP ( 'NONE', ( #1300, #8724, #3201, #7856 ) ) ;
#2957 = VECTOR ( 'NONE', #6931, 39.37007874015748100 ) ;
#2958 = VERTEX_POINT ( 'NONE', #1314 ) ;
#2959 = CARTESIAN_POINT ( 'NONE',  ( 0.3155511811023630800, 0.6666141732283464800, -0.3949533149417188700 ) ) ;
#2960 = DIRECTION ( 'NONE',  ( 0.0000000000000000000, -0.0000000000000000000, -1.000000000000000000 ) ) ;
#2961 = ORIENTED_EDGE ( 'NONE', *, *, #9544, .F. ) ;
#2962 = LINE ( 'NONE', #1474, #8653 ) ;
#2963 = DIRECTION ( 'NONE',  ( 0.0000000000000000000, -0.0000000000000000000, 1.000000000000000000 ) ) ;
#2964 = AXIS2_PLACEMENT_3D ( 'NONE', #9319, #1074, #3296 ) ;
#2965 = ORIENTED_EDGE ( 'NONE', *, *, #3880, .F. ) ;
#2966 = CARTESIAN_POINT ( 'NONE',  ( 0.3250000000000015700, 0.01999999999999994100, -0.1019999999999999900 ) ) ;
#2967 = ORIENTED_EDGE ( 'NONE', *, *, #8760, .F. ) ;
#2968 = FACE_OUTER_BOUND ( 'NONE', #2785, .T. ) ;
#2969 = CIRCLE ( 'NONE', #526, 0.009999999999999995000 ) ;
#2970 = DIRECTION ( 'NONE',  ( -1.000000000000000000, 0.0000000000000000000, 0.0000000000000000000 ) ) ;
#2971 = SURFACE_STYLE_FILL_AREA ( #6771 ) ;
#2972 = VERTEX_POINT ( 'NONE', #2810 ) ;
#2973 = PLANE ( 'NONE',  #2025 ) ;
#2974 = VERTEX_POINT ( 'NONE', #5086 ) ;
#2975 = EDGE_CURVE ( 'NONE', #658, #1828, #5297, .T. ) ;
#2976 = EDGE_CURVE ( 'NONE', #7500, #7628, #4350, .T. ) ;
#2977 = LINE ( 'NONE', #2945, #32 ) ;
#2978 = VECTOR ( 'NONE', #8092, 39.37007874015748100 ) ;
#2979 = DIRECTION ( 'NONE',  ( 0.0000000000000000000, 1.000000000000000000, 0.0000000000000000000 ) ) ;
#2980 = ADVANCED_FACE ( 'NONE', ( #8858 ), #6694, .F. ) ;
#2981 = LINE ( 'NONE', #6709, #3698 ) ;
#2982 = CARTESIAN_POINT ( 'NONE',  ( 0.3155511811023642400, 0.03999999999999992500, 0.09990778161457228300 ) ) ;
#2983 = DIRECTION ( 'NONE',  ( -3.661961499347914700E-015, 3.462928498309717100E-015, 1.000000000000000000 ) ) ;
#2984 = LINE ( 'NONE', #8334, #4749 ) ;
#2985 = PLANE ( 'NONE',  #9046 ) ;
#2986 = EDGE_CURVE ( 'NONE', #9445, #3490, #9701, .T. ) ;
#2987 = CARTESIAN_POINT ( 'NONE',  ( 0.02500000000000004000, 0.01450000000000000100, -0.2500000000000000000 ) ) ;
#2988 = VECTOR ( 'NONE', #4188, 39.37007874015748100 ) ;
#2989 = CIRCLE ( 'NONE', #7491, 0.01500000000000001200 ) ;
#2990 = FILL_AREA_STYLE_COLOUR ( '', #5926 ) ;
#2991 = ORIENTED_EDGE ( 'NONE', *, *, #503, .T. ) ;
#2992 =( NAMED_UNIT ( * ) SI_UNIT ( $, .STERADIAN. ) SOLID_ANGLE_UNIT ( ) );
#2993 = DIRECTION ( 'NONE',  ( 1.000000000000000000, -0.0000000000000000000, -0.0000000000000000000 ) ) ;
#2994 = AXIS2_PLACEMENT_3D ( 'NONE', #7522, #7559, #4489 ) ;
#2995 = AXIS2_PLACEMENT_3D ( 'NONE', #632, #5921, #1299 ) ;
#2996 = CYLINDRICAL_SURFACE ( 'NONE', #2863, 0.01181102362204724000 ) ;
#2997 = CARTESIAN_POINT ( 'NONE',  ( -0.2569099894223583800, 0.6705511811023621100, 0.1485002118027675400 ) ) ;
#2998 = CARTESIAN_POINT ( 'NONE',  ( -0.2669099894223583300, 0.6605511811023621100, 0.1385002118027675600 ) ) ;
#2999 = VECTOR ( 'NONE', #8458, 39.37007874015748100 ) ;
#3000 = CARTESIAN_POINT ( 'NONE',  ( 0.3116141732283466700, 0.6799999999999999400, -0.3949533149417188100 ) ) ;
#3001 = EDGE_LOOP ( 'NONE', ( #3530, #9087, #1648, #9780 ) ) ;
#3002 = EDGE_CURVE ( 'NONE', #7842, #8342, #7670, .T. ) ;
#3003 = DIRECTION ( 'NONE',  ( -0.0000000000000000000, -1.000000000000000000, -0.0000000000000000000 ) ) ;
#3004 = ORIENTED_EDGE ( 'NONE', *, *, #7288, .F. ) ;
#3005 = AXIS2_PLACEMENT_3D ( 'NONE', #8105, #1383, #3572 ) ;
#3006 = CIRCLE ( 'NONE', #7609, 0.01000000000000000000 ) ;
#3007 = ADVANCED_FACE ( 'NONE', ( #3408, #224, #4248, #3777, #7547 ), #5966, .T. ) ;
#3008 = DIRECTION ( 'NONE',  ( 2.492171718503151100E-016, 0.0000000000000000000, 1.000000000000000000 ) ) ;
#3009 = ORIENTED_EDGE ( 'NONE', *, *, #3519, .T. ) ;
#3010 = DIRECTION ( 'NONE',  ( 0.0000000000000000000, -0.0000000000000000000, 1.000000000000000000 ) ) ;
#3011 = CYLINDRICAL_SURFACE ( 'NONE', #9377, 0.009999999999999995000 ) ;
#3012 = EDGE_LOOP ( 'NONE', ( #9243, #3782, #4227, #1334 ) ) ;
#3013 = CARTESIAN_POINT ( 'NONE',  ( 0.3116141732283486700, 0.08200000000000000300, -0.4129999999999998700 ) ) ;
#3014 = EDGE_CURVE ( 'NONE', #7660, #9775, #4822, .T. ) ;
#3015 = CARTESIAN_POINT ( 'NONE',  ( -0.3155511811023650700, -0.1549999999999955000, -0.1420480947161671400 ) ) ;
#3016 = FACE_OUTER_BOUND ( 'NONE', #5431, .T. ) ;
#3017 = CARTESIAN_POINT ( 'NONE',  ( 1.365923996832131600E-016, 6.829619984160658000E-016, 0.2670000000000012900 ) ) ;
#3018 = ORIENTED_EDGE ( 'NONE', *, *, #4601, .F. ) ;
#3019 = PLANE ( 'NONE',  #6722 ) ;
#3020 = CARTESIAN_POINT ( 'NONE',  ( -0.3116141732283463900, 0.6705511811023621100, 0.004393306531884162200 ) ) ;
#3021 = DIRECTION ( 'NONE',  ( 0.0000000000000000000, 0.0000000000000000000, -1.000000000000000000 ) ) ;
#3022 = FACE_OUTER_BOUND ( 'NONE', #5515, .T. ) ;
#3023 = EDGE_LOOP ( 'NONE', ( #4586, #5901, #4335, #7145, #568 ) ) ;
#3024 = PLANE ( 'NONE',  #1275 ) ;
#3025 = AXIS2_PLACEMENT_3D ( 'NONE', #208, #5476, #4857 ) ;
#3026 = EDGE_LOOP ( 'NONE', ( #3799, #9226, #6898, #3276 ) ) ;
#3027 = CARTESIAN_POINT ( 'NONE',  ( -0.3250000000000023400, 0.03999999999999992500, -0.1940000000000000100 ) ) ;
#3028 = CARTESIAN_POINT ( 'NONE',  ( -0.2755511811023642600, 0.0000000000000000000, -0.3828791539144444400 ) ) ;
#3029 = ORIENTED_EDGE ( 'NONE', *, *, #8248, .F. ) ;
#3030 = ADVANCED_FACE ( 'NONE', ( #5636 ), #557, .F. ) ;
#3031 = LINE ( 'NONE', #1969, #9305 ) ;
#3032 = DIRECTION ( 'NONE',  ( 0.0000000000000000000, 3.462928498309717500E-015, 1.000000000000000000 ) ) ;
#3033 = EDGE_LOOP ( 'NONE', ( #8787, #4369 ) ) ;
#3034 = VERTEX_POINT ( 'NONE', #5280 ) ;
#3035 = EDGE_CURVE ( 'NONE', #2754, #7650, #7425, .T. ) ;
#3036 = AXIS2_PLACEMENT_3D ( 'NONE', #5741, #8080, #1353 ) ;
#3037 = CARTESIAN_POINT ( 'NONE',  ( 0.08354462770099666000, 0.2705511811023621500, 0.1704271400810135600 ) ) ;
#3038 = ORIENTED_EDGE ( 'NONE', *, *, #9079, .F. ) ;
#3039 = VECTOR ( 'NONE', #5220, 39.37007874015748100 ) ;
#3040 = ORIENTED_EDGE ( 'NONE', *, *, #1596, .F. ) ;
#3041 = DIRECTION ( 'NONE',  ( -0.0000000000000000000, 1.000000000000000000, -0.0000000000000000000 ) ) ;
#3042 = DIRECTION ( 'NONE',  ( -1.000000000000000000, 3.462928498309767600E-015, 3.661961499347902900E-015 ) ) ;
#3043 = VERTEX_POINT ( 'NONE', #681 ) ;
#3044 = EDGE_CURVE ( 'NONE', #1533, #7160, #1029, .T. ) ;
#3045 = VECTOR ( 'NONE', #6552, 39.37007874015748100 ) ;
#3046 = CARTESIAN_POINT ( 'NONE',  ( -0.3069533149417182900, 0.6736013962196657500, 0.2655573680010762100 ) ) ;
#3047 = AXIS2_PLACEMENT_3D ( 'NONE', #3978, #6311, #7781 ) ;
#3048 = ORIENTED_EDGE ( 'NONE', *, *, #8305, .T. ) ;
#3049 = DIRECTION ( 'NONE',  ( 0.0000000000000000000, 0.0000000000000000000, 1.000000000000000000 ) ) ;
#3050 = LINE ( 'NONE', #8075, #2574 ) ;
#3051 = CARTESIAN_POINT ( 'NONE',  ( 0.3069533149417179600, 0.6666141732283470400, -0.4035511811023621000 ) ) ;
#3052 = ADVANCED_FACE ( 'NONE', ( #2219 ), #4556, .F. ) ;
#3053 = CARTESIAN_POINT ( 'NONE',  ( -0.3136692388140285800, 0.6701268775732670500, -0.3949533149417182000 ) ) ;
#3054 = EDGE_CURVE ( 'NONE', #7194, #7087, #1152, .T. ) ;
#3055 = EDGE_LOOP ( 'NONE', ( #6270, #1281, #6729, #8493 ) ) ;
#3056 = DIRECTION ( 'NONE',  ( -1.000000000000000000, 0.0000000000000000000, 0.0000000000000000000 ) ) ;
#3057 = CYLINDRICAL_SURFACE ( 'NONE', #8680, 0.01181102362204724000 ) ;
#3058 = CARTESIAN_POINT ( 'NONE',  ( -0.3250000000000021200, 0.05600000000000222200, -0.1319999999999999800 ) ) ;
#3059 = DIRECTION ( 'NONE',  ( 6.946308972158771600E-015, 1.000000000000000000, -3.462928498309742800E-015 ) ) ;
#3060 = EDGE_LOOP ( 'NONE', ( #453, #7623, #643, #9074 ) ) ;
#3061 =( GEOMETRIC_REPRESENTATION_CONTEXT ( 3 ) GLOBAL_UNCERTAINTY_ASSIGNED_CONTEXT ( ( #6953 ) ) GLOBAL_UNIT_ASSIGNED_CONTEXT ( ( #4270, #5829, #9652 ) ) REPRESENTATION_CONTEXT ( 'NONE', 'WORKASPACE' ) );
#3062 = DIRECTION ( 'NONE',  ( 1.000000000000000000, 0.0000000000000000000, 0.0000000000000000000 ) ) ;
#3063 = FACE_OUTER_BOUND ( 'NONE', #649, .T. ) ;
#3064 = CARTESIAN_POINT ( 'NONE',  ( 0.0000000000000000000, 0.6205511811023621800, 0.0000000000000000000 ) ) ;
#3065 = ORIENTED_EDGE ( 'NONE', *, *, #9781, .F. ) ;
#3066 = DIRECTION ( 'NONE',  ( -1.000000000000000000, 0.0000000000000000000, 0.0000000000000000000 ) ) ;
#3067 = VECTOR ( 'NONE', #4252, 39.37007874015748100 ) ;
#3068 = CARTESIAN_POINT ( 'NONE',  ( -0.3250000000000023400, 0.06600000000000103000, 0.2669999999999999600 ) ) ;
#3069 = EDGE_CURVE ( 'NONE', #2972, #8006, #7535, .T. ) ;
#3070 = ORIENTED_EDGE ( 'NONE', *, *, #3481, .F. ) ;
#3071 = VECTOR ( 'NONE', #8213, 39.37007874015748100 ) ;
#3072 = ORIENTED_EDGE ( 'NONE', *, *, #8148, .T. ) ;
#3073 = ORIENTED_EDGE ( 'NONE', *, *, #4059, .F. ) ;
#3074 = AXIS2_PLACEMENT_3D ( 'NONE', #2522, #1753, #3255 ) ;
#3075 = DIRECTION ( 'NONE',  ( 1.000000000000000000, 0.0000000000000000000, 0.0000000000000000000 ) ) ;
#3076 = VECTOR ( 'NONE', #8233, 39.37007874015748100 ) ;
#3077 = CARTESIAN_POINT ( 'NONE',  ( 0.1142984638647554000, 0.6705511811023621100, 0.2536141732283462800 ) ) ;
#3078 = DIRECTION ( 'NONE',  ( 0.0000000000000000000, 0.0000000000000000000, -1.000000000000000000 ) ) ;
#3079 = ORIENTED_EDGE ( 'NONE', *, *, #1206, .T. ) ;
#3080 = ADVANCED_FACE ( 'NONE', ( #6236 ), #756, .F. ) ;
#3081 = AXIS2_PLACEMENT_3D ( 'NONE', #7246, #9450, #6431 ) ;
#3082 = ORIENTED_EDGE ( 'NONE', *, *, #7743, .T. ) ;
#3083 = CARTESIAN_POINT ( 'NONE',  ( -0.3250000000000023400, 0.02999999999999994000, -0.1119999999999999900 ) ) ;
#3084 = FACE_OUTER_BOUND ( 'NONE', #2020, .T. ) ;
#3085 = CARTESIAN_POINT ( 'NONE',  ( -0.2399385210375706000, 0.6355511811023624200, -0.1833786526941293700 ) ) ;
#3086 = EDGE_CURVE ( 'NONE', #1194, #1754, #8620, .T. ) ;
#3087 = EDGE_LOOP ( 'NONE', ( #5871, #6969, #8502, #5366 ) ) ;
#3088 = ORIENTED_EDGE ( 'NONE', *, *, #3259, .F. ) ;
#3089 = ORIENTED_EDGE ( 'NONE', *, *, #8320, .F. ) ;
#3090 = VECTOR ( 'NONE', #3272, 39.37007874015748100 ) ;
#3091 = VECTOR ( 'NONE', #7193, 39.37007874015748100 ) ;
#3092 = DIRECTION ( 'NONE',  ( 0.0000000000000000000, 1.000000000000000000, 0.0000000000000000000 ) ) ;
#3093 = DIRECTION ( 'NONE',  ( -0.0000000000000000000, 1.000000000000000000, -0.0000000000000000000 ) ) ;
#3094 = CARTESIAN_POINT ( 'NONE',  ( 0.2249999999999999800, 0.01450000000000000900, -0.06250000000000005600 ) ) ;
#3095 = CIRCLE ( 'NONE', #2864, 0.003937007874015724600 ) ;
#3096 = ORIENTED_EDGE ( 'NONE', *, *, #1395, .F. ) ;
#3097 = CARTESIAN_POINT ( 'NONE',  ( 0.1142984638647554000, 0.6666141732283464800, 0.2536141732283463400 ) ) ;
#3098 = LINE ( 'NONE', #3381, #1079 ) ;
#3099 = CARTESIAN_POINT ( 'NONE',  ( -0.3069533149417182900, 0.6686692388140284000, 0.2571268775732668500 ) ) ;
#3100 = EDGE_LOOP ( 'NONE', ( #7503, #2209, #3574, #2851, #2234, #205 ) ) ;
#3101 =( CONVERSION_BASED_UNIT ( 'INCH', #7061 ) LENGTH_UNIT ( ) NAMED_UNIT ( #4913 ) );
#3102 = COLOUR_RGB ( '',0.7921568627450980000, 0.8196078431372548800, 0.9333333333333333500 ) ;
#3103 = DIRECTION ( 'NONE',  ( -1.000000000000000000, 0.0000000000000000000, 1.082173097926884400E-016 ) ) ;
#3104 = FACE_OUTER_BOUND ( 'NONE', #2127, .T. ) ;
#3105 = ADVANCED_FACE ( 'NONE', ( #5055 ), #3766, .T. ) ;
#3106 = CARTESIAN_POINT ( 'NONE',  ( -0.3116141732283464500, 0.6619533149417188300, 0.2670000000000009600 ) ) ;
#3107 = CARTESIAN_POINT ( 'NONE',  ( 0.2669099894223583300, 0.6205511811023621800, 0.2073173628908212800 ) ) ;
#3108 = EDGE_CURVE ( 'NONE', #4443, #1611, #6814, .T. ) ;
#3109 = FACE_OUTER_BOUND ( 'NONE', #7849, .T. ) ;
#3110 = AXIS2_PLACEMENT_3D ( 'NONE', #6432, #9309, #4765 ) ;
#3111 = CONICAL_SURFACE ( 'NONE', #3617, 0.04849584923580589600, 0.6108652381980129700 ) ;
#3112 = CARTESIAN_POINT ( 'NONE',  ( 0.3250000000000015700, 0.05599999999999997300, -0.1940000000000000300 ) ) ;
#3113 = ORIENTED_EDGE ( 'NONE', *, *, #4590, .F. ) ;
#3114 = DIRECTION ( 'NONE',  ( -1.000000000000000000, 0.0000000000000000000, 0.0000000000000000000 ) ) ;
#3115 = EDGE_CURVE ( 'NONE', #7617, #2366, #6583, .T. ) ;
#3116 = ORIENTED_EDGE ( 'NONE', *, *, #5410, .T. ) ;
#3117 = LINE ( 'NONE', #7773, #6434 ) ;
#3118 = CARTESIAN_POINT ( 'NONE',  ( -0.1295137373393534800, 0.2705511811023621500, 0.1704271400810135900 ) ) ;
#3119 = ORIENTED_EDGE ( 'NONE', *, *, #9555, .F. ) ;
#3120 = DIRECTION ( 'NONE',  ( 1.000000000000000000, -0.0000000000000000000, -0.0000000000000000000 ) ) ;
#3121 = DIRECTION ( 'NONE',  ( 0.0000000000000000000, -1.000000000000000000, 0.0000000000000000000 ) ) ;
#3122 = LINE ( 'NONE', #6393, #7632 ) ;
#3123 = CARTESIAN_POINT ( 'NONE',  ( 0.3069533149417179600, 0.6666141732283470400, 0.2575511811023620800 ) ) ;
#3124 = ORIENTED_EDGE ( 'NONE', *, *, #2917, .F. ) ;
#3125 = LINE ( 'NONE', #6897, #8464 ) ;
#3126 = ADVANCED_FACE ( 'NONE', ( #3165 ), #196, .F. ) ;
#3127 = DIRECTION ( 'NONE',  ( 0.0000000000000000000, -1.000000000000000000, -3.661961499347899700E-015 ) ) ;
#3128 = EDGE_LOOP ( 'NONE', ( #1505, #373, #6657, #5952 ) ) ;
#3129 = EDGE_CURVE ( 'NONE', #6454, #7476, #5288, .T. ) ;
#3130 = PLANE ( 'NONE',  #5259 ) ;
#3131 = AXIS2_PLACEMENT_3D ( 'NONE', #7456, #8236, #713 ) ;
#3132 = PRESENTATION_STYLE_ASSIGNMENT (( #839 ) ) ;
#3133 = ORIENTED_EDGE ( 'NONE', *, *, #4507, .T. ) ;
#3134 = CARTESIAN_POINT ( 'NONE',  ( 0.3250000000000012900, 0.6619533149417188300, -0.4031185744823506700 ) ) ;
#3135 = LINE ( 'NONE', #2646, #3735 ) ;
#3136 = ORIENTED_EDGE ( 'NONE', *, *, #5743, .F. ) ;
#3137 = MANIFOLD_SOLID_BREP ( 'Fillet2', #1743 ) ;
#3138 = CARTESIAN_POINT ( 'NONE',  ( 0.1142984638647553800, 0.6666141732283462600, 0.2170512116749741500 ) ) ;
#3139 = EDGE_CURVE ( 'NONE', #5345, #7520, #9584, .T. ) ;
#3140 = ORIENTED_EDGE ( 'NONE', *, *, #3115, .F. ) ;
#3141 = DIRECTION ( 'NONE',  ( 0.0000000000000000000, -1.000000000000000000, -0.0000000000000000000 ) ) ;
#3142 = VERTEX_POINT ( 'NONE', #7603 ) ;
#3143 = VECTOR ( 'NONE', #1204, 39.37007874015748100 ) ;
#3144 = ORIENTED_EDGE ( 'NONE', *, *, #5186, .T. ) ;
#3145 = DIRECTION ( 'NONE',  ( 0.5773502691896274000, 0.5773502691896227300, 0.5773502691896271700 ) ) ;
#3146 = VERTEX_POINT ( 'NONE', #6821 ) ;
#3147 = DIRECTION ( 'NONE',  ( -1.000000000000000000, -0.0000000000000000000, -0.0000000000000000000 ) ) ;
#3148 = CARTESIAN_POINT ( 'NONE',  ( 0.1250000000000000300, -0.1674264068711929000, -0.2374999999999999900 ) ) ;
#3149 = ADVANCED_FACE ( 'NONE', ( #4812 ), #2451, .T. ) ;
#3150 = AXIS2_PLACEMENT_3D ( 'NONE', #9666, #8882, #2794 ) ;
#3151 = ORIENTED_EDGE ( 'NONE', *, *, #3139, .F. ) ;
#3152 = VECTOR ( 'NONE', #8749, 39.37007874015748100 ) ;
#3153 = ORIENTED_EDGE ( 'NONE', *, *, #4698, .F. ) ;
#3154 = CARTESIAN_POINT ( 'NONE',  ( -0.07499999999999996900, -0.1250000000000000000, -0.2625000000000000100 ) ) ;
#3155 = DIRECTION ( 'NONE',  ( 0.0000000000000000000, 1.000000000000000000, 0.0000000000000000000 ) ) ;
#3156 = ORIENTED_EDGE ( 'NONE', *, *, #8832, .F. ) ;
#3157 = DIRECTION ( 'NONE',  ( 1.000000000000000000, 0.0000000000000000000, 0.0000000000000000000 ) ) ;
#3158 = EDGE_LOOP ( 'NONE', ( #2803, #164, #2833, #2527 ) ) ;
#3159 = EDGE_CURVE ( 'NONE', #1410, #9501, #2326, .T. ) ;
#3160 = VECTOR ( 'NONE', #6832, 39.37007874015748900 ) ;
#3161 =( NAMED_UNIT ( * ) SI_UNIT ( $, .STERADIAN. ) SOLID_ANGLE_UNIT ( ) );
#3162 = EDGE_CURVE ( 'NONE', #5771, #5088, #2928, .T. ) ;
#3163 = AXIS2_PLACEMENT_3D ( 'NONE', #8232, #6745, #3763 ) ;
#3164 = ORIENTED_EDGE ( 'NONE', *, *, #470, .F. ) ;
#3165 = FACE_OUTER_BOUND ( 'NONE', #3256, .T. ) ;
#3166 = CARTESIAN_POINT ( 'NONE',  ( -0.2249999999999999800, -0.1250000000000000000, -0.04849584923580589600 ) ) ;
#3167 = VERTEX_POINT ( 'NONE', #941 ) ;
#3168 = FACE_OUTER_BOUND ( 'NONE', #9682, .T. ) ;
#3169 = EDGE_CURVE ( 'NONE', #5640, #2745, #6946, .T. ) ;
#3170 = CARTESIAN_POINT ( 'NONE',  ( 0.3155511811023625200, 0.6666141732283464800, -0.4129999999999999200 ) ) ;
#3171 = ORIENTED_EDGE ( 'NONE', *, *, #2600, .F. ) ;
#3172 = DIRECTION ( 'NONE',  ( 1.000000000000000000, 0.0000000000000000000, -0.0000000000000000000 ) ) ;
#3173 = ADVANCED_FACE ( 'NONE', ( #3518 ), #134, .F. ) ;
#3174 = CIRCLE ( 'NONE', #6039, 0.01000000000000001200 ) ;
#3175 = AXIS2_PLACEMENT_3D ( 'NONE', #9291, #8543, #1678 ) ;
#3176 = CARTESIAN_POINT ( 'NONE',  ( 0.1653149606299236500, 0.5358241725520462900, -0.4130000000000045900 ) ) ;
#3177 = AXIS2_PLACEMENT_3D ( 'NONE', #3260, #1795, #5551 ) ;
#3178 = VERTEX_POINT ( 'NONE', #3941 ) ;
#3179 = CARTESIAN_POINT ( 'NONE',  ( -0.2669099894223583300, 0.6666141732283462600, 0.1503393543984664600 ) ) ;
#3180 = LINE ( 'NONE', #8227, #8764 ) ;
#3181 = CARTESIAN_POINT ( 'NONE',  ( -0.3055511811023642900, 0.6705511811023621100, -0.3935511811023632600 ) ) ;
#3182 = EDGE_LOOP ( 'NONE', ( #7106, #6769, #1536, #6846 ) ) ;
#3183 = VECTOR ( 'NONE', #5021, 39.37007874015748100 ) ;
#3184 = EDGE_CURVE ( 'NONE', #8404, #26, #8965, .T. ) ;
#3185 = CARTESIAN_POINT ( 'NONE',  ( -0.2051873039643365700, -0.0000000000000000000, -0.3828791539144444400 ) ) ;
#3186 = CARTESIAN_POINT ( 'NONE',  ( 0.2669099894223583300, 0.6605511811023621100, 0.1385002118027675600 ) ) ;
#3187 = VERTEX_POINT ( 'NONE', #880 ) ;
#3188 = CIRCLE ( 'NONE', #5589, 0.01338582677165354500 ) ;
#3189 = B_SPLINE_CURVE_WITH_KNOTS ( 'NONE', 3,
 ( #9092, #9810, #6499, #5238, #3961, #295 ),
 .UNSPECIFIED., .F., .F.,
 ( 4, 2, 4 ),
 ( 0.0000000000000000000, 0.5000000000000000000, 1.000000000000000000 ),
 .UNSPECIFIED. ) ;
#3190 = AXIS2_PLACEMENT_3D ( 'NONE', #3790, #5355, #3042 ) ;
#3191 = CARTESIAN_POINT ( 'NONE',  ( 0.2755511811023643200, 0.0000000000000000000, -0.3067141884898558200 ) ) ;
#3192 = ORIENTED_EDGE ( 'NONE', *, *, #4808, .T. ) ;
#3193 = VECTOR ( 'NONE', #9776, 39.37007874015748100 ) ;
#3194 = CARTESIAN_POINT ( 'NONE',  ( -0.3116141732283463900, 0.6799999999999999400, 0.2489533149417182400 ) ) ;
#3195 = DIRECTION ( 'NONE',  ( -0.0000000000000000000, 1.000000000000000000, -0.0000000000000000000 ) ) ;
#3196 = DIRECTION ( 'NONE',  ( 0.0000000000000000000, 1.000000000000000000, 0.0000000000000000000 ) ) ;
#3197 = ORIENTED_EDGE ( 'NONE', *, *, #1285, .T. ) ;
#3198 = CYLINDRICAL_SURFACE ( 'NONE', #5287, 0.01250000000000000200 ) ;
#3199 = ADVANCED_FACE ( 'NONE', ( #1507 ), #215, .F. ) ;
#3200 = EDGE_CURVE ( 'NONE', #5539, #4450, #9816, .T. ) ;
#3201 = ORIENTED_EDGE ( 'NONE', *, *, #4818, .F. ) ;
#3202 = ORIENTED_EDGE ( 'NONE', *, *, #6209, .T. ) ;
#3203 = CYLINDRICAL_SURFACE ( 'NONE', #3047, 0.009999999999999995000 ) ;
#3204 = VECTOR ( 'NONE', #1711, 39.37007874015748100 ) ;
#3205 = AXIS2_PLACEMENT_3D ( 'NONE', #2189, #1467, #9006 ) ;
#3206 = DIRECTION ( 'NONE',  ( 0.0000000000000000000, 0.0000000000000000000, -1.000000000000000000 ) ) ;
#3207 = VECTOR ( 'NONE', #5849, 39.37007874015748100 ) ;
#3208 = CARTESIAN_POINT ( 'NONE',  ( 0.3155511811023642400, 1.403100757040926000, -0.3935511811023632600 ) ) ;
#3209 = ORIENTED_EDGE ( 'NONE', *, *, #9516, .F. ) ;
#3210 = AXIS2_PLACEMENT_3D ( 'NONE', #4797, #1719, #7584 ) ;
#3211 = DIRECTION ( 'NONE',  ( 0.0000000000000000000, 0.0000000000000000000, 1.000000000000000000 ) ) ;
#3212 = VERTEX_POINT ( 'NONE', #2405 ) ;
#3213 = CARTESIAN_POINT ( 'NONE',  ( 0.2755511811023642600, 0.0000000000000000000, 0.2425715860306383000 ) ) ;
#3214 = VECTOR ( 'NONE', #2086, 39.37007874015748100 ) ;
#3215 = FACE_OUTER_BOUND ( 'NONE', #7066, .T. ) ;
#3216 = EDGE_CURVE ( 'NONE', #923, #8611, #7302, .T. ) ;
#3217 = DIRECTION ( 'NONE',  ( -0.0000000000000000000, 1.000000000000000000, -0.0000000000000000000 ) ) ;
#3218 = ORIENTED_EDGE ( 'NONE', *, *, #1607, .T. ) ;
#3219 = LINE ( 'NONE', #1545, #7977 ) ;
#3220 = DIRECTION ( 'NONE',  ( 0.0000000000000000000, -1.000000000000000000, 0.0000000000000000000 ) ) ;
#3221 = CARTESIAN_POINT ( 'NONE',  ( -0.3186013962196638800, 0.6619533149417187200, 0.2655573680010784300 ) ) ;
#3222 = EDGE_CURVE ( 'NONE', #2487, #4678, #8141, .T. ) ;
#3223 = VECTOR ( 'NONE', #8907, 39.37007874015748100 ) ;
#3224 = LINE ( 'NONE', #3191, #7007 ) ;
#3225 = VERTEX_POINT ( 'NONE', #911 ) ;
#3226 = AXIS2_PLACEMENT_3D ( 'NONE', #9712, #5152, #6667 ) ;
#3227 = CARTESIAN_POINT ( 'NONE',  ( -0.1959325888690782400, 0.6666141732283462600, 0.004393306531884149200 ) ) ;
#3228 = ADVANCED_FACE ( 'NONE', ( #4112 ), #6199, .T. ) ;
#3229 = ORIENTED_EDGE ( 'NONE', *, *, #6967, .T. ) ;
#3230 = CARTESIAN_POINT ( 'NONE',  ( 0.2249999999999999800, -0.1250000000000000000, -5.607386366632090100E-017 ) ) ;
#3231 = CARTESIAN_POINT ( 'NONE',  ( -0.2755511811023642600, 0.05455008786923420300, 0.2575511811023651900 ) ) ;
#3232 = CARTESIAN_POINT ( 'NONE',  ( 0.3250000000000000700, 0.6799999999999999400, 0.1077457736259981600 ) ) ;
#3233 = VECTOR ( 'NONE', #8510, 39.37007874015748100 ) ;
#3234 = VECTOR ( 'NONE', #8163, 39.37007874015748100 ) ;
#3235 = CARTESIAN_POINT ( 'NONE',  ( -0.2733513886040114200, 0.6799999999999999400, 0.1077457736259981600 ) ) ;
#3236 = ORIENTED_EDGE ( 'NONE', *, *, #521, .F. ) ;
#3237 = DIRECTION ( 'NONE',  ( 0.0000000000000000000, 0.0000000000000000000, 1.000000000000000000 ) ) ;
#3238 = EDGE_CURVE ( 'NONE', #4574, #9294, #4341, .T. ) ;
#3239 = VERTEX_POINT ( 'NONE', #7896 ) ;
#3240 = CARTESIAN_POINT ( 'NONE',  ( 1.502516396515344700E-015, -1.092739197465705300E-015, -0.4035511811023632100 ) ) ;
#3241 = DIRECTION ( 'NONE',  ( 0.0000000000000000000, -0.0000000000000000000, -1.000000000000000000 ) ) ;
#3242 = CIRCLE ( 'NONE', #1823, 0.01250000000000000200 ) ;
#3243 = ORIENTED_EDGE ( 'NONE', *, *, #8999, .F. ) ;
#3244 = CARTESIAN_POINT ( 'NONE',  ( -0.3116141732283463900, 0.6666141732283454900, 0.2669999999999987900 ) ) ;
#3245 = DIRECTION ( 'NONE',  ( 6.196326175084991300E-017, 0.0000000000000000000, -1.000000000000000000 ) ) ;
#3246 = EDGE_CURVE ( 'NONE', #7194, #8888, #4697, .T. ) ;
#3247 = LINE ( 'NONE', #219, #3731 ) ;
#3248 = ORIENTED_EDGE ( 'NONE', *, *, #3216, .T. ) ;
#3249 = DIRECTION ( 'NONE',  ( 1.000000000000000000, -0.0000000000000000000, -0.0000000000000000000 ) ) ;
#3250 = ADVANCED_FACE ( 'NONE', ( #914 ), #6260, .F. ) ;
#3251 = LINE ( 'NONE', #8515, #8473 ) ;
#3252 = EDGE_LOOP ( 'NONE', ( #1806, #5785, #6919, #2423 ) ) ;
#3253 = CARTESIAN_POINT ( 'NONE',  ( -0.1645137373393535100, 0.6605511811023621100, 0.1385002118027675600 ) ) ;
#3254 = DIRECTION ( 'NONE',  ( -1.000000000000000000, -0.0000000000000000000, 1.033065433525962600E-016 ) ) ;
#3255 = DIRECTION ( 'NONE',  ( 0.7071067811865429100, 0.0000000000000000000, 0.7071067811865521200 ) ) ;
#3256 = EDGE_LOOP ( 'NONE', ( #7220, #1463, #5127, #5040, #4423, #4111 ) ) ;
#3257 = VECTOR ( 'NONE', #9671, 39.37007874015748100 ) ;
#3258 = EDGE_LOOP ( 'NONE', ( #2753, #2138, #4610, #9382, #4105, #9298 ) ) ;
#3259 = EDGE_CURVE ( 'NONE', #6081, #4660, #8028, .T. ) ;
#3260 = CARTESIAN_POINT ( 'NONE',  ( -0.2669099894223583300, 0.6205511811023621800, 0.2073173628908212800 ) ) ;
#3261 = EDGE_LOOP ( 'NONE', ( #8086, #1968, #3848, #4504 ) ) ;
#3262 = DIRECTION ( 'NONE',  ( 0.0000000000000000000, -0.0000000000000000000, 1.000000000000000000 ) ) ;
#3263 = DIRECTION ( 'NONE',  ( 5.782411586589324900E-015, 1.000000000000000000, 0.0000000000000000000 ) ) ;
#3264 = AXIS2_PLACEMENT_3D ( 'NONE', #4125, #6370, #1759 ) ;
#3265 = DIRECTION ( 'NONE',  ( -0.7071067811865413600, -0.7071067811865536800, -2.448660223918979500E-015 ) ) ;
#3266 = DIRECTION ( 'NONE',  ( -1.000000000000000000, -0.0000000000000000000, -4.960794269481283100E-017 ) ) ;
#3267 = ORIENTED_EDGE ( 'NONE', *, *, #2445, .T. ) ;
#3268 = FACE_OUTER_BOUND ( 'NONE', #4615, .T. ) ;
#3269 = ORIENTED_EDGE ( 'NONE', *, *, #1607, .F. ) ;
#3270 = AXIS2_PLACEMENT_3D ( 'NONE', #1124, #5061, #9624 ) ;
#3271 = EDGE_LOOP ( 'NONE', ( #5629, #2722, #6344, #7388 ) ) ;
#3272 = DIRECTION ( 'NONE',  ( -0.0000000000000000000, -0.0000000000000000000, 1.000000000000000000 ) ) ;
#3273 = EDGE_CURVE ( 'NONE', #3434, #4230, #5750, .T. ) ;
#3274 = ADVANCED_FACE ( 'NONE', ( #3281 ), #9430, .F. ) ;
#3275 = DIRECTION ( 'NONE',  ( 0.0000000000000000000, 0.0000000000000000000, -1.000000000000000000 ) ) ;
#3276 = ORIENTED_EDGE ( 'NONE', *, *, #4968, .F. ) ;
#3277 = LINE ( 'NONE', #3854, #7296 ) ;
#3278 = DIRECTION ( 'NONE',  ( 2.492171718503151100E-016, 0.0000000000000000000, 1.000000000000000000 ) ) ;
#3279 = DIRECTION ( 'NONE',  ( 1.084202172485642800E-013, 0.0000000000000000000, -1.000000000000000000 ) ) ;
#3280 = ORIENTED_EDGE ( 'NONE', *, *, #7238, .F. ) ;
#3281 = FACE_OUTER_BOUND ( 'NONE', #231, .T. ) ;
#3282 = DIRECTION ( 'NONE',  ( -0.0000000000000000000, -1.000000000000000000, -0.0000000000000000000 ) ) ;
#3283 = PRESENTATION_LAYER_ASSIGNMENT (  '', '', ( #5940 ) ) ;
#3284 = DIRECTION ( 'NONE',  ( 1.000000000000000000, -0.0000000000000000000, -0.0000000000000000000 ) ) ;
#3285 = ORIENTED_EDGE ( 'NONE', *, *, #3638, .F. ) ;
#3286 = LINE ( 'NONE', #8906, #220 ) ;
#3287 = CARTESIAN_POINT ( 'NONE',  ( 0.3155511811023642400, 0.08200000000000000300, -0.2637107877407313700 ) ) ;
#3288 = ORIENTED_EDGE ( 'NONE', *, *, #4244, .F. ) ;
#3289 = LINE ( 'NONE', #2015, #1740 ) ;
#3290 = DIRECTION ( 'NONE',  ( 0.0000000000000000000, 0.0000000000000000000, -1.000000000000000000 ) ) ;
#3291 = VERTEX_POINT ( 'NONE', #7129 ) ;
#3292 = CARTESIAN_POINT ( 'NONE',  ( -0.3250000000000023400, 0.06600000000000103000, 0.2238645401817222200 ) ) ;
#3293 = EDGE_CURVE ( 'NONE', #9116, #4170, #5862, .T. ) ;
#3294 = LINE ( 'NONE', #9340, #3531 ) ;
#3295 = AXIS2_PLACEMENT_3D ( 'NONE', #2948, #6639, #3612 ) ;
#3296 = DIRECTION ( 'NONE',  ( 1.000000000000000000, 0.0000000000000000000, -0.0000000000000000000 ) ) ;
#3297 = ADVANCED_FACE ( 'NONE', ( #96 ), #7770, .F. ) ;
#3298 = CARTESIAN_POINT ( 'NONE',  ( 0.2399385210375706300, 0.6355511811023624200, 0.09870736768358971700 ) ) ;
#3299 = ORIENTED_EDGE ( 'NONE', *, *, #8928, .F. ) ;
#3300 = CYLINDRICAL_SURFACE ( 'NONE', #8596, 0.01181102362204724000 ) ;
#3301 = EDGE_CURVE ( 'NONE', #4699, #3385, #9693, .T. ) ;
#3302 = ORIENTED_EDGE ( 'NONE', *, *, #8260, .F. ) ;
#3303 = FACE_OUTER_BOUND ( 'NONE', #1725, .T. ) ;
#3304 = CARTESIAN_POINT ( 'NONE',  ( -0.3250000000000023400, 0.03000000000000001300, 0.07990778161457227900 ) ) ;
#3305 = CARTESIAN_POINT ( 'NONE',  ( 0.2250000000000000300, -0.1250000000000000000, 0.06249999999999993800 ) ) ;
#3306 = ORIENTED_EDGE ( 'NONE', *, *, #8248, .T. ) ;
#3307 = DIRECTION ( 'NONE',  ( 0.0000000000000000000, -1.000000000000000000, -0.0000000000000000000 ) ) ;
#3308 = CYLINDRICAL_SURFACE ( 'NONE', #4393, 0.06250000000000000000 ) ;
#3309 = DIRECTION ( 'NONE',  ( 1.000000000000000000, 0.0000000000000000000, -1.459106284977188500E-016 ) ) ;
#3310 = EDGE_CURVE ( 'NONE', #3805, #8726, #4985, .T. ) ;
#3311 = ORIENTED_EDGE ( 'NONE', *, *, #99, .F. ) ;
#3312 = SURFACE_STYLE_FILL_AREA ( #2666 ) ;
#3313 = DIRECTION ( 'NONE',  ( 0.0000000000000000000, 0.0000000000000000000, -1.000000000000000000 ) ) ;
#3314 = VERTEX_POINT ( 'NONE', #5526 ) ;
#3315 = EDGE_CURVE ( 'NONE', #5416, #7268, #1526, .T. ) ;
#3316 = ORIENTED_EDGE ( 'NONE', *, *, #2270, .T. ) ;
#3317 = DIRECTION ( 'NONE',  ( 3.491481338843109300E-015, 6.954409837152888300E-015, 1.000000000000000000 ) ) ;
#3318 = LINE ( 'NONE', #5733, #5545 ) ;
#3319 = DIRECTION ( 'NONE',  ( 1.000000000000000000, 0.0000000000000000000, -0.0000000000000000000 ) ) ;
#3320 = CARTESIAN_POINT ( 'NONE',  ( 0.3155511811023650200, -0.1174999999999977700, -0.1320000000000000100 ) ) ;
#3321 = ORIENTED_EDGE ( 'NONE', *, *, #3880, .T. ) ;
#3322 = AXIS2_PLACEMENT_3D ( 'NONE', #6678, #2158, #9038 ) ;
#3323 = CARTESIAN_POINT ( 'NONE',  ( -0.2733513886040114200, 0.6799999999999999400, -0.2064179702976515800 ) ) ;
#3324 = ADVANCED_FACE ( 'NONE', ( #8660 ), #5553, .F. ) ;
#3325 = ORIENTED_EDGE ( 'NONE', *, *, #741, .F. ) ;
#3326 = ORIENTED_EDGE ( 'NONE', *, *, #5529, .F. ) ;
#3327 = CARTESIAN_POINT ( 'NONE',  ( -0.3250000000000000100, 0.6701185744823509000, -0.3949533149417182000 ) ) ;
#3328 = FACE_OUTER_BOUND ( 'NONE', #3476, .T. ) ;
#3329 = VECTOR ( 'NONE', #9474, 39.37007874015748100 ) ;
#3330 = DIRECTION ( 'NONE',  ( 1.000000000000000000, -3.462928498309742800E-015, 0.0000000000000000000 ) ) ;
#3331 = FACE_OUTER_BOUND ( 'NONE', #4068, .T. ) ;
#3332 = EDGE_CURVE ( 'NONE', #4315, #4440, #2365, .T. ) ;
#3333 = CARTESIAN_POINT ( 'NONE',  ( 0.0000000000000000000, 0.0000000000000000000, 0.0000000000000000000 ) ) ;
#3334 = ORIENTED_EDGE ( 'NONE', *, *, #1192, .F. ) ;
#3335 = FACE_OUTER_BOUND ( 'NONE', #3486, .T. ) ;
#3336 = CARTESIAN_POINT ( 'NONE',  ( 0.2669099894223583300, 0.6666141732283462600, 0.1503393543984664600 ) ) ;
#3337 = DIRECTION ( 'NONE',  ( -1.000000000000000000, 0.0000000000000000000, 0.0000000000000000000 ) ) ;
#3338 = VECTOR ( 'NONE', #4469, 39.37007874015748100 ) ;
#3339 = CYLINDRICAL_SURFACE ( 'NONE', #715, 0.009999999999999995000 ) ;
#3340 = CARTESIAN_POINT ( 'NONE',  ( -0.3250000000000000700, 0.6666141732283462600, 0.004393306531884155200 ) ) ;
#3341 = EDGE_LOOP ( 'NONE', ( #3465, #810, #281, #4536 ) ) ;
#3342 = DIRECTION ( 'NONE',  ( 1.000000000000000000, 3.462928498309767600E-015, -3.661961499347902900E-015 ) ) ;
#3343 = EDGE_LOOP ( 'NONE', ( #6886, #9048, #2081, #2501, #5428, #4476, #217, #7999, #8015, #6623, #3975, #1305, #3594, #1246, #5272, #4612, #7563, #8469, #2447, #3438, #1953, #234, #3633, #5368, #1971, #7207, #6290, #1047, #3418 ) ) ;
#3344 = CARTESIAN_POINT ( 'NONE',  ( -0.1490000000000000500, -0.1250000000000000000, 0.1619999999999999800 ) ) ;
#3345 = PLANE ( 'NONE',  #7662 ) ;
#3346 = VERTEX_POINT ( 'NONE', #636 ) ;
#3347 = CYLINDRICAL_SURFACE ( 'NONE', #8264, 0.01338582677165354500 ) ;
#3348 = PRESENTATION_STYLE_ASSIGNMENT (( #4640 ) ) ;
#3349 = CARTESIAN_POINT ( 'NONE',  ( -0.3155511811023643000, 0.05599999999999997300, -0.1319999999999999800 ) ) ;
#3350 = ADVANCED_FACE ( 'NONE', ( #335 ), #7900, .F. ) ;
#3351 = ORIENTED_EDGE ( 'NONE', *, *, #979, .F. ) ;
#3352 = CARTESIAN_POINT ( 'NONE',  ( 0.2749385210375705500, 0.6705511811023621100, -0.2183786526941294500 ) ) ;
#3353 = DIRECTION ( 'NONE',  ( 0.0000000000000000000, -1.000000000000000000, 3.201384367575298700E-015 ) ) ;
#3354 = EDGE_CURVE ( 'NONE', #524, #5379, #8752, .T. ) ;
#3355 = CARTESIAN_POINT ( 'NONE',  ( -0.2669099894223583300, 0.6705511811023621100, 0.2073173628908212800 ) ) ;
#3356 = CARTESIAN_POINT ( 'NONE',  ( -0.3250000000000023400, 0.08200000000000000300, -0.2637107877407313700 ) ) ;
#3357 = EDGE_CURVE ( 'NONE', #9438, #8378, #9261, .T. ) ;
#3358 = ORIENTED_EDGE ( 'NONE', *, *, #3828, .F. ) ;
#3359 = LINE ( 'NONE', #1407, #1101 ) ;
#3360 = EDGE_CURVE ( 'NONE', #653, #1870, #4587, .T. ) ;
#3361 = CARTESIAN_POINT ( 'NONE',  ( 0.3155511811023636300, 0.6619533149417187200, -0.3996141732283464100 ) ) ;
#3362 = CYLINDRICAL_SURFACE ( 'NONE', #3411, 0.01181102362204724000 ) ;
#3363 = EDGE_LOOP ( 'NONE', ( #4769, #4572 ) ) ;
#3364 = DIRECTION ( 'NONE',  ( 0.0000000000000000000, 0.8191520442889931300, 0.5735764363510441600 ) ) ;
#3365 = LINE ( 'NONE', #3817, #4425 ) ;
#3366 = DIRECTION ( 'NONE',  ( 0.0000000000000000000, 0.0000000000000000000, -1.000000000000000000 ) ) ;
#3367 = ORIENTED_EDGE ( 'NONE', *, *, #225, .T. ) ;
#3368 = PLANE ( 'NONE',  #8386 ) ;
#3369 = PRESENTATION_LAYER_ASSIGNMENT (  '', '', ( #4512 ) ) ;
#3370 = CARTESIAN_POINT ( 'NONE',  ( 0.3250000000000002300, 0.6666141732283462600, 0.2489533149417188500 ) ) ;
#3371 = CARTESIAN_POINT ( 'NONE',  ( -0.3055511811023642300, 0.05455008786923408500, 0.2575511811023651900 ) ) ;
#3372 = ADVANCED_FACE ( 'NONE', ( #7679 ), #5888, .F. ) ;
#3373 = CIRCLE ( 'NONE', #1056, 0.01181102362204724000 ) ;
#3374 = ORIENTED_EDGE ( 'NONE', *, *, #5060, .F. ) ;
#3375 = DIRECTION ( 'NONE',  ( -1.000000000000000000, 0.0000000000000000000, 0.0000000000000000000 ) ) ;
#3376 = LINE ( 'NONE', #9194, #6324 ) ;
#3377 = CARTESIAN_POINT ( 'NONE',  ( 0.2669099894223583300, 0.6705511811023621100, 0.1385002118027675600 ) ) ;
#3378 = VERTEX_POINT ( 'NONE', #7930 ) ;
#3379 = EDGE_CURVE ( 'NONE', #5832, #6621, #675, .T. ) ;
#3380 = SURFACE_SIDE_STYLE ('',( #496 ) ) ;
#3381 = CARTESIAN_POINT ( 'NONE',  ( -0.3250000000000023400, 0.05599999999999998000, -0.1740000000000000200 ) ) ;
#3382 = EDGE_LOOP ( 'NONE', ( #4956, #6022, #1229, #7029 ) ) ;
#3383 = AXIS2_PLACEMENT_3D ( 'NONE', #5122, #4304, #6509 ) ;
#3384 = VECTOR ( 'NONE', #6660, 39.37007874015748100 ) ;
#3385 = VERTEX_POINT ( 'NONE', #4919 ) ;
#3386 = CARTESIAN_POINT ( 'NONE',  ( -0.1850000000000007200, 0.5358241725520464000, 0.2575511811023654100 ) ) ;
#3387 = DIRECTION ( 'NONE',  ( 1.000000000000000000, 0.0000000000000000000, 0.0000000000000000000 ) ) ;
#3388 = ORIENTED_EDGE ( 'NONE', *, *, #5011, .T. ) ;
#3389 = CARTESIAN_POINT ( 'NONE',  ( 0.2733513886040114200, 0.6666141732283462600, 0.1452368461752705000 ) ) ;
#3390 = EDGE_CURVE ( 'NONE', #1757, #9358, #2339, .T. ) ;
#3391 = ORIENTED_EDGE ( 'NONE', *, *, #112, .T. ) ;
#3392 = VECTOR ( 'NONE', #4239, 39.37007874015748100 ) ;
#3393 = CARTESIAN_POINT ( 'NONE',  ( -0.2399385210375706000, 0.2705511811023621500, 0.09870736768358978600 ) ) ;
#3394 = CARTESIAN_POINT ( 'NONE',  ( 0.3105511811023642900, 0.6655511811023621100, -0.3935511811023632600 ) ) ;
#3395 = VERTEX_POINT ( 'NONE', #2134 ) ;
#3396 = AXIS2_PLACEMENT_3D ( 'NONE', #4742, #8568, #8670 ) ;
#3397 = ADVANCED_FACE ( 'NONE', ( #6613 ), #3198, .T. ) ;
#3398 = CARTESIAN_POINT ( 'NONE',  ( 0.2755511811023643200, 0.0000000000000000000, -0.3067141884898558200 ) ) ;
#3399 = DIRECTION ( 'NONE',  ( 0.0000000000000000000, 0.0000000000000000000, -1.000000000000000000 ) ) ;
#3400 = DIRECTION ( 'NONE',  ( 0.0000000000000000000, -1.000000000000000000, 0.0000000000000000000 ) ) ;
#3401 = AXIS2_PLACEMENT_3D ( 'NONE', #6517, #5772, #2787 ) ;
#3402 = ORIENTED_EDGE ( 'NONE', *, *, #5879, .T. ) ;
#3403 = CARTESIAN_POINT ( 'NONE',  ( 1.365923996832131600E-016, 0.6705511811023621100, 0.1077457736259981600 ) ) ;
#3404 = VECTOR ( 'NONE', #176, 39.37007874015748100 ) ;
#3405 = EDGE_CURVE ( 'NONE', #3043, #4487, #8295, .T. ) ;
#3406 = ORIENTED_EDGE ( 'NONE', *, *, #7544, .F. ) ;
#3407 = CARTESIAN_POINT ( 'NONE',  ( 0.1959325888690782400, 0.6666141732283462600, 0.004393306531884149200 ) ) ;
#3408 = FACE_BOUND ( 'NONE', #3917, .T. ) ;
#3409 = VERTEX_POINT ( 'NONE', #5656 ) ;
#3410 = LINE ( 'NONE', #7989, #1396 ) ;
#3411 = AXIS2_PLACEMENT_3D ( 'NONE', #4939, #7120, #7920 ) ;
#3412 = ORIENTED_EDGE ( 'NONE', *, *, #856, .T. ) ;
#3413 = CARTESIAN_POINT ( 'NONE',  ( 0.2749385210375706600, 0.6705511811023621100, 0.1337073676835897600 ) ) ;
#3414 = LINE ( 'NONE', #7696, #1161 ) ;
#3415 = DIRECTION ( 'NONE',  ( -0.0000000000000000000, -1.000000000000000000, -0.0000000000000000000 ) ) ;
#3416 = CARTESIAN_POINT ( 'NONE',  ( 0.2733513886040114200, 0.6666141732283462600, -0.08658759291419086700 ) ) ;
#3417 = DIRECTION ( 'NONE',  ( 0.0000000000000000000, 0.0000000000000000000, 1.000000000000000000 ) ) ;
#3418 = ORIENTED_EDGE ( 'NONE', *, *, #7875, .T. ) ;
#3419 = FACE_OUTER_BOUND ( 'NONE', #8160, .T. ) ;
#3420 = DIRECTION ( 'NONE',  ( 0.7071067811865502400, 0.7071067811865446900, -9.970195860731601900E-017 ) ) ;
#3421 = ADVANCED_FACE ( 'NONE', ( #2724 ), #1764, .F. ) ;
#3422 = ORIENTED_EDGE ( 'NONE', *, *, #6574, .T. ) ;
#3423 = FACE_OUTER_BOUND ( 'NONE', #1628, .T. ) ;
#3424 = DIRECTION ( 'NONE',  ( -0.0000000000000000000, -0.0000000000000000000, 1.000000000000000000 ) ) ;
#3425 = EDGE_CURVE ( 'NONE', #8263, #6448, #243, .T. ) ;
#3426 = AXIS2_PLACEMENT_3D ( 'NONE', #5117, #6598, #5241 ) ;
#3427 = VERTEX_POINT ( 'NONE', #5170 ) ;
#3428 = CARTESIAN_POINT ( 'NONE',  ( -0.3116141732283463900, 0.6799999999999999400, 0.2489533149417182400 ) ) ;
#3429 = FACE_OUTER_BOUND ( 'NONE', #2200, .T. ) ;
#3430 = DIRECTION ( 'NONE',  ( -1.000000000000000000, 0.0000000000000000000, 0.0000000000000000000 ) ) ;
#3431 = ORIENTED_EDGE ( 'NONE', *, *, #9604, .T. ) ;
#3432 = MANIFOLD_SOLID_BREP ( 'Boss-Extrude5[1]', #7143 ) ;
#3433 = EDGE_CURVE ( 'NONE', #6222, #4754, #4727, .T. ) ;
#3434 = VERTEX_POINT ( 'NONE', #7221 ) ;
#3435 = CARTESIAN_POINT ( 'NONE',  ( -0.3250000000000023400, 0.03999999999999992500, 0.2238645401817222200 ) ) ;
#3436 = ORIENTED_EDGE ( 'NONE', *, *, #4034, .T. ) ;
#3437 = CARTESIAN_POINT ( 'NONE',  ( 0.3250000000000015700, 0.06600000000000103000, 0.2536141732283463400 ) ) ;
#3438 = ORIENTED_EDGE ( 'NONE', *, *, #6357, .F. ) ;
#3439 = AXIS2_PLACEMENT_3D ( 'NONE', #2150, #8112, #9543 ) ;
#3440 = DIRECTION ( 'NONE',  ( 0.0000000000000000000, 0.0000000000000000000, 1.000000000000000000 ) ) ;
#3441 = ORIENTED_EDGE ( 'NONE', *, *, #6256, .T. ) ;
#3442 = FACE_OUTER_BOUND ( 'NONE', #2376, .T. ) ;
#3443 = LINE ( 'NONE', #4569, #719 ) ;
#3444 = APPLICATION_CONTEXT ( 'automotive_design' ) ;
#3445 = ADVANCED_FACE ( 'NONE', ( #4609 ), #4229, .F. ) ;
#3446 = LINE ( 'NONE', #6130, #2141 ) ;
#3447 = ORIENTED_EDGE ( 'NONE', *, *, #2799, .T. ) ;
#3448 = LINE ( 'NONE', #183, #6287 ) ;
#3449 = CARTESIAN_POINT ( 'NONE',  ( -0.2249999999999999800, -0.1250000000000000000, 0.0000000000000000000 ) ) ;
#3450 = EDGE_CURVE ( 'NONE', #4255, #2871, #8993, .T. ) ;
#3451 = DIRECTION ( 'NONE',  ( -0.0000000000000000000, 0.0000000000000000000, -1.000000000000000000 ) ) ;
#3452 = ORIENTED_EDGE ( 'NONE', *, *, #6751, .F. ) ;
#3453 = CARTESIAN_POINT ( 'NONE',  ( 0.2399385210375706300, 0.6355511811023624200, 0.09870736768358971700 ) ) ;
#3454 = CARTESIAN_POINT ( 'NONE',  ( 0.1185446277009967300, 0.6705511811023621100, 0.2475511811023651000 ) ) ;
#3455 = SURFACE_STYLE_FILL_AREA ( #6457 ) ;
#3456 = DIRECTION ( 'NONE',  ( 1.000000000000000000, 0.0000000000000000000, -1.033065433525962600E-016 ) ) ;
#3457 = DIRECTION ( 'NONE',  ( 0.0000000000000000000, 0.0000000000000000000, 1.000000000000000000 ) ) ;
#3458 = ADVANCED_FACE ( 'NONE', ( #481 ), #4269, .T. ) ;
#3459 = ORIENTED_EDGE ( 'NONE', *, *, #5219, .F. ) ;
#3460 =( NAMED_UNIT ( * ) SI_UNIT ( $, .STERADIAN. ) SOLID_ANGLE_UNIT ( ) );
#3461 = LINE ( 'NONE', #261, #1090 ) ;
#3462 = CARTESIAN_POINT ( 'NONE',  ( -0.3235573680010762600, 0.6736013962196661900, 0.2489533149417182100 ) ) ;
#3463 = LINE ( 'NONE', #5686, #162 ) ;
#3464 = VECTOR ( 'NONE', #2690, 39.37007874015748100 ) ;
#3465 = ORIENTED_EDGE ( 'NONE', *, *, #2281, .T. ) ;
#3466 = EDGE_CURVE ( 'NONE', #3494, #2187, #2838, .T. ) ;
#3467 = PLANE ( 'NONE',  #3845 ) ;
#3468 = LINE ( 'NONE', #110, #2517 ) ;
#3469 = DIRECTION ( 'NONE',  ( 0.7071067811865400200, -0.0000000000000000000, -0.7071067811865549000 ) ) ;
#3470 = DIRECTION ( 'NONE',  ( 1.000000000000000000, 3.462928498309742400E-015, 0.0000000000000000000 ) ) ;
#3471 = LINE ( 'NONE', #7389, #3234 ) ;
#3472 = ADVANCED_FACE ( 'NONE', ( #7818 ), #1053, .T. ) ;
#3473 = ORIENTED_EDGE ( 'NONE', *, *, #939, .F. ) ;
#3474 = DIRECTION ( 'NONE',  ( 0.0000000000000000000, 0.0000000000000000000, 1.000000000000000000 ) ) ;
#3475 = CARTESIAN_POINT ( 'NONE',  ( -0.2755511811023642600, 0.0000000000000000000, 0.2425715860306382500 ) ) ;
#3476 = EDGE_LOOP ( 'NONE', ( #3325, #3613, #4993, #1524 ) ) ;
#3477 = CARTESIAN_POINT ( 'NONE',  ( -0.3250000000000023400, 0.08200000000000000300, -0.2637107877407313700 ) ) ;
#3478 = CYLINDRICAL_SURFACE ( 'NONE', #9312, 0.01181102362204731000 ) ;
#3479 = DIRECTION ( 'NONE',  ( 0.0000000000000000000, 0.0000000000000000000, 1.000000000000000000 ) ) ;
#3480 = ORIENTED_EDGE ( 'NONE', *, *, #7372, .T. ) ;
#3481 = EDGE_CURVE ( 'NONE', #5123, #2171, #4033, .T. ) ;
#3482 = DIRECTION ( 'NONE',  ( 0.0000000000000000000, 0.0000000000000000000, 1.000000000000000000 ) ) ;
#3483 = EDGE_CURVE ( 'NONE', #5859, #8565, #9356, .T. ) ;
#3484 = AXIS2_PLACEMENT_3D ( 'NONE', #6580, #8222, #9788 ) ;
#3485 = VECTOR ( 'NONE', #9381, 39.37007874015748100 ) ;
#3486 = EDGE_LOOP ( 'NONE', ( #1254, #9137 ) ) ;
#3487 = DIRECTION ( 'NONE',  ( 3.491481338843071400E-015, 1.791895746478310900E-014, -1.000000000000000000 ) ) ;
#3488 = VECTOR ( 'NONE', #6836, 39.37007874015748100 ) ;
#3489 = DIRECTION ( 'NONE',  ( -0.0000000000000000000, 0.0000000000000000000, 1.000000000000000000 ) ) ;
#3490 = VERTEX_POINT ( 'NONE', #6064 ) ;
#3491 = EDGE_CURVE ( 'NONE', #6668, #9813, #8880, .T. ) ;
#3492 = DIRECTION ( 'NONE',  ( -1.000000000000000000, 0.0000000000000000000, 0.0000000000000000000 ) ) ;
#3493 = DIRECTION ( 'NONE',  ( 1.000000000000000000, -0.0000000000000000000, -0.0000000000000000000 ) ) ;
#3494 = VERTEX_POINT ( 'NONE', #3028 ) ;
#3495 = FACE_OUTER_BOUND ( 'NONE', #6279, .T. ) ;
#3496 = DIRECTION ( 'NONE',  ( -0.0000000000000000000, 1.000000000000000000, -0.0000000000000000000 ) ) ;
#3497 = EDGE_LOOP ( 'NONE', ( #6633, #2149, #6809, #3248 ) ) ;
#3498 = AXIS2_PLACEMENT_3D ( 'NONE', #785, #6068, #6818 ) ;
#3499 = AXIS2_PLACEMENT_3D ( 'NONE', #1469, #2921, #8229 ) ;
#3500 = ORIENTED_EDGE ( 'NONE', *, *, #1269, .F. ) ;
#3501 = CARTESIAN_POINT ( 'NONE',  ( 0.07500000000000005300, 0.01450000000000000100, -0.3500000000000000900 ) ) ;
#3502 = CARTESIAN_POINT ( 'NONE',  ( -0.2399385210375706000, 0.2705511811023621500, 0.009827287307507483500 ) ) ;
#3503 = DIRECTION ( 'NONE',  ( 3.462928498309742800E-015, 1.000000000000000000, -1.313388458492436200E-015 ) ) ;
#3504 = ORIENTED_EDGE ( 'NONE', *, *, #4013, .F. ) ;
#3505 = VECTOR ( 'NONE', #1452, 39.37007874015748900 ) ;
#3506 = ORIENTED_EDGE ( 'NONE', *, *, #4736, .T. ) ;
#3507 = ADVANCED_FACE ( 'NONE', ( #16 ), #3730, .F. ) ;
#3508 = EDGE_CURVE ( 'NONE', #5818, #3378, #5778, .T. ) ;
#3509 = VERTEX_POINT ( 'NONE', #4579 ) ;
#3510 = FILL_AREA_STYLE ('',( #1923 ) ) ;
#3511 = AXIS2_PLACEMENT_3D ( 'NONE', #5025, #8172, #8863 ) ;
#3512 = DIRECTION ( 'NONE',  ( 1.000000000000000000, 0.0000000000000000000, -3.661961499347914700E-015 ) ) ;
#3513 = ORIENTED_EDGE ( 'NONE', *, *, #7682, .T. ) ;
#3514 = CYLINDRICAL_SURFACE ( 'NONE', #9694, 0.01181102362204724000 ) ;
#3515 = DIRECTION ( 'NONE',  ( -1.000000000000000000, 0.0000000000000000000, 0.0000000000000000000 ) ) ;
#3516 = ORIENTED_EDGE ( 'NONE', *, *, #2934, .T. ) ;
#3517 = DIMENSIONAL_EXPONENTS ( 1.000000000000000000, 0.0000000000000000000, 0.0000000000000000000, 0.0000000000000000000, 0.0000000000000000000, 0.0000000000000000000, 0.0000000000000000000 ) ;
#3518 = FACE_OUTER_BOUND ( 'NONE', #2384, .T. ) ;
#3519 = EDGE_CURVE ( 'NONE', #574, #2366, #3553, .T. ) ;
#3520 = CARTESIAN_POINT ( 'NONE',  ( -0.3173036717348476900, 0.6723036717348465100, 0.2575511811023611400 ) ) ;
#3521 = CARTESIAN_POINT ( 'NONE',  ( 0.3116141732283466700, 0.6799999999999999400, 0.1077457736259981600 ) ) ;
#3522 = ORIENTED_EDGE ( 'NONE', *, *, #3625, .T. ) ;
#3523 = LINE ( 'NONE', #5716, #678 ) ;
#3524 = CARTESIAN_POINT ( 'NONE',  ( 0.1250000000000000300, -0.1674264068711929000, -0.2500000000000000000 ) ) ;
#3525 = CARTESIAN_POINT ( 'NONE',  ( -0.3155511811023642400, 1.403100757040926000, 0.2475511811023649300 ) ) ;
#3526 = ORIENTED_EDGE ( 'NONE', *, *, #3700, .F. ) ;
#3527 = LINE ( 'NONE', #4205, #1389 ) ;
#3528 = CARTESIAN_POINT ( 'NONE',  ( 0.3155511811023643000, 0.6605511811023620000, 0.2575511811023650800 ) ) ;
#3529 = AXIS2_PLACEMENT_3D ( 'NONE', #298, #1086, #8038 ) ;
#3530 = ORIENTED_EDGE ( 'NONE', *, *, #3129, .F. ) ;
#3531 = VECTOR ( 'NONE', #8353, 39.37007874015748100 ) ;
#3532 = CARTESIAN_POINT ( 'NONE',  ( 0.3250000000000015700, 0.06600000000000103000, 0.2536141732283463400 ) ) ;
#3533 = CARTESIAN_POINT ( 'NONE',  ( -0.1645137373393535100, 0.6705511811023621100, 0.1337073676835898200 ) ) ;
#3534 = CARTESIAN_POINT ( 'NONE',  ( -0.3250000000000023400, 0.03000000000000001300, 0.07990778161457227900 ) ) ;
#3535 = ORIENTED_EDGE ( 'NONE', *, *, #3354, .F. ) ;
#3536 = ORIENTED_EDGE ( 'NONE', *, *, #6916, .F. ) ;
#3537 = CARTESIAN_POINT ( 'NONE',  ( 0.3071293029295943400, 0.6663051303775455700, 0.2575511811023615300 ) ) ;
#3538 = FACE_OUTER_BOUND ( 'NONE', #3964, .T. ) ;
#3539 = CARTESIAN_POINT ( 'NONE',  ( 0.1653149606299236800, 0.06600000000000103000, 0.2575511811023649100 ) ) ;
#3540 = EDGE_CURVE ( 'NONE', #7694, #9118, #7572, .T. ) ;
#3541 = ORIENTED_EDGE ( 'NONE', *, *, #6298, .F. ) ;
#3542 = EDGE_CURVE ( 'NONE', #7660, #3928, #7331, .T. ) ;
#3543 = LINE ( 'NONE', #8391, #7565 ) ;
#3544 = SURFACE_SIDE_STYLE ('',( #6040 ) ) ;
#3545 = AXIS2_PLACEMENT_3D ( 'NONE', #76, #1552, #7704 ) ;
#3546 = DIRECTION ( 'NONE',  ( -0.0000000000000000000, 1.000000000000000000, -0.0000000000000000000 ) ) ;
#3547 = ORIENTED_EDGE ( 'NONE', *, *, #2704, .F. ) ;
#3548 = CARTESIAN_POINT ( 'NONE',  ( -0.2733513886040114200, 0.6799999999999999400, -0.08658759291419086700 ) ) ;
#3549 = CARTESIAN_POINT ( 'NONE',  ( 0.3250000000000015700, 0.07200000000000000800, -0.2637107877407313100 ) ) ;
#3550 = CARTESIAN_POINT ( 'NONE',  ( -0.1142984638647553800, 0.6799999999999999400, 0.2170512116749741500 ) ) ;
#3551 = CARTESIAN_POINT ( 'NONE',  ( -0.2733513886040114200, 0.6799999999999999400, 0.1077457736259981600 ) ) ;
#3552 = VERTEX_POINT ( 'NONE', #5991 ) ;
#3553 = LINE ( 'NONE', #1538, #2594 ) ;
#3554 = VERTEX_POINT ( 'NONE', #6683 ) ;
#3555 = CARTESIAN_POINT ( 'NONE',  ( -0.3250000000000023400, 0.06600000000000103000, 0.2669999999999999600 ) ) ;
#3556 = DIRECTION ( 'NONE',  ( 0.0000000000000000000, -1.000000000000000000, 5.782411586589324900E-015 ) ) ;
#3557 = EDGE_LOOP ( 'NONE', ( #148, #4926 ) ) ;
#3558 = EDGE_CURVE ( 'NONE', #5976, #9127, #580, .T. ) ;
#3559 = VECTOR ( 'NONE', #3469, 39.37007874015748900 ) ;
#3560 = PRESENTATION_STYLE_ASSIGNMENT (( #8809 ) ) ;
#3561 = DIRECTION ( 'NONE',  ( 0.0000000000000000000, 0.0000000000000000000, 1.000000000000000000 ) ) ;
#3562 = CARTESIAN_POINT ( 'NONE',  ( 0.08354462770099666000, 0.6355511811023624200, 0.1704271400810135600 ) ) ;
#3563 = ORIENTED_EDGE ( 'NONE', *, *, #5244, .T. ) ;
#3564 = CARTESIAN_POINT ( 'NONE',  ( -0.3069533149417182900, 0.6676448794795242200, -0.4035511811023622100 ) ) ;
#3565 = ORIENTED_EDGE ( 'NONE', *, *, #407, .F. ) ;
#3566 = EDGE_CURVE ( 'NONE', #4826, #4660, #7093, .T. ) ;
#3567 = EDGE_LOOP ( 'NONE', ( #1354, #7393 ) ) ;
#3568 = VECTOR ( 'NONE', #2415, 39.37007874015748100 ) ;
#3569 = LINE ( 'NONE', #8756, #2611 ) ;
#3570 = DIRECTION ( 'NONE',  ( -1.000000000000000000, -9.035018104045585000E-016, 0.0000000000000000000 ) ) ;
#3571 = CARTESIAN_POINT ( 'NONE',  ( -0.3250000000000023400, 0.08200000000000000300, -0.3996141732283464100 ) ) ;
#3572 = DIRECTION ( 'NONE',  ( 3.462928498309742800E-015, 1.000000000000000000, 0.0000000000000000000 ) ) ;
#3573 = CARTESIAN_POINT ( 'NONE',  ( -0.08354462770099661800, 0.2705511811023621500, 0.2208086550377015000 ) ) ;
#3574 = ORIENTED_EDGE ( 'NONE', *, *, #5266, .F. ) ;
#3575 = FACE_OUTER_BOUND ( 'NONE', #6575, .T. ) ;
#3576 = CARTESIAN_POINT ( 'NONE',  ( 0.2755511811023642600, 0.05455008786923420300, -0.06845163660186294500 ) ) ;
#3577 = ORIENTED_EDGE ( 'NONE', *, *, #8811, .F. ) ;
#3578 = FACE_OUTER_BOUND ( 'NONE', #21, .T. ) ;
#3579 = VECTOR ( 'NONE', #5843, 39.37007874015748100 ) ;
#3580 = ORIENTED_EDGE ( 'NONE', *, *, #8443, .F. ) ;
#3581 = VERTEX_POINT ( 'NONE', #4484 ) ;
#3582 = PLANE ( 'NONE',  #9396 ) ;
#3583 = EDGE_CURVE ( 'NONE', #5018, #8831, #2962, .T. ) ;
#3584 = CARTESIAN_POINT ( 'NONE',  ( 0.3116141732283477800, 0.9930951913557764000, -0.3996141732283464100 ) ) ;
#3585 = CARTESIAN_POINT ( 'NONE',  ( -0.3069533149417182900, 0.6799999999999998300, -0.3996141732283464100 ) ) ;
#3586 = DIRECTION ( 'NONE',  ( -0.0000000000000000000, 1.000000000000000000, -0.0000000000000000000 ) ) ;
#3587 = CIRCLE ( 'NONE', #4376, 0.04849584923580589600 ) ;
#3588 = AXIS2_PLACEMENT_3D ( 'NONE', #9075, #5202, #9833 ) ;
#3589 = LINE ( 'NONE', #5819, #4302 ) ;
#3590 = ORIENTED_EDGE ( 'NONE', *, *, #3379, .T. ) ;
#3591 = ORIENTED_EDGE ( 'NONE', *, *, #1516, .F. ) ;
#3592 = PLANE ( 'NONE',  #6217 ) ;
#3593 = DIRECTION ( 'NONE',  ( 0.0000000000000000000, 0.0000000000000000000, 1.000000000000000000 ) ) ;
#3594 = ORIENTED_EDGE ( 'NONE', *, *, #2885, .F. ) ;
#3595 = CARTESIAN_POINT ( 'NONE',  ( 0.2755511811023643200, 0.0000000000000000000, -0.3828791539144444400 ) ) ;
#3596 = EDGE_CURVE ( 'NONE', #4781, #2958, #163, .T. ) ;
#3597 = VECTOR ( 'NONE', #457, 39.37007874015748900 ) ;
#3598 = DIRECTION ( 'NONE',  ( 0.5773502691896274000, 0.5773502691896227300, 0.5773502691896271700 ) ) ;
#3599 = CARTESIAN_POINT ( 'NONE',  ( 0.3055511811023642900, 0.05455008786923408500, 0.2575511811023650800 ) ) ;
#3600 = DIRECTION ( 'NONE',  ( -1.000000000000000000, 0.0000000000000000000, -0.0000000000000000000 ) ) ;
#3601 = CIRCLE ( 'NONE', #5430, 0.01250000000000000200 ) ;
#3602 = ORIENTED_EDGE ( 'NONE', *, *, #1436, .T. ) ;
#3603 = AXIS2_PLACEMENT_3D ( 'NONE', #8484, #1682, #6943 ) ;
#3604 = CARTESIAN_POINT ( 'NONE',  ( 0.2755511811023642600, 0.01450000000000000100, -0.06845163660186294500 ) ) ;
#3605 = VECTOR ( 'NONE', #3746, 39.37007874015748100 ) ;
#3606 = CARTESIAN_POINT ( 'NONE',  ( 0.3069533149417184000, 0.6785573680010765800, -0.4066013962196656800 ) ) ;
#3607 = ORIENTED_EDGE ( 'NONE', *, *, #4915, .T. ) ;
#3608 = LINE ( 'NONE', #7552, #4322 ) ;
#3609 = ORIENTED_EDGE ( 'NONE', *, *, #4361, .F. ) ;
#3610 = PLANE ( 'NONE',  #9538 ) ;
#3611 = LENGTH_MEASURE_WITH_UNIT ( LENGTH_MEASURE( 0.02539999999999999900 ), #7247 );
#3612 = DIRECTION ( 'NONE',  ( 0.0000000000000000000, -0.0000000000000000000, 1.000000000000000000 ) ) ;
#3613 = ORIENTED_EDGE ( 'NONE', *, *, #6469, .F. ) ;
#3614 = CARTESIAN_POINT ( 'NONE',  ( -0.1645137373393535100, 0.6705511811023621100, 0.1385002118027675600 ) ) ;
#3615 = CARTESIAN_POINT ( 'NONE',  ( 0.2561045361904967200, 0.2705511811023621500, -0.09287881401875221200 ) ) ;
#3616 = EDGE_CURVE ( 'NONE', #6569, #1956, #8173, .T. ) ;
#3617 = AXIS2_PLACEMENT_3D ( 'NONE', #3903, #3092, #873 ) ;
#3618 = ORIENTED_EDGE ( 'NONE', *, *, #2570, .F. ) ;
#3619 = CARTESIAN_POINT ( 'NONE',  ( 0.3155511811023642400, 0.03999999999999992500, 0.2238645401817222200 ) ) ;
#3620 = LINE ( 'NONE', #6787, #2312 ) ;
#3621 = ORIENTED_EDGE ( 'NONE', *, *, #6503, .F. ) ;
#3622 = DIRECTION ( 'NONE',  ( 2.164346195853768800E-016, -0.0000000000000000000, 1.000000000000000000 ) ) ;
#3623 = CARTESIAN_POINT ( 'NONE',  ( 0.1645137373393535100, 0.6205511811023621800, 0.2073173628908212800 ) ) ;
#3624 = ORIENTED_EDGE ( 'NONE', *, *, #4237, .T. ) ;
#3625 = EDGE_CURVE ( 'NONE', #6868, #3928, #9618, .T. ) ;
#3626 = CARTESIAN_POINT ( 'NONE',  ( 0.2399385210375705500, 0.2705511811023621500, -0.09287881401875221200 ) ) ;
#3627 = DIRECTION ( 'NONE',  ( 0.0000000000000000000, 0.0000000000000000000, 1.000000000000000000 ) ) ;
#3628 = ORIENTED_EDGE ( 'NONE', *, *, #1045, .F. ) ;
#3629 = AXIS2_PLACEMENT_3D ( 'NONE', #68, #6853, #7636 ) ;
#3630 = ADVANCED_FACE ( 'NONE', ( #4978 ), #5460, .F. ) ;
#3631 = VECTOR ( 'NONE', #9364, 39.37007874015748100 ) ;
#3632 = CARTESIAN_POINT ( 'NONE',  ( -0.1808241725520473000, 0.5399999999999987000, 0.2669999999999997900 ) ) ;
#3633 = ORIENTED_EDGE ( 'NONE', *, *, #2221, .F. ) ;
#3634 = CARTESIAN_POINT ( 'NONE',  ( 0.3250000000000012900, 1.161035397307311900E-015, -0.3996141732283464100 ) ) ;
#3635 = CARTESIAN_POINT ( 'NONE',  ( -0.1959325888690782400, 0.6666141732283462600, -0.08658759291419086700 ) ) ;
#3636 = DIRECTION ( 'NONE',  ( -1.000000000000000000, 0.0000000000000000000, -0.0000000000000000000 ) ) ;
#3637 = CARTESIAN_POINT ( 'NONE',  ( 0.1808241725520474400, 0.5399999999999989300, -0.4035511811023614300 ) ) ;
#3638 = EDGE_CURVE ( 'NONE', #5611, #6325, #8987, .T. ) ;
#3639 = ORIENTED_EDGE ( 'NONE', *, *, #4955, .T. ) ;
#3640 = LINE ( 'NONE', #1707, #7419 ) ;
#3641 = ORIENTED_EDGE ( 'NONE', *, *, #4384, .F. ) ;
#3642 = AXIS2_PLACEMENT_3D ( 'NONE', #3615, #1329, #2950 ) ;
#3643 = CIRCLE ( 'NONE', #9214, 0.01250000000000000200 ) ;
#3644 =( NAMED_UNIT ( * ) PLANE_ANGLE_UNIT ( ) SI_UNIT ( $, .RADIAN. ) );
#3645 = CARTESIAN_POINT ( 'NONE',  ( -0.2733513886040114200, 0.6666141732283462600, -0.08658759291419086700 ) ) ;
#3646 = CARTESIAN_POINT ( 'NONE',  ( -0.1808241725520473000, 0.5399999999999987000, -0.4129999999999998100 ) ) ;
#3647 = ORIENTED_EDGE ( 'NONE', *, *, #6978, .T. ) ;
#3648 = EDGE_CURVE ( 'NONE', #3346, #5318, #7203, .T. ) ;
#3649 = ORIENTED_EDGE ( 'NONE', *, *, #2486, .T. ) ;
#3650 = DIRECTION ( 'NONE',  ( 0.0000000000000000000, 0.0000000000000000000, 1.000000000000000000 ) ) ;
#3651 = VECTOR ( 'NONE', #1947, 39.37007874015748100 ) ;
#3652 = CARTESIAN_POINT ( 'NONE',  ( -0.3250000000000023400, 0.05599999999999997300, -0.1219999999999999800 ) ) ;
#3653 = ADVANCED_FACE ( 'NONE', ( #1645 ), #4607, .T. ) ;
#3654 = ORIENTED_EDGE ( 'NONE', *, *, #8544, .F. ) ;
#3655 = DIRECTION ( 'NONE',  ( 0.0000000000000000000, 0.0000000000000000000, -1.000000000000000000 ) ) ;
#3656 = CARTESIAN_POINT ( 'NONE',  ( -0.3116141732283476100, -0.3311418764140568500, -0.3996141732283464100 ) ) ;
#3657 = DIRECTION ( 'NONE',  ( 0.0000000000000000000, -2.134256245050199100E-015, -1.000000000000000000 ) ) ;
#3658 = AXIS2_PLACEMENT_3D ( 'NONE', #8008, #3470, #8777 ) ;
#3659 = ORIENTED_EDGE ( 'NONE', *, *, #1596, .T. ) ;
#3660 = FACE_OUTER_BOUND ( 'NONE', #8364, .T. ) ;
#3661 = CARTESIAN_POINT ( 'NONE',  ( 0.3173036717348460300, 0.6723036717348477300, 0.2575511811023643000 ) ) ;
#3662 = CARTESIAN_POINT ( 'NONE',  ( 0.3155511811023642400, 0.05455008786923420300, -0.06845163660186295900 ) ) ;
#3663 = CARTESIAN_POINT ( 'NONE',  ( 0.2249999999999999800, -0.1250000000000000000, -5.607386366632090100E-017 ) ) ;
#3664 = VERTEX_POINT ( 'NONE', #6227 ) ;
#3665 = FACE_OUTER_BOUND ( 'NONE', #8438, .T. ) ;
#3666 = DIRECTION ( 'NONE',  ( 0.0000000000000000000, 0.0000000000000000000, -1.000000000000000000 ) ) ;
#3667 = ORIENTED_EDGE ( 'NONE', *, *, #7165, .T. ) ;
#3668 = ORIENTED_EDGE ( 'NONE', *, *, #1926, .T. ) ;
#3669 = EDGE_CURVE ( 'NONE', #7349, #8610, #5429, .T. ) ;
#3670 = LINE ( 'NONE', #2575, #6034 ) ;
#3671 = EDGE_CURVE ( 'NONE', #8932, #1136, #2236, .T. ) ;
#3672 = AXIS2_PLACEMENT_3D ( 'NONE', #8369, #8471, #3945 ) ;
#3673 = ORIENTED_EDGE ( 'NONE', *, *, #7213, .F. ) ;
#3674 = DIRECTION ( 'NONE',  ( -0.0000000000000000000, 1.000000000000000000, -0.0000000000000000000 ) ) ;
#3675 = ORIENTED_EDGE ( 'NONE', *, *, #2504, .T. ) ;
#3676 = ADVANCED_FACE ( 'NONE', ( #9724 ), #9097, .F. ) ;
#3677 = DIRECTION ( 'NONE',  ( 0.0000000000000000000, -1.000000000000000000, 0.0000000000000000000 ) ) ;
#3678 = ORIENTED_EDGE ( 'NONE', *, *, #794, .F. ) ;
#3679 = CARTESIAN_POINT ( 'NONE',  ( -0.3250000000000021200, 0.05600000000000222200, -0.1740000000000000200 ) ) ;
#3680 = FACE_OUTER_BOUND ( 'NONE', #7299, .T. ) ;
#3681 = VECTOR ( 'NONE', #2314, 39.37007874015748100 ) ;
#3682 = EDGE_CURVE ( 'NONE', #536, #4274, #9, .T. ) ;
#3683 = CARTESIAN_POINT ( 'NONE',  ( -0.3250000000000023400, 0.05599999999999998000, -0.1740000000000000200 ) ) ;
#3684 = LINE ( 'NONE', #9534, #9507 ) ;
#3685 = ORIENTED_EDGE ( 'NONE', *, *, #1569, .T. ) ;
#3686 = CARTESIAN_POINT ( 'NONE',  ( -0.2399385210375706000, 0.6355511811023624200, 0.009827287307507483500 ) ) ;
#3687 = VECTOR ( 'NONE', #7113, 39.37007874015748100 ) ;
#3688 = CARTESIAN_POINT ( 'NONE',  ( 0.2399385210375705500, 0.2705511811023621500, -0.1833786526941294200 ) ) ;
#3689 = ORIENTED_EDGE ( 'NONE', *, *, #7807, .T. ) ;
#3690 = AXIS2_PLACEMENT_3D ( 'NONE', #6139, #7615, #1588 ) ;
#3691 = AXIS2_PLACEMENT_3D ( 'NONE', #7025, #2627, #5751 ) ;
#3692 = DIRECTION ( 'NONE',  ( 1.000000000000000000, 0.0000000000000000000, 0.0000000000000000000 ) ) ;
#3693 = LINE ( 'NONE', #2686, #1323 ) ;
#3694 = FACE_OUTER_BOUND ( 'NONE', #8488, .T. ) ;
#3695 = DIRECTION ( 'NONE',  ( 1.000000000000000000, 3.462928498309767600E-015, 3.661961499347902900E-015 ) ) ;
#3696 = VERTEX_POINT ( 'NONE', #906 ) ;
#3697 = CARTESIAN_POINT ( 'NONE',  ( -0.2755511811023642600, 0.0000000000000000000, -0.3828791539144444400 ) ) ;
#3698 = VECTOR ( 'NONE', #9797, 39.37007874015748100 ) ;
#3699 = DIRECTION ( 'NONE',  ( -1.000000000000000000, 3.462928498309742800E-015, -0.0000000000000000000 ) ) ;
#3700 = EDGE_CURVE ( 'NONE', #5014, #806, #2713, .T. ) ;
#3701 = CIRCLE ( 'NONE', #5885, 0.01181102362204731000 ) ;
#3702 = DIRECTION ( 'NONE',  ( -0.0000000000000000000, 1.000000000000000000, -0.0000000000000000000 ) ) ;
#3703 = CARTESIAN_POINT ( 'NONE',  ( 1.365923996832131600E-016, 0.6705511811023621100, 0.1077457736259981600 ) ) ;
#3704 = VECTOR ( 'NONE', #509, 39.37007874015748100 ) ;
#3705 = CIRCLE ( 'NONE', #4272, 0.01181102362204724000 ) ;
#3706 = EDGE_LOOP ( 'NONE', ( #2402, #5283, #9083, #9459 ) ) ;
#3707 = DIRECTION ( 'NONE',  ( 0.0000000000000000000, 1.000000000000000000, 0.0000000000000000000 ) ) ;
#3708 = AXIS2_PLACEMENT_3D ( 'NONE', #4538, #3892, #7620 ) ;
#3709 = ORIENTED_EDGE ( 'NONE', *, *, #3965, .F. ) ;
#3710 = ADVANCED_FACE ( 'NONE', ( #3429 ), #2325, .F. ) ;
#3711 = PLANE ( 'NONE',  #10 ) ;
#3712 = VERTEX_POINT ( 'NONE', #3993 ) ;
#3713 = ORIENTED_EDGE ( 'NONE', *, *, #4676, .T. ) ;
#3714 = FACE_OUTER_BOUND ( 'NONE', #8069, .T. ) ;
#3715 = ORIENTED_EDGE ( 'NONE', *, *, #9731, .T. ) ;
#3716 = EDGE_CURVE ( 'NONE', #7541, #8947, #3543, .T. ) ;
#3717 = CARTESIAN_POINT ( 'NONE',  ( -0.3250000000000023400, 0.05599999999999997300, -0.1940000000000000300 ) ) ;
#3718 = CARTESIAN_POINT ( 'NONE',  ( 0.3069533149417183500, 0.6686692388140288400, 0.2571268775732669100 ) ) ;
#3719 =( NAMED_UNIT ( * ) PLANE_ANGLE_UNIT ( ) SI_UNIT ( $, .RADIAN. ) );
#3720 = AXIS2_PLACEMENT_3D ( 'NONE', #5883, #4441, #3650 ) ;
#3721 = ORIENTED_EDGE ( 'NONE', *, *, #4475, .T. ) ;
#3722 = FILL_AREA_STYLE ('',( #7483 ) ) ;
#3723 = LINE ( 'NONE', #1385, #1352 ) ;
#3724 = CARTESIAN_POINT ( 'NONE',  ( -0.3250000000000023400, 0.03999999999999992500, 0.2238645401817222200 ) ) ;
#3725 = ORIENTED_EDGE ( 'NONE', *, *, #8627, .T. ) ;
#3726 = AXIS2_PLACEMENT_3D ( 'NONE', #8315, #1492, #9752 ) ;
#3727 = DIRECTION ( 'NONE',  ( 0.0000000000000000000, 0.0000000000000000000, -1.000000000000000000 ) ) ;
#3728 = CARTESIAN_POINT ( 'NONE',  ( 0.2755511811023642600, 0.01450000000000000100, -0.06845163660186294500 ) ) ;
#3729 = EDGE_CURVE ( 'NONE', #7017, #935, #4382, .T. ) ;
#3730 = PLANE ( 'NONE',  #3588 ) ;
#3731 = VECTOR ( 'NONE', #933, 39.37007874015748900 ) ;
#3732 = ORIENTED_EDGE ( 'NONE', *, *, #8856, .T. ) ;
#3733 = DIRECTION ( 'NONE',  ( -1.274600948223789800E-016, -1.000000000000000000, 3.441422560204232300E-015 ) ) ;
#3734 = EDGE_LOOP ( 'NONE', ( #4134, #9362, #1126, #6894 ) ) ;
#3735 = VECTOR ( 'NONE', #406, 39.37007874015748100 ) ;
#3736 = ADVANCED_FACE ( 'NONE', ( #6140 ), #3919, .T. ) ;
#3737 = CARTESIAN_POINT ( 'NONE',  ( 0.2399385210375706000, 0.6355511811023624200, 0.009827287307507424600 ) ) ;
#3738 = ORIENTED_EDGE ( 'NONE', *, *, #533, .T. ) ;
#3739 = CARTESIAN_POINT ( 'NONE',  ( 0.3116141732283445000, 0.6619533149417187200, -0.4035511811023637700 ) ) ;
#3740 = CARTESIAN_POINT ( 'NONE',  ( -0.1754120862760223900, 0.1754120862760195100, 0.2575511811023643000 ) ) ;
#3741 = EDGE_CURVE ( 'NONE', #5436, #5256, #2008, .T. ) ;
#3742 = AXIS2_PLACEMENT_3D ( 'NONE', #7404, #9553, #2781 ) ;
#3743 = ORIENTED_EDGE ( 'NONE', *, *, #4187, .T. ) ;
#3744 = VECTOR ( 'NONE', #6590, 39.37007874015748100 ) ;
#3745 = ORIENTED_EDGE ( 'NONE', *, *, #5032, .T. ) ;
#3746 = DIRECTION ( 'NONE',  ( 7.024285468436517700E-017, 0.8191520442889931300, -0.5735764363510441600 ) ) ;
#3747 = VERTEX_POINT ( 'NONE', #4876 ) ;
#3748 = CARTESIAN_POINT ( 'NONE',  ( 0.2669099894223583300, 0.6705511811023621100, 0.1973173628908212700 ) ) ;
#3749 = CARTESIAN_POINT ( 'NONE',  ( -0.3250000000000023400, 0.07199999999999993900, -0.2537107877407313000 ) ) ;
#3750 = ORIENTED_EDGE ( 'NONE', *, *, #7711, .T. ) ;
#3751 = COLOUR_RGB ( '',0.7921568627450980000, 0.8196078431372548800, 0.9333333333333333500 ) ;
#3752 = ORIENTED_EDGE ( 'NONE', *, *, #7477, .F. ) ;
#3753 = CARTESIAN_POINT ( 'NONE',  ( 0.3116141732283466700, 0.6799999999999999400, -0.07300000000000000900 ) ) ;
#3754 = EDGE_CURVE ( 'NONE', #4686, #3996, #9222, .T. ) ;
#3755 = CARTESIAN_POINT ( 'NONE',  ( 1.365923996832131600E-016, 6.829619984160658000E-016, -0.4130000000000013100 ) ) ;
#3756 = AXIS2_PLACEMENT_3D ( 'NONE', #5945, #1424, #6702 ) ;
#3757 = ORIENTED_EDGE ( 'NONE', *, *, #1822, .T. ) ;
#3758 = ADVANCED_FACE ( 'NONE', ( #5310 ), #7695, .T. ) ;
#3759 = ORIENTED_EDGE ( 'NONE', *, *, #5598, .F. ) ;
#3760 = VECTOR ( 'NONE', #8251, 39.37007874015748900 ) ;
#3761 = EDGE_CURVE ( 'NONE', #5088, #9116, #7809, .T. ) ;
#3762 = CARTESIAN_POINT ( 'NONE',  ( -0.3116141732283498300, 0.08200000000000000300, -0.4129999999999998700 ) ) ;
#3763 = DIRECTION ( 'NONE',  ( 0.0000000000000000000, 3.491481338843133000E-015, 1.000000000000000000 ) ) ;
#3764 = ORIENTED_EDGE ( 'NONE', *, *, #8472, .F. ) ;
#3765 = DIRECTION ( 'NONE',  ( -0.0000000000000000000, 1.000000000000000000, -0.0000000000000000000 ) ) ;
#3766 = CYLINDRICAL_SURFACE ( 'NONE', #7000, 0.01338582677165354500 ) ;
#3767 = DIRECTION ( 'NONE',  ( 0.0000000000000000000, 1.000000000000000000, 0.0000000000000000000 ) ) ;
#3768 = AXIS2_PLACEMENT_3D ( 'NONE', #2283, #4474, #6840 ) ;
#3769 = CARTESIAN_POINT ( 'NONE',  ( -0.2755511811023642600, 0.0000000000000000000, -0.3067141884898558200 ) ) ;
#3770 = ORIENTED_EDGE ( 'NONE', *, *, #6805, .F. ) ;
#3771 = EDGE_CURVE ( 'NONE', #5286, #935, #5197, .T. ) ;
#3772 = CARTESIAN_POINT ( 'NONE',  ( -0.3155511811023621900, 0.6666141732283464800, 0.2489533149417181800 ) ) ;
#3773 = FACE_OUTER_BOUND ( 'NONE', #2919, .T. ) ;
#3774 = DIRECTION ( 'NONE',  ( -2.492171718503151100E-016, 0.0000000000000000000, -1.000000000000000000 ) ) ;
#3775 = CARTESIAN_POINT ( 'NONE',  ( 0.3250000000000000700, 0.6666141732283462600, 0.1077457736259981600 ) ) ;
#3776 = EDGE_LOOP ( 'NONE', ( #2410, #7685, #9235, #1974 ) ) ;
#3777 = FACE_BOUND ( 'NONE', #2706, .T. ) ;
#3778 = DIRECTION ( 'NONE',  ( 0.0000000000000000000, 1.000000000000000000, 0.0000000000000000000 ) ) ;
#3779 = EDGE_CURVE ( 'NONE', #26, #1633, #3188, .T. ) ;
#3780 = ORIENTED_EDGE ( 'NONE', *, *, #7297, .F. ) ;
#3781 = VECTOR ( 'NONE', #8272, 39.37007874015748100 ) ;
#3782 = ORIENTED_EDGE ( 'NONE', *, *, #2126, .T. ) ;
#3783 = AXIS2_PLACEMENT_3D ( 'NONE', #2334, #5406, #1581 ) ;
#3784 = CARTESIAN_POINT ( 'NONE',  ( 0.1142984638647553800, 0.6705511811023621100, 0.0000000000000000000 ) ) ;
#3785 = CARTESIAN_POINT ( 'NONE',  ( 1.365923996832131600E-016, 0.6705511811023621100, -0.08658759291419086700 ) ) ;
#3786 = ORIENTED_EDGE ( 'NONE', *, *, #5928, .F. ) ;
#3787 = ADVANCED_FACE ( 'NONE', ( #1531 ), #1174, .T. ) ;
#3788 = CIRCLE ( 'NONE', #8403, 0.06250000000000001400 ) ;
#3789 = MECHANICAL_DESIGN_GEOMETRIC_PRESENTATION_REPRESENTATION (  '', ( #2949 ), #6799 ) ;
#3790 = CARTESIAN_POINT ( 'NONE',  ( -3.687994791446755200E-015, -1.136405546205949500E-015, -0.4035511811023643200 ) ) ;
#3791 = PLANE ( 'NONE',  #4793 ) ;
#3792 = ORIENTED_EDGE ( 'NONE', *, *, #9678, .T. ) ;
#3793 = ORIENTED_EDGE ( 'NONE', *, *, #4713, .F. ) ;
#3794 = SURFACE_STYLE_FILL_AREA ( #9529 ) ;
#3795 = DIRECTION ( 'NONE',  ( 1.000000000000000000, 0.0000000000000000000, -0.0000000000000000000 ) ) ;
#3796 = EDGE_CURVE ( 'NONE', #9820, #2862, #1886, .T. ) ;
#3797 = CARTESIAN_POINT ( 'NONE',  ( -0.3116141732283464500, 0.6666141732283464800, 0.004393306531884162200 ) ) ;
#3798 = SURFACE_SIDE_STYLE ('',( #2971 ) ) ;
#3799 = ORIENTED_EDGE ( 'NONE', *, *, #3293, .T. ) ;
#3800 = FACE_OUTER_BOUND ( 'NONE', #1089, .T. ) ;
#3801 = DIRECTION ( 'NONE',  ( -0.0000000000000000000, 0.0000000000000000000, 1.000000000000000000 ) ) ;
#3802 = ORIENTED_EDGE ( 'NONE', *, *, #1480, .F. ) ;
#3803 = VECTOR ( 'NONE', #7593, 39.37007874015748900 ) ;
#3804 = AXIS2_PLACEMENT_3D ( 'NONE', #5683, #4117, #4798 ) ;
#3805 = VERTEX_POINT ( 'NONE', #3287 ) ;
#3806 = DIRECTION ( 'NONE',  ( -0.0000000000000000000, 1.000000000000000000, -0.0000000000000000000 ) ) ;
#3807 = EDGE_LOOP ( 'NONE', ( #6010, #6825, #4914, #141 ) ) ;
#3808 = LINE ( 'NONE', #5704, #9503 ) ;
#3809 = DIRECTION ( 'NONE',  ( 0.0000000000000000000, 0.0000000000000000000, 1.000000000000000000 ) ) ;
#3810 = VECTOR ( 'NONE', #1120, 39.37007874015748100 ) ;
#3811 = DIRECTION ( 'NONE',  ( -0.0000000000000000000, 1.000000000000000000, -0.0000000000000000000 ) ) ;
#3812 = CARTESIAN_POINT ( 'NONE',  ( -0.1808241725520471600, 0.5399999999999987000, 0.2669999999999993500 ) ) ;
#3813 = CARTESIAN_POINT ( 'NONE',  ( -1.417341327835060700E-018, 0.01450000000000000100, -0.4035511811023634300 ) ) ;
#3814 = VECTOR ( 'NONE', #2993, 39.37007874015748100 ) ;
#3815 = ORIENTED_EDGE ( 'NONE', *, *, #470, .T. ) ;
#3816 = ADVANCED_FACE ( 'NONE', ( #3665 ), #2621, .T. ) ;
#3817 = CARTESIAN_POINT ( 'NONE',  ( -0.2669099894223583300, 0.6205511811023621800, 0.1385002118027675600 ) ) ;
#3818 = ORIENTED_EDGE ( 'NONE', *, *, #8727, .F. ) ;
#3819 = EDGE_CURVE ( 'NONE', #26, #6790, #6971, .T. ) ;
#3820 = VECTOR ( 'NONE', #9059, 39.37007874015748100 ) ;
#3821 = VECTOR ( 'NONE', #7111, 39.37007874015748900 ) ;
#3822 = STYLED_ITEM ( 'NONE', ( #1441 ), #8124 ) ;
#3823 = FACE_OUTER_BOUND ( 'NONE', #7870, .T. ) ;
#3824 = ORIENTED_EDGE ( 'NONE', *, *, #3433, .T. ) ;
#3825 = VECTOR ( 'NONE', #5485, 39.37007874015748100 ) ;
#3826 = VERTEX_POINT ( 'NONE', #8561 ) ;
#3827 = DIRECTION ( 'NONE',  ( -3.462928498309742800E-015, -1.000000000000000000, 0.0000000000000000000 ) ) ;
#3828 = EDGE_CURVE ( 'NONE', #7009, #8878, #9607, .T. ) ;
#3829 = LINE ( 'NONE', #349, #4296 ) ;
#3830 = PLANE ( 'NONE',  #3210 ) ;
#3831 = ORIENTED_EDGE ( 'NONE', *, *, #2729, .T. ) ;
#3832 = DIRECTION ( 'NONE',  ( 2.492171718503151100E-016, 0.0000000000000000000, 1.000000000000000000 ) ) ;
#3833 =( LENGTH_UNIT ( ) NAMED_UNIT ( * ) SI_UNIT ( $, .METRE. ) );
#3834 = EDGE_LOOP ( 'NONE', ( #1864, #8343, #7833, #3391 ) ) ;
#3835 = VECTOR ( 'NONE', #2301, 39.37007874015748100 ) ;
#3836 = PRESENTATION_STYLE_ASSIGNMENT (( #9180 ) ) ;
#3837 = CARTESIAN_POINT ( 'NONE',  ( 0.2249999999999999800, -0.1050000000000000100, -5.607386366632090100E-017 ) ) ;
#3838 = VERTEX_POINT ( 'NONE', #1821 ) ;
#3839 = ADVANCED_FACE ( 'NONE', ( #4493 ), #4834, .T. ) ;
#3840 = EDGE_CURVE ( 'NONE', #959, #2540, #5769, .T. ) ;
#3841 = DIRECTION ( 'NONE',  ( 0.0000000000000000000, -0.0000000000000000000, 1.000000000000000000 ) ) ;
#3842 =( LENGTH_UNIT ( ) NAMED_UNIT ( * ) SI_UNIT ( $, .METRE. ) );
#3843 = DIRECTION ( 'NONE',  ( 0.0000000000000000000, 0.0000000000000000000, 1.000000000000000000 ) ) ;
#3844 = ORIENTED_EDGE ( 'NONE', *, *, #3169, .F. ) ;
#3845 = AXIS2_PLACEMENT_3D ( 'NONE', #9437, #361, #326 ) ;
#3846 = FACE_OUTER_BOUND ( 'NONE', #1466, .T. ) ;
#3847 = DIRECTION ( 'NONE',  ( 1.000000000000000000, 0.0000000000000000000, -1.082173097926884400E-016 ) ) ;
#3848 = ORIENTED_EDGE ( 'NONE', *, *, #898, .T. ) ;
#3849 = ORIENTED_EDGE ( 'NONE', *, *, #7758, .F. ) ;
#3850 = CARTESIAN_POINT ( 'NONE',  ( -0.2249999999999999800, -0.1250000000000000000, 0.04849584923580589600 ) ) ;
#3851 = LINE ( 'NONE', #8351, #8460 ) ;
#3852 = VERTEX_POINT ( 'NONE', #5579 ) ;
#3853 = EDGE_CURVE ( 'NONE', #1875, #2684, #4145, .T. ) ;
#3854 = CARTESIAN_POINT ( 'NONE',  ( -0.1295137373393534800, 0.6705511811023621100, 0.2054271400810136200 ) ) ;
#3855 = VECTOR ( 'NONE', #6002, 39.37007874015748100 ) ;
#3856 = ORIENTED_EDGE ( 'NONE', *, *, #3779, .F. ) ;
#3857 = CARTESIAN_POINT ( 'NONE',  ( -0.3105511811023643500, 0.6655511811023621100, -0.3935511811023632000 ) ) ;
#3858 = DIRECTION ( 'NONE',  ( 1.000000000000000000, -1.976217220297097300E-016, 3.754812718564484000E-015 ) ) ;
#3859 = DIRECTION ( 'NONE',  ( 1.000000000000000000, -0.0000000000000000000, -0.0000000000000000000 ) ) ;
#3860 = LINE ( 'NONE', #8161, #2784 ) ;
#3861 = VERTEX_POINT ( 'NONE', #5687 ) ;
#3862 = CARTESIAN_POINT ( 'NONE',  ( 0.2399385210375706300, 0.2705511811023621500, 0.09870736768358971700 ) ) ;
#3863 = ADVANCED_FACE ( 'NONE', ( #3303 ), #702, .T. ) ;
#3864 = AXIS2_PLACEMENT_3D ( 'NONE', #3555, #4316, #8095 ) ;
#3865 = FACE_OUTER_BOUND ( 'NONE', #1339, .T. ) ;
#3866 = CARTESIAN_POINT ( 'NONE',  ( -0.3151268775732669600, 0.6686692388140288400, -0.3949533149417183700 ) ) ;
#3867 = ORIENTED_EDGE ( 'NONE', *, *, #1007, .F. ) ;
#3868 = CARTESIAN_POINT ( 'NONE',  ( -0.2569099894223583800, 0.6705511811023621100, 0.2073173628908212800 ) ) ;
#3869 = CARTESIAN_POINT ( 'NONE',  ( -0.3173036717348476900, 0.6705511811023621100, 0.2593036717348475900 ) ) ;
#3870 = CARTESIAN_POINT ( 'NONE',  ( 0.3155511811023644600, 1.092739197465705300E-015, -0.2537107877407313000 ) ) ;
#3871 = ORIENTED_EDGE ( 'NONE', *, *, #7948, .F. ) ;
#3872 = DIRECTION ( 'NONE',  ( 0.0000000000000000000, 0.0000000000000000000, -1.000000000000000000 ) ) ;
#3873 = LINE ( 'NONE', #5104, #3143 ) ;
#3874 = CARTESIAN_POINT ( 'NONE',  ( -0.1249999999999999600, 0.01450000000000000100, -0.3625000000000001000 ) ) ;
#3875 = VERTEX_POINT ( 'NONE', #3454 ) ;
#3876 = EDGE_CURVE ( 'NONE', #7596, #6755, #7933, .T. ) ;
#3877 = DIRECTION ( 'NONE',  ( -1.000000000000000000, 0.0000000000000000000, 2.492171718503151100E-016 ) ) ;
#3878 = ORIENTED_EDGE ( 'NONE', *, *, #5465, .T. ) ;
#3879 = DIRECTION ( 'NONE',  ( 0.0000000000000000000, 0.0000000000000000000, -1.000000000000000000 ) ) ;
#3880 = EDGE_CURVE ( 'NONE', #6240, #6466, #8528, .T. ) ;
#3881 = AXIS2_PLACEMENT_3D ( 'NONE', #358, #425, #4129 ) ;
#3882 = CARTESIAN_POINT ( 'NONE',  ( 0.3151185744823521400, 0.6619533149417188300, -0.4129999999999999200 ) ) ;
#3883 = EDGE_LOOP ( 'NONE', ( #9651, #471, #1748, #3151 ) ) ;
#3884 = PLANE ( 'NONE',  #8837 ) ;
#3885 = ORIENTED_EDGE ( 'NONE', *, *, #6718, .T. ) ;
#3886 = EDGE_CURVE ( 'NONE', #6882, #1183, #5899, .T. ) ;
#3887 = MANIFOLD_SOLID_BREP ( 'Cut-Extrude6', #6464 ) ;
#3888 = CARTESIAN_POINT ( 'NONE',  ( -0.3250000000000023400, 0.08200000000000000300, -0.2637107877407313700 ) ) ;
#3889 = VECTOR ( 'NONE', #3424, 39.37007874015748100 ) ;
#3890 = CARTESIAN_POINT ( 'NONE',  ( 0.2669099894223583300, 0.6666141732283462600, 0.1503393543984664600 ) ) ;
#3891 = ADVANCED_FACE ( 'NONE', ( #688 ), #4973, .F. ) ;
#3892 = DIRECTION ( 'NONE',  ( -0.0000000000000000000, 1.000000000000000000, 0.0000000000000000000 ) ) ;
#3893 = ORIENTED_EDGE ( 'NONE', *, *, #9807, .T. ) ;
#3894 = AXIS2_PLACEMENT_3D ( 'NONE', #5342, #1670, #3066 ) ;
#3895 = LINE ( 'NONE', #4937, #555 ) ;
#3896 = CARTESIAN_POINT ( 'NONE',  ( -0.3069533149417182900, 0.6799999999999998300, 0.2536141732283463400 ) ) ;
#3897 = AXIS2_PLACEMENT_3D ( 'NONE', #484, #8668, #3556 ) ;
#3898 = VERTEX_POINT ( 'NONE', #8055 ) ;
#3899 = CYLINDRICAL_SURFACE ( 'NONE', #7053, 0.003937007874015758400 ) ;
#3900 = EDGE_CURVE ( 'NONE', #4987, #8078, #4600, .T. ) ;
#3901 = ORIENTED_EDGE ( 'NONE', *, *, #7405, .F. ) ;
#3902 = LINE ( 'NONE', #3386, #1866 ) ;
#3903 = CARTESIAN_POINT ( 'NONE',  ( -0.2249999999999999800, -0.1250000000000000000, 0.0000000000000000000 ) ) ;
#3904 = DIRECTION ( 'NONE',  ( -0.0000000000000000000, 1.000000000000000000, -0.0000000000000000000 ) ) ;
#3905 = ORIENTED_EDGE ( 'NONE', *, *, #1784, .F. ) ;
#3906 = PRESENTATION_LAYER_ASSIGNMENT (  '', '', ( #848 ) ) ;
#3907 = FACE_OUTER_BOUND ( 'NONE', #759, .T. ) ;
#3908 = PLANE ( 'NONE',  #2161 ) ;
#3909 = ORIENTED_EDGE ( 'NONE', *, *, #6281, .F. ) ;
#3910 = SURFACE_SIDE_STYLE ('',( #4944 ) ) ;
#3911 = CARTESIAN_POINT ( 'NONE',  ( -0.1249999999999999600, -0.1250000000000000000, -0.3625000000000001000 ) ) ;
#3912 = ADVANCED_FACE ( 'NONE', ( #6249 ), #2721, .T. ) ;
#3913 = CARTESIAN_POINT ( 'NONE',  ( 0.3055511811023642900, 0.6705511811023621100, 0.2575511811023650800 ) ) ;
#3914 = EDGE_CURVE ( 'NONE', #458, #8465, #8869, .T. ) ;
#3915 = ORIENTED_EDGE ( 'NONE', *, *, #7099, .T. ) ;
#3916 = LINE ( 'NONE', #5730, #9718 ) ;
#3917 = EDGE_LOOP ( 'NONE', ( #6842, #2372, #6905, #7121 ) ) ;
#3918 = AXIS2_PLACEMENT_3D ( 'NONE', #3626, #8918, #8293 ) ;
#3919 = CYLINDRICAL_SURFACE ( 'NONE', #3969, 0.01500000000000001200 ) ;
#3920 = PLANE ( 'NONE',  #5442 ) ;
#3921 = EDGE_LOOP ( 'NONE', ( #4303, #6476, #3116, #9451 ) ) ;
#3922 = AXIS2_PLACEMENT_3D ( 'NONE', #7049, #3049, #9274 ) ;
#3923 = ORIENTED_EDGE ( 'NONE', *, *, #2658, .T. ) ;
#3924 = CARTESIAN_POINT ( 'NONE',  ( -0.3250000000000023400, 0.06600000000000103000, 0.2669999999999999600 ) ) ;
#3925 = LINE ( 'NONE', #2779, #25 ) ;
#3926 = EDGE_CURVE ( 'NONE', #7283, #4007, #5187, .T. ) ;
#3927 = ORIENTED_EDGE ( 'NONE', *, *, #7924, .F. ) ;
#3928 = VERTEX_POINT ( 'NONE', #3551 ) ;
#3929 = ORIENTED_EDGE ( 'NONE', *, *, #5313, .F. ) ;
#3930 = LINE ( 'NONE', #2475, #4505 ) ;
#3931 = LINE ( 'NONE', #9367, #7460 ) ;
#3932 = DIRECTION ( 'NONE',  ( -0.0000000000000000000, 1.000000000000000000, -0.0000000000000000000 ) ) ;
#3933 = DIRECTION ( 'NONE',  ( 0.0000000000000000000, 1.000000000000000000, -1.968190197164480500E-016 ) ) ;
#3934 = FACE_OUTER_BOUND ( 'NONE', #4716, .T. ) ;
#3935 = ORIENTED_EDGE ( 'NONE', *, *, #8763, .F. ) ;
#3936 = ADVANCED_FACE ( 'NONE', ( #8518 ), #4310, .T. ) ;
#3937 = LINE ( 'NONE', #5955, #6631 ) ;
#3938 = DIRECTION ( 'NONE',  ( -3.661961499347914700E-015, -3.462928498309717500E-015, -1.000000000000000000 ) ) ;
#3939 = ORIENTED_EDGE ( 'NONE', *, *, #760, .T. ) ;
#3940 = DIRECTION ( 'NONE',  ( 0.0000000000000000000, 0.0000000000000000000, -1.000000000000000000 ) ) ;
#3941 = CARTESIAN_POINT ( 'NONE',  ( 0.2490000000000001400, 0.01450000000000000100, 0.1470000000000000500 ) ) ;
#3942 = FACE_OUTER_BOUND ( 'NONE', #6686, .T. ) ;
#3943 = DIRECTION ( 'NONE',  ( 0.0000000000000000000, 0.0000000000000000000, 1.000000000000000000 ) ) ;
#3944 = ORIENTED_EDGE ( 'NONE', *, *, #1657, .F. ) ;
#3945 = DIRECTION ( 'NONE',  ( 0.0000000000000000000, -0.0000000000000000000, -1.000000000000000000 ) ) ;
#3946 = CARTESIAN_POINT ( 'NONE',  ( -0.2490000000000000500, -0.1674264068711929000, 0.1620000000000000100 ) ) ;
#3947 = EDGE_CURVE ( 'NONE', #9723, #3291, #9213, .T. ) ;
#3948 = FACE_OUTER_BOUND ( 'NONE', #2011, .T. ) ;
#3949 = FACE_OUTER_BOUND ( 'NONE', #1078, .T. ) ;
#3950 = ORIENTED_EDGE ( 'NONE', *, *, #47, .F. ) ;
#3951 = CARTESIAN_POINT ( 'NONE',  ( -0.2399385210375706000, 0.6355511811023624200, -0.1833786526941293700 ) ) ;
#3952 = EDGE_LOOP ( 'NONE', ( #9665, #431, #5403, #7441 ) ) ;
#3953 = CARTESIAN_POINT ( 'NONE',  ( 0.2399385210375706000, 0.2705511811023621500, 0.009827287307507424600 ) ) ;
#3954 = EDGE_CURVE ( 'NONE', #9429, #2817, #570, .T. ) ;
#3955 = ORIENTED_EDGE ( 'NONE', *, *, #7035, .F. ) ;
#3956 = DIRECTION ( 'NONE',  ( 1.000000000000000000, 0.0000000000000000000, 0.0000000000000000000 ) ) ;
#3957 = ADVANCED_FACE ( 'NONE', ( #7925 ), #8402, .F. ) ;
#3958 = AXIS2_PLACEMENT_3D ( 'NONE', #2987, #4508, #595 ) ;
#3959 = DIRECTION ( 'NONE',  ( -2.492171718503151100E-016, 0.0000000000000000000, -1.000000000000000000 ) ) ;
#3960 = DIRECTION ( 'NONE',  ( 0.0000000000000000000, 0.0000000000000000000, -1.000000000000000000 ) ) ;
#3961 = CARTESIAN_POINT ( 'NONE',  ( 0.3151185744823521400, 0.6619533149417188300, 0.2669999999999999000 ) ) ;
#3962 = ORIENTED_EDGE ( 'NONE', *, *, #4275, .T. ) ;
#3963 = VECTOR ( 'NONE', #916, 39.37007874015748100 ) ;
#3964 = EDGE_LOOP ( 'NONE', ( #8903, #4931, #6350, #3500 ) ) ;
#3965 = EDGE_CURVE ( 'NONE', #5533, #7087, #6380, .T. ) ;
#3966 = DIRECTION ( 'NONE',  ( 3.491481338843133000E-015, -1.222734403092568400E-029, 1.000000000000000000 ) ) ;
#3967 = DIRECTION ( 'NONE',  ( 1.000000000000000000, -0.0000000000000000000, -0.0000000000000000000 ) ) ;
#3968 = CARTESIAN_POINT ( 'NONE',  ( 0.1295137373393535100, 0.2705511811023621500, 0.09870736768358974500 ) ) ;
#3969 = AXIS2_PLACEMENT_3D ( 'NONE', #7728, #3093, #1858 ) ;
#3970 = FACE_OUTER_BOUND ( 'NONE', #4290, .T. ) ;
#3971 = VERTEX_POINT ( 'NONE', #8875 ) ;
#3972 = CARTESIAN_POINT ( 'NONE',  ( -0.2669099894223583300, 0.6705511811023621100, 0.2073173628908212800 ) ) ;
#3973 = LINE ( 'NONE', #9267, #7150 ) ;
#3974 = DIRECTION ( 'NONE',  ( -0.0000000000000000000, 1.000000000000000000, -0.0000000000000000000 ) ) ;
#3975 = ORIENTED_EDGE ( 'NONE', *, *, #1403, .F. ) ;
#3976 = PRESENTATION_LAYER_ASSIGNMENT (  '', '', ( #2949 ) ) ;
#3977 = DIRECTION ( 'NONE',  ( -1.000000000000000000, 0.0000000000000000000, 4.960794269481283100E-017 ) ) ;
#3978 = CARTESIAN_POINT ( 'NONE',  ( -0.3250000000000023400, 0.07200000000000000800, -0.2637107877407313100 ) ) ;
#3979 = EDGE_CURVE ( 'NONE', #6959, #2519, #2354, .T. ) ;
#3980 = CARTESIAN_POINT ( 'NONE',  ( 0.2669099894223583300, 0.6705511811023621100, 0.1503393543984664600 ) ) ;
#3981 = ORIENTED_EDGE ( 'NONE', *, *, #2667, .F. ) ;
#3982 = ADVANCED_FACE ( 'NONE', ( #4135 ), #8908, .F. ) ;
#3983 = LINE ( 'NONE', #1440, #774 ) ;
#3984 = ORIENTED_EDGE ( 'NONE', *, *, #482, .F. ) ;
#3985 = VERTEX_POINT ( 'NONE', #2820 ) ;
#3986 = AXIS2_PLACEMENT_3D ( 'NONE', #2322, #93, #5300 ) ;
#3987 = VERTEX_POINT ( 'NONE', #8150 ) ;
#3988 = DIRECTION ( 'NONE',  ( 0.0000000000000000000, 0.0000000000000000000, 1.000000000000000000 ) ) ;
#3989 = ORIENTED_EDGE ( 'NONE', *, *, #9739, .F. ) ;
#3990 = CARTESIAN_POINT ( 'NONE',  ( 0.3116141732283466700, 0.6799999999999999400, 0.2536141732283463400 ) ) ;
#3991 = DIRECTION ( 'NONE',  ( 0.0000000000000000000, -0.0000000000000000000, 1.000000000000000000 ) ) ;
#3992 = ORIENTED_EDGE ( 'NONE', *, *, #2154, .T. ) ;
#3993 = CARTESIAN_POINT ( 'NONE',  ( 0.2561045361904967200, 0.6517171962552883400, 0.009827287307507419400 ) ) ;
#3994 = CARTESIAN_POINT ( 'NONE',  ( -0.2669099894223583300, 0.6605511811023621100, 0.2073173628908212800 ) ) ;
#3995 = ORIENTED_EDGE ( 'NONE', *, *, #6620, .T. ) ;
#3996 = VERTEX_POINT ( 'NONE', #8187 ) ;
#3997 = EDGE_CURVE ( 'NONE', #1317, #1875, #6133, .T. ) ;
#3998 = FACE_OUTER_BOUND ( 'NONE', #2665, .T. ) ;
#3999 = EDGE_CURVE ( 'NONE', #8998, #1668, #2117, .T. ) ;
#4000 = DIRECTION ( 'NONE',  ( 1.000000000000000000, -0.0000000000000000000, -0.0000000000000000000 ) ) ;
#4001 = AXIS2_PLACEMENT_3D ( 'NONE', #6674, #2151, #8874 ) ;
#4002 = VERTEX_POINT ( 'NONE', #7379 ) ;
#4003 = VECTOR ( 'NONE', #2904, 39.37007874015748100 ) ;
#4004 = ADVANCED_FACE ( 'NONE', ( #1876 ), #8938, .F. ) ;
#4005 = PLANE ( 'NONE',  #8930 ) ;
#4006 = DIRECTION ( 'NONE',  ( -0.0000000000000000000, 1.000000000000000000, -0.0000000000000000000 ) ) ;
#4007 = VERTEX_POINT ( 'NONE', #4402 ) ;
#4008 = LINE ( 'NONE', #7409, #4700 ) ;
#4009 = EDGE_CURVE ( 'NONE', #4210, #3552, #5078, .T. ) ;
#4010 = DIRECTION ( 'NONE',  ( 1.000000000000000000, 3.462928498309742800E-015, 0.0000000000000000000 ) ) ;
#4011 = ORIENTED_EDGE ( 'NONE', *, *, #9655, .F. ) ;
#4012 = CIRCLE ( 'NONE', #9751, 0.009999999999999995000 ) ;
#4013 = EDGE_CURVE ( 'NONE', #8125, #1239, #5887, .T. ) ;
#4014 = PLANE ( 'NONE',  #6323 ) ;
#4015 = AXIS2_PLACEMENT_3D ( 'NONE', #8499, #7768, #2558 ) ;
#4016 = ORIENTED_EDGE ( 'NONE', *, *, #5369, .F. ) ;
#4017 = LINE ( 'NONE', #6090, #9597 ) ;
#4018 = ORIENTED_EDGE ( 'NONE', *, *, #9244, .F. ) ;
#4019 = VECTOR ( 'NONE', #6562, 39.37007874015748100 ) ;
#4020 = EDGE_CURVE ( 'NONE', #7319, #3852, #1406, .T. ) ;
#4021 = CARTESIAN_POINT ( 'NONE',  ( -0.1295137373393534800, 0.6355511811023624200, 0.09870736768358978600 ) ) ;
#4022 = DIRECTION ( 'NONE',  ( 0.0000000000000000000, -0.9659258262890679800, -0.2588190451025214100 ) ) ;
#4023 = ORIENTED_EDGE ( 'NONE', *, *, #3405, .T. ) ;
#4024 = AXIS2_PLACEMENT_3D ( 'NONE', #6622, #3657, #8204 ) ;
#4025 = DIMENSIONAL_EXPONENTS ( 1.000000000000000000, 0.0000000000000000000, 0.0000000000000000000, 0.0000000000000000000, 0.0000000000000000000, 0.0000000000000000000, 0.0000000000000000000 ) ;
#4026 = ORIENTED_EDGE ( 'NONE', *, *, #6490, .F. ) ;
#4027 = VECTOR ( 'NONE', #2566, 39.37007874015748100 ) ;
#4028 = DIRECTION ( 'NONE',  ( 1.000000000000000000, 0.0000000000000000000, 0.0000000000000000000 ) ) ;
#4029 = CARTESIAN_POINT ( 'NONE',  ( 0.02500000000000004000, 0.01450000000000000100, -0.2500000000000000000 ) ) ;
#4030 = DIRECTION ( 'NONE',  ( 1.000000000000000000, 0.0000000000000000000, -7.389131165723508900E-016 ) ) ;
#4031 = ORIENTED_EDGE ( 'NONE', *, *, #4928, .T. ) ;
#4032 = DIRECTION ( 'NONE',  ( -0.0000000000000000000, 1.000000000000000000, -0.0000000000000000000 ) ) ;
#4033 = LINE ( 'NONE', #9043, #2016 ) ;
#4034 = EDGE_CURVE ( 'NONE', #1239, #4207, #8162, .T. ) ;
#4035 = CARTESIAN_POINT ( 'NONE',  ( -3.687994791446755200E-015, -1.136405546205949500E-015, 0.2575511811023643000 ) ) ;
#4036 = VERTEX_POINT ( 'NONE', #5161 ) ;
#4037 = SURFACE_STYLE_USAGE ( .BOTH. , #6239 ) ;
#4038 = ORIENTED_EDGE ( 'NONE', *, *, #5548, .F. ) ;
#4039 = CIRCLE ( 'NONE', #9338, 0.01499999999999999400 ) ;
#4040 = CARTESIAN_POINT ( 'NONE',  ( -0.2249999999999999800, -0.1250000000000000000, -0.06250000000000000000 ) ) ;
#4041 = EDGE_LOOP ( 'NONE', ( #727, #2506, #8252, #7779 ) ) ;
#4042 = AXIS2_PLACEMENT_3D ( 'NONE', #8645, #333, #274 ) ;
#4043 = DIRECTION ( 'NONE',  ( 0.0000000000000000000, -1.000000000000000000, -5.782411586589324900E-015 ) ) ;
#4044 = ORIENTED_EDGE ( 'NONE', *, *, #89, .F. ) ;
#4045 = DIRECTION ( 'NONE',  ( 6.946308972158771600E-015, 1.000000000000000000, -3.462928498309742800E-015 ) ) ;
#4046 = FACE_OUTER_BOUND ( 'NONE', #6692, .T. ) ;
#4047 = LINE ( 'NONE', #899, #1671 ) ;
#4048 =( LENGTH_UNIT ( ) NAMED_UNIT ( * ) SI_UNIT ( $, .METRE. ) );
#4049 = PLANE ( 'NONE',  #1105 ) ;
#4050 = ADVANCED_FACE ( 'NONE', ( #2829 ), #814, .T. ) ;
#4051 = FACE_OUTER_BOUND ( 'NONE', #7508, .T. ) ;
#4052 = ORIENTED_EDGE ( 'NONE', *, *, #7699, .F. ) ;
#4053 = LINE ( 'NONE', #7548, #5920 ) ;
#4054 = DIRECTION ( 'NONE',  ( 0.0000000000000000000, 0.0000000000000000000, 1.000000000000000000 ) ) ;
#4055 = CARTESIAN_POINT ( 'NONE',  ( 0.1605905511811047400, 0.5358241725520462900, 0.2670000000000045700 ) ) ;
#4056 = ORIENTED_EDGE ( 'NONE', *, *, #3002, .F. ) ;
#4057 = EDGE_CURVE ( 'NONE', #8143, #3875, #6605, .T. ) ;
#4058 = PLANE ( 'NONE',  #9598 ) ;
#4059 = EDGE_CURVE ( 'NONE', #4791, #8801, #5651, .T. ) ;
#4060 = LINE ( 'NONE', #3662, #2750 ) ;
#4061 = VECTOR ( 'NONE', #4881, 39.37007874015748100 ) ;
#4062 = ORIENTED_EDGE ( 'NONE', *, *, #2691, .T. ) ;
#4063 = CARTESIAN_POINT ( 'NONE',  ( -0.3250000000000000100, 0.6619533149417181600, -0.3996141732283464100 ) ) ;
#4064 = ORIENTED_EDGE ( 'NONE', *, *, #7372, .F. ) ;
#4065 = LINE ( 'NONE', #4585, #7854 ) ;
#4066 = CARTESIAN_POINT ( 'NONE',  ( 0.2561045361904967200, 0.2705511811023621500, -0.09287881401875221200 ) ) ;
#4067 = VECTOR ( 'NONE', #5488, 39.37007874015748100 ) ;
#4068 = EDGE_LOOP ( 'NONE', ( #3802, #7821, #4011, #5525 ) ) ;
#4069 = DIRECTION ( 'NONE',  ( 1.000000000000000000, -0.0000000000000000000, -0.0000000000000000000 ) ) ;
#4070 = DIRECTION ( 'NONE',  ( 2.492171718503151100E-016, 0.0000000000000000000, 1.000000000000000000 ) ) ;
#4071 = EDGE_CURVE ( 'NONE', #1517, #864, #1637, .T. ) ;
#4072 = VERTEX_POINT ( 'NONE', #1400 ) ;
#4073 = DIRECTION ( 'NONE',  ( -0.0000000000000000000, 1.000000000000000000, -0.0000000000000000000 ) ) ;
#4074 = CARTESIAN_POINT ( 'NONE',  ( -0.2399385210375706000, 0.6355511811023624200, 0.009827287307507483500 ) ) ;
#4075 = VECTOR ( 'NONE', #4813, 39.37007874015748100 ) ;
#4076 = ADVANCED_FACE ( 'NONE', ( #7195 ), #9067, .F. ) ;
#4077 = ORIENTED_EDGE ( 'NONE', *, *, #2590, .T. ) ;
#4078 = ORIENTED_EDGE ( 'NONE', *, *, #4679, .T. ) ;
#4079 = DIRECTION ( 'NONE',  ( 0.0000000000000000000, 0.0000000000000000000, -1.000000000000000000 ) ) ;
#4080 = CARTESIAN_POINT ( 'NONE',  ( -0.2490000000000000500, 0.01450000000000000100, 0.1470000000000000200 ) ) ;
#4081 = EDGE_CURVE ( 'NONE', #6945, #4159, #9714, .T. ) ;
#4082 = LINE ( 'NONE', #4186, #4904 ) ;
#4083 = VERTEX_POINT ( 'NONE', #6019 ) ;
#4084 = CARTESIAN_POINT ( 'NONE',  ( -0.1605124221163134500, 0.6666141732283462600, 0.2170512116749741300 ) ) ;
#4085 = VECTOR ( 'NONE', #9586, 39.37007874015748100 ) ;
#4086 = ORIENTED_EDGE ( 'NONE', *, *, #9363, .T. ) ;
#4087 = CARTESIAN_POINT ( 'NONE',  ( -0.3250000000000000100, 0.6619533149417181600, -0.3996141732283464100 ) ) ;
#4088 = CARTESIAN_POINT ( 'NONE',  ( -0.3116141732283463900, 0.6666141732283453700, 0.2575511811023609700 ) ) ;
#4089 = VECTOR ( 'NONE', #9539, 39.37007874015748100 ) ;
#4090 = ORIENTED_EDGE ( 'NONE', *, *, #950, .T. ) ;
#4091 = EDGE_CURVE ( 'NONE', #5539, #1155, #8643, .T. ) ;
#4092 = PLANE ( 'NONE',  #3691 ) ;
#4093 = ORIENTED_EDGE ( 'NONE', *, *, #8707, .T. ) ;
#4094 = CARTESIAN_POINT ( 'NONE',  ( -0.3186013962196658800, 0.6785573680010763600, -0.3949533149417182000 ) ) ;
#4095 = DIRECTION ( 'NONE',  ( -0.0000000000000000000, -0.0000000000000000000, -1.000000000000000000 ) ) ;
#4096 = CARTESIAN_POINT ( 'NONE',  ( -0.1959325888690782400, 0.6666141732283462600, -0.08658759291419086700 ) ) ;
#4097 = AXIS2_PLACEMENT_3D ( 'NONE', #4884, #355, #5621 ) ;
#4098 = ADVANCED_FACE ( 'NONE', ( #7438 ), #6962, .T. ) ;
#4099 = CARTESIAN_POINT ( 'NONE',  ( 0.08354462770099666000, 0.2705511811023621500, 0.1704271400810135600 ) ) ;
#4100 = CARTESIAN_POINT ( 'NONE',  ( -3.824587191129968100E-015, -1.169126130441946300E-015, 0.2670000000000020700 ) ) ;
#4101 = ORIENTED_EDGE ( 'NONE', *, *, #5339, .F. ) ;
#4102 = FACE_OUTER_BOUND ( 'NONE', #8512, .T. ) ;
#4103 = CARTESIAN_POINT ( 'NONE',  ( 0.1142984638647553800, 0.6666141732283462600, 0.2575511811023651900 ) ) ;
#4104 = ORIENTED_EDGE ( 'NONE', *, *, #6200, .F. ) ;
#4105 = ORIENTED_EDGE ( 'NONE', *, *, #455, .T. ) ;
#4106 = DIRECTION ( 'NONE',  ( 3.542742354896064800E-015, -1.000000000000000000, -9.840950985822402700E-017 ) ) ;
#4107 = EDGE_CURVE ( 'NONE', #7009, #4230, #2702, .T. ) ;
#4108 = DIRECTION ( 'NONE',  ( -0.0000000000000000000, -0.0000000000000000000, -1.000000000000000000 ) ) ;
#4109 = ORIENTED_EDGE ( 'NONE', *, *, #9187, .T. ) ;
#4110 = DIRECTION ( 'NONE',  ( -3.491481338843133400E-015, 1.222734403092568300E-029, 1.000000000000000000 ) ) ;
#4111 = ORIENTED_EDGE ( 'NONE', *, *, #3947, .F. ) ;
#4112 = FACE_OUTER_BOUND ( 'NONE', #4565, .T. ) ;
#4113 = DIRECTION ( 'NONE',  ( 0.0000000000000000000, -0.0000000000000000000, -1.000000000000000000 ) ) ;
#4114 = AXIS2_PLACEMENT_3D ( 'NONE', #9237, #1659, #1688 ) ;
#4115 = DIRECTION ( 'NONE',  ( 1.000000000000000000, 0.0000000000000000000, -0.0000000000000000000 ) ) ;
#4116 = ORIENTED_EDGE ( 'NONE', *, *, #2806, .F. ) ;
#4117 = DIRECTION ( 'NONE',  ( -0.0000000000000000000, 1.000000000000000000, -0.0000000000000000000 ) ) ;
#4118 = COLOUR_RGB ( '',0.7921568627450980000, 0.8196078431372548800, 0.9333333333333333500 ) ;
#4119 = CARTESIAN_POINT ( 'NONE',  ( 0.1653149606299236800, 0.08200000000000000300, -0.4035511811023649300 ) ) ;
#4120 = ORIENTED_EDGE ( 'NONE', *, *, #8327, .F. ) ;
#4121 = PLANE ( 'NONE',  #6843 ) ;
#4122 = DIMENSIONAL_EXPONENTS ( 1.000000000000000000, 0.0000000000000000000, 0.0000000000000000000, 0.0000000000000000000, 0.0000000000000000000, 0.0000000000000000000, 0.0000000000000000000 ) ;
#4123 = LINE ( 'NONE', #466, #5872 ) ;
#4124 = EDGE_LOOP ( 'NONE', ( #8546, #2428, #1058, #6, #5963 ) ) ;
#4125 = CARTESIAN_POINT ( 'NONE',  ( 0.2755511811023642600, 0.0000000000000000000, -7.280434778844906200E-017 ) ) ;
#4126 = EDGE_CURVE ( 'NONE', #1924, #8737, #8980, .T. ) ;
#4127 = CARTESIAN_POINT ( 'NONE',  ( -0.2249999999999999800, -0.1250000000000000000, 0.0000000000000000000 ) ) ;
#4128 = DIRECTION ( 'NONE',  ( -1.000000000000000000, 0.0000000000000000000, 0.0000000000000000000 ) ) ;
#4129 = DIRECTION ( 'NONE',  ( 1.000000000000000000, 3.462928498309742800E-015, 0.0000000000000000000 ) ) ;
#4130 = ORIENTED_EDGE ( 'NONE', *, *, #8019, .F. ) ;
#4131 = DIRECTION ( 'NONE',  ( 0.0000000000000000000, 0.0000000000000000000, -1.000000000000000000 ) ) ;
#4132 = FACE_OUTER_BOUND ( 'NONE', #284, .T. ) ;
#4133 = EDGE_CURVE ( 'NONE', #8783, #8243, #3180, .T. ) ;
#4134 = ORIENTED_EDGE ( 'NONE', *, *, #2045, .T. ) ;
#4135 = FACE_OUTER_BOUND ( 'NONE', #6524, .T. ) ;
#4136 = CARTESIAN_POINT ( 'NONE',  ( 1.365923996832131600E-016, 0.5399999999999989300, -0.4035511811023614300 ) ) ;
#4137 = CARTESIAN_POINT ( 'NONE',  ( -0.3155511811023642400, 0.01450000000000000100, -0.2729397864125760500 ) ) ;
#4138 = ORIENTED_EDGE ( 'NONE', *, *, #8064, .F. ) ;
#4139 = DIRECTION ( 'NONE',  ( -0.7071067811865400200, -0.0000000000000000000, 0.7071067811865549000 ) ) ;
#4140 = AXIS2_PLACEMENT_3D ( 'NONE', #8712, #1871, #4131 ) ;
#4141 = VECTOR ( 'NONE', #4807, 39.37007874015748100 ) ;
#4142 = CARTESIAN_POINT ( 'NONE',  ( -0.3055511811023642300, 0.6605511811023620000, 0.2575511811023651900 ) ) ;
#4143 = ORIENTED_EDGE ( 'NONE', *, *, #4264, .F. ) ;
#4144 = ORIENTED_EDGE ( 'NONE', *, *, #3886, .T. ) ;
#4145 = LINE ( 'NONE', #6329, #127 ) ;
#4146 = DIRECTION ( 'NONE',  ( -1.000000000000000000, 0.0000000000000000000, 0.0000000000000000000 ) ) ;
#4147 = ADVANCED_FACE ( 'NONE', ( #3419 ), #6713, .F. ) ;
#4148 = ORIENTED_EDGE ( 'NONE', *, *, #868, .T. ) ;
#4149 = EDGE_CURVE ( 'NONE', #6772, #8783, #4254, .T. ) ;
#4150 = ORIENTED_EDGE ( 'NONE', *, *, #1642, .F. ) ;
#4151 = CARTESIAN_POINT ( 'NONE',  ( 0.07500000000000005300, -0.1674264068711929000, -0.3375000000000000800 ) ) ;
#4152 = CARTESIAN_POINT ( 'NONE',  ( 0.07500000000000005300, -0.1250000000000000000, -0.3375000000000000800 ) ) ;
#4153 = CIRCLE ( 'NONE', #1853, 0.01250000000000000200 ) ;
#4154 = CARTESIAN_POINT ( 'NONE',  ( 0.1750000000000000400, -0.1250000000000000000, -0.3500000000000000900 ) ) ;
#4155 = CARTESIAN_POINT ( 'NONE',  ( 0.3116141732283442300, 0.6666141732283460400, 0.2670000000000022400 ) ) ;
#4156 = VERTEX_POINT ( 'NONE', #9726 ) ;
#4157 = ORIENTED_EDGE ( 'NONE', *, *, #904, .T. ) ;
#4158 = DIRECTION ( 'NONE',  ( 1.000000000000000000, 0.0000000000000000000, 0.0000000000000000000 ) ) ;
#4159 = VERTEX_POINT ( 'NONE', #27 ) ;
#4160 = DIRECTION ( 'NONE',  ( 0.0000000000000000000, -1.000000000000000000, 0.0000000000000000000 ) ) ;
#4161 = LINE ( 'NONE', #4784, #8892 ) ;
#4162 = LINE ( 'NONE', #9035, #841 ) ;
#4163 = DIRECTION ( 'NONE',  ( -1.459106284977188500E-016, 0.0000000000000000000, -1.000000000000000000 ) ) ;
#4164 = DIRECTION ( 'NONE',  ( -0.0000000000000000000, 0.0000000000000000000, 1.000000000000000000 ) ) ;
#4165 = EDGE_CURVE ( 'NONE', #5672, #4987, #8279, .T. ) ;
#4166 = DIRECTION ( 'NONE',  ( 0.0000000000000000000, -1.000000000000000000, 0.0000000000000000000 ) ) ;
#4167 = ORIENTED_EDGE ( 'NONE', *, *, #3729, .T. ) ;
#4168 = VECTOR ( 'NONE', #2714, 39.37007874015748100 ) ;
#4169 = CARTESIAN_POINT ( 'NONE',  ( -0.1671644312585831600, 0.6666141732283462600, 0.2073173628908212800 ) ) ;
#4170 = VERTEX_POINT ( 'NONE', #3686 ) ;
#4171 = MANIFOLD_SOLID_BREP ( 'Boss-Extrude5[7]', #9675 ) ;
#4172 = CARTESIAN_POINT ( 'NONE',  ( 0.2490000000000001400, -0.1674264068711929000, 0.1470000000000000800 ) ) ;
#4173 = FACE_OUTER_BOUND ( 'NONE', #4578, .T. ) ;
#4174 = CARTESIAN_POINT ( 'NONE',  ( -0.1490000000000000500, 0.01450000000000000100, 0.1619999999999999800 ) ) ;
#4175 = DIRECTION ( 'NONE',  ( 3.462928498309742800E-015, 1.000000000000000000, -2.134256245050199100E-015 ) ) ;
#4176 = DIRECTION ( 'NONE',  ( 0.0000000000000000000, 0.0000000000000000000, -1.000000000000000000 ) ) ;
#4177 = DIMENSIONAL_EXPONENTS ( 1.000000000000000000, 0.0000000000000000000, 0.0000000000000000000, 0.0000000000000000000, 0.0000000000000000000, 0.0000000000000000000, 0.0000000000000000000 ) ;
#4178 = CARTESIAN_POINT ( 'NONE',  ( -0.3113051303775470300, 0.6621293029295949300, 0.2670000000000009600 ) ) ;
#4179 = DIRECTION ( 'NONE',  ( 0.0000000000000000000, 1.000000000000000000, 0.0000000000000000000 ) ) ;
#4180 = EDGE_LOOP ( 'NONE', ( #714, #5082, #7127, #4150 ) ) ;
#4181 = FACE_OUTER_BOUND ( 'NONE', #5478, .T. ) ;
#4182 = UNCERTAINTY_MEASURE_WITH_UNIT (LENGTH_MEASURE( 1.000000000000000100E-005 ), #2119, 'distance_accuracy_value', 'NONE');
#4183 = VECTOR ( 'NONE', #7020, 39.37007874015748100 ) ;
#4184 = ORIENTED_EDGE ( 'NONE', *, *, #2115, .T. ) ;
#4185 = CARTESIAN_POINT ( 'NONE',  ( 0.2733513886040114200, 0.6666141732283462600, 0.1077457736259981600 ) ) ;
#4186 = CARTESIAN_POINT ( 'NONE',  ( -0.2755511811023642600, 0.05455008786923420300, 0.07990778161457233500 ) ) ;
#4187 = EDGE_CURVE ( 'NONE', #7694, #9358, #6827, .T. ) ;
#4188 = DIRECTION ( 'NONE',  ( -0.0000000000000000000, -1.000000000000000000, -0.0000000000000000000 ) ) ;
#4189 = EDGE_CURVE ( 'NONE', #4794, #9581, #2578, .T. ) ;
#4190 = FACE_OUTER_BOUND ( 'NONE', #6364, .T. ) ;
#4191 = AXIS2_PLACEMENT_3D ( 'NONE', #8045, #9654, #1225 ) ;
#4192 = LINE ( 'NONE', #4297, #869 ) ;
#4193 = CARTESIAN_POINT ( 'NONE',  ( -0.3116141732283464500, 0.6666141732283464800, 0.1077457736259981300 ) ) ;
#4194 = CARTESIAN_POINT ( 'NONE',  ( 0.3155511811023644100, 0.05599999999999997300, 0.08990778161457226000 ) ) ;
#4195 = EDGE_CURVE ( 'NONE', #2972, #380, #3294, .T. ) ;
#4196 = CARTESIAN_POINT ( 'NONE',  ( 0.3069533149417182900, 0.6701185744823509000, 0.2669999999999999000 ) ) ;
#4197 = LINE ( 'NONE', #6492, #6319 ) ;
#4198 = VERTEX_POINT ( 'NONE', #8557 ) ;
#4199 = ADVANCED_FACE ( 'NONE', ( #3168 ), #773, .T. ) ;
#4200 = VECTOR ( 'NONE', #2305, 39.37007874015748100 ) ;
#4201 = ORIENTED_EDGE ( 'NONE', *, *, #3483, .F. ) ;
#4202 = AXIS2_PLACEMENT_3D ( 'NONE', #4718, #6210, #3206 ) ;
#4203 = AXIS2_PLACEMENT_3D ( 'NONE', #5693, #4228, #8705 ) ;
#4204 = CARTESIAN_POINT ( 'NONE',  ( -0.1295137373393534800, 0.2705511811023621500, 0.09870736768358978600 ) ) ;
#4205 = CARTESIAN_POINT ( 'NONE',  ( 0.1653265940589108400, 0.1854975784931286700, 0.2670000000000033500 ) ) ;
#4206 = LINE ( 'NONE', #7825, #2177 ) ;
#4207 = VERTEX_POINT ( 'NONE', #5953 ) ;
#4208 = CIRCLE ( 'NONE', #5608, 0.06250000000000000000 ) ;
#4209 = ADVANCED_FACE ( 'NONE', ( #7429 ), #3830, .F. ) ;
#4210 = VERTEX_POINT ( 'NONE', #3253 ) ;
#4211 = EDGE_CURVE ( 'NONE', #7090, #1247, #563, .T. ) ;
#4212 = ORIENTED_EDGE ( 'NONE', *, *, #4283, .T. ) ;
#4213 = AXIS2_PLACEMENT_3D ( 'NONE', #4757, #6939, #2479 ) ;
#4214 = VECTOR ( 'NONE', #2865, 39.37007874015748100 ) ;
#4215 = ORIENTED_EDGE ( 'NONE', *, *, #697, .F. ) ;
#4216 =( LENGTH_UNIT ( ) NAMED_UNIT ( * ) SI_UNIT ( $, .METRE. ) );
#4217 = CARTESIAN_POINT ( 'NONE',  ( 0.3155511811023642400, 0.05599999999999998000, -0.1740000000000000200 ) ) ;
#4218 = CARTESIAN_POINT ( 'NONE',  ( -0.1745137373393535200, 0.6705511811023621100, 0.1485002118027675400 ) ) ;
#4219 = VERTEX_POINT ( 'NONE', #9098 ) ;
#4220 = DIRECTION ( 'NONE',  ( 1.000000000000000000, 0.0000000000000000000, 0.0000000000000000000 ) ) ;
#4221 = CARTESIAN_POINT ( 'NONE',  ( 0.3069533149417185700, 0.6705511811023621100, -0.4006448794795240400 ) ) ;
#4222 = ADVANCED_FACE ( 'NONE', ( #1277 ), #3057, .F. ) ;
#4223 = DIRECTION ( 'NONE',  ( -1.033065433525962600E-016, 0.0000000000000000000, -1.000000000000000000 ) ) ;
#4224 = EDGE_CURVE ( 'NONE', #2026, #5327, #9335, .T. ) ;
#4225 = ORIENTED_EDGE ( 'NONE', *, *, #6706, .F. ) ;
#4226 = VECTOR ( 'NONE', #5084, 39.37007874015748100 ) ;
#4227 = ORIENTED_EDGE ( 'NONE', *, *, #635, .F. ) ;
#4228 = DIRECTION ( 'NONE',  ( -1.762231522034902900E-016, 0.7071067811865503500, -0.7071067811865448000 ) ) ;
#4229 = PLANE ( 'NONE',  #3918 ) ;
#4230 = VERTEX_POINT ( 'NONE', #7624 ) ;
#4231 = DIRECTION ( 'NONE',  ( -0.0000000000000000000, 1.000000000000000000, -0.0000000000000000000 ) ) ;
#4232 = CARTESIAN_POINT ( 'NONE',  ( 0.2755511811023642600, 0.05455008786923420300, -0.06845163660186294500 ) ) ;
#4233 = CARTESIAN_POINT ( 'NONE',  ( 0.2399385210375705500, 0.6355511811023624200, -0.09287881401875221200 ) ) ;
#4234 = EDGE_LOOP ( 'NONE', ( #9643, #5800, #4845, #2846, #5063, #3192 ) ) ;
#4235 = LINE ( 'NONE', #6936, #4694 ) ;
#4236 = CARTESIAN_POINT ( 'NONE',  ( 0.2669099894223583300, 0.6205511811023621800, 0.1385002118027675600 ) ) ;
#4237 = EDGE_CURVE ( 'NONE', #7583, #923, #4017, .T. ) ;
#4238 = ORIENTED_EDGE ( 'NONE', *, *, #2738, .F. ) ;
#4239 = DIRECTION ( 'NONE',  ( 0.0000000000000000000, -0.0000000000000000000, -1.000000000000000000 ) ) ;
#4240 = VECTOR ( 'NONE', #5309, 39.37007874015748100 ) ;
#4241 = DIRECTION ( 'NONE',  ( -0.0000000000000000000, -1.000000000000000000, -0.0000000000000000000 ) ) ;
#4242 = CARTESIAN_POINT ( 'NONE',  ( 0.3069533149417180100, 0.6666141732283454900, -0.4129999999999995300 ) ) ;
#4243 = ORIENTED_EDGE ( 'NONE', *, *, #3542, .T. ) ;
#4244 = EDGE_CURVE ( 'NONE', #491, #6145, #7075, .T. ) ;
#4245 = ADVANCED_FACE ( 'NONE', ( #7913 ), #1751, .F. ) ;
#4246 = AXIS2_PLACEMENT_3D ( 'NONE', #5971, #9812, #2206 ) ;
#4247 = VERTEX_POINT ( 'NONE', #8383 ) ;
#4248 = FACE_BOUND ( 'NONE', #8245, .T. ) ;
#4249 = CARTESIAN_POINT ( 'NONE',  ( 0.2733513886040114200, 0.6799999999999999400, -0.08658759291419086700 ) ) ;
#4250 = DIRECTION ( 'NONE',  ( -0.0000000000000000000, 1.000000000000000000, -0.0000000000000000000 ) ) ;
#4251 = CARTESIAN_POINT ( 'NONE',  ( 1.365923996832131600E-016, 0.6705511811023621100, 0.0000000000000000000 ) ) ;
#4252 = DIRECTION ( 'NONE',  ( 0.0000000000000000000, -0.0000000000000000000, 1.000000000000000000 ) ) ;
#4253 = ORIENTED_EDGE ( 'NONE', *, *, #627, .T. ) ;
#4254 = LINE ( 'NONE', #5198, #2224 ) ;
#4255 = VERTEX_POINT ( 'NONE', #1785 ) ;
#4256 = CIRCLE ( 'NONE', #972, 0.01250000000000000200 ) ;
#4257 = ADVANCED_FACE ( 'NONE', ( #8860 ), #1035, .F. ) ;
#4258 = EDGE_CURVE ( 'NONE', #9501, #8974, #7316, .T. ) ;
#4259 = ORIENTED_EDGE ( 'NONE', *, *, #135, .F. ) ;
#4260 = PLANE ( 'NONE',  #1812 ) ;
#4261 = LENGTH_MEASURE_WITH_UNIT ( LENGTH_MEASURE( 0.02539999999999999900 ), #8819 );
#4262 = EDGE_LOOP ( 'NONE', ( #4238, #1914, #546, #5438 ) ) ;
#4263 = VECTOR ( 'NONE', #1585, 39.37007874015748100 ) ;
#4264 = EDGE_CURVE ( 'NONE', #3987, #5045, #9464, .T. ) ;
#4265 = ORIENTED_EDGE ( 'NONE', *, *, #7574, .T. ) ;
#4266 = DIRECTION ( 'NONE',  ( 1.000000000000000000, 0.0000000000000000000, 0.0000000000000000000 ) ) ;
#4267 = ORIENTED_EDGE ( 'NONE', *, *, #3035, .T. ) ;
#4268 = DIRECTION ( 'NONE',  ( -1.000000000000000000, 0.0000000000000000000, 0.0000000000000000000 ) ) ;
#4269 = CYLINDRICAL_SURFACE ( 'NONE', #1932, 0.01250000000000000200 ) ;
#4270 =( CONVERSION_BASED_UNIT ( 'INCH', #9730 ) LENGTH_UNIT ( ) NAMED_UNIT ( #1983 ) );
#4271 = VERTEX_POINT ( 'NONE', #1020 ) ;
#4272 = AXIS2_PLACEMENT_3D ( 'NONE', #4673, #7732, #9313 ) ;
#4273 = DIRECTION ( 'NONE',  ( 5.782411586589324900E-015, 1.000000000000000000, 0.0000000000000000000 ) ) ;
#4274 = VERTEX_POINT ( 'NONE', #7857 ) ;
#4275 = EDGE_CURVE ( 'NONE', #1183, #4446, #9088, .T. ) ;
#4276 = VECTOR ( 'NONE', #7364, 39.37007874015748900 ) ;
#4277 =( NAMED_UNIT ( * ) SI_UNIT ( $, .STERADIAN. ) SOLID_ANGLE_UNIT ( ) );
#4278 = ORIENTED_EDGE ( 'NONE', *, *, #3648, .F. ) ;
#4279 = DIRECTION ( 'NONE',  ( 0.0000000000000000000, 0.0000000000000000000, 1.000000000000000000 ) ) ;
#4280 = VECTOR ( 'NONE', #1402, 39.37007874015748100 ) ;
#4281 = ORIENTED_EDGE ( 'NONE', *, *, #5093, .T. ) ;
#4282 = DIRECTION ( 'NONE',  ( -0.0000000000000000000, -1.000000000000000000, -0.0000000000000000000 ) ) ;
#4283 = EDGE_CURVE ( 'NONE', #4429, #8917, #6371, .T. ) ;
#4284 = CARTESIAN_POINT ( 'NONE',  ( -0.07499999999999996900, -0.1674264068711929000, -0.2500000000000000000 ) ) ;
#4285 =( CONVERSION_BASED_UNIT ( 'INCH', #3611 ) LENGTH_UNIT ( ) NAMED_UNIT ( #4313 ) );
#4286 = ORIENTED_EDGE ( 'NONE', *, *, #443, .T. ) ;
#4287 = LINE ( 'NONE', #7676, #1311 ) ;
#4288 = AXIS2_PLACEMENT_3D ( 'NONE', #3292, #1832, #9352 ) ;
#4289 = FACE_OUTER_BOUND ( 'NONE', #2222, .T. ) ;
#4290 = EDGE_LOOP ( 'NONE', ( #978, #7946, #8349, #2881 ) ) ;
#4291 = VECTOR ( 'NONE', #3832, 39.37007874015748100 ) ;
#4292 = PRODUCT_RELATED_PRODUCT_CATEGORY ( 'part', '', ( #1791 ) ) ;
#4293 = ORIENTED_EDGE ( 'NONE', *, *, #1111, .F. ) ;
#4294 = CARTESIAN_POINT ( 'NONE',  ( 0.3155511811023642400, 0.05599999999999997300, -0.1940000000000000300 ) ) ;
#4295 = LINE ( 'NONE', #9528, #6752 ) ;
#4296 = VECTOR ( 'NONE', #6463, 39.37007874015748100 ) ;
#4297 = CARTESIAN_POINT ( 'NONE',  ( -0.3155511811023642400, 0.08200000000000000300, 0.0000000000000000000 ) ) ;
#4298 = ORIENTED_EDGE ( 'NONE', *, *, #1345, .F. ) ;
#4299 = EDGE_CURVE ( 'NONE', #3494, #6025, #9830, .T. ) ;
#4300 = VECTOR ( 'NONE', #676, 39.37007874015748100 ) ;
#4301 = SURFACE_STYLE_USAGE ( .BOTH. , #5860 ) ;
#4302 = VECTOR ( 'NONE', #5168, 39.37007874015748100 ) ;
#4303 = ORIENTED_EDGE ( 'NONE', *, *, #4437, .F. ) ;
#4304 = DIRECTION ( 'NONE',  ( 3.491481338843109300E-015, 6.954409837152888300E-015, -1.000000000000000000 ) ) ;
#4305 = VERTEX_POINT ( 'NONE', #1927 ) ;
#4306 = LINE ( 'NONE', #7292, #7023 ) ;
#4307 =( NAMED_UNIT ( * ) PLANE_ANGLE_UNIT ( ) SI_UNIT ( $, .RADIAN. ) );
#4308 = ORIENTED_EDGE ( 'NONE', *, *, #9832, .F. ) ;
#4309 = DIRECTION ( 'NONE',  ( -0.7071067811865448000, 0.7071067811865503500, 1.762231522034902900E-016 ) ) ;
#4310 = PLANE ( 'NONE',  #6737 ) ;
#4311 = EDGE_CURVE ( 'NONE', #5123, #1608, #5761, .T. ) ;
#4312 = AXIS2_PLACEMENT_3D ( 'NONE', #4154, #4910, #2582 ) ;
#4313 = DIMENSIONAL_EXPONENTS ( 1.000000000000000000, 0.0000000000000000000, 0.0000000000000000000, 0.0000000000000000000, 0.0000000000000000000, 0.0000000000000000000, 0.0000000000000000000 ) ;
#4314 = LINE ( 'NONE', #414, #63 ) ;
#4315 = VERTEX_POINT ( 'NONE', #7919 ) ;
#4316 = DIRECTION ( 'NONE',  ( 0.0000000000000000000, 1.000000000000000000, 0.0000000000000000000 ) ) ;
#4317 = LINE ( 'NONE', #5182, #3855 ) ;
#4318 = DIRECTION ( 'NONE',  ( 1.000000000000000000, 0.0000000000000000000, -2.164346195853768800E-016 ) ) ;
#4319 = VERTEX_POINT ( 'NONE', #4217 ) ;
#4320 = EDGE_CURVE ( 'NONE', #8465, #6081, #802, .T. ) ;
#4321 = CARTESIAN_POINT ( 'NONE',  ( 0.2569099894223583800, 0.6705511811023621100, 0.1973173628908212700 ) ) ;
#4322 = VECTOR ( 'NONE', #6774, 39.37007874015748100 ) ;
#4323 = PLANE ( 'NONE',  #5034 ) ;
#4324 = ORIENTED_EDGE ( 'NONE', *, *, #7494, .F. ) ;
#4325 = AXIS2_PLACEMENT_3D ( 'NONE', #6366, #1824, #7126 ) ;
#4326 = ORIENTED_EDGE ( 'NONE', *, *, #6576, .T. ) ;
#4327 = CARTESIAN_POINT ( 'NONE',  ( 0.3250000000000015700, 0.03000000000000001300, 0.07990778161457227900 ) ) ;
#4328 =( LENGTH_UNIT ( ) NAMED_UNIT ( * ) SI_UNIT ( $, .METRE. ) );
#4329 = VERTEX_POINT ( 'NONE', #4970 ) ;
#4330 = FACE_OUTER_BOUND ( 'NONE', #4540, .T. ) ;
#4331 = ORIENTED_EDGE ( 'NONE', *, *, #5153, .F. ) ;
#4332 = CARTESIAN_POINT ( 'NONE',  ( 0.3116141732283445000, 0.6619533149417186100, 0.2670000000000015700 ) ) ;
#4333 = EDGE_CURVE ( 'NONE', #9542, #5018, #8635, .T. ) ;
#4334 =( NAMED_UNIT ( * ) PLANE_ANGLE_UNIT ( ) SI_UNIT ( $, .RADIAN. ) );
#4335 = ORIENTED_EDGE ( 'NONE', *, *, #47, .T. ) ;
#4336 = AXIS2_PLACEMENT_3D ( 'NONE', #8068, #2773, #5889 ) ;
#4337 = CARTESIAN_POINT ( 'NONE',  ( -0.2561045361904967200, 0.2705511811023621500, -0.09287881401875214300 ) ) ;
#4338 = ORIENTED_EDGE ( 'NONE', *, *, #3273, .F. ) ;
#4339 = VECTOR ( 'NONE', #9582, 39.37007874015748100 ) ;
#4340 = ORIENTED_EDGE ( 'NONE', *, *, #1230, .T. ) ;
#4341 = CIRCLE ( 'NONE', #2562, 0.01250000000000000200 ) ;
#4342 = EDGE_CURVE ( 'NONE', #4429, #3987, #3410, .T. ) ;
#4343 = CARTESIAN_POINT ( 'NONE',  ( 0.2669099894223583300, 0.6664090454786311100, 0.2073173628908212800 ) ) ;
#4344 = ADVANCED_FACE ( 'NONE', ( #1156 ), #5612, .F. ) ;
#4345 = ORIENTED_EDGE ( 'NONE', *, *, #2461, .T. ) ;
#4346 = VECTOR ( 'NONE', #7377, 39.37007874015748100 ) ;
#4347 = CARTESIAN_POINT ( 'NONE',  ( 0.2755511811023642100, 0.01450000000000000100, -0.2729397864125761000 ) ) ;
#4348 = CARTESIAN_POINT ( 'NONE',  ( 0.1605905511811047400, 0.5358241725520462900, 0.2670000000000045700 ) ) ;
#4349 = ORIENTED_EDGE ( 'NONE', *, *, #8507, .T. ) ;
#4350 = LINE ( 'NONE', #3703, #6367 ) ;
#4351 = DIRECTION ( 'NONE',  ( 0.0000000000000000000, 0.0000000000000000000, -1.000000000000000000 ) ) ;
#4352 = AXIS2_PLACEMENT_3D ( 'NONE', #976, #2593, #4163 ) ;
#4353 = ORIENTED_EDGE ( 'NONE', *, *, #6556, .T. ) ;
#4354 = VECTOR ( 'NONE', #9492, 39.37007874015748100 ) ;
#4355 = CARTESIAN_POINT ( 'NONE',  ( 0.2755511811023642100, 0.05455008786923420300, -0.2729397864125761000 ) ) ;
#4356 = DIMENSIONAL_EXPONENTS ( 1.000000000000000000, 0.0000000000000000000, 0.0000000000000000000, 0.0000000000000000000, 0.0000000000000000000, 0.0000000000000000000, 0.0000000000000000000 ) ;
#4357 = ORIENTED_EDGE ( 'NONE', *, *, #7174, .F. ) ;
#4358 = CARTESIAN_POINT ( 'NONE',  ( 1.639108796198557900E-015, -1.092739197465705300E-015, 0.2670000000000010100 ) ) ;
#4359 = LINE ( 'NONE', #7444, #8514 ) ;
#4360 = CARTESIAN_POINT ( 'NONE',  ( -0.02499999999999993900, 0.01450000000000000100, -0.3500000000000000900 ) ) ;
#4361 = EDGE_CURVE ( 'NONE', #8125, #9658, #4592, .T. ) ;
#4362 = EDGE_LOOP ( 'NONE', ( #4879, #6121, #1234, #9051 ) ) ;
#4363 = EDGE_CURVE ( 'NONE', #1330, #3427, #3902, .T. ) ;
#4364 = ORIENTED_EDGE ( 'NONE', *, *, #337, .T. ) ;
#4365 = CARTESIAN_POINT ( 'NONE',  ( 0.3116141732283466700, 0.6666141732283464800, 0.004393306531884162200 ) ) ;
#4366 = LINE ( 'NONE', #1508, #6966 ) ;
#4367 = DIRECTION ( 'NONE',  ( -3.518350040768382100E-015, 0.9659258262890679800, -0.2588190451025214100 ) ) ;
#4368 = CARTESIAN_POINT ( 'NONE',  ( 0.3250000000000015700, 0.05599999999999997300, -0.1319999999999999800 ) ) ;
#4369 = ORIENTED_EDGE ( 'NONE', *, *, #5184, .F. ) ;
#4370 = EDGE_CURVE ( 'NONE', #3043, #8342, #6597, .T. ) ;
#4371 = VERTEX_POINT ( 'NONE', #344 ) ;
#4372 = ORIENTED_EDGE ( 'NONE', *, *, #3115, .T. ) ;
#4373 = DIRECTION ( 'NONE',  ( 0.0000000000000000000, -1.000000000000000000, 0.0000000000000000000 ) ) ;
#4374 = PLANE ( 'NONE',  #461 ) ;
#4375 = VERTEX_POINT ( 'NONE', #6458 ) ;
#4376 = AXIS2_PLACEMENT_3D ( 'NONE', #4127, #7028, #2498 ) ;
#4377 = LINE ( 'NONE', #7945, #3810 ) ;
#4378 = CARTESIAN_POINT ( 'NONE',  ( -0.3250000000000023400, 0.05599999999999997300, -0.1219999999999999800 ) ) ;
#4379 = CARTESIAN_POINT ( 'NONE',  ( 0.3155511811023642400, 0.07199999999999993900, -0.2537107877407313000 ) ) ;
#4380 = VERTEX_POINT ( 'NONE', #9420 ) ;
#4381 = CARTESIAN_POINT ( 'NONE',  ( 0.09886766424711571100, 0.6508742176484813000, 0.1857501766271325800 ) ) ;
#4382 = B_SPLINE_CURVE_WITH_KNOTS ( 'NONE', 3,
 ( #6190, #6991, #3221, #2457, #9276, #6098 ),
 .UNSPECIFIED., .F., .F.,
 ( 4, 2, 4 ),
 ( 0.0000000000000000000, 0.5000000000000000000, 1.000000000000000000 ),
 .UNSPECIFIED. ) ;
#4383 = VERTEX_POINT ( 'NONE', #8759 ) ;
#4384 = EDGE_CURVE ( 'NONE', #6172, #2927, #8379, .T. ) ;
#4385 = ORIENTED_EDGE ( 'NONE', *, *, #6650, .F. ) ;
#4386 = CIRCLE ( 'NONE', #4949, 0.01250000000000000200 ) ;
#4387 = LINE ( 'NONE', #3244, #4867 ) ;
#4388 = DIRECTION ( 'NONE',  ( 0.0000000000000000000, 1.000000000000000000, 0.0000000000000000000 ) ) ;
#4389 = DIRECTION ( 'NONE',  ( -0.0000000000000000000, 1.000000000000000000, -0.0000000000000000000 ) ) ;
#4390 = LINE ( 'NONE', #3194, #2258 ) ;
#4391 = DIRECTION ( 'NONE',  ( 0.0000000000000000000, 0.7071067811865503500, -0.7071067811865448000 ) ) ;
#4392 = ORIENTED_EDGE ( 'NONE', *, *, #9655, .T. ) ;
#4393 = AXIS2_PLACEMENT_3D ( 'NONE', #7434, #818, #3666 ) ;
#4394 = CIRCLE ( 'NONE', #9613, 0.01500000000000001200 ) ;
#4395 = DIRECTION ( 'NONE',  ( -0.0000000000000000000, -1.000000000000000000, 3.201384367575298700E-015 ) ) ;
#4396 = VERTEX_POINT ( 'NONE', #1959 ) ;
#4397 = LINE ( 'NONE', #8789, #2391 ) ;
#4398 = LINE ( 'NONE', #7318, #6283 ) ;
#4399 = ORIENTED_EDGE ( 'NONE', *, *, #2424, .T. ) ;
#4400 = CARTESIAN_POINT ( 'NONE',  ( 0.07500000000000005300, -0.1674264068711929000, -0.3500000000000000900 ) ) ;
#4401 = EDGE_CURVE ( 'NONE', #5576, #8888, #3523, .T. ) ;
#4402 = CARTESIAN_POINT ( 'NONE',  ( 0.1490000000000000800, 0.01450000000000000100, 0.1469999999999999900 ) ) ;
#4403 = PLANE ( 'NONE',  #4650 ) ;
#4404 = LINE ( 'NONE', #3632, #2396 ) ;
#4405 = AXIS2_PLACEMENT_3D ( 'NONE', #1034, #6335, #1796 ) ;
#4406 = CIRCLE ( 'NONE', #4312, 0.01250000000000000200 ) ;
#4407 = ORIENTED_EDGE ( 'NONE', *, *, #965, .F. ) ;
#4408 = EDGE_LOOP ( 'NONE', ( #7953, #1687 ) ) ;
#4409 = AXIS2_PLACEMENT_3D ( 'NONE', #2653, #7119, #310 ) ;
#4410 = CARTESIAN_POINT ( 'NONE',  ( 0.1849999999999985800, 0.5358241725520465100, 0.2670000000000027400 ) ) ;
#4411 = EDGE_LOOP ( 'NONE', ( #7995, #2342, #8050, #9023 ) ) ;
#4412 = EDGE_CURVE ( 'NONE', #5319, #7083, #9324, .T. ) ;
#4413 = FILL_AREA_STYLE_COLOUR ( '', #712 ) ;
#4414 = VECTOR ( 'NONE', #2042, 39.37007874015748100 ) ;
#4415 = DIRECTION ( 'NONE',  ( 0.0000000000000000000, 1.000000000000000000, 0.0000000000000000000 ) ) ;
#4416 = ORIENTED_EDGE ( 'NONE', *, *, #635, .T. ) ;
#4417 = ADVANCED_FACE ( 'NONE', ( #6486 ), #5645, .T. ) ;
#4418 = CARTESIAN_POINT ( 'NONE',  ( -0.3069533149417182900, 0.6705511811023621100, 0.2546448794795240800 ) ) ;
#4419 = CARTESIAN_POINT ( 'NONE',  ( -0.3155511811023643000, 0.05600000000000219400, -0.1740000000000000200 ) ) ;
#4420 =( LENGTH_UNIT ( ) NAMED_UNIT ( * ) SI_UNIT ( $, .METRE. ) );
#4421 = CARTESIAN_POINT ( 'NONE',  ( -0.2733513886040114200, 0.6666141732283462600, -0.2064179702976515800 ) ) ;
#4422 = LINE ( 'NONE', #5613, #6191 ) ;
#4423 = ORIENTED_EDGE ( 'NONE', *, *, #6669, .T. ) ;
#4424 = AXIS2_PLACEMENT_3D ( 'NONE', #7580, #8416, #6801 ) ;
#4425 = VECTOR ( 'NONE', #4682, 39.37007874015748100 ) ;
#4426 = DIRECTION ( 'NONE',  ( -1.000000000000000000, 0.0000000000000000000, 0.0000000000000000000 ) ) ;
#4427 = ORIENTED_EDGE ( 'NONE', *, *, #4333, .F. ) ;
#4428 = LINE ( 'NONE', #123, #7994 ) ;
#4429 = VERTEX_POINT ( 'NONE', #2717 ) ;
#4430 = ORIENTED_EDGE ( 'NONE', *, *, #4107, .F. ) ;
#4431 = DIRECTION ( 'NONE',  ( -0.7071067811865429100, -0.0000000000000000000, -0.7071067811865521200 ) ) ;
#4432 = DIRECTION ( 'NONE',  ( 0.0000000000000000000, 0.0000000000000000000, 1.000000000000000000 ) ) ;
#4433 = LINE ( 'NONE', #6055, #3488 ) ;
#4434 = CARTESIAN_POINT ( 'NONE',  ( 0.3069533149417182900, 0.6676448794795242200, 0.2575511811023620800 ) ) ;
#4435 = ORIENTED_EDGE ( 'NONE', *, *, #4034, .F. ) ;
#4436 = DIRECTION ( 'NONE',  ( -1.000000000000000000, 0.0000000000000000000, -5.782411586589358800E-015 ) ) ;
#4437 = EDGE_CURVE ( 'NONE', #1805, #3146, #8031, .T. ) ;
#4438 = DIRECTION ( 'NONE',  ( -0.0000000000000000000, -1.000000000000000000, -0.0000000000000000000 ) ) ;
#4439 = AXIS2_PLACEMENT_3D ( 'NONE', #5836, #2979, #8280 ) ;
#4440 = VERTEX_POINT ( 'NONE', #9563 ) ;
#4441 = DIRECTION ( 'NONE',  ( -1.000000000000000000, 0.0000000000000000000, 0.0000000000000000000 ) ) ;
#4442 = FACE_OUTER_BOUND ( 'NONE', #1988, .T. ) ;
#4443 = VERTEX_POINT ( 'NONE', #5577 ) ;
#4444 = DIRECTION ( 'NONE',  ( 0.0000000000000000000, -0.0000000000000000000, 1.000000000000000000 ) ) ;
#4445 = ADVANCED_FACE ( 'NONE', ( #8144 ), #5868, .T. ) ;
#4446 = VERTEX_POINT ( 'NONE', #3352 ) ;
#4447 = EDGE_CURVE ( 'NONE', #7306, #4826, #3895, .T. ) ;
#4448 = DIRECTION ( 'NONE',  ( 0.0000000000000000000, 0.0000000000000000000, 1.000000000000000000 ) ) ;
#4449 = DIRECTION ( 'NONE',  ( 1.000000000000000000, 0.0000000000000000000, 0.0000000000000000000 ) ) ;
#4450 = VERTEX_POINT ( 'NONE', #4908 ) ;
#4451 = AXIS2_PLACEMENT_3D ( 'NONE', #798, #2888, #1434 ) ;
#4452 = ORIENTED_EDGE ( 'NONE', *, *, #627, .F. ) ;
#4453 = PLANE ( 'NONE',  #1706 ) ;
#4454 = ORIENTED_EDGE ( 'NONE', *, *, #4630, .T. ) ;
#4455 = PLANE ( 'NONE',  #2832 ) ;
#4456 = DIRECTION ( 'NONE',  ( 0.0000000000000000000, 0.0000000000000000000, -1.000000000000000000 ) ) ;
#4457 = CARTESIAN_POINT ( 'NONE',  ( -0.3250000000000023400, 0.05599999999999997300, 0.07990778161457223700 ) ) ;
#4458 = CARTESIAN_POINT ( 'NONE',  ( -0.2399385210375706000, 0.2705511811023621500, 0.09870736768358978600 ) ) ;
#4459 = EDGE_CURVE ( 'NONE', #9533, #9581, #9821, .T. ) ;
#4460 = ORIENTED_EDGE ( 'NONE', *, *, #7794, .T. ) ;
#4461 = FACE_OUTER_BOUND ( 'NONE', #7571, .T. ) ;
#4462 = ORIENTED_EDGE ( 'NONE', *, *, #2823, .F. ) ;
#4463 = AXIS2_PLACEMENT_3D ( 'NONE', #4194, #7184, #8706 ) ;
#4464 = PLANE ( 'NONE',  #778 ) ;
#4465 = COLOUR_RGB ( '',0.0000000000000000000, 1.000000000000000000, 0.0000000000000000000 ) ;
#4466 = DIRECTION ( 'NONE',  ( 0.0000000000000000000, 0.0000000000000000000, 1.000000000000000000 ) ) ;
#4467 = PLANE ( 'NONE',  #3726 ) ;
#4468 = ADVANCED_FACE ( 'NONE', ( #919 ), #1989, .T. ) ;
#4469 = DIRECTION ( 'NONE',  ( -0.0000000000000000000, -1.000000000000000000, -0.0000000000000000000 ) ) ;
#4470 = ORIENTED_EDGE ( 'NONE', *, *, #9258, .T. ) ;
#4471 = LINE ( 'NONE', #558, #7791 ) ;
#4472 = DIRECTION ( 'NONE',  ( 0.0000000000000000000, 1.000000000000000000, 0.0000000000000000000 ) ) ;
#4473 = MANIFOLD_SOLID_BREP ( 'Boss-Extrude5[6]', #6248 ) ;
#4474 = DIRECTION ( 'NONE',  ( 0.0000000000000000000, 1.000000000000000000, 0.0000000000000000000 ) ) ;
#4475 = EDGE_CURVE ( 'NONE', #4487, #4781, #2455, .T. ) ;
#4476 = ORIENTED_EDGE ( 'NONE', *, *, #1737, .F. ) ;
#4477 = SURFACE_SIDE_STYLE ('',( #6006 ) ) ;
#4478 = LINE ( 'NONE', #7510, #807 ) ;
#4479 = PLANE ( 'NONE',  #6537 ) ;
#4480 = ORIENTED_EDGE ( 'NONE', *, *, #5112, .F. ) ;
#4481 = DIRECTION ( 'NONE',  ( 1.000000000000000000, 0.0000000000000000000, -1.459106284977188500E-016 ) ) ;
#4482 = VECTOR ( 'NONE', #4367, 39.37007874015748900 ) ;
#4483 = CARTESIAN_POINT ( 'NONE',  ( 0.3113051303775448100, 0.6621293029295948200, 0.2575511811023637500 ) ) ;
#4484 = CARTESIAN_POINT ( 'NONE',  ( 0.1645137373393535100, 0.6605511811023621100, 0.1385002118027675600 ) ) ;
#4485 = DIRECTION ( 'NONE',  ( 0.0000000000000000000, 0.0000000000000000000, 1.000000000000000000 ) ) ;
#4486 = AXIS2_PLACEMENT_3D ( 'NONE', #5235, #708, #1571 ) ;
#4487 = VERTEX_POINT ( 'NONE', #5066 ) ;
#4488 = LINE ( 'NONE', #8004, #6253 ) ;
#4489 = DIRECTION ( 'NONE',  ( 0.0000000000000000000, 0.0000000000000000000, -1.000000000000000000 ) ) ;
#4490 = CARTESIAN_POINT ( 'NONE',  ( 0.1959325888690782400, 0.6666141732283462600, -0.08658759291419086700 ) ) ;
#4491 = ORIENTED_EDGE ( 'NONE', *, *, #9224, .F. ) ;
#4492 = DIRECTION ( 'NONE',  ( -1.000000000000000000, 0.0000000000000000000, 0.0000000000000000000 ) ) ;
#4493 = FACE_OUTER_BOUND ( 'NONE', #8962, .T. ) ;
#4494 = ADVANCED_FACE ( 'NONE', ( #4817 ), #9588, .F. ) ;
#4495 = VERTEX_POINT ( 'NONE', #2848 ) ;
#4496 = EDGE_CURVE ( 'NONE', #3239, #6501, #3286, .T. ) ;
#4497 = VECTOR ( 'NONE', #9186, 39.37007874015748100 ) ;
#4498 = EDGE_CURVE ( 'NONE', #1289, #8757, #2403, .T. ) ;
#4499 = AXIS2_PLACEMENT_3D ( 'NONE', #8492, #2456, #8426 ) ;
#4500 = ORIENTED_EDGE ( 'NONE', *, *, #5081, .T. ) ;
#4501 = CARTESIAN_POINT ( 'NONE',  ( -0.3055511811023642300, 0.6705511811023621100, 3.156543633698839100E-017 ) ) ;
#4502 = CARTESIAN_POINT ( 'NONE',  ( -0.3250000000000023400, 0.01999999999999994100, -0.1019999999999999900 ) ) ;
#4503 = EDGE_LOOP ( 'NONE', ( #4952, #5245, #8884, #5982 ) ) ;
#4504 = ORIENTED_EDGE ( 'NONE', *, *, #6595, .F. ) ;
#4505 = VECTOR ( 'NONE', #5415, 39.37007874015748100 ) ;
#4506 = CARTESIAN_POINT ( 'NONE',  ( 0.08354462770099666000, 0.2705511811023621500, 0.1704271400810135600 ) ) ;
#4507 = EDGE_CURVE ( 'NONE', #7376, #7525, #2694, .T. ) ;
#4508 = DIRECTION ( 'NONE',  ( 0.0000000000000000000, -1.000000000000000000, 0.0000000000000000000 ) ) ;
#4509 = VERTEX_POINT ( 'NONE', #3548 ) ;
#4510 = PLANE ( 'NONE',  #3499 ) ;
#4511 = VERTEX_POINT ( 'NONE', #5744 ) ;
#4512 = STYLED_ITEM ( 'NONE', ( #8556 ), #9326 ) ;
#4513 = VECTOR ( 'NONE', #9125, 39.37007874015748100 ) ;
#4514 = CYLINDRICAL_SURFACE ( 'NONE', #3629, 0.01338582677165354500 ) ;
#4515 = CARTESIAN_POINT ( 'NONE',  ( 0.3126448794795244600, 0.6705511811023621100, -0.3949533149417188100 ) ) ;
#4516 = ORIENTED_EDGE ( 'NONE', *, *, #6397, .T. ) ;
#4517 = CARTESIAN_POINT ( 'NONE',  ( -0.3116141732283510000, 9.954421969059631400E-016, 0.2670000000000009600 ) ) ;
#4518 = B_SPLINE_CURVE_WITH_KNOTS ( 'NONE', 3,
 ( #603, #2130, #3866, #3053, #7756, #8523 ),
 .UNSPECIFIED., .F., .F.,
 ( 4, 2, 4 ),
 ( 0.0000000000000000000, 0.5000000000000000000, 1.000000000000000000 ),
 .UNSPECIFIED. ) ;
#4519 = ORIENTED_EDGE ( 'NONE', *, *, #5032, .F. ) ;
#4520 = CARTESIAN_POINT ( 'NONE',  ( -0.2669099894223583300, 0.6205511811023621800, 0.2073173628908212800 ) ) ;
#4521 = ADVANCED_FACE ( 'NONE', ( #5996 ), #2886, .T. ) ;
#4522 = DIRECTION ( 'NONE',  ( -0.0000000000000000000, 1.000000000000000000, -0.0000000000000000000 ) ) ;
#4523 = EDGE_CURVE ( 'NONE', #9285, #6454, #4471, .T. ) ;
#4524 = VERTEX_POINT ( 'NONE', #9628 ) ;
#4525 = CIRCLE ( 'NONE', #7418, 0.003937007874015724600 ) ;
#4526 = CARTESIAN_POINT ( 'NONE',  ( 0.3116141732283445000, 0.6619533149417187200, -0.4035511811023637700 ) ) ;
#4527 = CARTESIAN_POINT ( 'NONE',  ( -0.1142984638647553800, 0.6666141732283462600, 0.2170512116749741500 ) ) ;
#4528 = CARTESIAN_POINT ( 'NONE',  ( 0.3116141732283466700, 0.6799999999999999400, -0.3996141732283464100 ) ) ;
#4529 = CYLINDRICAL_SURFACE ( 'NONE', #8765, 0.01338582677165354500 ) ;
#4530 = LINE ( 'NONE', #7031, #7356 ) ;
#4531 = ORIENTED_EDGE ( 'NONE', *, *, #7128, .F. ) ;
#4532 = FACE_OUTER_BOUND ( 'NONE', #3271, .T. ) ;
#4533 = FACE_OUTER_BOUND ( 'NONE', #8696, .T. ) ;
#4534 = CARTESIAN_POINT ( 'NONE',  ( -0.2755511811023642600, 0.0000000000000000000, 0.1871780396547222100 ) ) ;
#4535 = CARTESIAN_POINT ( 'NONE',  ( 0.3055511811023642900, 1.403100757040926000, 0.2575511811023650800 ) ) ;
#4536 = ORIENTED_EDGE ( 'NONE', *, *, #5710, .T. ) ;
#4537 = EDGE_CURVE ( 'NONE', #967, #833, #4008, .T. ) ;
#4538 = CARTESIAN_POINT ( 'NONE',  ( 0.2490000000000001400, 0.01450000000000000100, 0.1620000000000000900 ) ) ;
#4539 = CARTESIAN_POINT ( 'NONE',  ( 0.3155511811023650200, -0.1174999999999977700, -0.1739999999999999900 ) ) ;
#4540 = EDGE_LOOP ( 'NONE', ( #8361, #1326, #1009, #8214 ) ) ;
#4541 = DIRECTION ( 'NONE',  ( -1.000000000000000000, 0.0000000000000000000, 0.0000000000000000000 ) ) ;
#4542 = LINE ( 'NONE', #6441, #8919 ) ;
#4543 = DIRECTION ( 'NONE',  ( -1.000000000000000000, 0.0000000000000000000, 1.459106284977188500E-016 ) ) ;
#4544 = ADVANCED_FACE ( 'NONE', ( #1735 ), #6361, .T. ) ;
#4545 = ORIENTED_EDGE ( 'NONE', *, *, #8443, .T. ) ;
#4546 = EDGE_LOOP ( 'NONE', ( #8306, #2915, #9713, #2368, #2046, #9789, #4531, #7414, #9310, #7889, #2687 ) ) ;
#4547 = CARTESIAN_POINT ( 'NONE',  ( -0.3250000000000029000, -0.1549999999999954700, -0.1639519052838328500 ) ) ;
#4548 = CARTESIAN_POINT ( 'NONE',  ( 0.0000000000000000000, 0.2705511811023621500, -0.1833786526941293700 ) ) ;
#4549 = DIRECTION ( 'NONE',  ( -0.0000000000000000000, 1.000000000000000000, -0.0000000000000000000 ) ) ;
#4550 = LINE ( 'NONE', #5330, #6203 ) ;
#4551 = ORIENTED_EDGE ( 'NONE', *, *, #2683, .F. ) ;
#4552 = VECTOR ( 'NONE', #5673, 39.37007874015748100 ) ;
#4553 = ORIENTED_EDGE ( 'NONE', *, *, #1724, .T. ) ;
#4554 = EDGE_CURVE ( 'NONE', #1564, #4495, #8855, .T. ) ;
#4555 = CARTESIAN_POINT ( 'NONE',  ( 0.3250000000000015700, 0.03999999999999992500, -0.1940000000000000100 ) ) ;
#4556 = PLANE ( 'NONE',  #1868 ) ;
#4557 = EDGE_CURVE ( 'NONE', #6945, #6466, #7542, .T. ) ;
#4558 = AXIS2_PLACEMENT_3D ( 'NONE', #3068, #6108, #1584 ) ;
#4559 = LINE ( 'NONE', #456, #9673 ) ;
#4560 = ORIENTED_EDGE ( 'NONE', *, *, #5352, .T. ) ;
#4561 = CARTESIAN_POINT ( 'NONE',  ( 0.2755511811023643200, 0.0000000000000000000, -0.3828791539144444400 ) ) ;
#4562 = ORIENTED_EDGE ( 'NONE', *, *, #8344, .T. ) ;
#4563 = CARTESIAN_POINT ( 'NONE',  ( 0.2755511811023642600, 0.0000000000000000000, 0.1871780396547222100 ) ) ;
#4564 = DIRECTION ( 'NONE',  ( 0.0000000000000000000, -0.0000000000000000000, 1.000000000000000000 ) ) ;
#4565 = EDGE_LOOP ( 'NONE', ( #7546, #2842, #1420, #137 ) ) ;
#4566 = ADVANCED_FACE ( 'NONE', ( #8508 ), #454, .T. ) ;
#4567 = VECTOR ( 'NONE', #8304, 39.37007874015748100 ) ;
#4568 = EDGE_LOOP ( 'NONE', ( #5821, #4969, #5199, #6571 ) ) ;
#4569 = CARTESIAN_POINT ( 'NONE',  ( 0.2755511811023642600, 0.0000000000000000000, 0.1871780396547222100 ) ) ;
#4570 = EDGE_CURVE ( 'NONE', #2899, #7805, #5059, .T. ) ;
#4571 = CARTESIAN_POINT ( 'NONE',  ( -0.1959325888690782400, 0.6799999999999999400, 0.004393306531884149200 ) ) ;
#4572 = ORIENTED_EDGE ( 'NONE', *, *, #2216, .F. ) ;
#4573 = DIRECTION ( 'NONE',  ( -0.0000000000000000000, -0.0000000000000000000, 1.000000000000000000 ) ) ;
#4574 = VERTEX_POINT ( 'NONE', #6763 ) ;
#4575 = LINE ( 'NONE', #367, #318 ) ;
#4576 = EDGE_CURVE ( 'NONE', #3142, #6379, #5521, .T. ) ;
#4577 = CARTESIAN_POINT ( 'NONE',  ( 0.3155511811023624700, 0.6676448794795242200, -0.3949533149417188700 ) ) ;
#4578 = EDGE_LOOP ( 'NONE', ( #8943, #9481, #4730, #4924 ) ) ;
#4579 = CARTESIAN_POINT ( 'NONE',  ( 0.1250000000000000300, -0.1250000000000000000, -0.2374999999999999900 ) ) ;
#4580 = DIRECTION ( 'NONE',  ( 0.0000000000000000000, 0.0000000000000000000, 1.000000000000000000 ) ) ;
#4581 = AXIS2_PLACEMENT_3D ( 'NONE', #2906, #5378, #7463 ) ;
#4582 = EDGE_LOOP ( 'NONE', ( #797, #8830, #3815, #6933 ) ) ;
#4583 = CARTESIAN_POINT ( 'NONE',  ( 1.365923996832131600E-016, 0.6799999999999999400, 0.0000000000000000000 ) ) ;
#4584 = CARTESIAN_POINT ( 'NONE',  ( -0.3155511811023621900, 0.6666141732283464800, -0.07300000000000000900 ) ) ;
#4585 = CARTESIAN_POINT ( 'NONE',  ( -0.3116141732283463900, 0.6705511811023621100, -0.4129999999999999200 ) ) ;
#4586 = ORIENTED_EDGE ( 'NONE', *, *, #8226, .F. ) ;
#4587 = CIRCLE ( 'NONE', #4463, 0.009999999999999995000 ) ;
#4588 = ADVANCED_FACE ( 'NONE', ( #3773 ), #4467, .F. ) ;
#4589 = CARTESIAN_POINT ( 'NONE',  ( 0.3155511811023641900, 0.01450000000000000100, -0.2729397864125761000 ) ) ;
#4590 = EDGE_CURVE ( 'NONE', #3875, #5930, #2332, .T. ) ;
#4591 = ORIENTED_EDGE ( 'NONE', *, *, #7785, .T. ) ;
#4592 = LINE ( 'NONE', #4871, #7553 ) ;
#4593 = UNCERTAINTY_MEASURE_WITH_UNIT (LENGTH_MEASURE( 1.000000000000000100E-005 ), #2860, 'distance_accuracy_value', 'NONE');
#4594 =( GEOMETRIC_REPRESENTATION_CONTEXT ( 3 ) GLOBAL_UNCERTAINTY_ASSIGNED_CONTEXT ( ( #6354 ) ) GLOBAL_UNIT_ASSIGNED_CONTEXT ( ( #7153, #2628, #3460 ) ) REPRESENTATION_CONTEXT ( 'NONE', 'WORKASPACE' ) );
#4595 = EDGE_LOOP ( 'NONE', ( #6822, #2587, #927, #3547 ) ) ;
#4596 = LINE ( 'NONE', #875, #4830 ) ;
#4597 = DIRECTION ( 'NONE',  ( -0.0000000000000000000, -3.491481338843133000E-015, -1.000000000000000000 ) ) ;
#4598 = CARTESIAN_POINT ( 'NONE',  ( -0.2249999999999999800, -0.1250000000000000000, -0.04849584923580589600 ) ) ;
#4599 = VERTEX_POINT ( 'NONE', #1425 ) ;
#4600 = LINE ( 'NONE', #446, #2466 ) ;
#4601 = EDGE_CURVE ( 'NONE', #7446, #5684, #8963, .T. ) ;
#4602 = ORIENTED_EDGE ( 'NONE', *, *, #9747, .F. ) ;
#4603 = VECTOR ( 'NONE', #4070, 39.37007874015748100 ) ;
#4604 = CARTESIAN_POINT ( 'NONE',  ( -0.2249999999999999800, -0.1250000000000000000, -0.04849584923580589600 ) ) ;
#4605 = ORIENTED_EDGE ( 'NONE', *, *, #2147, .T. ) ;
#4606 = CARTESIAN_POINT ( 'NONE',  ( -0.2490000000000000500, -0.1674264068711929000, 0.1470000000000000200 ) ) ;
#4607 = PLANE ( 'NONE',  #1364 ) ;
#4608 = ORIENTED_EDGE ( 'NONE', *, *, #8593, .F. ) ;
#4609 = FACE_OUTER_BOUND ( 'NONE', #9400, .T. ) ;
#4610 = ORIENTED_EDGE ( 'NONE', *, *, #4554, .T. ) ;
#4611 = ADVANCED_FACE ( 'NONE', ( #5513 ), #3514, .F. ) ;
#4612 = ORIENTED_EDGE ( 'NONE', *, *, #3671, .F. ) ;
#4613 = FACE_OUTER_BOUND ( 'NONE', #2437, .T. ) ;
#4614 = ORIENTED_EDGE ( 'NONE', *, *, #4342, .F. ) ;
#4615 = EDGE_LOOP ( 'NONE', ( #3541, #3668, #7417, #1404 ) ) ;
#4616 = ORIENTED_EDGE ( 'NONE', *, *, #9457, .F. ) ;
#4617 = EDGE_CURVE ( 'NONE', #9550, #2603, #9814, .T. ) ;
#4618 = FACE_OUTER_BOUND ( 'NONE', #9653, .T. ) ;
#4619 = VECTOR ( 'NONE', #398, 39.37007874015748100 ) ;
#4620 = AXIS2_PLACEMENT_3D ( 'NONE', #7991, #3515, #1997 ) ;
#4621 = DIRECTION ( 'NONE',  ( 0.5773502691896274000, 0.5773502691896227300, 0.5773502691896271700 ) ) ;
#4622 = FACE_OUTER_BOUND ( 'NONE', #7980, .T. ) ;
#4623 = PLANE ( 'NONE',  #7289 ) ;
#4624 = DIRECTION ( 'NONE',  ( 0.0000000000000000000, 0.0000000000000000000, 1.000000000000000000 ) ) ;
#4625 = ORIENTED_EDGE ( 'NONE', *, *, #1395, .T. ) ;
#4626 = VECTOR ( 'NONE', #3249, 39.37007874015748100 ) ;
#4627 = DIRECTION ( 'NONE',  ( -0.0000000000000000000, 0.0000000000000000000, 1.000000000000000000 ) ) ;
#4628 = ORIENTED_EDGE ( 'NONE', *, *, #8593, .T. ) ;
#4629 = CARTESIAN_POINT ( 'NONE',  ( -0.3069533149417182900, 0.6800000000000002700, 0.2571185744823507600 ) ) ;
#4630 = EDGE_CURVE ( 'NONE', #4083, #8125, #8848, .T. ) ;
#4631 = CIRCLE ( 'NONE', #8372, 0.01181102362204731000 ) ;
#4632 = PLANE ( 'NONE',  #2930 ) ;
#4633 = VECTOR ( 'NONE', #6584, 39.37007874015748100 ) ;
#4634 = ORIENTED_EDGE ( 'NONE', *, *, #1230, .F. ) ;
#4635 = CARTESIAN_POINT ( 'NONE',  ( 0.1849999999999987200, 0.5358241725520465100, 0.2670000000000021800 ) ) ;
#4636 = ADVANCED_FACE ( 'NONE', ( #5747 ), #5290, .F. ) ;
#4637 = CARTESIAN_POINT ( 'NONE',  ( -0.3116141732283464500, 0.6666141732283464800, -0.5562695347634599700 ) ) ;
#4638 = CARTESIAN_POINT ( 'NONE',  ( -0.2755511811023642600, 0.01450000000000000100, -0.3067141884898558200 ) ) ;
#4639 = LINE ( 'NONE', #5857, #8208 ) ;
#4640 = SURFACE_STYLE_USAGE ( .BOTH. , #842 ) ;
#4641 = LINE ( 'NONE', #5398, #6293 ) ;
#4642 = DIRECTION ( 'NONE',  ( -0.0000000000000000000, 1.000000000000000000, 0.0000000000000000000 ) ) ;
#4643 = EDGE_LOOP ( 'NONE', ( #4560, #7823, #2458, #9289, #5357, #6784, #891, #4259, #8608, #2834 ) ) ;
#4644 = ORIENTED_EDGE ( 'NONE', *, *, #3853, .F. ) ;
#4645 = EDGE_CURVE ( 'NONE', #9658, #4207, #1856, .T. ) ;
#4646 = DIRECTION ( 'NONE',  ( -0.7071067811865448000, 0.7071067811865503500, 1.762231522034902900E-016 ) ) ;
#4647 = FILL_AREA_STYLE ('',( #9147 ) ) ;
#4648 = DIRECTION ( 'NONE',  ( 0.0000000000000000000, -0.0000000000000000000, 1.000000000000000000 ) ) ;
#4649 = LINE ( 'NONE', #1614, #5012 ) ;
#4650 = AXIS2_PLACEMENT_3D ( 'NONE', #8223, #5876, #2214 ) ;
#4651 = LINE ( 'NONE', #5111, #4414 ) ;
#4652 = DIRECTION ( 'NONE',  ( 1.000000000000000000, -0.0000000000000000000, -0.0000000000000000000 ) ) ;
#4653 = CARTESIAN_POINT ( 'NONE',  ( 0.3250000000000015700, 0.08200000000000000300, -0.2637107877407313700 ) ) ;
#4654 = VECTOR ( 'NONE', #8284, 39.37007874015748100 ) ;
#4655 = EDGE_LOOP ( 'NONE', ( #5803, #3673, #3607, #2942 ) ) ;
#4656 = DIRECTION ( 'NONE',  ( -3.462928498309742800E-015, -1.000000000000000000, 6.566942292462162400E-016 ) ) ;
#4657 = EDGE_CURVE ( 'NONE', #6738, #5050, #9193, .T. ) ;
#4658 = FACE_OUTER_BOUND ( 'NONE', #3883, .T. ) ;
#4659 = ADVANCED_FACE ( 'NONE', ( #3998 ), #1502, .F. ) ;
#4660 = VERTEX_POINT ( 'NONE', #2212 ) ;
#4661 = CARTESIAN_POINT ( 'NONE',  ( -0.2733513886040114200, 0.6799999999999999400, -0.2064179702976515800 ) ) ;
#4662 = CARTESIAN_POINT ( 'NONE',  ( -0.6140847758790486400, 0.6666141732283464800, 0.2536141732283463400 ) ) ;
#4663 = LINE ( 'NONE', #3990, #882 ) ;
#4664 = ORIENTED_EDGE ( 'NONE', *, *, #6978, .F. ) ;
#4665 = CARTESIAN_POINT ( 'NONE',  ( -0.3173036717348486400, 0.6723036717348476200, 0.2670000000000032300 ) ) ;
#4666 = AXIS2_PLACEMENT_3D ( 'NONE', #1036, #2500, #5527 ) ;
#4667 = LINE ( 'NONE', #7813, #185 ) ;
#4668 = ORIENTED_EDGE ( 'NONE', *, *, #7440, .T. ) ;
#4669 = DIRECTION ( 'NONE',  ( -0.7071067811865502400, -0.7071067811865446900, 1.762231522034916700E-016 ) ) ;
#4670 = CARTESIAN_POINT ( 'NONE',  ( -0.2569099894223583800, 0.6705511811023621100, 0.1973173628908212700 ) ) ;
#4671 = CARTESIAN_POINT ( 'NONE',  ( -0.2490000000000000500, 0.01450000000000000100, 0.1620000000000000100 ) ) ;
#4672 = ORIENTED_EDGE ( 'NONE', *, *, #6298, .T. ) ;
#4673 = CARTESIAN_POINT ( 'NONE',  ( 0.3173036717348476900, 0.6799999999999999400, 0.2593036717348482000 ) ) ;
#4674 = VECTOR ( 'NONE', #999, 39.37007874015748100 ) ;
#4675 = ORIENTED_EDGE ( 'NONE', *, *, #4401, .F. ) ;
#4676 = EDGE_CURVE ( 'NONE', #1380, #6307, #7531, .T. ) ;
#4677 = DIRECTION ( 'NONE',  ( 0.0000000000000000000, -0.0000000000000000000, 1.000000000000000000 ) ) ;
#4678 = VERTEX_POINT ( 'NONE', #2277 ) ;
#4679 = EDGE_CURVE ( 'NONE', #2188, #5096, #909, .T. ) ;
#4680 = DIRECTION ( 'NONE',  ( 0.0000000000000000000, 0.0000000000000000000, -1.000000000000000000 ) ) ;
#4681 = ADVANCED_FACE ( 'NONE', ( #6232 ), #7618, .T. ) ;
#4682 = DIRECTION ( 'NONE',  ( -0.0000000000000000000, 1.000000000000000000, -0.0000000000000000000 ) ) ;
#4683 = ORIENTED_EDGE ( 'NONE', *, *, #6072, .F. ) ;
#4684 = CONICAL_SURFACE ( 'NONE', #1623, 0.04849584923580589600, 0.6108652381980129700 ) ;
#4685 = DIRECTION ( 'NONE',  ( -0.0000000000000000000, 0.0000000000000000000, -1.000000000000000000 ) ) ;
#4686 = VERTEX_POINT ( 'NONE', #4502 ) ;
#4687 = ORIENTED_EDGE ( 'NONE', *, *, #4107, .T. ) ;
#4688 = EDGE_CURVE ( 'NONE', #7268, #3146, #4235, .T. ) ;
#4689 = CARTESIAN_POINT ( 'NONE',  ( -0.2669099894223583300, 0.6705511811023621100, 0.2073173628908212800 ) ) ;
#4690 = CARTESIAN_POINT ( 'NONE',  ( -0.3250000000000023400, 0.06600000000000103000, 0.2669999999999999600 ) ) ;
#4691 = CARTESIAN_POINT ( 'NONE',  ( -0.2733513886040114200, 0.6666141732283462600, 0.1077457736259981600 ) ) ;
#4692 = ORIENTED_EDGE ( 'NONE', *, *, #2748, .T. ) ;
#4693 = AXIS2_PLACEMENT_3D ( 'NONE', #3138, #6079, #6008 ) ;
#4694 = VECTOR ( 'NONE', #1592, 39.37007874015748100 ) ;
#4695 = DIRECTION ( 'NONE',  ( 0.0000000000000000000, 0.0000000000000000000, 1.000000000000000000 ) ) ;
#4696 = VERTEX_POINT ( 'NONE', #3980 ) ;
#4697 = CIRCLE ( 'NONE', #4976, 0.01181102362204724000 ) ;
#4698 = EDGE_CURVE ( 'NONE', #7262, #6875, #1013, .T. ) ;
#4699 = VERTEX_POINT ( 'NONE', #1617 ) ;
#4700 = VECTOR ( 'NONE', #534, 39.37007874015748100 ) ;
#4701 = PLANE ( 'NONE',  #8877 ) ;
#4702 = CARTESIAN_POINT ( 'NONE',  ( 0.08354462770099667400, 0.4705511811023621000, 0.2575511811023651900 ) ) ;
#4703 = B_SPLINE_CURVE_WITH_KNOTS ( 'NONE', 3,
 ( #2770, #5786, #8949, #1340, #6591, #2069 ),
 .UNSPECIFIED., .F., .F.,
 ( 4, 2, 4 ),
 ( 0.0000000000000000000, 0.5000000000000000000, 1.000000000000000000 ),
 .UNSPECIFIED. ) ;
#4704 = ORIENTED_EDGE ( 'NONE', *, *, #9037, .T. ) ;
#4705 = CARTESIAN_POINT ( 'NONE',  ( 0.2733513886040114200, 0.6666141732283462600, -0.2064179702976515800 ) ) ;
#4706 = ADVANCED_FACE ( 'NONE', ( #1146 ), #2310, .F. ) ;
#4707 = VECTOR ( 'NONE', #3767, 39.37007874015748100 ) ;
#4708 = EDGE_LOOP ( 'NONE', ( #2196, #3321, #2676, #4357 ) ) ;
#4709 = CARTESIAN_POINT ( 'NONE',  ( 0.1959325888690782400, 0.6705511811023621100, 0.0000000000000000000 ) ) ;
#4710 = CARTESIAN_POINT ( 'NONE',  ( -0.2669099894223583300, 0.6705511811023621100, 0.1385002118027675600 ) ) ;
#4711 = VECTOR ( 'NONE', #8165, 39.37007874015748900 ) ;
#4712 = DIRECTION ( 'NONE',  ( 0.0000000000000000000, -3.661961499347899700E-015, 1.000000000000000000 ) ) ;
#4713 = EDGE_CURVE ( 'NONE', #7457, #6240, #9315, .T. ) ;
#4714 = EDGE_LOOP ( 'NONE', ( #9017, #894, #8271, #434 ) ) ;
#4715 = LINE ( 'NONE', #1445, #6385 ) ;
#4716 = EDGE_LOOP ( 'NONE', ( #8207, #3639, #5768, #3406 ) ) ;
#4717 = AXIS2_PLACEMENT_3D ( 'NONE', #314, #1063, #6363 ) ;
#4718 = CARTESIAN_POINT ( 'NONE',  ( 0.0000000000000000000, 0.6205511811023621800, 0.0000000000000000000 ) ) ;
#4719 = LINE ( 'NONE', #2902, #6117 ) ;
#4720 = DIRECTION ( 'NONE',  ( 0.0000000000000000000, -1.000000000000000000, 0.0000000000000000000 ) ) ;
#4721 = ORIENTED_EDGE ( 'NONE', *, *, #3796, .F. ) ;
#4722 = VECTOR ( 'NONE', #9255, 39.37007874015748100 ) ;
#4723 = DIRECTION ( 'NONE',  ( -3.542742354896064800E-015, 1.000000000000000000, -1.968190197164480500E-016 ) ) ;
#4724 = ORIENTED_EDGE ( 'NONE', *, *, #1357, .T. ) ;
#4725 = EDGE_CURVE ( 'NONE', #5978, #7816, #211, .T. ) ;
#4726 = ORIENTED_EDGE ( 'NONE', *, *, #1082, .F. ) ;
#4727 = LINE ( 'NONE', #1898, #4848 ) ;
#4728 = ADVANCED_FACE ( 'NONE', ( #9579 ), #6083, .T. ) ;
#4729 = ORIENTED_EDGE ( 'NONE', *, *, #9195, .T. ) ;
#4730 = ORIENTED_EDGE ( 'NONE', *, *, #856, .F. ) ;
#4731 = CARTESIAN_POINT ( 'NONE',  ( -0.3250000000000023400, 0.05599999999999997300, -0.1840000000000000000 ) ) ;
#4732 = CARTESIAN_POINT ( 'NONE',  ( 0.3155511811023642400, 0.01450000000000000100, -0.06845163660186295900 ) ) ;
#4733 = FACE_OUTER_BOUND ( 'NONE', #6170, .T. ) ;
#4734 = FACE_OUTER_BOUND ( 'NONE', #2956, .T. ) ;
#4735 = CARTESIAN_POINT ( 'NONE',  ( 0.1295137373393535100, 0.2705511811023621500, 0.1704271400810135600 ) ) ;
#4736 = EDGE_CURVE ( 'NONE', #4274, #8947, #3277, .T. ) ;
#4737 = FACE_OUTER_BOUND ( 'NONE', #273, .T. ) ;
#4738 = ORIENTED_EDGE ( 'NONE', *, *, #2843, .T. ) ;
#4739 = PRESENTATION_STYLE_ASSIGNMENT (( #8842 ) ) ;
#4740 = VERTEX_POINT ( 'NONE', #2383 ) ;
#4741 = CARTESIAN_POINT ( 'NONE',  ( -0.1645137373393535100, 0.6205511811023621800, 0.2073173628908212800 ) ) ;
#4742 = CARTESIAN_POINT ( 'NONE',  ( 0.3116141732283466700, 0.6666141732283464800, 0.004393306531884162200 ) ) ;
#4743 = LINE ( 'NONE', #793, #4513 ) ;
#4744 = CARTESIAN_POINT ( 'NONE',  ( 0.2561045361904967200, 0.2705511811023621500, 0.009827287307507419400 ) ) ;
#4745 = LINE ( 'NONE', #9299, #387 ) ;
#4746 = EDGE_LOOP ( 'NONE', ( #38, #5085, #95, #8722 ) ) ;
#4747 = LINE ( 'NONE', #7287, #4280 ) ;
#4748 = EDGE_CURVE ( 'NONE', #6000, #5882, #2208, .T. ) ;
#4749 = VECTOR ( 'NONE', #3806, 39.37007874015748100 ) ;
#4750 = AXIS2_PLACEMENT_3D ( 'NONE', #4400, #6606, #6637 ) ;
#4751 = FACE_OUTER_BOUND ( 'NONE', #4894, .T. ) ;
#4752 = LINE ( 'NONE', #1804, #9386 ) ;
#4753 = DIRECTION ( 'NONE',  ( 0.0000000000000000000, 0.0000000000000000000, -1.000000000000000000 ) ) ;
#4754 = VERTEX_POINT ( 'NONE', #9126 ) ;
#4755 = ADVANCED_FACE ( 'NONE', ( #444 ), #6142, .T. ) ;
#4756 = ORIENTED_EDGE ( 'NONE', *, *, #7931, .F. ) ;
#4757 = CARTESIAN_POINT ( 'NONE',  ( -0.1749999999999999900, -0.1674264068711929000, -0.2500000000000000000 ) ) ;
#4758 = EDGE_CURVE ( 'NONE', #8378, #4791, #9071, .T. ) ;
#4759 = VECTOR ( 'NONE', #2473, 39.37007874015748100 ) ;
#4760 = PLANE ( 'NONE',  #542 ) ;
#4761 = ORIENTED_EDGE ( 'NONE', *, *, #4887, .T. ) ;
#4762 = AXIS2_PLACEMENT_3D ( 'NONE', #4705, #8597, #9347 ) ;
#4763 = CARTESIAN_POINT ( 'NONE',  ( 0.3173036717348460300, 0.6723036717348477300, -0.4035511811023637700 ) ) ;
#4764 = CARTESIAN_POINT ( 'NONE',  ( 0.3116141732283466700, 0.6799999999999999400, 0.2536141732283463400 ) ) ;
#4765 = DIRECTION ( 'NONE',  ( 0.0000000000000000000, 0.0000000000000000000, -1.000000000000000000 ) ) ;
#4766 = UNCERTAINTY_MEASURE_WITH_UNIT (LENGTH_MEASURE( 1.000000000000000100E-005 ), #9556, 'distance_accuracy_value', 'NONE');
#4767 = ORIENTED_EDGE ( 'NONE', *, *, #726, .F. ) ;
#4768 = LINE ( 'NONE', #7971, #3597 ) ;
#4769 = ORIENTED_EDGE ( 'NONE', *, *, #868, .F. ) ;
#4770 = EDGE_CURVE ( 'NONE', #5542, #1094, #8746, .T. ) ;
#4771 = DIRECTION ( 'NONE',  ( -0.0000000000000000000, 0.0000000000000000000, 1.000000000000000000 ) ) ;
#4772 = CARTESIAN_POINT ( 'NONE',  ( 0.1645137373393535100, 0.6205511811023621800, 0.1385002118027675600 ) ) ;
#4773 = DIRECTION ( 'NONE',  ( -1.000000000000000000, -0.0000000000000000000, 1.033065433525962600E-016 ) ) ;
#4774 = PRESENTATION_LAYER_ASSIGNMENT (  '', '', ( #9027 ) ) ;
#4775 = FACE_OUTER_BOUND ( 'NONE', #4922, .T. ) ;
#4776 = ORIENTED_EDGE ( 'NONE', *, *, #1987, .T. ) ;
#4777 = ADVANCED_FACE ( 'NONE', ( #1387 ), #5445, .F. ) ;
#4778 = CARTESIAN_POINT ( 'NONE',  ( 0.3055511811023642900, 0.6605511811023620000, 0.2575511811023650800 ) ) ;
#4779 = LINE ( 'NONE', #896, #7270 ) ;
#4780 =( NAMED_UNIT ( * ) SI_UNIT ( $, .STERADIAN. ) SOLID_ANGLE_UNIT ( ) );
#4781 = VERTEX_POINT ( 'NONE', #5383 ) ;
#4782 = AXIS2_PLACEMENT_3D ( 'NONE', #1622, #6912, #8455 ) ;
#4783 = CARTESIAN_POINT ( 'NONE',  ( 0.1645137373393535100, 0.6705511811023621100, 0.1385002118027675600 ) ) ;
#4784 = CARTESIAN_POINT ( 'NONE',  ( 0.3155511811023625200, 0.6666141732283464800, -0.4129999999999999200 ) ) ;
#4785 = EDGE_CURVE ( 'NONE', #1754, #684, #1259, .T. ) ;
#4786 = DIRECTION ( 'NONE',  ( 0.0000000000000000000, -0.0000000000000000000, -1.000000000000000000 ) ) ;
#4787 = VECTOR ( 'NONE', #5817, 39.37007874015748100 ) ;
#4788 = EDGE_LOOP ( 'NONE', ( #5344, #3667, #332, #4721 ) ) ;
#4789 = DIRECTION ( 'NONE',  ( -0.0000000000000000000, -1.000000000000000000, -0.0000000000000000000 ) ) ;
#4790 = CARTESIAN_POINT ( 'NONE',  ( 0.2733513886040114200, 0.6705511811023621100, -0.08658759291419086700 ) ) ;
#4791 = VERTEX_POINT ( 'NONE', #863 ) ;
#4792 = DIRECTION ( 'NONE',  ( 0.0000000000000000000, 0.0000000000000000000, -1.000000000000000000 ) ) ;
#4793 = AXIS2_PLACEMENT_3D ( 'NONE', #2280, #7543, #1528 ) ;
#4794 = VERTEX_POINT ( 'NONE', #7678 ) ;
#4795 = FACE_OUTER_BOUND ( 'NONE', #9680, .T. ) ;
#4796 = ORIENTED_EDGE ( 'NONE', *, *, #6826, .T. ) ;
#4797 = CARTESIAN_POINT ( 'NONE',  ( -0.1645137373393535100, 0.6205511811023621800, 0.2073173628908212800 ) ) ;
#4798 = DIRECTION ( 'NONE',  ( 0.0000000000000000000, 0.0000000000000000000, 1.000000000000000000 ) ) ;
#4799 = CARTESIAN_POINT ( 'NONE',  ( -0.3250000000000023400, 0.02999999999999994000, 0.06990778161457228400 ) ) ;
#4800 = ORIENTED_EDGE ( 'NONE', *, *, #426, .T. ) ;
#4801 = DIRECTION ( 'NONE',  ( 0.0000000000000000000, 1.000000000000000000, 0.0000000000000000000 ) ) ;
#4802 = ADVANCED_FACE ( 'NONE', ( #7056 ), #7745, .F. ) ;
#4803 = CARTESIAN_POINT ( 'NONE',  ( -0.3250000000000023400, 0.07199999999999993900, -0.2537107877407313000 ) ) ;
#4804 = ORIENTED_EDGE ( 'NONE', *, *, #7354, .T. ) ;
#4805 = LINE ( 'NONE', #114, #2805 ) ;
#4806 = CARTESIAN_POINT ( 'NONE',  ( 0.1808241725520474400, 0.5399999999999989300, 0.2575511811023614200 ) ) ;
#4807 = DIRECTION ( 'NONE',  ( 0.0000000000000000000, 0.0000000000000000000, 1.000000000000000000 ) ) ;
#4808 = EDGE_CURVE ( 'NONE', #3142, #8300, #4940, .T. ) ;
#4809 = PRESENTATION_LAYER_ASSIGNMENT (  '', '', ( #3822 ) ) ;
#4810 = ORIENTED_EDGE ( 'NONE', *, *, #2570, .T. ) ;
#4811 = CARTESIAN_POINT ( 'NONE',  ( -0.3155511811023621300, 0.6723036717348476200, 0.2593036717348475900 ) ) ;
#4812 = FACE_OUTER_BOUND ( 'NONE', #7189, .T. ) ;
#4813 = DIRECTION ( 'NONE',  ( -6.954409837152875700E-015, 3.491481338843133000E-015, 1.000000000000000000 ) ) ;
#4814 = DIRECTION ( 'NONE',  ( 0.0000000000000000000, -1.000000000000000000, 0.0000000000000000000 ) ) ;
#4815 = ORIENTED_EDGE ( 'NONE', *, *, #8716, .T. ) ;
#4816 = CARTESIAN_POINT ( 'NONE',  ( -0.3250000000000023400, 0.03000000000000001300, 0.07990778161457227900 ) ) ;
#4817 = FACE_OUTER_BOUND ( 'NONE', #5897, .T. ) ;
#4818 = EDGE_CURVE ( 'NONE', #6646, #8475, #4805, .T. ) ;
#4819 = CARTESIAN_POINT ( 'NONE',  ( -0.3116141732283476100, 0.6619533149417188300, 0.2536141732283463400 ) ) ;
#4820 = ORIENTED_EDGE ( 'NONE', *, *, #1336, .T. ) ;
#4821 = DIRECTION ( 'NONE',  ( -3.661961499347914700E-015, 3.462928498309717100E-015, -1.000000000000000000 ) ) ;
#4822 = LINE ( 'NONE', #6788, #2818 ) ;
#4823 = DIRECTION ( 'NONE',  ( 1.000000000000000000, -0.0000000000000000000, -0.0000000000000000000 ) ) ;
#4824 = AXIS2_PLACEMENT_3D ( 'NONE', #4100, #1836, #4851 ) ;
#4825 = DIRECTION ( 'NONE',  ( 0.7071067811865402500, -0.0000000000000000000, 0.7071067811865546800 ) ) ;
#4826 = VERTEX_POINT ( 'NONE', #7069 ) ;
#4827 = VECTOR ( 'NONE', #3021, 39.37007874015748100 ) ;
#4828 = ADVANCED_FACE ( 'NONE', ( #2923 ), #9264, .T. ) ;
#4829 = ORIENTED_EDGE ( 'NONE', *, *, #9516, .T. ) ;
#4830 = VECTOR ( 'NONE', #805, 39.37007874015748900 ) ;
#4831 = EDGE_CURVE ( 'NONE', #8549, #6484, #2688, .T. ) ;
#4832 = CARTESIAN_POINT ( 'NONE',  ( 0.3155511811023642400, 0.01450000000000000100, -0.3935511811023632600 ) ) ;
#4833 = CARTESIAN_POINT ( 'NONE',  ( -0.3155511811023621900, 0.6666141732283462600, -0.5562695347634599700 ) ) ;
#4834 = PLANE ( 'NONE',  #5228 ) ;
#4835 = ORIENTED_EDGE ( 'NONE', *, *, #672, .F. ) ;
#4836 = ORIENTED_EDGE ( 'NONE', *, *, #2791, .T. ) ;
#4837 = VECTOR ( 'NONE', #1292, 39.37007874015748100 ) ;
#4838 = AXIS2_PLACEMENT_3D ( 'NONE', #9674, #2103, #2963 ) ;
#4839 = DIRECTION ( 'NONE',  ( -0.0000000000000000000, -0.0000000000000000000, 1.000000000000000000 ) ) ;
#4840 = ORIENTED_EDGE ( 'NONE', *, *, #2335, .T. ) ;
#4841 = COLOUR_RGB ( '',0.7921568627450980000, 0.8196078431372548800, 0.9333333333333333500 ) ;
#4842 = CARTESIAN_POINT ( 'NONE',  ( -0.2733513886040114200, 0.6666141732283462600, -0.08658759291419086700 ) ) ;
#4843 = DIRECTION ( 'NONE',  ( 0.0000000000000000000, -1.000000000000000000, 0.0000000000000000000 ) ) ;
#4844 = DIRECTION ( 'NONE',  ( 0.7071067811865486800, -0.7071067811865462400, -2.589397808632953600E-015 ) ) ;
#4845 = ORIENTED_EDGE ( 'NONE', *, *, #2432, .F. ) ;
#4846 = EDGE_LOOP ( 'NONE', ( #6488, #2110, #7022, #7045 ) ) ;
#4847 = CARTESIAN_POINT ( 'NONE',  ( -0.3155511811023621300, 0.6666141732283462600, 0.004393306531884155200 ) ) ;
#4848 = VECTOR ( 'NONE', #4983, 39.37007874015748100 ) ;
#4849 = CARTESIAN_POINT ( 'NONE',  ( 0.3116141732283442300, 0.6624383457803941800, 0.2670000000000022400 ) ) ;
#4850 = EDGE_CURVE ( 'NONE', #357, #2890, #3640, .T. ) ;
#4851 = DIRECTION ( 'NONE',  ( -1.000000000000000000, 3.462928498309767600E-015, -3.661961499347902900E-015 ) ) ;
#4852 = ORIENTED_EDGE ( 'NONE', *, *, #3886, .F. ) ;
#4853 = DIRECTION ( 'NONE',  ( -0.0000000000000000000, -0.0000000000000000000, 1.000000000000000000 ) ) ;
#4854 = ORIENTED_EDGE ( 'NONE', *, *, #9287, .T. ) ;
#4855 = FACE_OUTER_BOUND ( 'NONE', #1251, .T. ) ;
#4856 = CARTESIAN_POINT ( 'NONE',  ( -0.1959325888690782400, 0.6705511811023621100, 0.004393306531884149200 ) ) ;
#4857 = DIRECTION ( 'NONE',  ( -2.492171718503151100E-016, 0.0000000000000000000, -1.000000000000000000 ) ) ;
#4858 = ORIENTED_EDGE ( 'NONE', *, *, #9731, .F. ) ;
#4859 = DIRECTION ( 'NONE',  ( 1.000000000000000000, -0.0000000000000000000, -0.0000000000000000000 ) ) ;
#4860 = ADVANCED_FACE ( 'NONE', ( #1619 ), #6381, .T. ) ;
#4861 = AXIS2_PLACEMENT_3D ( 'NONE', #8853, #2766, #9636 ) ;
#4862 = DIRECTION ( 'NONE',  ( 0.0000000000000000000, 0.0000000000000000000, -1.000000000000000000 ) ) ;
#4863 = ORIENTED_EDGE ( 'NONE', *, *, #1684, .F. ) ;
#4864 = CARTESIAN_POINT ( 'NONE',  ( -0.1808241725520471600, 0.5399999999999989300, 0.2575511811023614200 ) ) ;
#4865 = ORIENTED_EDGE ( 'NONE', *, *, #4537, .F. ) ;
#4866 = VECTOR ( 'NONE', #8220, 39.37007874015748100 ) ;
#4867 = VECTOR ( 'NONE', #895, 39.37007874015748100 ) ;
#4868 = FACE_OUTER_BOUND ( 'NONE', #3023, .T. ) ;
#4869 = ORIENTED_EDGE ( 'NONE', *, *, #1070, .T. ) ;
#4870 = CYLINDRICAL_SURFACE ( 'NONE', #1937, 0.009999999999999995000 ) ;
#4871 = CARTESIAN_POINT ( 'NONE',  ( 0.3155511811023651300, -0.1549999999999977800, -0.1639519052838328500 ) ) ;
#4872 = CARTESIAN_POINT ( 'NONE',  ( 0.1671644312585831600, 0.6799999999999999400, 0.2073173628908212800 ) ) ;
#4873 = ORIENTED_EDGE ( 'NONE', *, *, #7010, .F. ) ;
#4874 = EDGE_CURVE ( 'NONE', #4247, #1123, #6698, .T. ) ;
#4875 = CARTESIAN_POINT ( 'NONE',  ( -0.3235573680010765400, 0.6619533149417181600, -0.4066013962196678400 ) ) ;
#4876 = CARTESIAN_POINT ( 'NONE',  ( -0.3069533149417182900, 0.6799999999999998300, 0.2536141732283463400 ) ) ;
#4877 = EDGE_CURVE ( 'NONE', #2871, #4210, #8022, .T. ) ;
#4878 = LINE ( 'NONE', #8734, #7607 ) ;
#4879 = ORIENTED_EDGE ( 'NONE', *, *, #5816, .F. ) ;
#4880 = AXIS2_PLACEMENT_3D ( 'NONE', #2830, #2100, #8134 ) ;
#4881 = DIRECTION ( 'NONE',  ( -1.000000000000000000, 9.035018104044737000E-016, 0.0000000000000000000 ) ) ;
#4882 = FILL_AREA_STYLE_COLOUR ( '', #501 ) ;
#4883 = ORIENTED_EDGE ( 'NONE', *, *, #8433, .F. ) ;
#4884 = CARTESIAN_POINT ( 'NONE',  ( -0.2755511811023642600, 0.01450000000000000100, -0.2729397864125760500 ) ) ;
#4885 = DIRECTION ( 'NONE',  ( 0.0000000000000000000, 1.000000000000000000, 0.0000000000000000000 ) ) ;
#4886 = VECTOR ( 'NONE', #4000, 39.37007874015748100 ) ;
#4887 = EDGE_CURVE ( 'NONE', #5256, #9387, #6477, .T. ) ;
#4888 = CARTESIAN_POINT ( 'NONE',  ( -0.2669099894223583300, 0.6205511811023621800, 0.2073173628908212800 ) ) ;
#4889 = VECTOR ( 'NONE', #5775, 39.37007874015748100 ) ;
#4890 = ADVANCED_FACE ( 'NONE', ( #4461 ), #8687, .F. ) ;
#4891 = DIRECTION ( 'NONE',  ( 0.7071067811865486800, 0.7071067811865462400, 2.719453687096315600E-015 ) ) ;
#4892 = ORIENTED_EDGE ( 'NONE', *, *, #2815, .F. ) ;
#4893 = CARTESIAN_POINT ( 'NONE',  ( 0.0000000000000000000, 0.6666141732283462600, 0.0000000000000000000 ) ) ;
#4894 = EDGE_LOOP ( 'NONE', ( #7455, #6196, #6901, #5701 ) ) ;
#4895 = CARTESIAN_POINT ( 'NONE',  ( -0.2755511811023642600, 0.01450000000000000100, -0.3828791539144444400 ) ) ;
#4896 = AXIS2_PLACEMENT_3D ( 'NONE', #7638, #881, #3103 ) ;
#4897 = LINE ( 'NONE', #5349, #867 ) ;
#4898 = DIRECTION ( 'NONE',  ( -0.0000000000000000000, -0.0000000000000000000, -1.000000000000000000 ) ) ;
#4899 = VECTOR ( 'NONE', #2801, 39.37007874015748100 ) ;
#4900 = DIRECTION ( 'NONE',  ( -0.0000000000000000000, -1.000000000000000000, -0.0000000000000000000 ) ) ;
#4901 = CARTESIAN_POINT ( 'NONE',  ( -0.1645137373393535100, 0.6705511811023621100, 0.2073173628908212800 ) ) ;
#4902 = EDGE_CURVE ( 'NONE', #2603, #3187, #5630, .T. ) ;
#4903 = UNCERTAINTY_MEASURE_WITH_UNIT (LENGTH_MEASURE( 1.000000000000000100E-005 ), #6681, 'distance_accuracy_value', 'NONE');
#4904 = VECTOR ( 'NONE', #9421, 39.37007874015748100 ) ;
#4905 = ORIENTED_EDGE ( 'NONE', *, *, #8007, .T. ) ;
#4906 = CIRCLE ( 'NONE', #3036, 0.01000000000000000000 ) ;
#4907 = ORIENTED_EDGE ( 'NONE', *, *, #3332, .T. ) ;
#4908 = CARTESIAN_POINT ( 'NONE',  ( -0.3155511811023621900, 0.6666141732283464800, -0.3949533149417182000 ) ) ;
#4909 = CARTESIAN_POINT ( 'NONE',  ( -0.3250000000000023400, 0.05599999999999997300, 0.07990778161457223700 ) ) ;
#4910 = DIRECTION ( 'NONE',  ( -0.0000000000000000000, -1.000000000000000000, -0.0000000000000000000 ) ) ;
#4911 = CARTESIAN_POINT ( 'NONE',  ( 0.3250000000000002300, 0.6723036717348476200, -0.4053036717348482100 ) ) ;
#4912 = DIRECTION ( 'NONE',  ( 0.0000000000000000000, 0.0000000000000000000, 1.000000000000000000 ) ) ;
#4913 = DIMENSIONAL_EXPONENTS ( 1.000000000000000000, 0.0000000000000000000, 0.0000000000000000000, 0.0000000000000000000, 0.0000000000000000000, 0.0000000000000000000, 0.0000000000000000000 ) ;
#4914 = ORIENTED_EDGE ( 'NONE', *, *, #1569, .F. ) ;
#4915 = EDGE_CURVE ( 'NONE', #9282, #2294, #9454, .T. ) ;
#4916 = CYLINDRICAL_SURFACE ( 'NONE', #8697, 0.01181102362204731000 ) ;
#4917 = CARTESIAN_POINT ( 'NONE',  ( -0.3155511811023644100, 0.03999999999999992500, -0.1940000000000000100 ) ) ;
#4918 = ORIENTED_EDGE ( 'NONE', *, *, #3357, .T. ) ;
#4919 = CARTESIAN_POINT ( 'NONE',  ( -0.3071293029295945100, 0.6663051303775455700, 0.2575511811023609700 ) ) ;
#4920 = PLANE ( 'NONE',  #2337 ) ;
#4921 = DIRECTION ( 'NONE',  ( -0.0000000000000000000, 1.000000000000000000, -0.0000000000000000000 ) ) ;
#4922 = EDGE_LOOP ( 'NONE', ( #847, #2693, #8555, #1309 ) ) ;
#4923 = LINE ( 'NONE', #2095, #7046 ) ;
#4924 = ORIENTED_EDGE ( 'NONE', *, *, #5907, .F. ) ;
#4925 = AXIS2_PLACEMENT_3D ( 'NONE', #4185, #4115, #3451 ) ;
#4926 = ORIENTED_EDGE ( 'NONE', *, *, #8081, .T. ) ;
#4927 = CARTESIAN_POINT ( 'NONE',  ( 0.3155511811023644600, 1.092739197465705300E-015, 0.0000000000000000000 ) ) ;
#4928 = EDGE_CURVE ( 'NONE', #652, #4170, #6811, .T. ) ;
#4929 = CARTESIAN_POINT ( 'NONE',  ( 0.3151268775732672400, 0.6686692388140284000, 0.2489533149417188000 ) ) ;
#4930 = DIRECTION ( 'NONE',  ( -0.7071067811865413600, 0.7071067811865536800, -1.839735182345990300E-016 ) ) ;
#4931 = ORIENTED_EDGE ( 'NONE', *, *, #6069, .F. ) ;
#4932 = EDGE_LOOP ( 'NONE', ( #8648, #2262, #7024, #9595 ) ) ;
#4933 = CARTESIAN_POINT ( 'NONE',  ( 0.2669099894223583300, 0.6705511811023621100, 0.2073173628908212800 ) ) ;
#4934 = ORIENTED_EDGE ( 'NONE', *, *, #6659, .T. ) ;
#4935 = ADVANCED_FACE ( 'NONE', ( #435 ), #2514, .T. ) ;
#4936 = CARTESIAN_POINT ( 'NONE',  ( 0.3155511811023651300, -0.1549999999999977800, -0.1639519052838328500 ) ) ;
#4937 = CARTESIAN_POINT ( 'NONE',  ( 0.2755511811023643200, 0.0000000000000000000, -0.3067141884898558200 ) ) ;
#4938 = EDGE_LOOP ( 'NONE', ( #7601, #6295, #3818, #317 ) ) ;
#4939 = CARTESIAN_POINT ( 'NONE',  ( 0.3173036717348479700, 0.6705511811023626700, -0.4053036717348482100 ) ) ;
#4940 = CIRCLE ( 'NONE', #985, 0.01181102362204724000 ) ;
#4941 = CARTESIAN_POINT ( 'NONE',  ( 0.1605124221163134500, 0.6799999999999999400, 0.2170512116749741300 ) ) ;
#4942 = ORIENTED_EDGE ( 'NONE', *, *, #9114, .T. ) ;
#4943 = DIRECTION ( 'NONE',  ( 0.0000000000000000000, -1.000000000000000000, 0.0000000000000000000 ) ) ;
#4944 = SURFACE_STYLE_FILL_AREA ( #4647 ) ;
#4945 = PLANE ( 'NONE',  #4203 ) ;
#4946 = ORIENTED_EDGE ( 'NONE', *, *, #9187, .F. ) ;
#4947 = EDGE_CURVE ( 'NONE', #1608, #8565, #6688, .T. ) ;
#4948 = VECTOR ( 'NONE', #7208, 39.37007874015748100 ) ;
#4949 = AXIS2_PLACEMENT_3D ( 'NONE', #6047, #6830, #1615 ) ;
#4950 = DIRECTION ( 'NONE',  ( -0.0000000000000000000, -1.000000000000000000, -0.0000000000000000000 ) ) ;
#4951 = DIRECTION ( 'NONE',  ( -6.829619984160658200E-015, 1.000000000000000000, 0.0000000000000000000 ) ) ;
#4952 = ORIENTED_EDGE ( 'NONE', *, *, #6445, .F. ) ;
#4953 = VECTOR ( 'NONE', #6684, 39.37007874015748100 ) ;
#4954 = CARTESIAN_POINT ( 'NONE',  ( 0.2569099894223583800, 0.6605511811023621100, 0.0000000000000000000 ) ) ;
#4955 = EDGE_CURVE ( 'NONE', #3314, #3987, #7170, .T. ) ;
#4956 = ORIENTED_EDGE ( 'NONE', *, *, #6727, .F. ) ;
#4957 = VECTOR ( 'NONE', #6581, 39.37007874015748100 ) ;
#4958 = PLANE ( 'NONE',  #6968 ) ;
#4959 = CARTESIAN_POINT ( 'NONE',  ( 0.2755511811023643200, 0.01450000000000000100, -0.3828791539144444400 ) ) ;
#4960 = ADVANCED_FACE ( 'NONE', ( #1846 ), #432, .T. ) ;
#4961 = EDGE_LOOP ( 'NONE', ( #5742, #6831 ) ) ;
#4962 = DIRECTION ( 'NONE',  ( 1.000000000000000000, 0.0000000000000000000, -0.0000000000000000000 ) ) ;
#4963 = AXIS2_PLACEMENT_3D ( 'NONE', #6874, #2349, #150 ) ;
#4964 = LINE ( 'NONE', #2699, #6012 ) ;
#4965 = CARTESIAN_POINT ( 'NONE',  ( 0.2755511811023643200, 0.05455008786923420300, 0.2575511811023650800 ) ) ;
#4966 = ORIENTED_EDGE ( 'NONE', *, *, #1586, .F. ) ;
#4967 = VECTOR ( 'NONE', #7828, 39.37007874015748100 ) ;
#4968 = EDGE_CURVE ( 'NONE', #9116, #1734, #1612, .T. ) ;
#4969 = ORIENTED_EDGE ( 'NONE', *, *, #5112, .T. ) ;
#4970 = CARTESIAN_POINT ( 'NONE',  ( 0.1250000000000000300, 0.01450000000000000100, -0.2625000000000000100 ) ) ;
#4971 = DIRECTION ( 'NONE',  ( 0.0000000000000000000, -3.661961499347899700E-015, 1.000000000000000000 ) ) ;
#4972 = VECTOR ( 'NONE', #2172, 39.37007874015748100 ) ;
#4973 = PLANE ( 'NONE',  #2186 ) ;
#4974 = ORIENTED_EDGE ( 'NONE', *, *, #2195, .T. ) ;
#4975 = ORIENTED_EDGE ( 'NONE', *, *, #7172, .F. ) ;
#4976 = AXIS2_PLACEMENT_3D ( 'NONE', #5586, #319, #7026 ) ;
#4977 = CARTESIAN_POINT ( 'NONE',  ( 0.3069533149417186200, 0.6705511811023621100, -0.3996141732283462500 ) ) ;
#4978 = FACE_OUTER_BOUND ( 'NONE', #5886, .T. ) ;
#4979 = VERTEX_POINT ( 'NONE', #9479 ) ;
#4980 = CARTESIAN_POINT ( 'NONE',  ( -0.2733513886040114200, 0.6705511811023621100, 0.0000000000000000000 ) ) ;
#4981 = AXIS2_PLACEMENT_3D ( 'NONE', #5540, #3282, #3313 ) ;
#4982 = ORIENTED_EDGE ( 'NONE', *, *, #6469, .T. ) ;
#4983 = DIRECTION ( 'NONE',  ( -1.000000000000000000, -0.0000000000000000000, -0.0000000000000000000 ) ) ;
#4984 = FACE_OUTER_BOUND ( 'NONE', #5642, .T. ) ;
#4985 = LINE ( 'NONE', #6301, #949 ) ;
#4986 = CARTESIAN_POINT ( 'NONE',  ( 0.1653149606299236800, 0.08200000000000000300, -0.4035511811023649300 ) ) ;
#4987 = VERTEX_POINT ( 'NONE', #5599 ) ;
#4988 = ADVANCED_FACE ( 'NONE', ( #1970 ), #1182, .F. ) ;
#4989 = COLOUR_RGB ( '',0.7921568627450980000, 0.8196078431372548800, 0.9333333333333333500 ) ;
#4990 = CARTESIAN_POINT ( 'NONE',  ( 0.0000000000000000000, 0.6605511811023621100, 0.1485002118027675400 ) ) ;
#4991 = EDGE_CURVE ( 'NONE', #8767, #687, #4575, .T. ) ;
#4992 = ORIENTED_EDGE ( 'NONE', *, *, #4361, .T. ) ;
#4993 = ORIENTED_EDGE ( 'NONE', *, *, #6574, .F. ) ;
#4994 = LINE ( 'NONE', #9527, #6168 ) ;
#4995 = LINE ( 'NONE', #737, #8683 ) ;
#4996 = CARTESIAN_POINT ( 'NONE',  ( -0.2755511811023642600, 0.01450000000000000100, -0.2729397864125760500 ) ) ;
#4997 = CARTESIAN_POINT ( 'NONE',  ( -0.1490000000000000500, -0.1674264068711929000, 0.1469999999999999600 ) ) ;
#4998 = CARTESIAN_POINT ( 'NONE',  ( 0.3235573680010763200, 0.6736013962196657500, 0.2489533149417188000 ) ) ;
#4999 = FACE_OUTER_BOUND ( 'NONE', #8678, .T. ) ;
#5000 = CARTESIAN_POINT ( 'NONE',  ( -0.3069533149417181300, 0.6666141732283454900, 0.2669999999999986800 ) ) ;
#5001 = VERTEX_POINT ( 'NONE', #2641 ) ;
#5002 = LINE ( 'NONE', #3769, #2510 ) ;
#5003 = VECTOR ( 'NONE', #415, 39.37007874015748100 ) ;
#5004 = CIRCLE ( 'NONE', #4325, 0.01250000000000000200 ) ;
#5005 = CARTESIAN_POINT ( 'NONE',  ( 0.0000000000000000000, 0.0000000000000000000, 0.0000000000000000000 ) ) ;
#5006 = ORIENTED_EDGE ( 'NONE', *, *, #1181, .T. ) ;
#5007 = CARTESIAN_POINT ( 'NONE',  ( 0.1142984638647553800, 0.6799999999999999400, 0.2170512116749741500 ) ) ;
#5008 = EDGE_CURVE ( 'NONE', #5752, #8247, #9446, .T. ) ;
#5009 = CARTESIAN_POINT ( 'NONE',  ( -0.3250000000000023400, 0.01999999999999994100, -0.1019999999999999900 ) ) ;
#5010 = CARTESIAN_POINT ( 'NONE',  ( -0.08354462770099661800, 0.6355511811023624200, 0.1704271400810135900 ) ) ;
#5011 = EDGE_CURVE ( 'NONE', #6498, #2909, #5977, .T. ) ;
#5012 = VECTOR ( 'NONE', #3075, 39.37007874015748100 ) ;
#5013 = VECTOR ( 'NONE', #1443, 39.37007874015748100 ) ;
#5014 = VERTEX_POINT ( 'NONE', #402 ) ;
#5015 = CARTESIAN_POINT ( 'NONE',  ( 0.1750000000000000400, 0.01450000000000000100, -0.3500000000000000900 ) ) ;
#5016 = EDGE_CURVE ( 'NONE', #5436, #1247, #2427, .T. ) ;
#5017 = CARTESIAN_POINT ( 'NONE',  ( 0.1605905511811046800, 0.08200000000000004500, -0.4035511811023667600 ) ) ;
#5018 = VERTEX_POINT ( 'NONE', #7941 ) ;
#5019 = DIRECTION ( 'NONE',  ( 3.518350040768382100E-015, -0.9659258262890679800, -0.2588190451025214100 ) ) ;
#5020 = FACE_OUTER_BOUND ( 'NONE', #5278, .T. ) ;
#5021 = DIRECTION ( 'NONE',  ( 1.000000000000000000, -0.0000000000000000000, 0.0000000000000000000 ) ) ;
#5022 = ORIENTED_EDGE ( 'NONE', *, *, #3069, .T. ) ;
#5023 = AXIS2_PLACEMENT_3D ( 'NONE', #9727, #8883, #2096 ) ;
#5024 = DIRECTION ( 'NONE',  ( 0.7838641437523689000, 0.0000000000000000000, 0.6209323667996099500 ) ) ;
#5025 = CARTESIAN_POINT ( 'NONE',  ( -0.3173036717348476900, 0.6723036717348465100, 0.2669999999999989600 ) ) ;
#5026 = FACE_OUTER_BOUND ( 'NONE', #4788, .T. ) ;
#5027 = ORIENTED_EDGE ( 'NONE', *, *, #6595, .T. ) ;
#5028 = CARTESIAN_POINT ( 'NONE',  ( 0.2490000000000001400, -0.1674264068711929000, 0.1770000000000000700 ) ) ;
#5029 = FACE_OUTER_BOUND ( 'NONE', #1051, .T. ) ;
#5030 = CARTESIAN_POINT ( 'NONE',  ( 0.3069533149417185700, 0.6800000000000001600, -0.4031185744823503300 ) ) ;
#5031 = ORIENTED_EDGE ( 'NONE', *, *, #7604, .T. ) ;
#5032 = EDGE_CURVE ( 'NONE', #4230, #9581, #657, .T. ) ;
#5033 = DIRECTION ( 'NONE',  ( 1.000000000000000000, 0.0000000000000000000, 0.0000000000000000000 ) ) ;
#5034 = AXIS2_PLACEMENT_3D ( 'NONE', #1342, #5790, #5048 ) ;
#5035 = LINE ( 'NONE', #4066, #5968 ) ;
#5036 = EDGE_LOOP ( 'NONE', ( #4452, #788, #3995, #5484 ) ) ;
#5037 = CARTESIAN_POINT ( 'NONE',  ( -0.2755511811023642600, 0.01450000000000000100, 0.07990778161457233500 ) ) ;
#5038 = DIRECTION ( 'NONE',  ( 0.0000000000000000000, -1.000000000000000000, -3.661961499347899700E-015 ) ) ;
#5039 = CARTESIAN_POINT ( 'NONE',  ( 0.2755511811023643200, 0.01450000000000000100, 0.2575511811023650800 ) ) ;
#5040 = ORIENTED_EDGE ( 'NONE', *, *, #5685, .F. ) ;
#5041 = EDGE_CURVE ( 'NONE', #1094, #5615, #9805, .T. ) ;
#5042 = ORIENTED_EDGE ( 'NONE', *, *, #1684, .T. ) ;
#5043 = LINE ( 'NONE', #4527, #2795 ) ;
#5044 = ORIENTED_EDGE ( 'NONE', *, *, #131, .F. ) ;
#5045 = VERTEX_POINT ( 'NONE', #5634 ) ;
#5046 = CARTESIAN_POINT ( 'NONE',  ( -0.2733513886040114200, 0.6705511811023621100, -0.2064179702976515800 ) ) ;
#5047 = CARTESIAN_POINT ( 'NONE',  ( -0.3155511811023642400, 0.01450000000000000100, -0.06845163660186287500 ) ) ;
#5048 = DIRECTION ( 'NONE',  ( 0.0000000000000000000, -0.0000000000000000000, -1.000000000000000000 ) ) ;
#5049 = MECHANICAL_DESIGN_GEOMETRIC_PRESENTATION_REPRESENTATION (  '', ( #173 ), #2516 ) ;
#5050 = VERTEX_POINT ( 'NONE', #4137 ) ;
#5051 = VECTOR ( 'NONE', #6313, 39.37007874015748100 ) ;
#5052 = VERTEX_POINT ( 'NONE', #6421 ) ;
#5053 = DIRECTION ( 'NONE',  ( 0.0000000000000000000, -1.000000000000000000, 0.0000000000000000000 ) ) ;
#5054 = CARTESIAN_POINT ( 'NONE',  ( 0.3155511811023642400, 0.05455008786923420300, 0.07990778161457223700 ) ) ;
#5055 = FACE_OUTER_BOUND ( 'NONE', #9106, .T. ) ;
#5056 = SURFACE_SIDE_STYLE ('',( #1892 ) ) ;
#5057 = ORIENTED_EDGE ( 'NONE', *, *, #3184, .F. ) ;
#5058 = EDGE_CURVE ( 'NONE', #9236, #3187, #9688, .T. ) ;
#5059 = LINE ( 'NONE', #623, #1512 ) ;
#5060 = EDGE_CURVE ( 'NONE', #7634, #7376, #7658, .T. ) ;
#5061 = DIRECTION ( 'NONE',  ( 0.0000000000000000000, 0.0000000000000000000, 1.000000000000000000 ) ) ;
#5062 = AXIS2_PLACEMENT_3D ( 'NONE', #6374, #4712, #9399 ) ;
#5063 = ORIENTED_EDGE ( 'NONE', *, *, #4576, .F. ) ;
#5064 = VECTOR ( 'NONE', #4898, 39.37007874015748100 ) ;
#5065 = DIRECTION ( 'NONE',  ( -3.491481338843133000E-015, -1.000000000000000000, 0.0000000000000000000 ) ) ;
#5066 = CARTESIAN_POINT ( 'NONE',  ( -0.3116141732283487800, 0.06600000000000103000, 0.2575511811023634100 ) ) ;
#5067 = DIRECTION ( 'NONE',  ( -0.0000000000000000000, -1.000000000000000000, -0.0000000000000000000 ) ) ;
#5068 = ORIENTED_EDGE ( 'NONE', *, *, #4570, .T. ) ;
#5069 = VERTEX_POINT ( 'NONE', #9441 ) ;
#5070 = DIRECTION ( 'NONE',  ( 2.492171718503151100E-016, 0.0000000000000000000, 1.000000000000000000 ) ) ;
#5071 = VECTOR ( 'NONE', #6099, 39.37007874015748100 ) ;
#5072 = PLANE ( 'NONE',  #5023 ) ;
#5073 = EDGE_CURVE ( 'NONE', #7530, #8767, #5395, .T. ) ;
#5074 = AXIS2_PLACEMENT_3D ( 'NONE', #4927, #7940, #1084 ) ;
#5075 = ORIENTED_EDGE ( 'NONE', *, *, #4770, .T. ) ;
#5076 = ORIENTED_EDGE ( 'NONE', *, *, #3044, .T. ) ;
#5077 = CARTESIAN_POINT ( 'NONE',  ( -0.02499999999999993900, -0.1250000000000000000, -0.3625000000000001000 ) ) ;
#5078 = LINE ( 'NONE', #3614, #347 ) ;
#5079 = ORIENTED_EDGE ( 'NONE', *, *, #8844, .T. ) ;
#5080 = CIRCLE ( 'NONE', #9144, 0.003937007874015758400 ) ;
#5081 = EDGE_CURVE ( 'NONE', #5436, #7628, #9185, .T. ) ;
#5082 = ORIENTED_EDGE ( 'NONE', *, *, #7921, .T. ) ;
#5083 = CARTESIAN_POINT ( 'NONE',  ( -0.3069533149417181300, 0.6666141732283454900, -0.4129999999999987000 ) ) ;
#5084 = DIRECTION ( 'NONE',  ( -0.0000000000000000000, -1.000000000000000000, 3.201384367575298700E-015 ) ) ;
#5085 = ORIENTED_EDGE ( 'NONE', *, *, #9634, .F. ) ;
#5086 = CARTESIAN_POINT ( 'NONE',  ( -0.1142984638647553800, 0.6666141732283462600, 0.2575511811023651900 ) ) ;
#5087 = CARTESIAN_POINT ( 'NONE',  ( 0.1653265940589108400, 0.1854975784931286700, 0.2670000000000033500 ) ) ;
#5088 = VERTEX_POINT ( 'NONE', #9517 ) ;
#5089 = MECHANICAL_DESIGN_GEOMETRIC_PRESENTATION_REPRESENTATION (  '', ( #2547 ), #3061 ) ;
#5090 = EDGE_LOOP ( 'NONE', ( #7923, #2579, #1128, #6534, #2546, #8394, #1849, #9729 ) ) ;
#5091 = CYLINDRICAL_SURFACE ( 'NONE', #2367, 0.01500000000000001200 ) ;
#5092 = ORIENTED_EDGE ( 'NONE', *, *, #8411, .F. ) ;
#5093 = EDGE_CURVE ( 'NONE', #7047, #1710, #5619, .T. ) ;
#5094 = ORIENTED_EDGE ( 'NONE', *, *, #6072, .T. ) ;
#5095 = PLANE ( 'NONE',  #8057 ) ;
#5096 = VERTEX_POINT ( 'NONE', #3533 ) ;
#5097 = CARTESIAN_POINT ( 'NONE',  ( -0.1749999999999999900, 0.01450000000000000100, -0.2500000000000000000 ) ) ;
#5098 = LINE ( 'NONE', #4040, #3568 ) ;
#5099 = FACE_OUTER_BOUND ( 'NONE', #4234, .T. ) ;
#5100 = AXIS2_PLACEMENT_3D ( 'NONE', #5958, #7555, #804 ) ;
#5101 = DIMENSIONAL_EXPONENTS ( 1.000000000000000000, 0.0000000000000000000, 0.0000000000000000000, 0.0000000000000000000, 0.0000000000000000000, 0.0000000000000000000, 0.0000000000000000000 ) ;
#5102 = LINE ( 'NONE', #5723, #1075 ) ;
#5103 = EDGE_LOOP ( 'NONE', ( #6235, #4052, #5027, #5135 ) ) ;
#5104 = CARTESIAN_POINT ( 'NONE',  ( 0.2755511811023642600, 0.0000000000000000000, 0.1871780396547222100 ) ) ;
#5105 = LINE ( 'NONE', #1781, #3687 ) ;
#5106 = CARTESIAN_POINT ( 'NONE',  ( 0.2627678537986273800, 0.6705511811023621100, 0.2031752272670903400 ) ) ;
#5107 = AXIS2_PLACEMENT_3D ( 'NONE', #4284, #5837, #2757 ) ;
#5108 = DIRECTION ( 'NONE',  ( -3.661961499347914700E-015, -3.462928498309717500E-015, 1.000000000000000000 ) ) ;
#5109 = FACE_OUTER_BOUND ( 'NONE', #1700, .T. ) ;
#5110 = VECTOR ( 'NONE', #3420, 39.37007874015748900 ) ;
#5111 = CARTESIAN_POINT ( 'NONE',  ( -0.1671644312585831600, 0.6799999999999999400, 0.2073173628908212800 ) ) ;
#5112 = EDGE_CURVE ( 'NONE', #7810, #2286, #8616, .T. ) ;
#5113 = PLANE ( 'NONE',  #7566 ) ;
#5114 = CARTESIAN_POINT ( 'NONE',  ( 0.2051873039643365700, 0.01450000000000000900, -0.3067141884898558200 ) ) ;
#5115 = ORIENTED_EDGE ( 'NONE', *, *, #2344, .T. ) ;
#5116 = LINE ( 'NONE', #8672, #8909 ) ;
#5117 = CARTESIAN_POINT ( 'NONE',  ( 0.2490000000000001400, -0.1250000000000000000, 0.1620000000000000900 ) ) ;
#5118 = DIRECTION ( 'NONE',  ( 0.0000000000000000000, 0.0000000000000000000, 1.000000000000000000 ) ) ;
#5119 = LINE ( 'NONE', #4606, #977 ) ;
#5120 = VERTEX_POINT ( 'NONE', #3571 ) ;
#5121 = AXIS2_PLACEMENT_3D ( 'NONE', #4662, #152, #5418 ) ;
#5122 = CARTESIAN_POINT ( 'NONE',  ( 0.3173036717348460300, 0.6723036717348477300, 0.2575511811023637500 ) ) ;
#5123 = VERTEX_POINT ( 'NONE', #1982 ) ;
#5124 = VECTOR ( 'NONE', #3977, 39.37007874015748100 ) ;
#5125 = VECTOR ( 'NONE', #8606, 39.37007874015748100 ) ;
#5126 = DIRECTION ( 'NONE',  ( 0.0000000000000000000, -0.0000000000000000000, -1.000000000000000000 ) ) ;
#5127 = ORIENTED_EDGE ( 'NONE', *, *, #7978, .F. ) ;
#5128 = DIRECTION ( 'NONE',  ( 0.0000000000000000000, 0.0000000000000000000, 1.000000000000000000 ) ) ;
#5129 = CARTESIAN_POINT ( 'NONE',  ( 0.3155511811023650200, -0.1174999999999977700, -0.1739999999999999900 ) ) ;
#5130 = CARTESIAN_POINT ( 'NONE',  ( -0.2399385210375706000, 0.2705511811023621500, -0.1833786526941293700 ) ) ;
#5131 = EDGE_CURVE ( 'NONE', #6325, #3747, #5158, .T. ) ;
#5132 = MECHANICAL_DESIGN_GEOMETRIC_PRESENTATION_REPRESENTATION (  '', ( #3822 ), #6828 ) ;
#5133 = DIRECTION ( 'NONE',  ( 1.000000000000000000, 0.0000000000000000000, 0.0000000000000000000 ) ) ;
#5134 = LINE ( 'NONE', #9034, #1108 ) ;
#5135 = ORIENTED_EDGE ( 'NONE', *, *, #619, .T. ) ;
#5136 = CARTESIAN_POINT ( 'NONE',  ( -0.6140847758790486400, 0.6666141732283464800, -0.3996141732283464100 ) ) ;
#5137 = VECTOR ( 'NONE', #1457, 39.37007874015748100 ) ;
#5138 = DIRECTION ( 'NONE',  ( 1.000000000000000000, -0.0000000000000000000, -0.0000000000000000000 ) ) ;
#5139 = VERTEX_POINT ( 'NONE', #5936 ) ;
#5140 = EDGE_CURVE ( 'NONE', #7096, #7645, #6941, .T. ) ;
#5141 = CARTESIAN_POINT ( 'NONE',  ( 0.2755511811023642100, 0.01450000000000000100, -0.2729397864125761000 ) ) ;
#5142 = CARTESIAN_POINT ( 'NONE',  ( -0.3155511811023649100, -0.1174999999999955200, -0.1739999999999999900 ) ) ;
#5143 = CARTESIAN_POINT ( 'NONE',  ( -3.687994791446756000E-015, 0.06600000000000103000, 0.2575511811023645200 ) ) ;
#5144 = LINE ( 'NONE', #4055, #3485 ) ;
#5145 = ORIENTED_EDGE ( 'NONE', *, *, #7902, .T. ) ;
#5146 = LINE ( 'NONE', #7911, #1121 ) ;
#5147 = ORIENTED_EDGE ( 'NONE', *, *, #8398, .T. ) ;
#5148 = CARTESIAN_POINT ( 'NONE',  ( -0.3250000000000023400, 0.03999999999999992500, 0.2238645401817222200 ) ) ;
#5149 = EDGE_LOOP ( 'NONE', ( #5624, #2184, #6359, #615 ) ) ;
#5150 = LINE ( 'NONE', #613, #3384 ) ;
#5151 = VERTEX_POINT ( 'NONE', #7431 ) ;
#5152 = DIRECTION ( 'NONE',  ( -0.0000000000000000000, 1.000000000000000000, 0.0000000000000000000 ) ) ;
#5153 = EDGE_CURVE ( 'NONE', #8145, #9619, #1717, .T. ) ;
#5154 = ORIENTED_EDGE ( 'NONE', *, *, #4283, .F. ) ;
#5155 = DIRECTION ( 'NONE',  ( -1.000000000000000000, 0.0000000000000000000, 0.0000000000000000000 ) ) ;
#5156 = ORIENTED_EDGE ( 'NONE', *, *, #6096, .F. ) ;
#5157 = ADVANCED_FACE ( 'NONE', ( #8736 ), #4684, .T. ) ;
#5158 = LINE ( 'NONE', #8833, #790 ) ;
#5159 = ORIENTED_EDGE ( 'NONE', *, *, #3425, .T. ) ;
#5160 = AXIS2_PLACEMENT_3D ( 'NONE', #7243, #4279, #5033 ) ;
#5161 = CARTESIAN_POINT ( 'NONE',  ( -0.3250000000000023400, 0.05599999999999997300, 0.09990778161457224100 ) ) ;
#5162 = ORIENTED_EDGE ( 'NONE', *, *, #4059, .T. ) ;
#5163 = EDGE_CURVE ( 'NONE', #1533, #8878, #2197, .T. ) ;
#5164 = CARTESIAN_POINT ( 'NONE',  ( -0.3155511811023645200, 1.125451761950674600E-015, 0.2238645401817222200 ) ) ;
#5165 = ORIENTED_EDGE ( 'NONE', *, *, #1784, .T. ) ;
#5166 = VECTOR ( 'NONE', #9030, 39.37007874015748100 ) ;
#5167 = DIRECTION ( 'NONE',  ( -0.0000000000000000000, 1.000000000000000000, -0.0000000000000000000 ) ) ;
#5168 = DIRECTION ( 'NONE',  ( 0.0000000000000000000, 0.0000000000000000000, 1.000000000000000000 ) ) ;
#5169 = ORIENTED_EDGE ( 'NONE', *, *, #5207, .F. ) ;
#5170 = CARTESIAN_POINT ( 'NONE',  ( 0.1605905511811047700, 0.5358241725520462900, 0.2575511811023667400 ) ) ;
#5171 = FACE_OUTER_BOUND ( 'NONE', #8871, .T. ) ;
#5172 = DIRECTION ( 'NONE',  ( 1.000000000000000000, 3.462928498309742800E-015, 0.0000000000000000000 ) ) ;
#5173 =( GEOMETRIC_REPRESENTATION_CONTEXT ( 3 ) GLOBAL_UNCERTAINTY_ASSIGNED_CONTEXT ( ( #356 ) ) GLOBAL_UNIT_ASSIGNED_CONTEXT ( ( #9615, #5896, #2169 ) ) REPRESENTATION_CONTEXT ( 'NONE', 'WORKASPACE' ) );
#5174 = ORIENTED_EDGE ( 'NONE', *, *, #8928, .T. ) ;
#5175 = DIRECTION ( 'NONE',  ( -9.614813431917715500E-017, -0.7071067811865500200, -0.7071067811865450200 ) ) ;
#5176 = CARTESIAN_POINT ( 'NONE',  ( 0.3173036717348479700, 0.6705511811023626700, 0.2593036717348482000 ) ) ;
#5177 = DIRECTION ( 'NONE',  ( -1.000000000000000000, 0.0000000000000000000, -0.0000000000000000000 ) ) ;
#5178 = ORIENTED_EDGE ( 'NONE', *, *, #1206, .F. ) ;
#5179 = PLANE ( 'NONE',  #6601 ) ;
#5180 = CYLINDRICAL_SURFACE ( 'NONE', #9424, 0.01250000000000000200 ) ;
#5181 = ADVANCED_FACE ( 'NONE', ( #2438 ), #1137, .T. ) ;
#5182 = CARTESIAN_POINT ( 'NONE',  ( -0.2755511811023642600, 0.01450000000000000100, -0.2729397864125760500 ) ) ;
#5183 = MANIFOLD_SOLID_BREP ( 'Boss-Extrude5[4]', #1456 ) ;
#5184 = EDGE_CURVE ( 'NONE', #4007, #7283, #6465, .T. ) ;
#5185 = ORIENTED_EDGE ( 'NONE', *, *, #3853, .T. ) ;
#5186 = EDGE_CURVE ( 'NONE', #8921, #4383, #8489, .T. ) ;
#5187 = CIRCLE ( 'NONE', #8476, 0.01500000000000001200 ) ;
#5188 = AXIS2_PLACEMENT_3D ( 'NONE', #7051, #1820, #9455 ) ;
#5189 = ORIENTED_EDGE ( 'NONE', *, *, #1070, .F. ) ;
#5190 = LINE ( 'NONE', #8135, #3183 ) ;
#5191 = DIRECTION ( 'NONE',  ( -0.0000000000000000000, 1.000000000000000000, -0.0000000000000000000 ) ) ;
#5192 = DIRECTION ( 'NONE',  ( 1.000000000000000000, -0.0000000000000000000, 7.389131165723508900E-016 ) ) ;
#5193 = CARTESIAN_POINT ( 'NONE',  ( 0.1645137373393535100, 0.6664090454786311100, 0.2073173628908212800 ) ) ;
#5194 = EDGE_CURVE ( 'NONE', #8289, #1811, #8013, .T. ) ;
#5195 = PLANE ( 'NONE',  #3958 ) ;
#5196 = ORIENTED_EDGE ( 'NONE', *, *, #30, .F. ) ;
#5197 = CIRCLE ( 'NONE', #2436, 0.01181102362204731000 ) ;
#5198 = CARTESIAN_POINT ( 'NONE',  ( 0.2755511811023642600, 0.05455008786923420300, -0.06845163660186294500 ) ) ;
#5199 = ORIENTED_EDGE ( 'NONE', *, *, #8281, .T. ) ;
#5200 = AXIS2_PLACEMENT_3D ( 'NONE', #920, #5443, #6970 ) ;
#5201 = CARTESIAN_POINT ( 'NONE',  ( 0.3155511811023642400, 0.6605511811023620000, -0.3935511811023632600 ) ) ;
#5202 = DIRECTION ( 'NONE',  ( 1.033065433525962600E-016, -0.0000000000000000000, 1.000000000000000000 ) ) ;
#5203 = ORIENTED_EDGE ( 'NONE', *, *, #9537, .T. ) ;
#5204 = CARTESIAN_POINT ( 'NONE',  ( 0.2669099894223583300, 0.6705511811023621100, 0.0000000000000000000 ) ) ;
#5205 = ORIENTED_EDGE ( 'NONE', *, *, #8327, .T. ) ;
#5206 = ADVANCED_FACE ( 'NONE', ( #902 ), #646, .F. ) ;
#5207 = EDGE_CURVE ( 'NONE', #578, #4156, #5150, .T. ) ;
#5208 = ORIENTED_EDGE ( 'NONE', *, *, #3508, .F. ) ;
#5209 = VECTOR ( 'NONE', #9515, 39.37007874015748100 ) ;
#5210 = VECTOR ( 'NONE', #8318, 39.37007874015748100 ) ;
#5211 = DIRECTION ( 'NONE',  ( 0.0000000000000000000, -1.000000000000000000, 0.0000000000000000000 ) ) ;
#5212 = CARTESIAN_POINT ( 'NONE',  ( 0.3116141732283477800, 0.08199999999999997600, -0.3996141732283464100 ) ) ;
#5213 = VECTOR ( 'NONE', #2767, 39.37007874015748100 ) ;
#5214 = ORIENTED_EDGE ( 'NONE', *, *, #3246, .T. ) ;
#5215 = AXIS2_PLACEMENT_3D ( 'NONE', #2606, #370, #4862 ) ;
#5216 = ORIENTED_EDGE ( 'NONE', *, *, #7048, .T. ) ;
#5217 = LINE ( 'NONE', #1825, #2499 ) ;
#5218 = CARTESIAN_POINT ( 'NONE',  ( 1.365923996832131600E-016, 0.6705511811023621100, 0.0000000000000000000 ) ) ;
#5219 = EDGE_CURVE ( 'NONE', #9723, #7778, #5043, .T. ) ;
#5220 = DIRECTION ( 'NONE',  ( -0.0000000000000000000, -1.000000000000000000, -0.0000000000000000000 ) ) ;
#5221 = LINE ( 'NONE', #2006, #3207 ) ;
#5222 = DIRECTION ( 'NONE',  ( 0.0000000000000000000, -0.0000000000000000000, 1.000000000000000000 ) ) ;
#5223 = DIRECTION ( 'NONE',  ( 0.0000000000000000000, 0.0000000000000000000, -1.000000000000000000 ) ) ;
#5224 = VERTEX_POINT ( 'NONE', #2874 ) ;
#5225 = LINE ( 'NONE', #3232, #2271 ) ;
#5226 = CARTESIAN_POINT ( 'NONE',  ( 0.1686558729630844900, 0.6705511811023621100, 0.2031752272670903400 ) ) ;
#5227 = CARTESIAN_POINT ( 'NONE',  ( -0.2399385210375706000, 0.2705511811023621500, 0.09870736768358978600 ) ) ;
#5228 = AXIS2_PLACEMENT_3D ( 'NONE', #3320, #7021, #4022 ) ;
#5229 = VECTOR ( 'NONE', #5128, 39.37007874015748100 ) ;
#5230 = LINE ( 'NONE', #293, #5343 ) ;
#5231 = SURFACE_STYLE_USAGE ( .BOTH. , #4477 ) ;
#5232 = CARTESIAN_POINT ( 'NONE',  ( 0.1645137373393535100, 0.6605511811023621100, 0.1385002118027675600 ) ) ;
#5233 = ADVANCED_FACE ( 'NONE', ( #9177 ), #893, .F. ) ;
#5234 = AXIS2_PLACEMENT_3D ( 'NONE', #7907, #6243, #4786 ) ;
#5235 = CARTESIAN_POINT ( 'NONE',  ( -0.3250000000000023400, 0.02999999999999994000, 0.06990778161457228400 ) ) ;
#5236 = CARTESIAN_POINT ( 'NONE',  ( -0.2669099894223583300, 0.6605511811023621100, 0.1385002118027675600 ) ) ;
#5237 = EDGE_CURVE ( 'NONE', #7697, #3395, #2548, .T. ) ;
#5238 = CARTESIAN_POINT ( 'NONE',  ( 0.3186013962196673200, 0.6619533149417187200, 0.2655573680010762100 ) ) ;
#5239 = LINE ( 'NONE', #2868, #7740 ) ;
#5240 = EDGE_LOOP ( 'NONE', ( #2681, #8186, #4044, #8121 ) ) ;
#5241 = DIRECTION ( 'NONE',  ( 0.0000000000000000000, 0.0000000000000000000, -1.000000000000000000 ) ) ;
#5242 = PLANE ( 'NONE',  #2645 ) ;
#5243 = CARTESIAN_POINT ( 'NONE',  ( 0.2733513886040114200, 0.6799999999999999400, 0.1452368461752705000 ) ) ;
#5244 = EDGE_CURVE ( 'NONE', #6648, #45, #7886, .T. ) ;
#5245 = ORIENTED_EDGE ( 'NONE', *, *, #6547, .F. ) ;
#5246 = LINE ( 'NONE', #3913, #3963 ) ;
#5247 = CARTESIAN_POINT ( 'NONE',  ( 0.2490000000000001400, 0.01450000000000000100, 0.1770000000000000700 ) ) ;
#5248 = ORIENTED_EDGE ( 'NONE', *, *, #7344, .T. ) ;
#5249 = DIRECTION ( 'NONE',  ( 0.7071067811865486800, 0.7071067811865462400, -2.589397808632953600E-015 ) ) ;
#5250 = VECTOR ( 'NONE', #3801, 39.37007874015748100 ) ;
#5251 = ORIENTED_EDGE ( 'NONE', *, *, #7477, .T. ) ;
#5252 = ORIENTED_EDGE ( 'NONE', *, *, #7172, .T. ) ;
#5253 = PLANE ( 'NONE',  #9188 ) ;
#5254 = VECTOR ( 'NONE', #8691, 39.37007874015748100 ) ;
#5255 = ADVANCED_FACE ( 'NONE', ( #1252 ), #4455, .F. ) ;
#5256 = VERTEX_POINT ( 'NONE', #5965 ) ;
#5257 = CARTESIAN_POINT ( 'NONE',  ( -0.3250000000000023400, 0.05599999999999997300, -0.1940000000000000300 ) ) ;
#5258 = EDGE_CURVE ( 'NONE', #1027, #4495, #5274, .T. ) ;
#5259 = AXIS2_PLACEMENT_3D ( 'NONE', #6166, #6958, #3877 ) ;
#5260 = DIRECTION ( 'NONE',  ( 1.000000000000000000, 0.0000000000000000000, -0.0000000000000000000 ) ) ;
#5261 = ORIENTED_EDGE ( 'NONE', *, *, #3332, .F. ) ;
#5262 = LINE ( 'NONE', #2099, #2190 ) ;
#5263 = EDGE_LOOP ( 'NONE', ( #5203, #4120, #3288, #4364, #1963, #740, #4873, #7783, #6390, #3009, #3140, #6724, #561, #6888, #5828, #8014, #5618, #878 ) ) ;
#5264 = DIRECTION ( 'NONE',  ( 0.0000000000000000000, -1.000000000000000000, 0.0000000000000000000 ) ) ;
#5265 = ORIENTED_EDGE ( 'NONE', *, *, #3761, .T. ) ;
#5266 = EDGE_CURVE ( 'NONE', #8583, #9387, #7285, .T. ) ;
#5267 = DIRECTION ( 'NONE',  ( 0.0000000000000000000, -0.0000000000000000000, 1.000000000000000000 ) ) ;
#5268 = DIRECTION ( 'NONE',  ( 3.491481338843109300E-015, 6.954409837152888300E-015, -1.000000000000000000 ) ) ;
#5269 = CARTESIAN_POINT ( 'NONE',  ( 0.1808241725520474400, 0.5399999999999987000, 0.2669999999999977400 ) ) ;
#5270 = DIRECTION ( 'NONE',  ( -0.0000000000000000000, -1.000000000000000000, -0.0000000000000000000 ) ) ;
#5271 = B_SPLINE_CURVE_WITH_KNOTS ( 'NONE', 3,
 ( #5893, #4418, #9771, #3099, #98, #6783 ),
 .UNSPECIFIED., .F., .F.,
 ( 4, 2, 4 ),
 ( 0.0000000000000000000, 0.5000000000000000000, 1.000000000000000000 ),
 .UNSPECIFIED. ) ;
#5272 = ORIENTED_EDGE ( 'NONE', *, *, #8113, .F. ) ;
#5273 = AXIS2_PLACEMENT_3D ( 'NONE', #8664, #4943, #5617 ) ;
#5274 = LINE ( 'NONE', #3740, #7161 ) ;
#5275 = CARTESIAN_POINT ( 'NONE',  ( 0.2755511811023642600, 0.01450000000000000100, -0.06845163660186294500 ) ) ;
#5276 = ORIENTED_EDGE ( 'NONE', *, *, #5475, .T. ) ;
#5277 = CARTESIAN_POINT ( 'NONE',  ( -0.3155511811023621900, 0.6676448794795242200, 0.2489533149417181800 ) ) ;
#5278 = EDGE_LOOP ( 'NONE', ( #3299, #8964, #8430, #9560 ) ) ;
#5279 = DIRECTION ( 'NONE',  ( -1.762231522034902900E-016, 0.7071067811865503500, -0.7071067811865448000 ) ) ;
#5280 = CARTESIAN_POINT ( 'NONE',  ( -0.3155511811023633500, 0.06600000000000101600, 0.2536141732283463400 ) ) ;
#5281 = ADVANCED_FACE ( 'NONE', ( #3268 ), #5242, .T. ) ;
#5282 = EDGE_CURVE ( 'NONE', #3291, #6325, #3620, .T. ) ;
#5283 = ORIENTED_EDGE ( 'NONE', *, *, #8763, .T. ) ;
#5284 = EDGE_LOOP ( 'NONE', ( #5552, #4184, #4704, #5845 ) ) ;
#5285 = VECTOR ( 'NONE', #1647, 39.37007874015748100 ) ;
#5286 = VERTEX_POINT ( 'NONE', #9773 ) ;
#5287 = AXIS2_PLACEMENT_3D ( 'NONE', #7424, #2897, #1376 ) ;
#5288 = LINE ( 'NONE', #6960, #550 ) ;
#5289 = DIRECTION ( 'NONE',  ( 0.0000000000000000000, 1.000000000000000000, 0.0000000000000000000 ) ) ;
#5290 = PLANE ( 'NONE',  #6938 ) ;
#5291 = CARTESIAN_POINT ( 'NONE',  ( 0.2755511811023643200, 0.01450000000000000100, 0.07990778161457226500 ) ) ;
#5292 = VERTEX_POINT ( 'NONE', #1514 ) ;
#5293 = CARTESIAN_POINT ( 'NONE',  ( -0.1850000000000007200, 0.5358241725520464000, -0.4035511811023654900 ) ) ;
#5294 = EDGE_CURVE ( 'NONE', #6116, #6983, #1495, .T. ) ;
#5295 = EDGE_LOOP ( 'NONE', ( #483, #633, #8106, #6413 ) ) ;
#5296 = DIRECTION ( 'NONE',  ( 0.0000000000000000000, 0.0000000000000000000, -1.000000000000000000 ) ) ;
#5297 = LINE ( 'NONE', #7266, #6122 ) ;
#5298 = CARTESIAN_POINT ( 'NONE',  ( 0.3250000000000015700, 0.06600000000000103000, 0.2669999999999999600 ) ) ;
#5299 = VERTEX_POINT ( 'NONE', #3812 ) ;
#5300 = DIRECTION ( 'NONE',  ( 0.0000000000000000000, 0.0000000000000000000, 1.000000000000000000 ) ) ;
#5301 = CARTESIAN_POINT ( 'NONE',  ( 0.1849999999999987200, 0.5358241725520465100, -0.4130000000000022000 ) ) ;
#5302 = CARTESIAN_POINT ( 'NONE',  ( -0.3116141732283510000, 9.954421969059631400E-016, -0.4130000000000009800 ) ) ;
#5303 = CARTESIAN_POINT ( 'NONE',  ( -0.3250000000000023400, 0.01999999999999994100, 0.06990778161457221500 ) ) ;
#5304 = ORIENTED_EDGE ( 'NONE', *, *, #2523, .F. ) ;
#5305 = ADVANCED_FACE ( 'NONE', ( #6920 ), #8337, .F. ) ;
#5306 = VECTOR ( 'NONE', #8461, 39.37007874015748100 ) ;
#5307 = DIRECTION ( 'NONE',  ( -2.492171718503151100E-016, 0.0000000000000000000, -1.000000000000000000 ) ) ;
#5308 = ORIENTED_EDGE ( 'NONE', *, *, #2002, .F. ) ;
#5309 = DIRECTION ( 'NONE',  ( -1.000000000000000000, 0.0000000000000000000, 2.164346195853768800E-016 ) ) ;
#5310 = FACE_OUTER_BOUND ( 'NONE', #257, .T. ) ;
#5311 = CARTESIAN_POINT ( 'NONE',  ( 0.3186013962196673200, 0.6619533149417187200, -0.4115573680010761700 ) ) ;
#5312 = VERTEX_POINT ( 'NONE', #6525 ) ;
#5313 = EDGE_CURVE ( 'NONE', #6790, #7183, #3031, .T. ) ;
#5314 = ORIENTED_EDGE ( 'NONE', *, *, #2299, .T. ) ;
#5315 = VECTOR ( 'NONE', #3904, 39.37007874015748100 ) ;
#5316 = DIRECTION ( 'NONE',  ( -1.000000000000000000, 1.260235691845519800E-029, -3.661961499347914700E-015 ) ) ;
#5317 = DIRECTION ( 'NONE',  ( 0.7071067811865448000, 0.7071067811865503500, 0.0000000000000000000 ) ) ;
#5318 = VERTEX_POINT ( 'NONE', #7254 ) ;
#5319 = VERTEX_POINT ( 'NONE', #7320 ) ;
#5320 = DIRECTION ( 'NONE',  ( -0.0000000000000000000, -0.0000000000000000000, 1.000000000000000000 ) ) ;
#5321 = LINE ( 'NONE', #3435, #1189 ) ;
#5322 = CARTESIAN_POINT ( 'NONE',  ( -0.3069533149417182900, 0.6701185744823510100, 0.2669999999999999000 ) ) ;
#5323 = EDGE_CURVE ( 'NONE', #8421, #449, #3873, .T. ) ;
#5324 = ORIENTED_EDGE ( 'NONE', *, *, #4412, .F. ) ;
#5325 = ORIENTED_EDGE ( 'NONE', *, *, #5571, .T. ) ;
#5326 = ADVANCED_FACE ( 'NONE', ( #1004 ), #308, .T. ) ;
#5327 = VERTEX_POINT ( 'NONE', #2726 ) ;
#5328 = AXIS2_PLACEMENT_3D ( 'NONE', #772, #7581, #6803 ) ;
#5329 = ORIENTED_EDGE ( 'NONE', *, *, #5983, .T. ) ;
#5330 = CARTESIAN_POINT ( 'NONE',  ( -0.3155511811023642400, 0.01450000000000000100, -0.06845163660186287500 ) ) ;
#5331 = CYLINDRICAL_SURFACE ( 'NONE', #9325, 0.01338582677165354500 ) ;
#5332 = FACE_OUTER_BOUND ( 'NONE', #78, .T. ) ;
#5333 = DIRECTION ( 'NONE',  ( 0.7071067811865486800, -0.7071067811865462400, -3.944304526105058200E-031 ) ) ;
#5334 = DIRECTION ( 'NONE',  ( -3.491481338843144800E-015, -3.491481338843132600E-015, -1.000000000000000000 ) ) ;
#5335 = PLANE ( 'NONE',  #9278 ) ;
#5336 = LINE ( 'NONE', #9113, #9633 ) ;
#5337 = ORIENTED_EDGE ( 'NONE', *, *, #7699, .T. ) ;
#5338 = LINE ( 'NONE', #7915, #5680 ) ;
#5339 = EDGE_CURVE ( 'NONE', #7306, #967, #1367, .T. ) ;
#5340 = DIRECTION ( 'NONE',  ( 0.0000000000000000000, -1.000000000000000000, -0.0000000000000000000 ) ) ;
#5341 = CIRCLE ( 'NONE', #6202, 0.01338582677165354500 ) ;
#5342 = CARTESIAN_POINT ( 'NONE',  ( -0.3173036717348476900, 0.6705511811023621100, -0.4053036717348476000 ) ) ;
#5343 = VECTOR ( 'NONE', #5627, 39.37007874015748100 ) ;
#5344 = ORIENTED_EDGE ( 'NONE', *, *, #6889, .F. ) ;
#5345 = VERTEX_POINT ( 'NONE', #7350 ) ;
#5346 = CARTESIAN_POINT ( 'NONE',  ( -0.3250000000000023400, 0.01999999999999994100, 0.06990778161457221500 ) ) ;
#5347 = CLOSED_SHELL ( 'NONE', ( #4636, #299, #7157, #6572, #2304, #184, #8253, #5557, #7271, #6051 ) ) ;
#5348 = FACE_OUTER_BOUND ( 'NONE', #166, .T. ) ;
#5349 = CARTESIAN_POINT ( 'NONE',  ( 0.1645137373393535100, 0.6605511811023621100, 0.2073173628908212800 ) ) ;
#5350 = CARTESIAN_POINT ( 'NONE',  ( 0.2051873039643365700, 0.01450000000000000900, -0.3828791539144444400 ) ) ;
#5351 = ORIENTED_EDGE ( 'NONE', *, *, #9457, .T. ) ;
#5352 = EDGE_CURVE ( 'NONE', #3385, #9554, #7652, .T. ) ;
#5353 = ADVANCED_FACE ( 'NONE', ( #6570 ), #2004, .F. ) ;
#5354 = ORIENTED_EDGE ( 'NONE', *, *, #4275, .F. ) ;
#5355 = DIRECTION ( 'NONE',  ( -3.661961499347914700E-015, -3.462928498309717900E-015, -1.000000000000000000 ) ) ;
#5356 = DIRECTION ( 'NONE',  ( 0.0000000000000000000, -1.000000000000000000, 0.0000000000000000000 ) ) ;
#5357 = ORIENTED_EDGE ( 'NONE', *, *, #2070, .F. ) ;
#5358 = VECTOR ( 'NONE', #8827, 39.37007874015748100 ) ;
#5359 = ORIENTED_EDGE ( 'NONE', *, *, #6394, .F. ) ;
#5360 = AXIS2_PLACEMENT_3D ( 'NONE', #1414, #5053, #5118 ) ;
#5361 = CARTESIAN_POINT ( 'NONE',  ( -0.3250000000000023400, 0.01999999999999994100, -0.1019999999999999900 ) ) ;
#5362 = DIRECTION ( 'NONE',  ( 0.0000000000000000000, 1.000000000000000000, 0.0000000000000000000 ) ) ;
#5363 = CARTESIAN_POINT ( 'NONE',  ( -0.3155511811023643000, 0.05600000000000219400, -0.1740000000000000200 ) ) ;
#5364 = VECTOR ( 'NONE', #1022, 39.37007874015748100 ) ;
#5365 = CARTESIAN_POINT ( 'NONE',  ( -0.2733513886040114200, 0.6666141732283462600, -0.2064179702976515800 ) ) ;
#5366 = ORIENTED_EDGE ( 'NONE', *, *, #6986, .T. ) ;
#5367 = VECTOR ( 'NONE', #4652, 39.37007874015748100 ) ;
#5368 = ORIENTED_EDGE ( 'NONE', *, *, #2855, .F. ) ;
#5369 = EDGE_CURVE ( 'NONE', #3490, #6332, #8127, .T. ) ;
#5370 =( LENGTH_UNIT ( ) NAMED_UNIT ( * ) SI_UNIT ( $, .METRE. ) );
#5371 = EDGE_CURVE ( 'NONE', #574, #5050, #6103, .T. ) ;
#5372 = PLANE ( 'NONE',  #4896 ) ;
#5373 = CIRCLE ( 'NONE', #4486, 0.009999999999999995000 ) ;
#5374 = ORIENTED_EDGE ( 'NONE', *, *, #1926, .F. ) ;
#5375 = ADVANCED_FACE ( 'NONE', ( #651 ), #7385, .F. ) ;
#5376 = DIRECTION ( 'NONE',  ( 0.0000000000000000000, -1.000000000000000000, 0.0000000000000000000 ) ) ;
#5377 = VECTOR ( 'NONE', #303, 39.37007874015748100 ) ;
#5378 = DIRECTION ( 'NONE',  ( -0.0000000000000000000, -1.000000000000000000, -0.0000000000000000000 ) ) ;
#5379 = VERTEX_POINT ( 'NONE', #8913 ) ;
#5380 = EDGE_CURVE ( 'NONE', #6379, #5665, #4923, .T. ) ;
#5381 = DIRECTION ( 'NONE',  ( -0.0000000000000000000, -1.000000000000000000, -0.0000000000000000000 ) ) ;
#5382 = PLANE ( 'NONE',  #6470 ) ;
#5383 = CARTESIAN_POINT ( 'NONE',  ( -0.3116141732283464500, 0.6619533149417188300, 0.2575511811023631400 ) ) ;
#5384 = ORIENTED_EDGE ( 'NONE', *, *, #3357, .F. ) ;
#5385 = VECTOR ( 'NONE', #7156, 39.37007874015748100 ) ;
#5386 = ORIENTED_EDGE ( 'NONE', *, *, #6697, .T. ) ;
#5387 = CARTESIAN_POINT ( 'NONE',  ( -0.2561045361904967200, 0.2705511811023621500, -0.09287881401875214300 ) ) ;
#5388 = AXIS2_PLACEMENT_3D ( 'NONE', #4710, #1609, #4680 ) ;
#5389 = DIRECTION ( 'NONE',  ( 8.962718471908358800E-016, -0.2588190451025214600, -0.9659258262890680900 ) ) ;
#5390 = AXIS2_PLACEMENT_3D ( 'NONE', #2589, #7895, #7965 ) ;
#5391 = EDGE_LOOP ( 'NONE', ( #7588, #6277, #4454, #4992 ) ) ;
#5392 = CARTESIAN_POINT ( 'NONE',  ( -0.3155511811023643000, 0.01999999999999994100, -0.1019999999999999900 ) ) ;
#5393 = DIRECTION ( 'NONE',  ( 0.0000000000000000000, 0.0000000000000000000, -1.000000000000000000 ) ) ;
#5394 = ORIENTED_EDGE ( 'NONE', *, *, #9698, .T. ) ;
#5395 = CIRCLE ( 'NONE', #3658, 0.009999999999999988100 ) ;
#5396 = EDGE_CURVE ( 'NONE', #396, #2124, #6797, .T. ) ;
#5397 = CARTESIAN_POINT ( 'NONE',  ( -0.3250000000000027300, -0.1174999999999954800, -0.1739999999999999900 ) ) ;
#5398 = CARTESIAN_POINT ( 'NONE',  ( 0.2669099894223583300, 0.6205511811023621800, 0.1385002118027675600 ) ) ;
#5399 = EDGE_LOOP ( 'NONE', ( #5731, #3088, #656, #677 ) ) ;
#5400 = DIRECTION ( 'NONE',  ( 0.0000000000000000000, 0.0000000000000000000, -1.000000000000000000 ) ) ;
#5401 =( GEOMETRIC_REPRESENTATION_CONTEXT ( 3 ) GLOBAL_UNCERTAINTY_ASSIGNED_CONTEXT ( ( #1372 ) ) GLOBAL_UNIT_ASSIGNED_CONTEXT ( ( #5437, #9321, #4780 ) ) REPRESENTATION_CONTEXT ( 'NONE', 'WORKASPACE' ) );
#5402 = ADVANCED_FACE ( 'NONE', ( #4102 ), #1264, .F. ) ;
#5403 = ORIENTED_EDGE ( 'NONE', *, *, #3741, .T. ) ;
#5404 = VECTOR ( 'NONE', #1808, 39.37007874015748100 ) ;
#5405 = CARTESIAN_POINT ( 'NONE',  ( 0.2669099894223583300, 0.6705511811023621100, 0.1385002118027675600 ) ) ;
#5406 = DIRECTION ( 'NONE',  ( -0.0000000000000000000, 0.0000000000000000000, 1.000000000000000000 ) ) ;
#5407 = DIRECTION ( 'NONE',  ( -1.000000000000000000, 3.491481338843133000E-015, 0.0000000000000000000 ) ) ;
#5408 = VERTEX_POINT ( 'NONE', #3619 ) ;
#5409 = LINE ( 'NONE', #3635, #7799 ) ;
#5410 = EDGE_CURVE ( 'NONE', #2568, #7268, #2908, .T. ) ;
#5411 = DIRECTION ( 'NONE',  ( 1.000000000000000000, -1.274600948223916000E-016, -3.661961499347913900E-015 ) ) ;
#5412 = ORIENTED_EDGE ( 'NONE', *, *, #8516, .F. ) ;
#5413 = VECTOR ( 'NONE', #8658, 39.37007874015748100 ) ;
#5414 = PLANE ( 'NONE',  #2350 ) ;
#5415 = DIRECTION ( 'NONE',  ( -0.0000000000000000000, 1.000000000000000000, -0.0000000000000000000 ) ) ;
#5416 = VERTEX_POINT ( 'NONE', #2064 ) ;
#5417 = CARTESIAN_POINT ( 'NONE',  ( 0.3250000000000015700, 0.08200000000000000300, -0.3996141732283464100 ) ) ;
#5418 = DIRECTION ( 'NONE',  ( 0.0000000000000000000, 0.0000000000000000000, 1.000000000000000000 ) ) ;
#5419 = VERTEX_POINT ( 'NONE', #5721 ) ;
#5420 = VECTOR ( 'NONE', #1361, 39.37007874015748100 ) ;
#5421 = EDGE_CURVE ( 'NONE', #9232, #6790, #3189, .T. ) ;
#5422 = CARTESIAN_POINT ( 'NONE',  ( -0.3069533149417182900, 0.6666141732283453700, 0.2575511811023609700 ) ) ;
#5423 = ADVANCED_FACE ( 'NONE', ( #4795 ), #7803, .F. ) ;
#5424 = VERTEX_POINT ( 'NONE', #6372 ) ;
#5425 = LINE ( 'NONE', #7192, #932 ) ;
#5426 = DIRECTION ( 'NONE',  ( -0.7071067811865448000, 0.7071067811865503500, 1.762231522034902900E-016 ) ) ;
#5427 = CARTESIAN_POINT ( 'NONE',  ( -0.3155511811023633500, 0.6619533149417181600, 0.2536141732283463400 ) ) ;
#5428 = ORIENTED_EDGE ( 'NONE', *, *, #4165, .F. ) ;
#5429 = LINE ( 'NONE', #189, #5659 ) ;
#5430 = AXIS2_PLACEMENT_3D ( 'NONE', #1433, #4438, #7279 ) ;
#5431 = EDGE_LOOP ( 'NONE', ( #7362, #7257, #5159, #2761, #7996, #6149, #245, #2298 ) ) ;
#5432 = LINE ( 'NONE', #8540, #4603 ) ;
#5433 = CARTESIAN_POINT ( 'NONE',  ( -0.3250000000000000700, 0.6666141732283462600, 0.1077457736259981600 ) ) ;
#5434 = VERTEX_POINT ( 'NONE', #4888 ) ;
#5435 = DIRECTION ( 'NONE',  ( -1.000000000000000000, -0.0000000000000000000, 1.033065433525962600E-016 ) ) ;
#5436 = VERTEX_POINT ( 'NONE', #2630 ) ;
#5437 =( CONVERSION_BASED_UNIT ( 'INCH', #9350 ) LENGTH_UNIT ( ) NAMED_UNIT ( #4122 ) );
#5438 = ORIENTED_EDGE ( 'NONE', *, *, #2554, .T. ) ;
#5439 = EDGE_CURVE ( 'NONE', #6852, #2914, #8609, .T. ) ;
#5440 = VECTOR ( 'NONE', #4656, 39.37007874015748100 ) ;
#5441 = VECTOR ( 'NONE', #6316, 39.37007874015748100 ) ;
#5442 = AXIS2_PLACEMENT_3D ( 'NONE', #4690, #9190, #7710 ) ;
#5443 = DIRECTION ( 'NONE',  ( 0.0000000000000000000, -2.134256245050199100E-015, -1.000000000000000000 ) ) ;
#5444 = PLANE ( 'NONE',  #204 ) ;
#5445 = PLANE ( 'NONE',  #2192 ) ;
#5446 = EDGE_LOOP ( 'NONE', ( #1579, #1787, #8005, #4101 ) ) ;
#5447 = ADVANCED_FACE ( 'NONE', ( #6679 ), #5625, .T. ) ;
#5448 = VECTOR ( 'NONE', #6982, 39.37007874015748100 ) ;
#5449 = DIRECTION ( 'NONE',  ( -0.0000000000000000000, 1.000000000000000000, -0.0000000000000000000 ) ) ;
#5450 = ORIENTED_EDGE ( 'NONE', *, *, #2445, .F. ) ;
#5451 = PLANE ( 'NONE',  #7985 ) ;
#5452 = EDGE_CURVE ( 'NONE', #5832, #6116, #2082, .T. ) ;
#5453 = LINE ( 'NONE', #7524, #2139 ) ;
#5454 = VECTOR ( 'NONE', #6643, 39.37007874015748100 ) ;
#5455 = CARTESIAN_POINT ( 'NONE',  ( -0.1249999999999999600, -0.1674264068711929000, -0.3625000000000001000 ) ) ;
#5456 = LENGTH_MEASURE_WITH_UNIT ( LENGTH_MEASURE( 0.02539999999999999900 ), #8977 );
#5457 = DIRECTION ( 'NONE',  ( 0.0000000000000000000, 0.0000000000000000000, 1.000000000000000000 ) ) ;
#5458 = ORIENTED_EDGE ( 'NONE', *, *, #4211, .F. ) ;
#5459 = VECTOR ( 'NONE', #8240, 39.37007874015748100 ) ;
#5460 = PLANE ( 'NONE',  #1232 ) ;
#5461 = CIRCLE ( 'NONE', #262, 0.01250000000000000200 ) ;
#5462 = LINE ( 'NONE', #7181, #1567 ) ;
#5463 = B_SPLINE_CURVE_WITH_KNOTS ( 'NONE', 3,
 ( #607, #4515, #781, #671, #4577, #2959 ),
 .UNSPECIFIED., .F., .F.,
 ( 4, 2, 4 ),
 ( 0.0000000000000000000, 0.5000000000000000000, 1.000000000000000000 ),
 .UNSPECIFIED. ) ;
#5464 = DIRECTION ( 'NONE',  ( 0.0000000000000000000, -1.000000000000000000, 0.0000000000000000000 ) ) ;
#5465 = EDGE_CURVE ( 'NONE', #7686, #1257, #6341, .T. ) ;
#5466 = DIRECTION ( 'NONE',  ( 0.0000000000000000000, 1.000000000000000000, 0.0000000000000000000 ) ) ;
#5467 = CARTESIAN_POINT ( 'NONE',  ( 0.2755511811023643200, 0.0000000000000000000, -0.3067141884898558200 ) ) ;
#5468 = CYLINDRICAL_SURFACE ( 'NONE', #3690, 0.01500000000000001200 ) ;
#5469 = ADVANCED_FACE ( 'NONE', ( #84 ), #9570, .F. ) ;
#5470 = CARTESIAN_POINT ( 'NONE',  ( 0.3250000000000002300, 0.6666141732283462600, 0.2489533149417188500 ) ) ;
#5471 = CARTESIAN_POINT ( 'NONE',  ( 0.3250000000000012900, 1.161035397307311900E-015, 0.2536141732283463400 ) ) ;
#5472 = DIRECTION ( 'NONE',  ( -1.445602896647356400E-014, -2.542057659410399800E-014, 1.000000000000000000 ) ) ;
#5473 = VERTEX_POINT ( 'NONE', #3361 ) ;
#5474 = DIRECTION ( 'NONE',  ( 1.459106284977188500E-016, 0.0000000000000000000, 1.000000000000000000 ) ) ;
#5475 = EDGE_CURVE ( 'NONE', #7702, #5096, #5503, .T. ) ;
#5476 = DIRECTION ( 'NONE',  ( 0.0000000000000000000, -1.000000000000000000, -0.0000000000000000000 ) ) ;
#5477 = LINE ( 'NONE', #7430, #2772 ) ;
#5478 = EDGE_LOOP ( 'NONE', ( #531, #9205, #2652, #9349 ) ) ;
#5479 = CARTESIAN_POINT ( 'NONE',  ( 0.1250000000000000300, 0.01450000000000000100, -0.2500000000000000000 ) ) ;
#5480 = DIRECTION ( 'NONE',  ( 0.0000000000000000000, 0.0000000000000000000, -1.000000000000000000 ) ) ;
#5481 = DIRECTION ( 'NONE',  ( -0.0000000000000000000, 1.000000000000000000, -0.0000000000000000000 ) ) ;
#5482 = LINE ( 'NONE', #3868, #5250 ) ;
#5483 = ORIENTED_EDGE ( 'NONE', *, *, #6445, .T. ) ;
#5484 = ORIENTED_EDGE ( 'NONE', *, *, #2221, .T. ) ;
#5485 = DIRECTION ( 'NONE',  ( -0.0000000000000000000, 1.000000000000000000, -0.0000000000000000000 ) ) ;
#5486 = VECTOR ( 'NONE', #7461, 39.37007874015748100 ) ;
#5487 = ORIENTED_EDGE ( 'NONE', *, *, #5949, .F. ) ;
#5488 = DIRECTION ( 'NONE',  ( 0.0000000000000000000, -0.0000000000000000000, 1.000000000000000000 ) ) ;
#5489 = DIRECTION ( 'NONE',  ( -0.0000000000000000000, 0.0000000000000000000, -1.000000000000000000 ) ) ;
#5490 =( BOUNDED_CURVE ( )  B_SPLINE_CURVE ( 3, ( #5236, #709, #7554, #2997 ),
 .UNSPECIFIED., .F., .F. ) 
 B_SPLINE_CURVE_WITH_KNOTS ( ( 4, 4 ),
 ( 3.141592653589793100, 4.712388980384689700 ),
 .UNSPECIFIED. ) 
 CURVE ( )  GEOMETRIC_REPRESENTATION_ITEM ( )  RATIONAL_B_SPLINE_CURVE ( ( 1.000000000000000000, 0.8047378541243649400, 0.8047378541243649400, 1.000000000000000000 ) ) 
 REPRESENTATION_ITEM ( '' )  );
#5491 = ORIENTED_EDGE ( 'NONE', *, *, #7604, .F. ) ;
#5492 = DIRECTION ( 'NONE',  ( -1.000000000000000000, 0.0000000000000000000, 0.0000000000000000000 ) ) ;
#5493 = ADVANCED_FACE ( 'NONE', ( #4330 ), #1834, .F. ) ;
#5494 = LINE ( 'NONE', #1270, #5834 ) ;
#5495 = VERTEX_POINT ( 'NONE', #8573 ) ;
#5496 = EDGE_CURVE ( 'NONE', #7047, #9294, #1838, .T. ) ;
#5497 = CARTESIAN_POINT ( 'NONE',  ( -0.2051873039643365700, 0.01450000000000000900, -0.3828791539144444400 ) ) ;
#5498 = ORIENTED_EDGE ( 'NONE', *, *, #5879, .F. ) ;
#5499 = EDGE_CURVE ( 'NONE', #2598, #5584, #5610, .T. ) ;
#5500 = AXIS2_PLACEMENT_3D ( 'NONE', #7378, #9719, #5874 ) ;
#5501 = DIRECTION ( 'NONE',  ( -1.000000000000000000, 0.0000000000000000000, 0.0000000000000000000 ) ) ;
#5502 = ORIENTED_EDGE ( 'NONE', *, *, #4189, .F. ) ;
#5503 = LINE ( 'NONE', #6304, #9062 ) ;
#5504 = CARTESIAN_POINT ( 'NONE',  ( -0.3250000000000023400, 0.05599999999999997300, -0.1319999999999999800 ) ) ;
#5505 = ORIENTED_EDGE ( 'NONE', *, *, #1713, .T. ) ;
#5506 = ORIENTED_EDGE ( 'NONE', *, *, #8001, .T. ) ;
#5507 = EDGE_CURVE ( 'NONE', #8078, #1517, #7402, .T. ) ;
#5508 = CARTESIAN_POINT ( 'NONE',  ( 0.1295137373393535100, 0.2705511811023621500, 0.09870736768358974500 ) ) ;
#5509 = CARTESIAN_POINT ( 'NONE',  ( 0.3155511811023642400, 0.01450000000000000100, -0.4035511811023634300 ) ) ;
#5510 = CARTESIAN_POINT ( 'NONE',  ( -0.3173036717348476900, 0.6723036717348465100, -0.4129999999999989800 ) ) ;
#5511 = ORIENTED_EDGE ( 'NONE', *, *, #3162, .F. ) ;
#5512 = AXIS2_PLACEMENT_3D ( 'NONE', #7766, #7663, #3127 ) ;
#5513 = FACE_OUTER_BOUND ( 'NONE', #8184, .T. ) ;
#5514 = CARTESIAN_POINT ( 'NONE',  ( 0.1750000000000000400, -0.1250000000000000000, -0.3375000000000000800 ) ) ;
#5515 = EDGE_LOOP ( 'NONE', ( #2922, #296 ) ) ;
#5516 = PLANE ( 'NONE',  #5980 ) ;
#5517 = ADVANCED_FACE ( 'NONE', ( #5847 ), #8605, .F. ) ;
#5518 = EDGE_CURVE ( 'NONE', #9566, #9621, #5035, .T. ) ;
#5519 = CARTESIAN_POINT ( 'NONE',  ( 0.1653265940589108400, 0.1854975784931286700, -0.4130000000000033600 ) ) ;
#5520 = ORIENTED_EDGE ( 'NONE', *, *, #8666, .T. ) ;
#5521 = LINE ( 'NONE', #7442, #6820 ) ;
#5522 = CARTESIAN_POINT ( 'NONE',  ( 0.2755511811023642600, 0.0000000000000000000, 0.1871780396547222100 ) ) ;
#5523 = ORIENTED_EDGE ( 'NONE', *, *, #6312, .T. ) ;
#5524 = FACE_OUTER_BOUND ( 'NONE', #7171, .T. ) ;
#5525 = ORIENTED_EDGE ( 'NONE', *, *, #7210, .T. ) ;
#5526 = CARTESIAN_POINT ( 'NONE',  ( 0.2250000000000000300, 0.01450000000000000900, 0.06249999999999993800 ) ) ;
#5527 = DIRECTION ( 'NONE',  ( 0.0000000000000000000, 0.0000000000000000000, -1.000000000000000000 ) ) ;
#5528 = CARTESIAN_POINT ( 'NONE',  ( 0.02500000000000004000, -0.1250000000000000000, -0.2374999999999999900 ) ) ;
#5529 = EDGE_CURVE ( 'NONE', #4036, #4987, #192, .T. ) ;
#5530 = ORIENTED_EDGE ( 'NONE', *, *, #5266, .T. ) ;
#5531 = FACE_OUTER_BOUND ( 'NONE', #3497, .T. ) ;
#5532 = DIRECTION ( 'NONE',  ( 0.0000000000000000000, 0.0000000000000000000, 1.000000000000000000 ) ) ;
#5533 = VERTEX_POINT ( 'NONE', #7838 ) ;
#5534 = VECTOR ( 'NONE', #9423, 39.37007874015748100 ) ;
#5535 = ADVANCED_FACE ( 'NONE', ( #6789 ), #8637, .F. ) ;
#5536 = AXIS2_PLACEMENT_3D ( 'NONE', #1248, #9546, #1915 ) ;
#5537 = EDGE_LOOP ( 'NONE', ( #7073, #6849, #876, #4109 ) ) ;
#5538 = PRESENTATION_STYLE_ASSIGNMENT (( #4037 ) ) ;
#5539 = VERTEX_POINT ( 'NONE', #4847 ) ;
#5540 = CARTESIAN_POINT ( 'NONE',  ( -0.02499999999999993900, -0.1250000000000000000, -0.3500000000000000900 ) ) ;
#5541 = ORIENTED_EDGE ( 'NONE', *, *, #3771, .F. ) ;
#5542 = VERTEX_POINT ( 'NONE', #7967 ) ;
#5543 = DIRECTION ( 'NONE',  ( 0.0000000000000000000, 0.0000000000000000000, -1.000000000000000000 ) ) ;
#5544 = CARTESIAN_POINT ( 'NONE',  ( 0.2399385210375705500, 0.6355511811023624200, -0.09287881401875221200 ) ) ;
#5545 = VECTOR ( 'NONE', #8804, 39.37007874015748100 ) ;
#5546 = EDGE_CURVE ( 'NONE', #806, #8629, #4559, .T. ) ;
#5547 = FACE_OUTER_BOUND ( 'NONE', #489, .T. ) ;
#5548 = EDGE_CURVE ( 'NONE', #5286, #9775, #6656, .T. ) ;
#5549 = ORIENTED_EDGE ( 'NONE', *, *, #6751, .T. ) ;
#5550 = ORIENTED_EDGE ( 'NONE', *, *, #2815, .T. ) ;
#5551 = DIRECTION ( 'NONE',  ( -0.0000000000000000000, 0.0000000000000000000, 1.000000000000000000 ) ) ;
#5552 = ORIENTED_EDGE ( 'NONE', *, *, #9164, .F. ) ;
#5553 = PLANE ( 'NONE',  #4405 ) ;
#5554 = LINE ( 'NONE', #5509, #8189 ) ;
#5555 = DIRECTION ( 'NONE',  ( -1.000000000000000000, -0.0000000000000000000, -0.0000000000000000000 ) ) ;
#5556 = LINE ( 'NONE', #9290, #3329 ) ;
#5557 = ADVANCED_FACE ( 'NONE', ( #3495 ), #9052, .T. ) ;
#5558 = VECTOR ( 'NONE', #9351, 39.37007874015748100 ) ;
#5559 = CARTESIAN_POINT ( 'NONE',  ( 0.3116141732283445000, 0.6619533149417186100, -0.4130000000000015900 ) ) ;
#5560 = CARTESIAN_POINT ( 'NONE',  ( -0.1490000000000000500, 0.01450000000000000100, 0.1619999999999999800 ) ) ;
#5561 = ORIENTED_EDGE ( 'NONE', *, *, #597, .T. ) ;
#5562 = FACE_OUTER_BOUND ( 'NONE', #9334, .T. ) ;
#5563 = CARTESIAN_POINT ( 'NONE',  ( -0.2755511811023642600, 0.05455008786923420300, 0.2575511811023651900 ) ) ;
#5564 = EDGE_CURVE ( 'NONE', #9486, #3346, #8662, .T. ) ;
#5565 = VECTOR ( 'NONE', #1327, 39.37007874015748100 ) ;
#5566 = CIRCLE ( 'NONE', #5638, 0.01250000000000000200 ) ;
#5567 = DIRECTION ( 'NONE',  ( 1.000000000000000000, 0.0000000000000000000, 0.0000000000000000000 ) ) ;
#5568 = ORIENTED_EDGE ( 'NONE', *, *, #9792, .F. ) ;
#5569 = DIRECTION ( 'NONE',  ( 1.000000000000000000, -0.0000000000000000000, -0.0000000000000000000 ) ) ;
#5570 = DIRECTION ( 'NONE',  ( -0.0000000000000000000, 1.000000000000000000, -0.0000000000000000000 ) ) ;
#5571 = EDGE_CURVE ( 'NONE', #5542, #5473, #6091, .T. ) ;
#5572 = LINE ( 'NONE', #6893, #2629 ) ;
#5573 = VECTOR ( 'NONE', #3220, 39.37007874015748100 ) ;
#5574 = ORIENTED_EDGE ( 'NONE', *, *, #8130, .T. ) ;
#5575 = AXIS2_PLACEMENT_3D ( 'NONE', #6449, #4962, #6384 ) ;
#5576 = VERTEX_POINT ( 'NONE', #1172 ) ;
#5577 = CARTESIAN_POINT ( 'NONE',  ( -0.2733513886040114200, 0.6705511811023621100, 0.1452368461752705000 ) ) ;
#5578 = CARTESIAN_POINT ( 'NONE',  ( -0.1850000000000007500, 0.5358241725520464000, 0.2670000000000037900 ) ) ;
#5579 = CARTESIAN_POINT ( 'NONE',  ( -0.3155511811023642400, 0.01450000000000000100, 0.07990778161457233500 ) ) ;
#5580 = VERTEX_POINT ( 'NONE', #5077 ) ;
#5581 = LINE ( 'NONE', #7001, #4075 ) ;
#5582 = DIRECTION ( 'NONE',  ( -1.000000000000000000, 0.0000000000000000000, 0.0000000000000000000 ) ) ;
#5583 = ADVANCED_FACE ( 'NONE', ( #7039 ), #9295, .T. ) ;
#5584 = VERTEX_POINT ( 'NONE', #5046 ) ;
#5585 = EDGE_CURVE ( 'NONE', #9041, #3875, #1485, .T. ) ;
#5586 = CARTESIAN_POINT ( 'NONE',  ( 0.3173036717348460300, 0.6723036717348477300, -0.4035511811023643200 ) ) ;
#5587 = DIRECTION ( 'NONE',  ( 0.0000000000000000000, -0.0000000000000000000, 1.000000000000000000 ) ) ;
#5588 = CARTESIAN_POINT ( 'NONE',  ( -0.1795879137239757300, 0.1795879137239768100, -0.4035511811023629300 ) ) ;
#5589 = AXIS2_PLACEMENT_3D ( 'NONE', #7793, #1722, #2583 ) ;
#5590 = ORIENTED_EDGE ( 'NONE', *, *, #9465, .T. ) ;
#5591 = CARTESIAN_POINT ( 'NONE',  ( -0.3155511811023645200, 1.125451761950674600E-015, 0.0000000000000000000 ) ) ;
#5592 = CARTESIAN_POINT ( 'NONE',  ( -0.3250000000000023400, 0.05599999999999997300, 0.08990778161457226000 ) ) ;
#5593 = LINE ( 'NONE', #8341, #9541 ) ;
#5594 = DIRECTION ( 'NONE',  ( -2.492171718503151100E-016, 0.0000000000000000000, -1.000000000000000000 ) ) ;
#5595 = ORIENTED_EDGE ( 'NONE', *, *, #1141, .T. ) ;
#5596 = AXIS2_PLACEMENT_3D ( 'NONE', #5908, #3674, #4432 ) ;
#5597 = CARTESIAN_POINT ( 'NONE',  ( 0.1653149606299236800, 0.5358241725520462900, -0.4035511811023667600 ) ) ;
#5598 = EDGE_CURVE ( 'NONE', #9619, #9232, #5494, .T. ) ;
#5599 = CARTESIAN_POINT ( 'NONE',  ( -0.3155511811023642400, 0.05599999999999997300, 0.09990778161457224100 ) ) ;
#5600 = CARTESIAN_POINT ( 'NONE',  ( 0.3116141732283442300, 0.6624383457803941800, 0.2670000000000022400 ) ) ;
#5601 = LINE ( 'NONE', #1503, #6331 ) ;
#5602 = ORIENTED_EDGE ( 'NONE', *, *, #1111, .T. ) ;
#5603 = LINE ( 'NONE', #8847, #77 ) ;
#5604 = CARTESIAN_POINT ( 'NONE',  ( -0.3151268775732678500, 0.6619533149417181600, -0.4016692388140292200 ) ) ;
#5605 = ORIENTED_EDGE ( 'NONE', *, *, #6238, .F. ) ;
#5606 = DIRECTION ( 'NONE',  ( 0.0000000000000000000, 0.0000000000000000000, -1.000000000000000000 ) ) ;
#5607 = ADVANCED_FACE ( 'NONE', ( #3022 ), #4260, .F. ) ;
#5608 = AXIS2_PLACEMENT_3D ( 'NONE', #7042, #7012, #5480 ) ;
#5609 = ORIENTED_EDGE ( 'NONE', *, *, #8001, .F. ) ;
#5610 = LINE ( 'NONE', #2530, #9436 ) ;
#5611 = VERTEX_POINT ( 'NONE', #8770 ) ;
#5612 = PLANE ( 'NONE',  #4925 ) ;
#5613 = CARTESIAN_POINT ( 'NONE',  ( -0.1760831814196593400, 0.6705511811023621100, 0.2222871597821837500 ) ) ;
#5614 = DIRECTION ( 'NONE',  ( 0.0000000000000000000, -1.000000000000000000, 3.201384367575298700E-015 ) ) ;
#5615 = VERTEX_POINT ( 'NONE', #4986 ) ;
#5616 = CARTESIAN_POINT ( 'NONE',  ( -0.3250000000000023400, 0.02999999999999994000, -0.1019999999999999900 ) ) ;
#5617 = DIRECTION ( 'NONE',  ( 0.0000000000000000000, 0.0000000000000000000, -1.000000000000000000 ) ) ;
#5618 = ORIENTED_EDGE ( 'NONE', *, *, #8569, .T. ) ;
#5619 = CIRCLE ( 'NONE', #8041, 0.01250000000000000200 ) ;
#5620 = PLANE ( 'NONE',  #8587 ) ;
#5621 = DIRECTION ( 'NONE',  ( -1.000000000000000000, 0.0000000000000000000, 1.033065433525962600E-016 ) ) ;
#5622 = EDGE_CURVE ( 'NONE', #7457, #8263, #428, .T. ) ;
#5623 = AXIS2_PLACEMENT_3D ( 'NONE', #5037, #9561, #8049 ) ;
#5624 = ORIENTED_EDGE ( 'NONE', *, *, #4818, .T. ) ;
#5625 = PLANE ( 'NONE',  #4666 ) ;
#5626 = CARTESIAN_POINT ( 'NONE',  ( 0.3155511811023644100, 0.01999999999999994100, 0.0000000000000000000 ) ) ;
#5627 = DIRECTION ( 'NONE',  ( 0.0000000000000000000, 0.0000000000000000000, 1.000000000000000000 ) ) ;
#5628 = DIRECTION ( 'NONE',  ( -1.000000000000000000, -0.0000000000000000000, -0.0000000000000000000 ) ) ;
#5629 = ORIENTED_EDGE ( 'NONE', *, *, #4333, .T. ) ;
#5630 = LINE ( 'NONE', #1739, #5987 ) ;
#5631 = EDGE_CURVE ( 'NONE', #6484, #430, #8115, .T. ) ;
#5632 = DIRECTION ( 'NONE',  ( 0.0000000000000000000, -1.000000000000000000, 0.0000000000000000000 ) ) ;
#5633 = VERTEX_POINT ( 'NONE', #4294 ) ;
#5634 = CARTESIAN_POINT ( 'NONE',  ( 0.2249999999999999800, -0.1050000000000000100, -0.06250000000000006900 ) ) ;
#5635 = ADVANCED_FACE ( 'NONE', ( #7276 ), #2768, .F. ) ;
#5636 = FACE_OUTER_BOUND ( 'NONE', #1109, .T. ) ;
#5637 = CARTESIAN_POINT ( 'NONE',  ( -0.3155511811023650700, -0.1549999999999955000, -0.1639519052838328500 ) ) ;
#5638 = AXIS2_PLACEMENT_3D ( 'NONE', #7764, #5464, #255 ) ;
#5639 = CARTESIAN_POINT ( 'NONE',  ( -0.3136692388140289200, 0.6619533149417187200, -0.4031268775732675400 ) ) ;
#5640 = VERTEX_POINT ( 'NONE', #1240 ) ;
#5641 = EDGE_CURVE ( 'NONE', #7273, #520, #7514, .T. ) ;
#5642 = EDGE_LOOP ( 'NONE', ( #8953, #8479, #8043, #5374 ) ) ;
#5643 = LINE ( 'NONE', #5600, #3651 ) ;
#5644 = EDGE_CURVE ( 'NONE', #6180, #4524, #6561, .T. ) ;
#5645 = PLANE ( 'NONE',  #4409 ) ;
#5646 = DIRECTION ( 'NONE',  ( 0.0000000000000000000, 1.000000000000000000, -1.313388458492436200E-015 ) ) ;
#5647 = CARTESIAN_POINT ( 'NONE',  ( 0.3155511811023630800, 0.6619533149417187200, -0.3996141732283464100 ) ) ;
#5648 = DIRECTION ( 'NONE',  ( -0.0000000000000000000, -1.000000000000000000, -0.0000000000000000000 ) ) ;
#5649 = EDGE_LOOP ( 'NONE', ( #8642, #3893, #2619, #9045 ) ) ;
#5650 = EDGE_LOOP ( 'NONE', ( #1198, #971, #2556, #480, #9725, #8278 ) ) ;
#5651 = LINE ( 'NONE', #9366, #7684 ) ;
#5652 = AXIS2_PLACEMENT_3D ( 'NONE', #1409, #1541, #8332 ) ;
#5653 = CARTESIAN_POINT ( 'NONE',  ( 0.08354462770099668800, 0.6355511811023624200, 0.2575511811023651300 ) ) ;
#5654 = ORIENTED_EDGE ( 'NONE', *, *, #9739, .T. ) ;
#5655 = LINE ( 'NONE', #2535, #1884 ) ;
#5656 = CARTESIAN_POINT ( 'NONE',  ( 0.1750000000000000400, 0.01450000000000000100, -0.3625000000000001000 ) ) ;
#5657 = ORIENTED_EDGE ( 'NONE', *, *, #9562, .F. ) ;
#5658 = EDGE_LOOP ( 'NONE', ( #6539, #2597, #9109, #3285, #12, #2494, #8437, #8740, #4553, #8600, #6866 ) ) ;
#5659 = VECTOR ( 'NONE', #9140, 39.37007874015748100 ) ;
#5660 = ADVANCED_FACE ( 'NONE', ( #4442 ), #2539, .F. ) ;
#5661 = DIRECTION ( 'NONE',  ( -1.000000000000000000, 0.0000000000000000000, -0.0000000000000000000 ) ) ;
#5662 = EDGE_CURVE ( 'NONE', #4495, #9571, #1957, .T. ) ;
#5663 = ORIENTED_EDGE ( 'NONE', *, *, #5421, .T. ) ;
#5664 = DIRECTION ( 'NONE',  ( 0.0000000000000000000, 0.0000000000000000000, -1.000000000000000000 ) ) ;
#5665 = VERTEX_POINT ( 'NONE', #8198 ) ;
#5666 = LINE ( 'NONE', #6349, #1301 ) ;
#5667 = DIRECTION ( 'NONE',  ( 0.0000000000000000000, -1.000000000000000000, 0.0000000000000000000 ) ) ;
#5668 = CARTESIAN_POINT ( 'NONE',  ( -0.3155511811023645200, 7.114060504109360600E-016, -0.1939999999999999200 ) ) ;
#5669 = ORIENTED_EDGE ( 'NONE', *, *, #6986, .F. ) ;
#5670 = DIRECTION ( 'NONE',  ( -0.0000000000000000000, 1.000000000000000000, -1.313388458492436400E-015 ) ) ;
#5671 = DIRECTION ( 'NONE',  ( -0.0000000000000000000, 1.000000000000000000, -0.0000000000000000000 ) ) ;
#5672 = VERTEX_POINT ( 'NONE', #7421 ) ;
#5673 = DIRECTION ( 'NONE',  ( 0.0000000000000000000, 1.000000000000000000, -3.441422560204223200E-015 ) ) ;
#5674 = VERTEX_POINT ( 'NONE', #2895 ) ;
#5675 = VECTOR ( 'NONE', #6566, 39.37007874015748900 ) ;
#5676 = LINE ( 'NONE', #2605, #8190 ) ;
#5677 = VECTOR ( 'NONE', #1936, 39.37007874015748100 ) ;
#5678 = ORIENTED_EDGE ( 'NONE', *, *, #7867, .T. ) ;
#5679 = CARTESIAN_POINT ( 'NONE',  ( -0.1490000000000000500, -0.1674264068711929000, 0.1769999999999999900 ) ) ;
#5680 = VECTOR ( 'NONE', #9415, 39.37007874015748100 ) ;
#5681 = DIRECTION ( 'NONE',  ( -0.0000000000000000000, -1.000000000000000000, -0.0000000000000000000 ) ) ;
#5682 = CARTESIAN_POINT ( 'NONE',  ( 0.2051873039643365700, 0.4318828228266479700, -0.3828791539144444400 ) ) ;
#5683 = CARTESIAN_POINT ( 'NONE',  ( -0.07499999999999996900, -0.1674264068711929000, -0.2500000000000000000 ) ) ;
#5684 = VERTEX_POINT ( 'NONE', #9732 ) ;
#5685 = EDGE_CURVE ( 'NONE', #2974, #6448, #1597, .T. ) ;
#5686 = CARTESIAN_POINT ( 'NONE',  ( -0.3155511811023633500, 0.6666141732283464800, 0.2536141732283463400 ) ) ;
#5687 = CARTESIAN_POINT ( 'NONE',  ( 0.1745137373393535200, 0.6705511811023621100, 0.1973173628908212700 ) ) ;
#5688 = EDGE_CURVE ( 'NONE', #3427, #7295, #2302, .T. ) ;
#5689 = LINE ( 'NONE', #1016, #3821 ) ;
#5690 = ORIENTED_EDGE ( 'NONE', *, *, #4165, .T. ) ;
#5691 = DIRECTION ( 'NONE',  ( 0.6209323667996100600, 0.0000000000000000000, 0.7838641437523690100 ) ) ;
#5692 = FACE_OUTER_BOUND ( 'NONE', #8447, .T. ) ;
#5693 = CARTESIAN_POINT ( 'NONE',  ( 0.1295137373393535100, 0.6355511811023624200, 0.1704271400810135600 ) ) ;
#5694 = ORIENTED_EDGE ( 'NONE', *, *, #2023, .T. ) ;
#5695 = DIRECTION ( 'NONE',  ( 0.0000000000000000000, -0.0000000000000000000, -1.000000000000000000 ) ) ;
#5696 = LINE ( 'NONE', #9394, #2872 ) ;
#5697 = EDGE_CURVE ( 'NONE', #3509, #1577, #2430, .T. ) ;
#5698 = LINE ( 'NONE', #7177, #2988 ) ;
#5699 = VECTOR ( 'NONE', #7831, 39.37007874015748100 ) ;
#5700 = CARTESIAN_POINT ( 'NONE',  ( 0.3155511811023644100, 0.02999999999999994000, 0.06990778161457228400 ) ) ;
#5701 = ORIENTED_EDGE ( 'NONE', *, *, #5465, .F. ) ;
#5702 = DIRECTION ( 'NONE',  ( 6.815701923854750000E-031, -1.968190197164480500E-016, -1.000000000000000000 ) ) ;
#5703 = LINE ( 'NONE', #3784, #7487 ) ;
#5704 = CARTESIAN_POINT ( 'NONE',  ( 0.3250000000000021800, 0.05599999999999997300, -0.1319999999999999800 ) ) ;
#5705 = CARTESIAN_POINT ( 'NONE',  ( 0.3250000000000000700, 0.6666141732283462600, 0.1077457736259981600 ) ) ;
#5706 = FACE_OUTER_BOUND ( 'NONE', #2407, .T. ) ;
#5707 = VERTEX_POINT ( 'NONE', #1338 ) ;
#5708 = CARTESIAN_POINT ( 'NONE',  ( 0.3055511811023642900, 0.6605511811023620000, 0.2575511811023650800 ) ) ;
#5709 = PLANE ( 'NONE',  #507 ) ;
#5710 = EDGE_CURVE ( 'NONE', #1564, #6162, #5262, .T. ) ;
#5711 = ORIENTED_EDGE ( 'NONE', *, *, #4091, .T. ) ;
#5712 = ADVANCED_FACE ( 'NONE', ( #8480 ), #8133, .F. ) ;
#5713 = AXIS2_PLACEMENT_3D ( 'NONE', #4691, #6246, #275 ) ;
#5714 = LINE ( 'NONE', #1520, #2065 ) ;
#5715 = ORIENTED_EDGE ( 'NONE', *, *, #5759, .F. ) ;
#5716 = CARTESIAN_POINT ( 'NONE',  ( 0.3116141732283445000, 0.6619533149417186100, -0.4130000000000015900 ) ) ;
#5717 = CARTESIAN_POINT ( 'NONE',  ( 0.2755511811023643200, 0.01450000000000000100, -0.3828791539144444400 ) ) ;
#5718 = LINE ( 'NONE', #7790, #1699 ) ;
#5719 = ORIENTED_EDGE ( 'NONE', *, *, #3819, .F. ) ;
#5720 = EDGE_CURVE ( 'NONE', #5760, #6983, #8244, .T. ) ;
#5721 = CARTESIAN_POINT ( 'NONE',  ( 0.1959325888690782400, 0.6799999999999999400, -0.08658759291419086700 ) ) ;
#5722 = FACE_OUTER_BOUND ( 'NONE', #1931, .T. ) ;
#5723 = CARTESIAN_POINT ( 'NONE',  ( 0.2669099894223583300, 0.6205511811023621800, 0.2073173628908212800 ) ) ;
#5724 = ORIENTED_EDGE ( 'NONE', *, *, #6375, .F. ) ;
#5725 = CARTESIAN_POINT ( 'NONE',  ( 0.3069533149417185700, 0.6800000000000001600, 0.2571185744823503700 ) ) ;
#5726 = PRESENTATION_LAYER_ASSIGNMENT (  '', '', ( #7968 ) ) ;
#5727 = CARTESIAN_POINT ( 'NONE',  ( -0.3155511811023650700, -0.1549999999999955000, -0.1420480947161671400 ) ) ;
#5728 = ORIENTED_EDGE ( 'NONE', *, *, #3583, .F. ) ;
#5729 = VECTOR ( 'NONE', #7495, 39.37007874015748100 ) ;
#5730 = CARTESIAN_POINT ( 'NONE',  ( -0.1645137373393535100, 0.6605511811023621100, 0.2073173628908212800 ) ) ;
#5731 = ORIENTED_EDGE ( 'NONE', *, *, #3566, .T. ) ;
#5732 = ORIENTED_EDGE ( 'NONE', *, *, #5869, .F. ) ;
#5733 = CARTESIAN_POINT ( 'NONE',  ( -0.3155511811023650700, -0.1549999999999955000, -0.1639519052838328500 ) ) ;
#5734 = EDGE_CURVE ( 'NONE', #662, #5419, #1244, .T. ) ;
#5735 = CARTESIAN_POINT ( 'NONE',  ( -0.2755511811023642600, 0.0000000000000000000, -4.132261734103850100E-018 ) ) ;
#5736 = ADVANCED_FACE ( 'NONE', ( #8003 ), #9800, .F. ) ;
#5737 = DIRECTION ( 'NONE',  ( -0.0000000000000000000, 1.000000000000000000, -0.0000000000000000000 ) ) ;
#5738 = ORIENTED_EDGE ( 'NONE', *, *, #4758, .T. ) ;
#5739 = VECTOR ( 'NONE', #3003, 39.37007874015748100 ) ;
#5740 = ORIENTED_EDGE ( 'NONE', *, *, #1181, .F. ) ;
#5741 = CARTESIAN_POINT ( 'NONE',  ( 0.3155511811023644100, 0.02999999999999994000, -0.1019999999999999900 ) ) ;
#5742 = ORIENTED_EDGE ( 'NONE', *, *, #7743, .F. ) ;
#5743 = EDGE_CURVE ( 'NONE', #7525, #7596, #8828, .T. ) ;
#5744 = CARTESIAN_POINT ( 'NONE',  ( -0.2669099894223583300, 0.6205511811023621800, 0.1385002118027675600 ) ) ;
#5745 = ORIENTED_EDGE ( 'NONE', *, *, #8281, .F. ) ;
#5746 = PLANE ( 'NONE',  #379 ) ;
#5747 = FACE_OUTER_BOUND ( 'NONE', #1521, .T. ) ;
#5748 = DIRECTION ( 'NONE',  ( -0.0000000000000000000, 1.000000000000000000, -0.0000000000000000000 ) ) ;
#5749 = ORIENTED_EDGE ( 'NONE', *, *, #8607, .T. ) ;
#5750 = CIRCLE ( 'NONE', #3396, 0.01338582677165354500 ) ;
#5751 = DIRECTION ( 'NONE',  ( -1.000000000000000000, 0.0000000000000000000, 0.0000000000000000000 ) ) ;
#5752 = VERTEX_POINT ( 'NONE', #670 ) ;
#5753 = EDGE_CURVE ( 'NONE', #4524, #5014, #3860, .T. ) ;
#5754 = DIRECTION ( 'NONE',  ( 1.000000000000000000, 0.0000000000000000000, -2.492171718503151100E-016 ) ) ;
#5755 = DIRECTION ( 'NONE',  ( 1.000000000000000000, 0.0000000000000000000, -7.389131165723508900E-016 ) ) ;
#5756 = ORIENTED_EDGE ( 'NONE', *, *, #4370, .T. ) ;
#5757 = VECTOR ( 'NONE', #8688, 39.37007874015748100 ) ;
#5758 = CARTESIAN_POINT ( 'NONE',  ( 0.3155511811023642400, 0.01450000000000000100, 0.07990778161457223700 ) ) ;
#5759 = EDGE_CURVE ( 'NONE', #7164, #1155, #3983, .T. ) ;
#5760 = VERTEX_POINT ( 'NONE', #4347 ) ;
#5761 = LINE ( 'NONE', #5519, #5878 ) ;
#5762 = CARTESIAN_POINT ( 'NONE',  ( -0.3173036717348476900, 0.6723036717348465100, 0.2575511811023611400 ) ) ;
#5763 = CARTESIAN_POINT ( 'NONE',  ( 0.3071293029295943400, 0.6663051303775455700, -0.4035511811023615400 ) ) ;
#5764 = ORIENTED_EDGE ( 'NONE', *, *, #3754, .F. ) ;
#5765 = DIRECTION ( 'NONE',  ( 1.000000000000000000, 0.0000000000000000000, -1.409998620576266700E-016 ) ) ;
#5766 = VECTOR ( 'NONE', #8951, 39.37007874015748100 ) ;
#5767 = CARTESIAN_POINT ( 'NONE',  ( 0.1645137373393535100, 0.6205511811023621800, 0.1385002118027675600 ) ) ;
#5768 = ORIENTED_EDGE ( 'NONE', *, *, #4264, .T. ) ;
#5769 = LINE ( 'NONE', #4088, #8771 ) ;
#5770 = EDGE_CURVE ( 'NONE', #5752, #5286, #8599, .T. ) ;
#5771 = VERTEX_POINT ( 'NONE', #7486 ) ;
#5772 = DIRECTION ( 'NONE',  ( 0.0000000000000000000, -1.000000000000000000, 0.0000000000000000000 ) ) ;
#5773 = CARTESIAN_POINT ( 'NONE',  ( 0.1142984638647553800, 0.6666141732283462600, 0.2170512116749741500 ) ) ;
#5774 = VECTOR ( 'NONE', #3974, 39.37007874015748100 ) ;
#5775 = DIRECTION ( 'NONE',  ( -0.0000000000000000000, 1.000000000000000000, -0.0000000000000000000 ) ) ;
#5776 = ORIENTED_EDGE ( 'NONE', *, *, #311, .T. ) ;
#5777 = AXIS2_PLACEMENT_3D ( 'NONE', #4671, #7691, #1663 ) ;
#5778 = LINE ( 'NONE', #674, #3803 ) ;
#5779 = ORIENTED_EDGE ( 'NONE', *, *, #8876, .T. ) ;
#5780 = DIRECTION ( 'NONE',  ( 1.000000000000000000, -1.976217220297097300E-016, -3.754812718564484000E-015 ) ) ;
#5781 = ORIENTED_EDGE ( 'NONE', *, *, #5697, .F. ) ;
#5782 = FACE_OUTER_BOUND ( 'NONE', #8864, .T. ) ;
#5783 = COLOUR_RGB ( '',0.7921568627450980000, 0.8196078431372548800, 0.9333333333333333500 ) ;
#5784 = CARTESIAN_POINT ( 'NONE',  ( 0.3069533149417184000, 0.6785573680010765800, 0.2606013962196656000 ) ) ;
#5785 = ORIENTED_EDGE ( 'NONE', *, *, #8579, .F. ) ;
#5786 = CARTESIAN_POINT ( 'NONE',  ( 0.3155511811023635200, 0.6619533149417188300, 0.2546448794795240800 ) ) ;
#5787 = EDGE_CURVE ( 'NONE', #9438, #7319, #7765, .T. ) ;
#5788 = VERTEX_POINT ( 'NONE', #8358 ) ;
#5789 = SHAPE_DEFINITION_REPRESENTATION ( #5823, #5916 ) ;
#5790 = DIRECTION ( 'NONE',  ( 0.0000000000000000000, -1.000000000000000000, 0.0000000000000000000 ) ) ;
#5791 = VERTEX_POINT ( 'NONE', #31 ) ;
#5792 = LINE ( 'NONE', #9158, #6156 ) ;
#5793 = FACE_OUTER_BOUND ( 'NONE', #6948, .T. ) ;
#5794 = DIRECTION ( 'NONE',  ( -6.954409837152875700E-015, 3.491481338843133400E-015, -1.000000000000000000 ) ) ;
#5795 = CARTESIAN_POINT ( 'NONE',  ( 0.3155511811023633500, 1.092739197465705300E-015, 0.2536141732283463400 ) ) ;
#5796 = AXIS2_PLACEMENT_3D ( 'NONE', #4251, #1996, #1196 ) ;
#5797 = DIRECTION ( 'NONE',  ( -3.661961499347914700E-015, 3.462928498309717100E-015, -1.000000000000000000 ) ) ;
#5798 = ORIENTED_EDGE ( 'NONE', *, *, #2843, .F. ) ;
#5799 = CARTESIAN_POINT ( 'NONE',  ( -0.3155511811023642400, 0.05455008786923420300, -0.2729397864125760500 ) ) ;
#5800 = ORIENTED_EDGE ( 'NONE', *, *, #7138, .T. ) ;
#5801 = LINE ( 'NONE', #7278, #43 ) ;
#5802 = VECTOR ( 'NONE', #6781, 39.37007874015748100 ) ;
#5803 = ORIENTED_EDGE ( 'NONE', *, *, #7814, .F. ) ;
#5804 = CARTESIAN_POINT ( 'NONE',  ( 0.2755511811023643200, 0.01450000000000000100, 0.07990778161457226500 ) ) ;
#5805 = FILL_AREA_STYLE ('',( #8845 ) ) ;
#5806 = CARTESIAN_POINT ( 'NONE',  ( -0.07499999999999996900, -0.1674264068711929000, -0.2625000000000000100 ) ) ;
#5807 = DIRECTION ( 'NONE',  ( 0.0000000000000000000, -0.0000000000000000000, -1.000000000000000000 ) ) ;
#5808 = EDGE_CURVE ( 'NONE', #7551, #1289, #8354, .T. ) ;
#5809 = LINE ( 'NONE', #3968, #3835 ) ;
#5810 = AXIS2_PLACEMENT_3D ( 'NONE', #8088, #8849, #535 ) ;
#5811 = CARTESIAN_POINT ( 'NONE',  ( -0.3069533149417182900, 0.6736013962196657500, -0.4115573680010761700 ) ) ;
#5812 = ORIENTED_EDGE ( 'NONE', *, *, #131, .T. ) ;
#5813 = CARTESIAN_POINT ( 'NONE',  ( 0.1645137373393535100, 0.6705511811023621100, 0.2073173628908212800 ) ) ;
#5814 = CARTESIAN_POINT ( 'NONE',  ( -0.2755511811023642600, 0.01450000000000000100, -0.3067141884898558200 ) ) ;
#5815 = ADVANCED_FACE ( 'NONE', ( #7639 ), #2194, .T. ) ;
#5816 = EDGE_CURVE ( 'NONE', #8300, #8565, #5601, .T. ) ;
#5817 = DIRECTION ( 'NONE',  ( 3.491481338843120300E-015, 2.855284053342739600E-017, 1.000000000000000000 ) ) ;
#5818 = VERTEX_POINT ( 'NONE', #6845 ) ;
#5819 = CARTESIAN_POINT ( 'NONE',  ( -0.1295137373393534800, 0.2705511811023621500, 0.09870736768358978600 ) ) ;
#5820 = VECTOR ( 'NONE', #4891, 39.37007874015748900 ) ;
#5821 = ORIENTED_EDGE ( 'NONE', *, *, #1651, .F. ) ;
#5822 = AXIS2_PLACEMENT_3D ( 'NONE', #5136, #537, #2920 ) ;
#5823 = PRODUCT_DEFINITION_SHAPE ( 'NONE', 'NONE',  #7002 ) ;
#5824 = CARTESIAN_POINT ( 'NONE',  ( 0.3155511811023635200, 0.08199999999999997600, -0.3996141732283464100 ) ) ;
#5825 = DIRECTION ( 'NONE',  ( 0.0000000000000000000, 0.0000000000000000000, 1.000000000000000000 ) ) ;
#5826 = PLANE ( 'NONE',  #3005 ) ;
#5827 = COLOUR_RGB ( '',0.7921568627450980000, 0.8196078431372548800, 0.9333333333333333500 ) ;
#5828 = ORIENTED_EDGE ( 'NONE', *, *, #1833, .T. ) ;
#5829 =( NAMED_UNIT ( * ) PLANE_ANGLE_UNIT ( ) SI_UNIT ( $, .RADIAN. ) );
#5830 = FACE_OUTER_BOUND ( 'NONE', #5942, .T. ) ;
#5831 = CARTESIAN_POINT ( 'NONE',  ( 0.3069533149417182900, 0.6701185744823509000, -0.4129999999999998700 ) ) ;
#5832 = VERTEX_POINT ( 'NONE', #5201 ) ;
#5833 = EDGE_CURVE ( 'NONE', #9418, #2187, #1709, .T. ) ;
#5834 = VECTOR ( 'NONE', #488, 39.37007874015748100 ) ;
#5835 = EDGE_LOOP ( 'NONE', ( #3480, #6493, #268, #4942 ) ) ;
#5836 = CARTESIAN_POINT ( 'NONE',  ( -0.3116141732283476100, 0.06600000000000101600, 0.2536141732283463400 ) ) ;
#5837 = DIRECTION ( 'NONE',  ( -0.0000000000000000000, 1.000000000000000000, -0.0000000000000000000 ) ) ;
#5838 = FACE_OUTER_BOUND ( 'NONE', #6802, .T. ) ;
#5839 = ORIENTED_EDGE ( 'NONE', *, *, #328, .F. ) ;
#5840 = CARTESIAN_POINT ( 'NONE',  ( -0.3250000000000023400, 0.06600000000000103000, 0.2238645401817222200 ) ) ;
#5841 = DIRECTION ( 'NONE',  ( -1.000000000000000000, 0.0000000000000000000, 4.960794269481283100E-017 ) ) ;
#5842 = CARTESIAN_POINT ( 'NONE',  ( -0.3069533149417183500, 0.6785573680010763600, -0.4066013962196659000 ) ) ;
#5843 = DIRECTION ( 'NONE',  ( -0.0000000000000000000, -0.0000000000000000000, -1.000000000000000000 ) ) ;
#5844 = EDGE_CURVE ( 'NONE', #1289, #4219, #3608, .T. ) ;
#5845 = ORIENTED_EDGE ( 'NONE', *, *, #9620, .F. ) ;
#5846 = CARTESIAN_POINT ( 'NONE',  ( -0.2399385210375706000, 0.6355511811023624200, -0.1833786526941293700 ) ) ;
#5847 = FACE_OUTER_BOUND ( 'NONE', #1003, .T. ) ;
#5848 = ORIENTED_EDGE ( 'NONE', *, *, #2976, .T. ) ;
#5849 = DIRECTION ( 'NONE',  ( -0.0000000000000000000, -0.0000000000000000000, 1.000000000000000000 ) ) ;
#5850 = ORIENTED_EDGE ( 'NONE', *, *, #8636, .F. ) ;
#5851 = CARTESIAN_POINT ( 'NONE',  ( 0.1959325888690782400, 0.6799999999999999400, -0.08658759291419086700 ) ) ;
#5852 = CARTESIAN_POINT ( 'NONE',  ( 0.1250000000000000300, -0.1674264068711929000, -0.2500000000000000000 ) ) ;
#5853 = PLANE ( 'NONE',  #4024 ) ;
#5854 = AXIS2_PLACEMENT_3D ( 'NONE', #9010, #2068, #9697 ) ;
#5855 = ORIENTED_EDGE ( 'NONE', *, *, #2616, .T. ) ;
#5856 = VECTOR ( 'NONE', #8717, 39.37007874015748100 ) ;
#5857 = CARTESIAN_POINT ( 'NONE',  ( -0.2733513886040114200, 0.6799999999999999400, -0.08658759291419086700 ) ) ;
#5858 = CARTESIAN_POINT ( 'NONE',  ( -0.2755511811023642600, 0.01450000000000000100, 0.07990778161457233500 ) ) ;
#5859 = VERTEX_POINT ( 'NONE', #3762 ) ;
#5860 = SURFACE_SIDE_STYLE ('',( #547 ) ) ;
#5861 = DIRECTION ( 'NONE',  ( 1.000000000000000000, 0.0000000000000000000, -0.0000000000000000000 ) ) ;
#5862 = LINE ( 'NONE', #2559, #1850 ) ;
#5863 = FILL_AREA_STYLE_COLOUR ( '', #5783 ) ;
#5864 = ADVANCED_FACE ( 'NONE', ( #300 ), #9042, .T. ) ;
#5865 = DIRECTION ( 'NONE',  ( 0.0000000000000000000, -1.000000000000000000, 0.0000000000000000000 ) ) ;
#5866 = ORIENTED_EDGE ( 'NONE', *, *, #7454, .F. ) ;
#5867 = EDGE_CURVE ( 'NONE', #4380, #9418, #2660, .T. ) ;
#5868 = CYLINDRICAL_SURFACE ( 'NONE', #2387, 0.01338582677165354500 ) ;
#5869 = EDGE_CURVE ( 'NONE', #8519, #6790, #7391, .T. ) ;
#5870 = AXIS2_PLACEMENT_3D ( 'NONE', #5852, #6652, #2133 ) ;
#5871 = ORIENTED_EDGE ( 'NONE', *, *, #9664, .T. ) ;
#5872 = VECTOR ( 'NONE', #5670, 39.37007874015748100 ) ;
#5873 = CARTESIAN_POINT ( 'NONE',  ( -0.1490000000000000500, 0.01450000000000000100, 0.1619999999999999800 ) ) ;
#5874 = DIRECTION ( 'NONE',  ( 0.0000000000000000000, -1.000000000000000000, 2.891205793294662500E-015 ) ) ;
#5875 = DIRECTION ( 'NONE',  ( 0.0000000000000000000, -1.000000000000000000, 0.0000000000000000000 ) ) ;
#5876 = DIRECTION ( 'NONE',  ( 0.0000000000000000000, 6.566942292462162400E-016, 1.000000000000000000 ) ) ;
#5877 = ORIENTED_EDGE ( 'NONE', *, *, #8886, .F. ) ;
#5878 = VECTOR ( 'NONE', #1059, 39.37007874015748100 ) ;
#5879 = EDGE_CURVE ( 'NONE', #3996, #2893, #5373, .T. ) ;
#5880 = CARTESIAN_POINT ( 'NONE',  ( -0.3069533149417181300, 0.6666141732283454900, -0.4129999999999987000 ) ) ;
#5881 = DIMENSIONAL_EXPONENTS ( 1.000000000000000000, 0.0000000000000000000, 0.0000000000000000000, 0.0000000000000000000, 0.0000000000000000000, 0.0000000000000000000, 0.0000000000000000000 ) ;
#5882 = VERTEX_POINT ( 'NONE', #4547 ) ;
#5883 = CARTESIAN_POINT ( 'NONE',  ( -0.08354462770099661800, 0.2705511811023621500, 0.1704271400810135900 ) ) ;
#5884 = VECTOR ( 'NONE', #8257, 39.37007874015748100 ) ;
#5885 = AXIS2_PLACEMENT_3D ( 'NONE', #2932, #3699, #1344 ) ;
#5886 = EDGE_LOOP ( 'NONE', ( #1426, #5329, #9014, #1267 ) ) ;
#5887 = LINE ( 'NONE', #9720, #4482 ) ;
#5888 = PLANE ( 'NONE',  #8026 ) ;
#5889 = DIRECTION ( 'NONE',  ( 1.000000000000000000, 0.0000000000000000000, -1.459106284977188500E-016 ) ) ;
#5890 = EDGE_LOOP ( 'NONE', ( #4480, #4298, #4286, #7281 ) ) ;
#5891 = ADVANCED_FACE ( 'NONE', ( #5026 ), #7630, .F. ) ;
#5892 = LINE ( 'NONE', #4233, #2230 ) ;
#5893 = CARTESIAN_POINT ( 'NONE',  ( -0.3069533149417182900, 0.6705511811023621100, 0.2536141732283463400 ) ) ;
#5894 = EDGE_CURVE ( 'NONE', #1721, #524, #9549, .T. ) ;
#5895 = CARTESIAN_POINT ( 'NONE',  ( 0.3126448794795255700, 0.6619533149417188300, -0.4035511811023622100 ) ) ;
#5896 =( NAMED_UNIT ( * ) PLANE_ANGLE_UNIT ( ) SI_UNIT ( $, .RADIAN. ) );
#5897 = EDGE_LOOP ( 'NONE', ( #9189, #5325, #9277, #5165 ) ) ;
#5898 = CARTESIAN_POINT ( 'NONE',  ( 0.2755511811023642600, 0.01450000000000000100, 0.2425715860306383000 ) ) ;
#5899 = LINE ( 'NONE', #7212, #2474 ) ;
#5900 = CARTESIAN_POINT ( 'NONE',  ( -0.3055511811023642900, 1.403100757040926000, -0.4035511811023633200 ) ) ;
#5901 = ORIENTED_EDGE ( 'NONE', *, *, #5396, .T. ) ;
#5902 = PRESENTATION_LAYER_ASSIGNMENT (  '', '', ( #2547 ) ) ;
#5903 = ORIENTED_EDGE ( 'NONE', *, *, #7737, .T. ) ;
#5904 = MANIFOLD_SOLID_BREP ( 'Fillet1', #5347 ) ;
#5905 = VECTOR ( 'NONE', #2744, 39.37007874015748100 ) ;
#5906 = EDGE_LOOP ( 'NONE', ( #2821, #791, #2215, #5314 ) ) ;
#5907 = EDGE_CURVE ( 'NONE', #2143, #7551, #5482, .T. ) ;
#5908 = CARTESIAN_POINT ( 'NONE',  ( -0.1249999999999999600, -0.1674264068711929000, -0.3500000000000000900 ) ) ;
#5909 = EDGE_LOOP ( 'NONE', ( #4616, #6675, #6636, #6420, #6405, #5798, #4966, #3535, #6965, #7369, #2093, #1496, #6369, #6720, #1658, #7490, #3901, #3452, #8098, #9835, #9409, #3311, #7983, #3358, #4687, #2524, #4854, #1837, #2442 ) ) ;
#5910 = CARTESIAN_POINT ( 'NONE',  ( -0.2669099894223583300, 0.6705511811023621100, 0.1385002118027675600 ) ) ;
#5911 = EDGE_LOOP ( 'NONE', ( #9390, #5848, #9462, #4385, #8704, #7428, #2030, #8769, #6212, #4345, #3649 ) ) ;
#5912 = DIRECTION ( 'NONE',  ( -0.0000000000000000000, -1.000000000000000000, -0.0000000000000000000 ) ) ;
#5913 = PLANE ( 'NONE',  #3642 ) ;
#5914 = FACE_OUTER_BOUND ( 'NONE', #4643, .T. ) ;
#5915 = FACE_OUTER_BOUND ( 'NONE', #9496, .T. ) ;
#5916 = ADVANCED_BREP_SHAPE_REPRESENTATION ( 'SI-46014-F', ( #1073, #3137, #5904, #3432, #9019, #1799, #5183, #7561, #4473, #4171, #6228, #9452, #8124, #2107, #9326, #3887, #8739 ), #108 ) ;
#5917 = AXIS2_PLACEMENT_3D ( 'NONE', #510, #7992, #2790 ) ;
#5918 = CIRCLE ( 'NONE', #1147, 0.01250000000000000200 ) ;
#5919 = ORIENTED_EDGE ( 'NONE', *, *, #3162, .T. ) ;
#5920 = VECTOR ( 'NONE', #776, 39.37007874015748900 ) ;
#5921 = DIRECTION ( 'NONE',  ( 1.000000000000000000, -3.462928498309742800E-015, 0.0000000000000000000 ) ) ;
#5922 = AXIS2_PLACEMENT_3D ( 'NONE', #8183, #4309, #1256 ) ;
#5923 = ORIENTED_EDGE ( 'NONE', *, *, #7064, .F. ) ;
#5924 = DIRECTION ( 'NONE',  ( -3.661961499347914700E-015, -3.462928498309717500E-015, 1.000000000000000000 ) ) ;
#5925 = CIRCLE ( 'NONE', #1587, 0.009999999999999995000 ) ;
#5926 = COLOUR_RGB ( '',0.7921568627450980000, 0.8196078431372548800, 0.9333333333333333500 ) ;
#5927 = DIRECTION ( 'NONE',  ( 0.0000000000000000000, 1.000000000000000000, 0.0000000000000000000 ) ) ;
#5928 = EDGE_CURVE ( 'NONE', #7319, #3225, #4550, .T. ) ;
#5929 = DIRECTION ( 'NONE',  ( 0.0000000000000000000, 0.0000000000000000000, -1.000000000000000000 ) ) ;
#5930 = VERTEX_POINT ( 'NONE', #9341 ) ;
#5931 = DIRECTION ( 'NONE',  ( 1.000000000000000000, 0.0000000000000000000, 0.0000000000000000000 ) ) ;
#5932 = DIRECTION ( 'NONE',  ( 0.0000000000000000000, 1.000000000000000000, 0.0000000000000000000 ) ) ;
#5933 = ORIENTED_EDGE ( 'NONE', *, *, #4645, .F. ) ;
#5934 = FACE_OUTER_BOUND ( 'NONE', #1168, .T. ) ;
#5935 = DIRECTION ( 'NONE',  ( -0.0000000000000000000, 1.000000000000000000, -0.0000000000000000000 ) ) ;
#5936 = CARTESIAN_POINT ( 'NONE',  ( 0.2733513886040114200, 0.6799999999999999400, -0.08658759291419086700 ) ) ;
#5937 = CARTESIAN_POINT ( 'NONE',  ( 0.0000000000000000000, 0.01450000000000000100, 0.0000000000000000000 ) ) ;
#5938 = FACE_OUTER_BOUND ( 'NONE', #7340, .T. ) ;
#5939 = VERTEX_POINT ( 'NONE', #3154 ) ;
#5940 = STYLED_ITEM ( 'NONE', ( #1814 ), #6228 ) ;
#5941 = CARTESIAN_POINT ( 'NONE',  ( -0.3069533149417182900, 0.6705511811023621100, -0.3996141732283464100 ) ) ;
#5942 = EDGE_LOOP ( 'NONE', ( #6343, #3526, #2991, #8167, #7748, #8324 ) ) ;
#5943 = VECTOR ( 'NONE', #4621, 39.37007874015748100 ) ;
#5944 = LINE ( 'NONE', #4735, #749 ) ;
#5945 = CARTESIAN_POINT ( 'NONE',  ( -0.3250000000000023400, 0.06600000000000103000, 0.2238645401817222200 ) ) ;
#5946 = DIRECTION ( 'NONE',  ( 1.000000000000000000, 0.0000000000000000000, -0.0000000000000000000 ) ) ;
#5947 = ADVANCED_FACE ( 'NONE', ( #763 ), #9165, .T. ) ;
#5948 = DIRECTION ( 'NONE',  ( -3.462928498309742800E-015, -1.000000000000000000, 0.0000000000000000000 ) ) ;
#5949 = EDGE_CURVE ( 'NONE', #3346, #7457, #4663, .T. ) ;
#5950 = MECHANICAL_DESIGN_GEOMETRIC_PRESENTATION_REPRESENTATION (  '', ( #889 ), #1902 ) ;
#5951 = CARTESIAN_POINT ( 'NONE',  ( -0.3069533149417182900, 0.6800000000000002700, -0.4031185744823506700 ) ) ;
#5952 = ORIENTED_EDGE ( 'NONE', *, *, #4081, .F. ) ;
#5953 = CARTESIAN_POINT ( 'NONE',  ( 0.3250000000000028400, -0.1174999999999977500, -0.1739999999999999900 ) ) ;
#5954 = VECTOR ( 'NONE', #2814, 39.37007874015748100 ) ;
#5955 = CARTESIAN_POINT ( 'NONE',  ( -0.08354462770099661800, 0.6355511811023624200, 0.2475511811023651300 ) ) ;
#5956 = ORIENTED_EDGE ( 'NONE', *, *, #213, .T. ) ;
#5957 = EDGE_CURVE ( 'NONE', #8243, #6983, #4428, .T. ) ;
#5958 = CARTESIAN_POINT ( 'NONE',  ( 0.3116141732283466700, 0.6666141732283464800, -0.5562695347634609700 ) ) ;
#5959 = ORIENTED_EDGE ( 'NONE', *, *, #9153, .F. ) ;
#5960 = AXIS2_PLACEMENT_3D ( 'NONE', #4637, #4839, #1112 ) ;
#5961 = VECTOR ( 'NONE', #240, 39.37007874015748100 ) ;
#5962 = CARTESIAN_POINT ( 'NONE',  ( -0.1185446277009966600, 0.6705511811023621100, 0.2475511811023651300 ) ) ;
#5963 = ORIENTED_EDGE ( 'NONE', *, *, #6015, .T. ) ;
#5964 = DIRECTION ( 'NONE',  ( 3.407850961927375000E-031, -9.840950985822402700E-017, 1.000000000000000000 ) ) ;
#5965 = CARTESIAN_POINT ( 'NONE',  ( 0.3116141732283466700, 0.6799999999999999400, 0.2489533149417188000 ) ) ;
#5966 = PLANE ( 'NONE',  #6365 ) ;
#5967 = ORIENTED_EDGE ( 'NONE', *, *, #8094, .T. ) ;
#5968 = VECTOR ( 'NONE', #9354, 39.37007874015748100 ) ;
#5969 = ORIENTED_EDGE ( 'NONE', *, *, #6250, .F. ) ;
#5970 = ADVANCED_FACE ( 'NONE', ( #2420 ), #8595, .T. ) ;
#5971 = CARTESIAN_POINT ( 'NONE',  ( 0.2669099894223583300, 0.6205511811023621800, 0.1385002118027675600 ) ) ;
#5972 = EDGE_CURVE ( 'NONE', #4002, #4781, #3373, .T. ) ;
#5973 = ORIENTED_EDGE ( 'NONE', *, *, #9818, .F. ) ;
#5974 = MECHANICAL_DESIGN_GEOMETRIC_PRESENTATION_REPRESENTATION (  '', ( #9027 ), #4594 ) ;
#5975 = DIRECTION ( 'NONE',  ( 1.000000000000000000, 0.0000000000000000000, 5.782411586589358800E-015 ) ) ;
#5976 = VERTEX_POINT ( 'NONE', #2520 ) ;
#5977 = LINE ( 'NONE', #1117, #3152 ) ;
#5978 = VERTEX_POINT ( 'NONE', #4732 ) ;
#5979 = DIRECTION ( 'NONE',  ( 0.0000000000000000000, 0.0000000000000000000, -1.000000000000000000 ) ) ;
#5980 = AXIS2_PLACEMENT_3D ( 'NONE', #4084, #7044, #9375 ) ;
#5981 = DIRECTION ( 'NONE',  ( 0.0000000000000000000, 0.0000000000000000000, -1.000000000000000000 ) ) ;
#5982 = ORIENTED_EDGE ( 'NONE', *, *, #4698, .T. ) ;
#5983 = EDGE_CURVE ( 'NONE', #458, #4660, #8345, .T. ) ;
#5984 = DIRECTION ( 'NONE',  ( 0.0000000000000000000, 0.0000000000000000000, -1.000000000000000000 ) ) ;
#5985 = FILL_AREA_STYLE_COLOUR ( '', #4989 ) ;
#5986 = ORIENTED_EDGE ( 'NONE', *, *, #7138, .F. ) ;
#5987 = VECTOR ( 'NONE', #9328, 39.37007874015748100 ) ;
#5988 = DIRECTION ( 'NONE',  ( 0.0000000000000000000, 0.0000000000000000000, -1.000000000000000000 ) ) ;
#5989 = DIRECTION ( 'NONE',  ( -1.000000000000000000, 3.462928498309742800E-015, 0.0000000000000000000 ) ) ;
#5990 = ORIENTED_EDGE ( 'NONE', *, *, #8305, .F. ) ;
#5991 = CARTESIAN_POINT ( 'NONE',  ( -0.1645137373393535100, 0.6205511811023621800, 0.1385002118027675600 ) ) ;
#5992 = VECTOR ( 'NONE', #4492, 39.37007874015748100 ) ;
#5993 = CARTESIAN_POINT ( 'NONE',  ( -0.3116141732283464500, 0.6619533149417188300, 0.2575511811023631400 ) ) ;
#5994 = ADVANCED_FACE ( 'NONE', ( #4775 ), #7724, .F. ) ;
#5995 = EDGE_LOOP ( 'NONE', ( #4308, #6630, #8373, #4500 ) ) ;
#5996 = FACE_OUTER_BOUND ( 'NONE', #9322, .T. ) ;
#5997 = CARTESIAN_POINT ( 'NONE',  ( 0.3155511811023636300, 0.6619533149417187200, -0.3996141732283464100 ) ) ;
#5998 = DIRECTION ( 'NONE',  ( 0.0000000000000000000, -1.000000000000000000, 0.0000000000000000000 ) ) ;
#5999 = DIRECTION ( 'NONE',  ( 0.0000000000000000000, 0.0000000000000000000, 1.000000000000000000 ) ) ;
#6000 = VERTEX_POINT ( 'NONE', #5397 ) ;
#6001 = VECTOR ( 'NONE', #9518, 39.37007874015748100 ) ;
#6002 = DIRECTION ( 'NONE',  ( -1.000000000000000000, -0.0000000000000000000, 1.033065433525962600E-016 ) ) ;
#6003 = EDGE_CURVE ( 'NONE', #3712, #582, #8468, .T. ) ;
#6004 = ORIENTED_EDGE ( 'NONE', *, *, #6706, .T. ) ;
#6005 = EDGE_CURVE ( 'NONE', #9166, #6025, #4206, .T. ) ;
#6006 = SURFACE_STYLE_FILL_AREA ( #3722 ) ;
#6007 = AXIS2_PLACEMENT_3D ( 'NONE', #6460, #8730, #1893 ) ;
#6008 = DIRECTION ( 'NONE',  ( -0.0000000000000000000, 0.0000000000000000000, -1.000000000000000000 ) ) ;
#6009 = CARTESIAN_POINT ( 'NONE',  ( 0.3250000000000015700, 0.03999999999999992500, -0.1940000000000000100 ) ) ;
#6010 = ORIENTED_EDGE ( 'NONE', *, *, #8486, .F. ) ;
#6011 = DIRECTION ( 'NONE',  ( 0.0000000000000000000, 0.0000000000000000000, -1.000000000000000000 ) ) ;
#6012 = VECTOR ( 'NONE', #8679, 39.37007874015748100 ) ;
#6013 = CARTESIAN_POINT ( 'NONE',  ( -0.3116141732283476100, 0.08199999999999997600, -0.3996141732283464100 ) ) ;
#6014 = CARTESIAN_POINT ( 'NONE',  ( -0.2669099894223583300, 0.6205511811023621800, 0.2073173628908212800 ) ) ;
#6015 = EDGE_CURVE ( 'NONE', #2026, #1276, #181, .T. ) ;
#6016 = ORIENTED_EDGE ( 'NONE', *, *, #9721, .T. ) ;
#6017 = COLOUR_RGB ( '',0.2509803921568627400, 0.2509803921568627400, 0.2509803921568627400 ) ;
#6018 = CARTESIAN_POINT ( 'NONE',  ( 0.3250000000000015700, 0.05599999999999997300, -0.1219999999999999800 ) ) ;
#6019 = CARTESIAN_POINT ( 'NONE',  ( 0.3155511811023651300, -0.1549999999999977800, -0.1420480947161671400 ) ) ;
#6020 = DIRECTION ( 'NONE',  ( 0.0000000000000000000, -1.000000000000000000, -0.0000000000000000000 ) ) ;
#6021 = ADVANCED_FACE ( 'NONE', ( #8234 ), #7752, .T. ) ;
#6022 = ORIENTED_EDGE ( 'NONE', *, *, #3583, .T. ) ;
#6023 = FACE_OUTER_BOUND ( 'NONE', #8681, .T. ) ;
#6024 = AXIS2_PLACEMENT_3D ( 'NONE', #3652, #5138, #2038 ) ;
#6025 = VERTEX_POINT ( 'NONE', #3185 ) ;
#6026 = CARTESIAN_POINT ( 'NONE',  ( -0.1295137373393534800, 0.6355511811023624200, 0.1704271400810135900 ) ) ;
#6027 = CARTESIAN_POINT ( 'NONE',  ( -0.3151268775732678500, 0.6619533149417181600, 0.2556692388140291400 ) ) ;
#6028 = ORIENTED_EDGE ( 'NONE', *, *, #7084, .F. ) ;
#6029 = DIRECTION ( 'NONE',  ( 2.492171718503151100E-016, 0.0000000000000000000, 1.000000000000000000 ) ) ;
#6030 = ORIENTED_EDGE ( 'NONE', *, *, #7253, .T. ) ;
#6031 = EDGE_CURVE ( 'NONE', #3838, #3747, #1948, .T. ) ;
#6032 = EDGE_LOOP ( 'NONE', ( #441, #7202, #9573, #6994 ) ) ;
#6033 = FACE_OUTER_BOUND ( 'NONE', #4714, .T. ) ;
#6034 = VECTOR ( 'NONE', #1088, 39.37007874015748100 ) ;
#6035 = CARTESIAN_POINT ( 'NONE',  ( 0.3250000000000015700, 0.6619533149417187200, -0.3996141732283464100 ) ) ;
#6036 = CARTESIAN_POINT ( 'NONE',  ( -0.1754120862760223900, 0.1754120862760195100, -0.4035511811023643200 ) ) ;
#6037 = CYLINDRICAL_SURFACE ( 'NONE', #6024, 0.009999999999999995000 ) ;
#6038 = ORIENTED_EDGE ( 'NONE', *, *, #1705, .F. ) ;
#6039 = AXIS2_PLACEMENT_3D ( 'NONE', #2091, #7380, #9689 ) ;
#6040 = SURFACE_STYLE_FILL_AREA ( #3510 ) ;
#6041 = CARTESIAN_POINT ( 'NONE',  ( -0.3250000000000023400, 0.06600000000000103000, 0.2669999999999999600 ) ) ;
#6042 = ORIENTED_EDGE ( 'NONE', *, *, #5631, .F. ) ;
#6043 = LINE ( 'NONE', #1462, #142 ) ;
#6044 = FACE_OUTER_BOUND ( 'NONE', #1125, .T. ) ;
#6045 = DIRECTION ( 'NONE',  ( -0.0000000000000000000, 0.0000000000000000000, -1.000000000000000000 ) ) ;
#6046 = VECTOR ( 'NONE', #7929, 39.37007874015748100 ) ;
#6047 = CARTESIAN_POINT ( 'NONE',  ( -0.1249999999999999600, -0.1250000000000000000, -0.3500000000000000900 ) ) ;
#6048 = EDGE_CURVE ( 'NONE', #6332, #1183, #3247, .T. ) ;
#6049 = DIRECTION ( 'NONE',  ( 0.0000000000000000000, -1.000000000000000000, 0.0000000000000000000 ) ) ;
#6050 = ORIENTED_EDGE ( 'NONE', *, *, #9664, .F. ) ;
#6051 = ADVANCED_FACE ( 'NONE', ( #3970 ), #3011, .T. ) ;
#6052 = FACE_OUTER_BOUND ( 'NONE', #6128, .T. ) ;
#6053 = CARTESIAN_POINT ( 'NONE',  ( 0.1645137373393535100, 0.6705511811023621100, 0.2073173628908212800 ) ) ;
#6054 = ORIENTED_EDGE ( 'NONE', *, *, #6409, .F. ) ;
#6055 = CARTESIAN_POINT ( 'NONE',  ( -0.3250000000000023400, 0.03999999999999992500, 0.09990778161457228300 ) ) ;
#6056 = VECTOR ( 'NONE', #1393, 39.37007874015748100 ) ;
#6057 = VECTOR ( 'NONE', #1934, 39.37007874015748100 ) ;
#6058 = ORIENTED_EDGE ( 'NONE', *, *, #9465, .F. ) ;
#6059 = CARTESIAN_POINT ( 'NONE',  ( -0.2669099894223583300, 0.6799999999999999400, 0.1503393543984664600 ) ) ;
#6060 = DIRECTION ( 'NONE',  ( 0.0000000000000000000, 0.0000000000000000000, 1.000000000000000000 ) ) ;
#6061 = DIRECTION ( 'NONE',  ( 1.000000000000000000, -0.0000000000000000000, 0.0000000000000000000 ) ) ;
#6062 = LINE ( 'NONE', #7606, #9647 ) ;
#6063 = CARTESIAN_POINT ( 'NONE',  ( 0.1490000000000000800, -0.1674264068711929000, 0.1469999999999999900 ) ) ;
#6064 = CARTESIAN_POINT ( 'NONE',  ( 0.2399385210375705500, 0.6355511811023624200, -0.1833786526941294200 ) ) ;
#6065 = LINE ( 'NONE', #8390, #7366 ) ;
#6066 = DIRECTION ( 'NONE',  ( -0.0000000000000000000, -0.0000000000000000000, 1.000000000000000000 ) ) ;
#6067 = EDGE_LOOP ( 'NONE', ( #3950, #1119, #5115, #8366 ) ) ;
#6068 = DIRECTION ( 'NONE',  ( 0.0000000000000000000, -1.000000000000000000, 0.0000000000000000000 ) ) ;
#6069 = EDGE_CURVE ( 'NONE', #7645, #1805, #5718, .T. ) ;
#6070 = PLANE ( 'NONE',  #8071 ) ;
#6071 = DIRECTION ( 'NONE',  ( 0.0000000000000000000, 0.0000000000000000000, -1.000000000000000000 ) ) ;
#6072 = EDGE_CURVE ( 'NONE', #7295, #8342, #5144, .T. ) ;
#6073 = ORIENTED_EDGE ( 'NONE', *, *, #8876, .F. ) ;
#6074 = AXIS2_PLACEMENT_3D ( 'NONE', #4849, #2467, #3265 ) ;
#6075 = VECTOR ( 'NONE', #6237, 39.37007874015748100 ) ;
#6076 = ADVANCED_FACE ( 'NONE', ( #7267 ), #2581, .F. ) ;
#6077 = DIRECTION ( 'NONE',  ( -0.0000000000000000000, -0.0000000000000000000, 1.000000000000000000 ) ) ;
#6078 = VERTEX_POINT ( 'NONE', #7050 ) ;
#6079 = DIRECTION ( 'NONE',  ( 1.000000000000000000, 0.0000000000000000000, -0.0000000000000000000 ) ) ;
#6080 = LINE ( 'NONE', #5773, #4654 ) ;
#6081 = VERTEX_POINT ( 'NONE', #2395 ) ;
#6082 = CARTESIAN_POINT ( 'NONE',  ( 0.2755511811023643200, 0.05455008786923420300, 0.07990778161457226500 ) ) ;
#6083 = PLANE ( 'NONE',  #362 ) ;
#6084 = LINE ( 'NONE', #6865, #5125 ) ;
#6085 = ORIENTED_EDGE ( 'NONE', *, *, #6005, .T. ) ;
#6086 = DIRECTION ( 'NONE',  ( 0.0000000000000000000, -1.000000000000000000, 6.566942292462162400E-016 ) ) ;
#6087 = EDGE_CURVE ( 'NONE', #4210, #4219, #7256, .T. ) ;
#6088 = PLANE ( 'NONE',  #752 ) ;
#6089 = AXIS2_PLACEMENT_3D ( 'NONE', #3240, #921, #272 ) ;
#6090 = CARTESIAN_POINT ( 'NONE',  ( 0.1645137373393535100, 0.6205511811023621800, 0.2073173628908212800 ) ) ;
#6091 = LINE ( 'NONE', #8032, #6455 ) ;
#6092 = ORIENTED_EDGE ( 'NONE', *, *, #7902, .F. ) ;
#6093 = SURFACE_STYLE_USAGE ( .BOTH. , #3798 ) ;
#6094 = FACE_OUTER_BOUND ( 'NONE', #7937, .T. ) ;
#6095 = ORIENTED_EDGE ( 'NONE', *, *, #3508, .T. ) ;
#6096 = EDGE_CURVE ( 'NONE', #6180, #1828, #1233, .T. ) ;
#6097 = CARTESIAN_POINT ( 'NONE',  ( 1.639108796198557900E-015, -1.092739197465705300E-015, -0.4130000000000010300 ) ) ;
#6098 = CARTESIAN_POINT ( 'NONE',  ( -0.3250000000000000100, 0.6619533149417181600, 0.2536141732283463400 ) ) ;
#6099 = DIRECTION ( 'NONE',  ( 0.0000000000000000000, 1.000000000000000000, 0.0000000000000000000 ) ) ;
#6100 = EDGE_LOOP ( 'NONE', ( #6268, #984, #8046, #8441 ) ) ;
#6101 = AXIS2_PLACEMENT_3D ( 'NONE', #1222, #8835, #5765 ) ;
#6102 = ADVANCED_FACE ( 'NONE', ( #7502 ), #7881, .T. ) ;
#6103 = LINE ( 'NONE', #8821, #540 ) ;
#6104 = DIRECTION ( 'NONE',  ( 0.0000000000000000000, -0.0000000000000000000, -1.000000000000000000 ) ) ;
#6105 = ORIENTED_EDGE ( 'NONE', *, *, #7035, .T. ) ;
#6106 = DIRECTION ( 'NONE',  ( 0.0000000000000000000, 0.0000000000000000000, 1.000000000000000000 ) ) ;
#6107 = ORIENTED_EDGE ( 'NONE', *, *, #1616, .F. ) ;
#6108 = DIRECTION ( 'NONE',  ( 0.0000000000000000000, 1.000000000000000000, 0.0000000000000000000 ) ) ;
#6109 = EDGE_CURVE ( 'NONE', #5327, #5495, #4082, .T. ) ;
#6110 = ORIENTED_EDGE ( 'NONE', *, *, #7924, .T. ) ;
#6111 = CARTESIAN_POINT ( 'NONE',  ( 0.1295137373393535100, 0.6355511811023624200, 0.09870736768358974500 ) ) ;
#6112 = EDGE_LOOP ( 'NONE', ( #2454, #1399, #6617, #1774, #6592, #408, #2965, #3793, #5487, #836, #4761 ) ) ;
#6113 = VECTOR ( 'NONE', #9212, 39.37007874015748100 ) ;
#6114 = DIRECTION ( 'NONE',  ( -1.033065433525962600E-016, 0.0000000000000000000, -1.000000000000000000 ) ) ;
#6115 = DIRECTION ( 'NONE',  ( 0.0000000000000000000, -1.000000000000000000, -0.0000000000000000000 ) ) ;
#6116 = VERTEX_POINT ( 'NONE', #4832 ) ;
#6117 = VECTOR ( 'NONE', #3811, 39.37007874015748100 ) ;
#6118 = DIRECTION ( 'NONE',  ( 0.0000000000000000000, -1.000000000000000000, -0.0000000000000000000 ) ) ;
#6119 = CARTESIAN_POINT ( 'NONE',  ( 0.1959325888690782400, 0.6666141732283462600, -0.08658759291419086700 ) ) ;
#6120 = EDGE_CURVE ( 'NONE', #6466, #9029, #2074, .T. ) ;
#6121 = ORIENTED_EDGE ( 'NONE', *, *, #4808, .F. ) ;
#6122 = VECTOR ( 'NONE', #7365, 39.37007874015748100 ) ;
#6123 = DIRECTION ( 'NONE',  ( -1.000000000000000000, 0.0000000000000000000, 2.492171718503151100E-016 ) ) ;
#6124 = ADVANCED_FACE ( 'NONE', ( #6094 ), #3362, .F. ) ;
#6125 = ORIENTED_EDGE ( 'NONE', *, *, #4507, .F. ) ;
#6126 = DIRECTION ( 'NONE',  ( 3.661961499347914700E-015, -3.462928498309717100E-015, 1.000000000000000000 ) ) ;
#6127 = PRESENTATION_STYLE_ASSIGNMENT (( #5231 ) ) ;
#6128 = EDGE_LOOP ( 'NONE', ( #1999, #2798, #7179, #5261 ) ) ;
#6129 = LINE ( 'NONE', #5993, #4953 ) ;
#6130 = CARTESIAN_POINT ( 'NONE',  ( -0.3155511811023649100, -0.1174999999999955200, -0.1320000000000000100 ) ) ;
#6131 = VERTEX_POINT ( 'NONE', #345 ) ;
#6132 = SURFACE_STYLE_USAGE ( .BOTH. , #3910 ) ;
#6133 = LINE ( 'NONE', #3646, #4837 ) ;
#6134 = VERTEX_POINT ( 'NONE', #5544 ) ;
#6135 = FACE_OUTER_BOUND ( 'NONE', #3776, .T. ) ;
#6136 = CARTESIAN_POINT ( 'NONE',  ( -0.2669099894223583300, 0.6666141732283462600, 0.2073173628908212800 ) ) ;
#6137 = EDGE_CURVE ( 'NONE', #7034, #7116, #4314, .T. ) ;
#6138 = EDGE_LOOP ( 'NONE', ( #8774, #7762, #7557 ) ) ;
#6139 = CARTESIAN_POINT ( 'NONE',  ( -0.1490000000000000500, -0.1674264068711929000, 0.1619999999999999800 ) ) ;
#6140 = FACE_OUTER_BOUND ( 'NONE', #9184, .T. ) ;
#6141 = DIRECTION ( 'NONE',  ( -2.492171718503151100E-016, 0.0000000000000000000, -1.000000000000000000 ) ) ;
#6142 = PLANE ( 'NONE',  #179 ) ;
#6143 = ORIENTED_EDGE ( 'NONE', *, *, #6607, .T. ) ;
#6144 = ADVANCED_FACE ( 'NONE', ( #289 ), #6327, .T. ) ;
#6145 = VERTEX_POINT ( 'NONE', #7080 ) ;
#6146 = LINE ( 'NONE', #9679, #1061 ) ;
#6147 = CARTESIAN_POINT ( 'NONE',  ( -0.3069533149417182900, 0.6705511811023621100, 0.2536141732283463400 ) ) ;
#6148 = EDGE_CURVE ( 'NONE', #1429, #1330, #1348, .T. ) ;
#6149 = ORIENTED_EDGE ( 'NONE', *, *, #6271, .T. ) ;
#6150 = ORIENTED_EDGE ( 'NONE', *, *, #9333, .F. ) ;
#6151 = EDGE_LOOP ( 'NONE', ( #9157, #8432, #8748, #5561 ) ) ;
#6152 = AXIS2_PLACEMENT_3D ( 'NONE', #3227, #8529, #6296 ) ;
#6153 = ORIENTED_EDGE ( 'NONE', *, *, #2057, .T. ) ;
#6154 = EDGE_CURVE ( 'NONE', #3239, #1564, #3122, .T. ) ;
#6155 = CARTESIAN_POINT ( 'NONE',  ( 0.08354462770099666000, 0.6355511811023624200, 0.1704271400810135600 ) ) ;
#6156 = VECTOR ( 'NONE', #8375, 39.37007874015748100 ) ;
#6157 = VECTOR ( 'NONE', #9179, 39.37007874015748100 ) ;
#6158 = FILL_AREA_STYLE ('',( #6225 ) ) ;
#6159 = CARTESIAN_POINT ( 'NONE',  ( -0.3155511811023643000, 0.05600000000000219400, -0.1740000000000000200 ) ) ;
#6160 = CARTESIAN_POINT ( 'NONE',  ( -0.1749999999999999900, -0.1250000000000000000, -0.2374999999999999900 ) ) ;
#6161 = FACE_OUTER_BOUND ( 'NONE', #6067, .T. ) ;
#6162 = VERTEX_POINT ( 'NONE', #7147 ) ;
#6163 = VECTOR ( 'NONE', #6321, 39.37007874015748100 ) ;
#6164 = EDGE_CURVE ( 'NONE', #4443, #1410, #4422, .T. ) ;
#6165 = ORIENTED_EDGE ( 'NONE', *, *, #8531, .T. ) ;
#6166 = CARTESIAN_POINT ( 'NONE',  ( 0.2399385210375706300, 0.2705511811023621500, 0.09870736768358971700 ) ) ;
#6167 = CARTESIAN_POINT ( 'NONE',  ( -0.1142984638647553800, 0.6666141732283462600, 0.2170512116749741500 ) ) ;
#6168 = VECTOR ( 'NONE', #440, 39.37007874015748100 ) ;
#6169 = LINE ( 'NONE', #1028, #961 ) ;
#6170 = EDGE_LOOP ( 'NONE', ( #6444, #5745 ) ) ;
#6171 = AXIS2_PLACEMENT_3D ( 'NONE', #3837, #4642, #1756 ) ;
#6172 = VERTEX_POINT ( 'NONE', #4152 ) ;
#6173 = ADVANCED_FACE ( 'NONE', ( #9156 ), #7990, .F. ) ;
#6174 = CARTESIAN_POINT ( 'NONE',  ( 0.3250000000000002300, 0.6666141732283462600, -0.3949533149417188700 ) ) ;
#6175 = CARTESIAN_POINT ( 'NONE',  ( 0.2755511811023642600, 0.0000000000000000000, 0.2425715860306383000 ) ) ;
#6176 = LENGTH_MEASURE_WITH_UNIT ( LENGTH_MEASURE( 0.02539999999999999900 ), #5370 );
#6177 = FACE_OUTER_BOUND ( 'NONE', #6416, .T. ) ;
#6178 = DIRECTION ( 'NONE',  ( 0.0000000000000000000, 1.000000000000000000, -0.0000000000000000000 ) ) ;
#6179 = CARTESIAN_POINT ( 'NONE',  ( -0.3250000000000023400, 0.05599999999999997300, 0.09990778161457224100 ) ) ;
#6180 = VERTEX_POINT ( 'NONE', #8698 ) ;
#6181 = EDGE_CURVE ( 'NONE', #5939, #9282, #3601, .T. ) ;
#6182 = PLANE ( 'NONE',  #2804 ) ;
#6183 = LINE ( 'NONE', #9123, #9530 ) ;
#6184 = VECTOR ( 'NONE', #5927, 39.37007874015748100 ) ;
#6185 = CARTESIAN_POINT ( 'NONE',  ( -0.3155511811023644100, 0.03999999999999992500, 0.0000000000000000000 ) ) ;
#6186 = EDGE_LOOP ( 'NONE', ( #8851, #8979 ) ) ;
#6187 = AXIS2_PLACEMENT_3D ( 'NONE', #7324, #1939, #1209 ) ;
#6188 = DIRECTION ( 'NONE',  ( -1.000000000000000000, 0.0000000000000000000, 0.0000000000000000000 ) ) ;
#6189 = CARTESIAN_POINT ( 'NONE',  ( -0.3155511811023649100, -0.1174999999999955200, -0.1320000000000000100 ) ) ;
#6190 = CARTESIAN_POINT ( 'NONE',  ( -0.3116141732283464500, 0.6619533149417188300, 0.2670000000000009600 ) ) ;
#6191 = VECTOR ( 'NONE', #2617, 39.37007874015748900 ) ;
#6192 = EDGE_LOOP ( 'NONE', ( #6334, #9245 ) ) ;
#6193 = LINE ( 'NONE', #4458, #2416 ) ;
#6194 = CARTESIAN_POINT ( 'NONE',  ( -0.2569099894223583800, 0.6705511811023621100, 0.1973173628908212700 ) ) ;
#6195 = ADVANCED_FACE ( 'NONE', ( #7643 ), #1891, .T. ) ;
#6196 = ORIENTED_EDGE ( 'NONE', *, *, #8981, .T. ) ;
#6197 = EDGE_CURVE ( 'NONE', #8726, #5684, #7869, .T. ) ;
#6198 = SURFACE_SIDE_STYLE ('',( #2174 ) ) ;
#6199 = PLANE ( 'NONE',  #3264 ) ;
#6200 = EDGE_CURVE ( 'NONE', #2568, #3581, #4197, .T. ) ;
#6201 = CARTESIAN_POINT ( 'NONE',  ( 0.2669099894223583300, 0.6705511811023621100, 0.2073173628908212800 ) ) ;
#6202 = AXIS2_PLACEMENT_3D ( 'NONE', #6013, #1497, #3561 ) ;
#6203 = VECTOR ( 'NONE', #8423, 39.37007874015748100 ) ;
#6204 = ORIENTED_EDGE ( 'NONE', *, *, #2412, .F. ) ;
#6205 = CARTESIAN_POINT ( 'NONE',  ( -0.2249999999999999800, -0.1050000000000000100, 0.06250000000000001400 ) ) ;
#6206 = FACE_OUTER_BOUND ( 'NONE', #6471, .T. ) ;
#6207 = DIRECTION ( 'NONE',  ( 1.000000000000000000, -0.0000000000000000000, -0.0000000000000000000 ) ) ;
#6208 = EDGE_LOOP ( 'NONE', ( #3759, #7469, #3929, #2682 ) ) ;
#6209 = EDGE_CURVE ( 'NONE', #8629, #1828, #5134, .T. ) ;
#6210 = DIRECTION ( 'NONE',  ( 0.0000000000000000000, -1.000000000000000000, -0.0000000000000000000 ) ) ;
#6211 = CARTESIAN_POINT ( 'NONE',  ( 0.2755511811023642600, 0.01450000000000000100, -0.06845163660186294500 ) ) ;
#6212 = ORIENTED_EDGE ( 'NONE', *, *, #545, .T. ) ;
#6213 = VECTOR ( 'NONE', #6061, 39.37007874015748100 ) ;
#6214 = EDGE_LOOP ( 'NONE', ( #4016, #2623, #5354, #1810 ) ) ;
#6215 = DIRECTION ( 'NONE',  ( 0.0000000000000000000, -1.000000000000000000, 0.0000000000000000000 ) ) ;
#6216 = CARTESIAN_POINT ( 'NONE',  ( 0.3116141732283466700, 0.6705511811023621100, -0.3949533149417188100 ) ) ;
#6217 = AXIS2_PLACEMENT_3D ( 'NONE', #6649, #3622, #4318 ) ;
#6218 = ORIENTED_EDGE ( 'NONE', *, *, #3354, .T. ) ;
#6219 = ORIENTED_EDGE ( 'NONE', *, *, #7655, .T. ) ;
#6220 = CARTESIAN_POINT ( 'NONE',  ( -0.3250000000000023400, 0.06600000000000103000, 0.2238645401817222200 ) ) ;
#6221 = ADVANCED_FACE ( 'NONE', ( #8119 ), #1960, .F. ) ;
#6222 = VERTEX_POINT ( 'NONE', #8021 ) ;
#6223 = ORIENTED_EDGE ( 'NONE', *, *, #9323, .F. ) ;
#6224 = EDGE_CURVE ( 'NONE', #1333, #7149, #2413, .T. ) ;
#6225 = FILL_AREA_STYLE_COLOUR ( '', #7855 ) ;
#6226 = ORIENTED_EDGE ( 'NONE', *, *, #5688, .T. ) ;
#6227 = CARTESIAN_POINT ( 'NONE',  ( 0.3155511811023642400, 0.03999999999999992500, -0.1940000000000000100 ) ) ;
#6228 = MANIFOLD_SOLID_BREP ( 'Boss-Extrude5[8]', #8971 ) ;
#6229 = B_SPLINE_CURVE_WITH_KNOTS ( 'NONE', 3,
 ( #9342, #1024, #6328, #4875, #7082, #4087 ),
 .UNSPECIFIED., .F., .F.,
 ( 4, 2, 4 ),
 ( 0.0000000000000000000, 0.5000000000000000000, 1.000000000000000000 ),
 .UNSPECIFIED. ) ;
#6230 = CARTESIAN_POINT ( 'NONE',  ( 0.2755511811023643200, 0.01450000000000000100, -0.3067141884898558200 ) ) ;
#6231 = ORIENTED_EDGE ( 'NONE', *, *, #9807, .F. ) ;
#6232 = FACE_OUTER_BOUND ( 'NONE', #518, .T. ) ;
#6233 = DIRECTION ( 'NONE',  ( -0.0000000000000000000, 1.000000000000000000, -0.0000000000000000000 ) ) ;
#6234 = PLANE ( 'NONE',  #276 ) ;
#6235 = ORIENTED_EDGE ( 'NONE', *, *, #7081, .F. ) ;
#6236 = FACE_OUTER_BOUND ( 'NONE', #3100, .T. ) ;
#6237 = DIRECTION ( 'NONE',  ( 1.000000000000000000, -0.0000000000000000000, -0.0000000000000000000 ) ) ;
#6238 = EDGE_CURVE ( 'NONE', #104, #6240, #6080, .T. ) ;
#6239 = SURFACE_SIDE_STYLE ('',( #7570 ) ) ;
#6240 = VERTEX_POINT ( 'NONE', #5007 ) ;
#6241 = CARTESIAN_POINT ( 'NONE',  ( -0.2249999999999999800, -0.1250000000000000000, -0.04849584923580589600 ) ) ;
#6242 = ORIENTED_EDGE ( 'NONE', *, *, #5787, .T. ) ;
#6243 = DIRECTION ( 'NONE',  ( 0.0000000000000000000, -1.000000000000000000, 0.0000000000000000000 ) ) ;
#6244 = ADVANCED_FACE ( 'NONE', ( #5838 ), #5746, .T. ) ;
#6245 = VECTOR ( 'NONE', #3733, 39.37007874015748100 ) ;
#6246 = DIRECTION ( 'NONE',  ( -1.000000000000000000, 0.0000000000000000000, 0.0000000000000000000 ) ) ;
#6247 = DIRECTION ( 'NONE',  ( -1.000000000000000000, 0.0000000000000000000, 0.0000000000000000000 ) ) ;
#6248 = CLOSED_SHELL ( 'NONE', ( #7798, #3863, #6756, #4755 ) ) ;
#6249 = FACE_OUTER_BOUND ( 'NONE', #6208, .T. ) ;
#6250 = EDGE_CURVE ( 'NONE', #7087, #7476, #5603, .T. ) ;
#6251 = EDGE_LOOP ( 'NONE', ( #4835, #3153, #2877, #9368 ) ) ;
#6252 = ORIENTED_EDGE ( 'NONE', *, *, #366, .T. ) ;
#6253 = VECTOR ( 'NONE', #7261, 39.37007874015748100 ) ;
#6254 = DIRECTION ( 'NONE',  ( -5.782411586589324900E-015, 1.000000000000000000, 0.0000000000000000000 ) ) ;
#6255 = ORIENTED_EDGE ( 'NONE', *, *, #5928, .T. ) ;
#6256 = EDGE_CURVE ( 'NONE', #2568, #3861, #62, .T. ) ;
#6257 = AXIS2_PLACEMENT_3D ( 'NONE', #2841, #1284, #2019 ) ;
#6258 = ORIENTED_EDGE ( 'NONE', *, *, #7682, .F. ) ;
#6259 = LINE ( 'NONE', #6175, #2719 ) ;
#6260 = PLANE ( 'NONE',  #4288 ) ;
#6261 = DIRECTION ( 'NONE',  ( 1.000000000000000000, 0.0000000000000000000, -0.0000000000000000000 ) ) ;
#6262 = ORIENTED_EDGE ( 'NONE', *, *, #4224, .T. ) ;
#6263 = ORIENTED_EDGE ( 'NONE', *, *, #1724, .F. ) ;
#6264 = CARTESIAN_POINT ( 'NONE',  ( -0.02499999999999993900, -0.1674264068711929000, -0.3375000000000000800 ) ) ;
#6265 = VECTOR ( 'NONE', #3765, 39.37007874015748100 ) ;
#6266 = ADVANCED_FACE ( 'NONE', ( #9427 ), #2985, .F. ) ;
#6267 = CARTESIAN_POINT ( 'NONE',  ( 0.1745137373393535200, 0.6605511811023621100, 0.0000000000000000000 ) ) ;
#6268 = ORIENTED_EDGE ( 'NONE', *, *, #1965, .F. ) ;
#6269 = CARTESIAN_POINT ( 'NONE',  ( 0.07500000000000005300, -0.1250000000000000000, -0.3625000000000001000 ) ) ;
#6270 = ORIENTED_EDGE ( 'NONE', *, *, #7574, .F. ) ;
#6271 = EDGE_CURVE ( 'NONE', #3747, #6682, #417, .T. ) ;
#6272 = VECTOR ( 'NONE', #9614, 39.37007874015748100 ) ;
#6273 = DIRECTION ( 'NONE',  ( 0.0000000000000000000, 0.0000000000000000000, -1.000000000000000000 ) ) ;
#6274 = LINE ( 'NONE', #8754, #7100 ) ;
#6275 = ORIENTED_EDGE ( 'NONE', *, *, #9009, .F. ) ;
#6276 = CARTESIAN_POINT ( 'NONE',  ( -0.3116141732283464500, 0.6619533149417188300, -0.4130000000000009800 ) ) ;
#6277 = ORIENTED_EDGE ( 'NONE', *, *, #2394, .F. ) ;
#6278 = CARTESIAN_POINT ( 'NONE',  ( -0.1850000000000007500, 0.5358241725520464000, -0.4130000000000038100 ) ) ;
#6279 = EDGE_LOOP ( 'NONE', ( #3412, #3565, #7077, #8155 ) ) ;
#6280 = DIRECTION ( 'NONE',  ( -1.000000000000000000, -0.0000000000000000000, 1.033065433525962600E-016 ) ) ;
#6281 = EDGE_CURVE ( 'NONE', #1956, #6569, #6662, .T. ) ;
#6282 = LINE ( 'NONE', #8446, #3090 ) ;
#6283 = VECTOR ( 'NONE', #7348, 39.37007874015748100 ) ;
#6284 = CARTESIAN_POINT ( 'NONE',  ( -0.2399385210375706000, 0.6705511811023621100, 0.1337073676835898200 ) ) ;
#6285 = LINE ( 'NONE', #1697, #5558 ) ;
#6286 = ORIENTED_EDGE ( 'NONE', *, *, #9110, .F. ) ;
#6287 = VECTOR ( 'NONE', #9167, 39.37007874015748100 ) ;
#6288 = DIRECTION ( 'NONE',  ( -1.000000000000000000, 0.0000000000000000000, 5.782411586589358800E-015 ) ) ;
#6289 = CARTESIAN_POINT ( 'NONE',  ( -0.1745137373393535200, 0.6605511811023621100, 0.0000000000000000000 ) ) ;
#6290 = ORIENTED_EDGE ( 'NONE', *, *, #144, .F. ) ;
#6291 = PLANE ( 'NONE',  #5188 ) ;
#6292 = DIRECTION ( 'NONE',  ( 0.0000000000000000000, 0.0000000000000000000, 1.000000000000000000 ) ) ;
#6293 = VECTOR ( 'NONE', #1662, 39.37007874015748100 ) ;
#6294 = VECTOR ( 'NONE', #1967, 39.37007874015748100 ) ;
#6295 = ORIENTED_EDGE ( 'NONE', *, *, #9453, .F. ) ;
#6296 = DIRECTION ( 'NONE',  ( -1.000000000000000000, 0.0000000000000000000, 4.960794269481283100E-017 ) ) ;
#6297 = ADVANCED_FACE ( 'NONE', ( #2647 ), #6767, .F. ) ;
#6298 = EDGE_CURVE ( 'NONE', #7149, #430, #3851, .T. ) ;
#6299 = CARTESIAN_POINT ( 'NONE',  ( 0.1250000000000000300, -0.1250000000000000000, -0.2500000000000000000 ) ) ;
#6300 = ORIENTED_EDGE ( 'NONE', *, *, #3246, .F. ) ;
#6301 = CARTESIAN_POINT ( 'NONE',  ( -0.3250000000000023400, 0.08200000000000000300, -0.2637107877407313700 ) ) ;
#6302 = DIRECTION ( 'NONE',  ( 0.0000000000000000000, 0.0000000000000000000, 1.000000000000000000 ) ) ;
#6303 = LINE ( 'NONE', #4653, #7013 ) ;
#6304 = CARTESIAN_POINT ( 'NONE',  ( -0.1663219985720927100, 0.6723594423351012500, 0.1355156289163290100 ) ) ;
#6305 = FACE_OUTER_BOUND ( 'NONE', #7861, .T. ) ;
#6306 = CARTESIAN_POINT ( 'NONE',  ( 0.1750000000000000400, -0.1674264068711929000, -0.3625000000000001000 ) ) ;
#6307 = VERTEX_POINT ( 'NONE', #442 ) ;
#6308 = DIRECTION ( 'NONE',  ( 0.0000000000000000000, -0.0000000000000000000, -1.000000000000000000 ) ) ;
#6309 = DIRECTION ( 'NONE',  ( -1.000000000000000000, 0.0000000000000000000, 0.0000000000000000000 ) ) ;
#6310 = VERTEX_POINT ( 'NONE', #2315 ) ;
#6311 = DIRECTION ( 'NONE',  ( 1.000000000000000000, -0.0000000000000000000, -0.0000000000000000000 ) ) ;
#6312 = EDGE_CURVE ( 'NONE', #4156, #2159, #6439, .T. ) ;
#6313 = DIRECTION ( 'NONE',  ( -2.492171718503151100E-016, 0.0000000000000000000, -1.000000000000000000 ) ) ;
#6314 = VECTOR ( 'NONE', #1765, 39.37007874015748100 ) ;
#6315 = EDGE_LOOP ( 'NONE', ( #3040, #7664 ) ) ;
#6316 = DIRECTION ( 'NONE',  ( 3.491481338843120300E-015, -2.855284053342700200E-017, 1.000000000000000000 ) ) ;
#6317 = DIRECTION ( 'NONE',  ( 2.492171718503151100E-016, 0.0000000000000000000, 1.000000000000000000 ) ) ;
#6318 = DIRECTION ( 'NONE',  ( 1.000000000000000000, -0.0000000000000000000, -0.0000000000000000000 ) ) ;
#6319 = VECTOR ( 'NONE', #477, 39.37007874015748100 ) ;
#6320 = ORIENTED_EDGE ( 'NONE', *, *, #4968, .T. ) ;
#6321 = DIRECTION ( 'NONE',  ( 0.0000000000000000000, 0.0000000000000000000, 1.000000000000000000 ) ) ;
#6322 = ADVANCED_FACE ( 'NONE', ( #3865 ), #3791, .T. ) ;
#6323 = AXIS2_PLACEMENT_3D ( 'NONE', #3213, #3245, #926 ) ;
#6324 = VECTOR ( 'NONE', #6247, 39.37007874015748100 ) ;
#6325 = VERTEX_POINT ( 'NONE', #6147 ) ;
#6326 = DIRECTION ( 'NONE',  ( -0.0000000000000000000, -0.0000000000000000000, 1.000000000000000000 ) ) ;
#6327 = PLANE ( 'NONE',  #9708 ) ;
#6328 = CARTESIAN_POINT ( 'NONE',  ( -0.3186013962196638800, 0.6619533149417187200, -0.4115573680010785100 ) ) ;
#6329 = CARTESIAN_POINT ( 'NONE',  ( -0.3116141732283463900, 0.5399999999999987000, -0.4129999999999993700 ) ) ;
#6330 = PLANE ( 'NONE',  #6152 ) ;
#6331 = VECTOR ( 'NONE', #9829, 39.37007874015748100 ) ;
#6332 = VERTEX_POINT ( 'NONE', #3085 ) ;
#6333 = CARTESIAN_POINT ( 'NONE',  ( 0.2669099894223583300, 0.6205511811023621800, 0.2073173628908212800 ) ) ;
#6334 = ORIENTED_EDGE ( 'NONE', *, *, #4676, .F. ) ;
#6335 = DIRECTION ( 'NONE',  ( 0.0000000000000000000, 1.000000000000000000, 0.0000000000000000000 ) ) ;
#6336 = EDGE_CURVE ( 'NONE', #4754, #5434, #1829, .T. ) ;
#6337 = AXIS2_PLACEMENT_3D ( 'NONE', #445, #2720, #2759 ) ;
#6338 = DIRECTION ( 'NONE',  ( 1.000000000000000000, -0.0000000000000000000, -0.0000000000000000000 ) ) ;
#6339 = PLANE ( 'NONE',  #1223 ) ;
#6340 = EDGE_LOOP ( 'NONE', ( #7249, #1539, #1613, #6862, #9757 ) ) ;
#6341 = LINE ( 'NONE', #6264, #4674 ) ;
#6342 = CARTESIAN_POINT ( 'NONE',  ( 0.1295137373393535100, 0.6355511811023624200, 0.1704271400810135600 ) ) ;
#6343 = ORIENTED_EDGE ( 'NONE', *, *, #5546, .F. ) ;
#6344 = ORIENTED_EDGE ( 'NONE', *, *, #4195, .T. ) ;
#6345 = EDGE_CURVE ( 'NONE', #2598, #5069, #1589, .T. ) ;
#6346 = DIRECTION ( 'NONE',  ( 1.000000000000000000, -0.0000000000000000000, -0.0000000000000000000 ) ) ;
#6347 = CARTESIAN_POINT ( 'NONE',  ( -0.1645137373393535100, 0.6605511811023621100, 0.1385002118027675600 ) ) ;
#6348 = ADVANCED_FACE ( 'NONE', ( #5029 ), #7622, .F. ) ;
#6349 = CARTESIAN_POINT ( 'NONE',  ( 0.2669099894223583300, 0.6705511811023621100, 0.1385002118027675600 ) ) ;
#6350 = ORIENTED_EDGE ( 'NONE', *, *, #5140, .F. ) ;
#6351 = AXIS2_PLACEMENT_3D ( 'NONE', #1694, #286, #5492 ) ;
#6352 = DIRECTION ( 'NONE',  ( -0.0000000000000000000, -1.000000000000000000, -0.0000000000000000000 ) ) ;
#6353 = ORIENTED_EDGE ( 'NONE', *, *, #7948, .T. ) ;
#6354 = UNCERTAINTY_MEASURE_WITH_UNIT (LENGTH_MEASURE( 1.000000000000000100E-005 ), #7153, 'distance_accuracy_value', 'NONE');
#6355 = VECTOR ( 'NONE', #9247, 39.37007874015748100 ) ;
#6356 = DIRECTION ( 'NONE',  ( 1.000000000000000000, 0.0000000000000000000, 0.0000000000000000000 ) ) ;
#6357 = EDGE_CURVE ( 'NONE', #5312, #7936, #527, .T. ) ;
#6358 = DIRECTION ( 'NONE',  ( 1.000000000000000000, 0.0000000000000000000, 0.0000000000000000000 ) ) ;
#6359 = ORIENTED_EDGE ( 'NONE', *, *, #5894, .F. ) ;
#6360 = CARTESIAN_POINT ( 'NONE',  ( -0.08354462770099661800, 0.4705511811023621000, 0.2208086550377015000 ) ) ;
#6361 = CYLINDRICAL_SURFACE ( 'NONE', #8158, 0.01338582677165354500 ) ;
#6362 = CARTESIAN_POINT ( 'NONE',  ( -0.3116141732283476100, -0.3311418764140568500, 0.2536141732283463400 ) ) ;
#6363 = DIRECTION ( 'NONE',  ( 0.0000000000000000000, 0.0000000000000000000, 1.000000000000000000 ) ) ;
#6364 = EDGE_LOOP ( 'NONE', ( #8854, #5549, #3302, #3955 ) ) ;
#6365 = AXIS2_PLACEMENT_3D ( 'NONE', #5937, #7527, #9774 ) ;
#6366 = CARTESIAN_POINT ( 'NONE',  ( -0.02499999999999993900, 0.01450000000000000100, -0.3500000000000000900 ) ) ;
#6367 = VECTOR ( 'NONE', #8986, 39.37007874015748100 ) ;
#6368 = CARTESIAN_POINT ( 'NONE',  ( -0.3113051303775470300, 0.6621293029295948200, 0.2575511811023630200 ) ) ;
#6369 = ORIENTED_EDGE ( 'NONE', *, *, #9544, .T. ) ;
#6370 = DIRECTION ( 'NONE',  ( 1.000000000000000000, 0.0000000000000000000, -2.492171718503151100E-016 ) ) ;
#6371 = CIRCLE ( 'NONE', #6740, 0.04849584923580589600 ) ;
#6372 = CARTESIAN_POINT ( 'NONE',  ( 0.3155511811023644100, 0.01999999999999994100, 0.06990778161457221500 ) ) ;
#6373 = ADVANCED_FACE ( 'NONE', ( #9168 ), #9064, .T. ) ;
#6374 = CARTESIAN_POINT ( 'NONE',  ( 0.3173036717348476900, 0.6723036717348459500, -0.4129999999999991500 ) ) ;
#6375 = EDGE_CURVE ( 'NONE', #8020, #4383, #4433, .T. ) ;
#6376 = ORIENTED_EDGE ( 'NONE', *, *, #4299, .F. ) ;
#6377 = LINE ( 'NONE', #844, #1041 ) ;
#6378 = DIRECTION ( 'NONE',  ( -1.000000000000000000, 0.0000000000000000000, -0.0000000000000000000 ) ) ;
#6379 = VERTEX_POINT ( 'NONE', #5293 ) ;
#6380 = LINE ( 'NONE', #9567, #6494 ) ;
#6381 = PLANE ( 'NONE',  #7451 ) ;
#6382 = AXIS2_PLACEMENT_3D ( 'NONE', #2936, #3600, #577 ) ;
#6383 = ORIENTED_EDGE ( 'NONE', *, *, #6003, .F. ) ;
#6384 = DIRECTION ( 'NONE',  ( 0.0000000000000000000, 0.0000000000000000000, 1.000000000000000000 ) ) ;
#6385 = VECTOR ( 'NONE', #5172, 39.37007874015748100 ) ;
#6386 = DIRECTION ( 'NONE',  ( 0.0000000000000000000, 0.7071067811865535700, -0.7071067811865414700 ) ) ;
#6387 = ORIENTED_EDGE ( 'NONE', *, *, #3716, .T. ) ;
#6388 = VECTOR ( 'NONE', #3059, 39.37007874015748100 ) ;
#6389 = CARTESIAN_POINT ( 'NONE',  ( 0.3250000000000029500, -0.1549999999999977200, -0.1420480947161671400 ) ) ;
#6390 = ORIENTED_EDGE ( 'NONE', *, *, #5371, .F. ) ;
#6391 = ORIENTED_EDGE ( 'NONE', *, *, #9782, .T. ) ;
#6392 = CARTESIAN_POINT ( 'NONE',  ( 0.1605905511811046800, 0.06600000000000101600, 0.2575511811023667400 ) ) ;
#6393 = CARTESIAN_POINT ( 'NONE',  ( 0.1653149606299236800, -1.397468885565925700E-015, 0.2575511811023649100 ) ) ;
#6394 = EDGE_CURVE ( 'NONE', #1429, #7295, #6673, .T. ) ;
#6395 = FACE_OUTER_BOUND ( 'NONE', #7092, .T. ) ;
#6396 = CARTESIAN_POINT ( 'NONE',  ( -0.3250000000000023400, 0.01999999999999994100, 0.06990778161457220100 ) ) ;
#6397 = EDGE_CURVE ( 'NONE', #2239, #5674, #8822, .T. ) ;
#6398 = AXIS2_PLACEMENT_3D ( 'NONE', #6041, #3778, #8215 ) ;
#6399 = ORIENTED_EDGE ( 'NONE', *, *, #8123, .T. ) ;
#6400 = DIRECTION ( 'NONE',  ( 0.0000000000000000000, 0.0000000000000000000, 1.000000000000000000 ) ) ;
#6401 = ADVANCED_FACE ( 'NONE', ( #6780 ), #6088, .T. ) ;
#6402 = LENGTH_MEASURE_WITH_UNIT ( LENGTH_MEASURE( 0.02539999999999999900 ), #8016 );
#6403 = ORIENTED_EDGE ( 'NONE', *, *, #2309, .F. ) ;
#6404 = SURFACE_SIDE_STYLE ('',( #7462 ) ) ;
#6405 = ORIENTED_EDGE ( 'NONE', *, *, #1635, .F. ) ;
#6406 = DIRECTION ( 'NONE',  ( 0.0000000000000000000, 1.000000000000000000, 0.0000000000000000000 ) ) ;
#6407 = CIRCLE ( 'NONE', #4439, 0.003937007874015758400 ) ;
#6408 = VECTOR ( 'NONE', #4597, 39.37007874015748100 ) ;
#6409 = EDGE_CURVE ( 'NONE', #2648, #6332, #2422, .T. ) ;
#6410 = LINE ( 'NONE', #8795, #7473 ) ;
#6411 = PLANE ( 'NONE',  #9659 ) ;
#6412 = DIRECTION ( 'NONE',  ( 1.000000000000000000, -0.0000000000000000000, -0.0000000000000000000 ) ) ;
#6413 = ORIENTED_EDGE ( 'NONE', *, *, #9453, .T. ) ;
#6414 = CIRCLE ( 'NONE', #1428, 0.01181102362204724000 ) ;
#6415 = CARTESIAN_POINT ( 'NONE',  ( -0.02499999999999993900, 0.01450000000000000100, -0.3500000000000000900 ) ) ;
#6416 = EDGE_LOOP ( 'NONE', ( #2055, #4628, #7733, #8521 ) ) ;
#6417 = AXIS2_PLACEMENT_3D ( 'NONE', #7361, #2075, #7973 ) ;
#6418 = VECTOR ( 'NONE', #2819, 39.37007874015748100 ) ;
#6419 = LINE ( 'NONE', #502, #7719 ) ;
#6420 = ORIENTED_EDGE ( 'NONE', *, *, #5186, .F. ) ;
#6421 = CARTESIAN_POINT ( 'NONE',  ( 0.3155511811023650200, -0.1174999999999977700, -0.1320000000000000100 ) ) ;
#6422 = CARTESIAN_POINT ( 'NONE',  ( -0.02499999999999993900, -0.1250000000000000000, -0.3500000000000000900 ) ) ;
#6423 = DIRECTION ( 'NONE',  ( 0.0000000000000000000, 0.0000000000000000000, -1.000000000000000000 ) ) ;
#6424 = EDGE_CURVE ( 'NONE', #380, #5151, #3376, .T. ) ;
#6425 = DIRECTION ( 'NONE',  ( 0.0000000000000000000, 0.0000000000000000000, -1.000000000000000000 ) ) ;
#6426 = VECTOR ( 'NONE', #9463, 39.37007874015748100 ) ;
#6427 = LINE ( 'NONE', #4119, #4183 ) ;
#6428 = ADVANCED_FACE ( 'NONE', ( #3016 ), #421, .T. ) ;
#6429 = ORIENTED_EDGE ( 'NONE', *, *, #7734, .F. ) ;
#6430 = ORIENTED_EDGE ( 'NONE', *, *, #2098, .T. ) ;
#6431 = DIRECTION ( 'NONE',  ( 0.0000000000000000000, 0.0000000000000000000, -1.000000000000000000 ) ) ;
#6432 = CARTESIAN_POINT ( 'NONE',  ( 0.02500000000000004000, 0.01450000000000000100, -0.2500000000000000000 ) ) ;
#6433 = LINE ( 'NONE', #1644, #4759 ) ;
#6434 = VECTOR ( 'NONE', #1731, 39.37007874015748100 ) ;
#6435 = ORIENTED_EDGE ( 'NONE', *, *, #9079, .T. ) ;
#6436 = EDGE_CURVE ( 'NONE', #3167, #8101, #989, .T. ) ;
#6437 = DIRECTION ( 'NONE',  ( 1.000000000000000000, 0.0000000000000000000, -2.492171718503151100E-016 ) ) ;
#6438 = MECHANICAL_DESIGN_GEOMETRIC_PRESENTATION_REPRESENTATION (  '', ( #7968 ), #7780 ) ;
#6439 = LINE ( 'NONE', #4506, #8224 ) ;
#6440 = ORIENTED_EDGE ( 'NONE', *, *, #1770, .T. ) ;
#6441 = CARTESIAN_POINT ( 'NONE',  ( -0.3250000000000023400, 0.08200000000000000300, -0.3996141732283464100 ) ) ;
#6442 = FACE_OUTER_BOUND ( 'NONE', #7725, .T. ) ;
#6443 = DIRECTION ( 'NONE',  ( 0.0000000000000000000, -1.000000000000000000, 0.0000000000000000000 ) ) ;
#6444 = ORIENTED_EDGE ( 'NONE', *, *, #771, .F. ) ;
#6445 = EDGE_CURVE ( 'NONE', #5882, #6875, #3973, .T. ) ;
#6446 = CARTESIAN_POINT ( 'NONE',  ( 0.3116141732283466700, 0.6705511811023621100, -0.07300000000000000900 ) ) ;
#6447 = ADVANCED_FACE ( 'NONE', ( #6206 ), #4014, .F. ) ;
#6448 = VERTEX_POINT ( 'NONE', #6977 ) ;
#6449 = CARTESIAN_POINT ( 'NONE',  ( 0.3250000000000015700, 0.05599999999999997300, 0.08990778161457226000 ) ) ;
#6450 = VECTOR ( 'NONE', #3858, 39.37007874015748100 ) ;
#6451 = PLANE ( 'NONE',  #316 ) ;
#6452 = VERTEX_POINT ( 'NONE', #5514 ) ;
#6453 = AXIS2_PLACEMENT_3D ( 'NONE', #1625, #8491, #2489 ) ;
#6454 = VERTEX_POINT ( 'NONE', #3176 ) ;
#6455 = VECTOR ( 'NONE', #1142, 39.37007874015748100 ) ;
#6456 = ORIENTED_EDGE ( 'NONE', *, *, #533, .F. ) ;
#6457 = FILL_AREA_STYLE ('',( #7311 ) ) ;
#6458 = CARTESIAN_POINT ( 'NONE',  ( -0.3155511811023633500, 0.08199999999999997600, -0.3996141732283464100 ) ) ;
#6459 = DIRECTION ( 'NONE',  ( 0.7071067811865536800, 0.7071067811865413600, -2.448660223918954300E-015 ) ) ;
#6460 = CARTESIAN_POINT ( 'NONE',  ( -0.1749999999999999900, -0.1250000000000000000, -0.2500000000000000000 ) ) ;
#6461 = ORIENTED_EDGE ( 'NONE', *, *, #292, .T. ) ;
#6462 = DIRECTION ( 'NONE',  ( 1.000000000000000000, -0.0000000000000000000, -7.389131165723508900E-016 ) ) ;
#6463 = DIRECTION ( 'NONE',  ( -1.000000000000000000, 0.0000000000000000000, 0.0000000000000000000 ) ) ;
#6464 = CLOSED_SHELL ( 'NONE', ( #9128, #5157, #2545, #2573, #7970, #9199, #7916, #3007, #8936, #4076, #7944, #6864, #9357, #666, #256, #6195, #4935, #8277, #7627, #9548, #8348, #9468, #5402, #8206, #3297, #7820, #3507, #3274, #6833, #2723, #3173, #8647, #9252, #5255, #3891, #8230, #5736, #3052, #2066, #9778, #4681, #4960, #7443, #1723, #3936, #6710, #7567, #1935, #5423, #1775, #8368, #8129, #4417, #3816, #4802, #1212, #6666, #6687, #9535, #2253, #7219, #3228, #4988, #6497, #9007, #6473, #405, #2650, #3445, #9497, #4521, #5281, #9054, #9227, #5970, #4828, #1224, #3149, #5517, #4004, #2113, #5206, #6808, #5712, #209, #9176, #4588, #4209, #963, #3372, #1680, #6963, #7236, #3630, #4706, #7722, #6447, #753, #2205, #5493 ) ) ;
#6465 = CIRCLE ( 'NONE', #5360, 0.01500000000000001200 ) ;
#6466 = VERTEX_POINT ( 'NONE', #2449 ) ;
#6467 = DIRECTION ( 'NONE',  ( 0.0000000000000000000, 3.462928498309718700E-015, -1.000000000000000000 ) ) ;
#6468 = DIRECTION ( 'NONE',  ( 0.0000000000000000000, 0.0000000000000000000, 1.000000000000000000 ) ) ;
#6469 = EDGE_CURVE ( 'NONE', #1715, #1276, #4779, .T. ) ;
#6470 = AXIS2_PLACEMENT_3D ( 'NONE', #111, #5316, #1490 ) ;
#6471 = EDGE_LOOP ( 'NONE', ( #7059, #8619, #2824, #2076 ) ) ;
#6472 = DIRECTION ( 'NONE',  ( 0.0000000000000000000, -0.0000000000000000000, -1.000000000000000000 ) ) ;
#6473 = ADVANCED_FACE ( 'NONE', ( #7032 ), #1778, .F. ) ;
#6474 = DIRECTION ( 'NONE',  ( -1.000000000000000000, -3.462928498309742400E-015, -0.0000000000000000000 ) ) ;
#6475 = DIRECTION ( 'NONE',  ( 0.0000000000000000000, 3.491481338843133400E-015, -1.000000000000000000 ) ) ;
#6476 = ORIENTED_EDGE ( 'NONE', *, *, #23, .T. ) ;
#6477 = LINE ( 'NONE', #2572, #9696 ) ;
#6478 = EDGE_CURVE ( 'NONE', #7713, #8300, #8239, .T. ) ;
#6479 = CARTESIAN_POINT ( 'NONE',  ( 0.1645137373393535100, 0.6705511811023621100, 0.2073173628908212800 ) ) ;
#6480 = EDGE_LOOP ( 'NONE', ( #7359, #3786, #900, #3944, #3591, #8456, #6110, #9353, #7786, #903 ) ) ;
#6481 = DIRECTION ( 'NONE',  ( -1.000000000000000000, 0.0000000000000000000, 0.0000000000000000000 ) ) ;
#6482 = VECTOR ( 'NONE', #3195, 39.37007874015748100 ) ;
#6483 = CARTESIAN_POINT ( 'NONE',  ( 0.3173036717348479700, 0.6705511811023621100, 0.2593036717348482000 ) ) ;
#6484 = VERTEX_POINT ( 'NONE', #9231 ) ;
#6485 = EDGE_CURVE ( 'NONE', #1239, #4319, #3251, .T. ) ;
#6486 = FACE_OUTER_BOUND ( 'NONE', #565, .T. ) ;
#6487 = CARTESIAN_POINT ( 'NONE',  ( 0.3250000000000015700, 0.02999999999999994000, -0.1019999999999999900 ) ) ;
#6488 = ORIENTED_EDGE ( 'NONE', *, *, #9195, .F. ) ;
#6489 = FACE_OUTER_BOUND ( 'NONE', #1582, .T. ) ;
#6490 = EDGE_CURVE ( 'NONE', #2536, #3314, #4208, .T. ) ;
#6491 = DIRECTION ( 'NONE',  ( 3.491481338843071400E-015, 1.791895746478310900E-014, 1.000000000000000000 ) ) ;
#6492 = CARTESIAN_POINT ( 'NONE',  ( 0.1645137373393535100, 0.6605511811023621100, 0.1385002118027675600 ) ) ;
#6493 = ORIENTED_EDGE ( 'NONE', *, *, #6699, .F. ) ;
#6494 = VECTOR ( 'NONE', #9630, 39.37007874015748100 ) ;
#6495 = AXIS2_PLACEMENT_3D ( 'NONE', #6925, #5340, #3879 ) ;
#6496 = DIRECTION ( 'NONE',  ( 0.0000000000000000000, -0.0000000000000000000, -1.000000000000000000 ) ) ;
#6497 = ADVANCED_FACE ( 'NONE', ( #2780 ), #5451, .F. ) ;
#6498 = VERTEX_POINT ( 'NONE', #6216 ) ;
#6499 = CARTESIAN_POINT ( 'NONE',  ( 0.3235573680010775900, 0.6619533149417190500, 0.2606013962196659400 ) ) ;
#6500 = LINE ( 'NONE', #4381, #1750 ) ;
#6501 = VERTEX_POINT ( 'NONE', #1742 ) ;
#6502 = CARTESIAN_POINT ( 'NONE',  ( 0.2399385210375706300, 0.6705511811023621100, 0.1337073676835897600 ) ) ;
#6503 = EDGE_CURVE ( 'NONE', #4791, #6738, #1478, .T. ) ;
#6504 = CARTESIAN_POINT ( 'NONE',  ( 0.3173036717348479700, 0.6723036717348459500, 0.2575511811023618000 ) ) ;
#6505 = VERTEX_POINT ( 'NONE', #4790 ) ;
#6506 = LINE ( 'NONE', #5941, #4263 ) ;
#6507 = CARTESIAN_POINT ( 'NONE',  ( 0.1795879137239758700, 0.1795879137239768100, 0.2575511811023629100 ) ) ;
#6508 = ORIENTED_EDGE ( 'NONE', *, *, #1262, .F. ) ;
#6509 = DIRECTION ( 'NONE',  ( -1.000000000000000000, 0.0000000000000000000, -2.891205793294679400E-015 ) ) ;
#6510 = ORIENTED_EDGE ( 'NONE', *, *, #1154, .F. ) ;
#6511 = DIRECTION ( 'NONE',  ( 1.000000000000000000, -3.462928498309742800E-015, 0.0000000000000000000 ) ) ;
#6512 = ORIENTED_EDGE ( 'NONE', *, *, #4630, .F. ) ;
#6513 = VECTOR ( 'NONE', #2601, 39.37007874015748100 ) ;
#6514 = ORIENTED_EDGE ( 'NONE', *, *, #8544, .T. ) ;
#6515 = FACE_OUTER_BOUND ( 'NONE', #9005, .T. ) ;
#6516 = EDGE_LOOP ( 'NONE', ( #6910, #2513, #5458, #4462 ) ) ;
#6517 = CARTESIAN_POINT ( 'NONE',  ( 0.3116141732283477800, 0.9930951913557764000, -0.3996141732283464100 ) ) ;
#6518 = ORIENTED_EDGE ( 'NONE', *, *, #7655, .F. ) ;
#6519 = CARTESIAN_POINT ( 'NONE',  ( 0.3116141732283466700, 0.6666141732283464800, -0.5562695347634609700 ) ) ;
#6520 = EDGE_CURVE ( 'NONE', #8615, #1333, #4667, .T. ) ;
#6521 = LINE ( 'NONE', #3748, #7345 ) ;
#6522 = AXIS2_PLACEMENT_3D ( 'NONE', #6097, #1573, #3695 ) ;
#6523 = ORIENTED_EDGE ( 'NONE', *, *, #2115, .F. ) ;
#6524 = EDGE_LOOP ( 'NONE', ( #9306, #91 ) ) ;
#6525 = CARTESIAN_POINT ( 'NONE',  ( -0.3155511811023641900, 0.07199999999999993900, -0.2537107877407313000 ) ) ;
#6526 = PLANE ( 'NONE',  #5390 ) ;
#6527 = ORIENTED_EDGE ( 'NONE', *, *, #6181, .F. ) ;
#6528 = FACE_OUTER_BOUND ( 'NONE', #3001, .T. ) ;
#6529 = EDGE_CURVE ( 'NONE', #6772, #7816, #9787, .T. ) ;
#6530 = CARTESIAN_POINT ( 'NONE',  ( -0.3151185744823507000, 0.6800000000000002700, 0.2489533149417182400 ) ) ;
#6531 = LINE ( 'NONE', #7859, #2398 ) ;
#6532 = LINE ( 'NONE', #1166, #6057 ) ;
#6533 = ORIENTED_EDGE ( 'NONE', *, *, #583, .F. ) ;
#6534 = ORIENTED_EDGE ( 'NONE', *, *, #5323, .F. ) ;
#6535 = CARTESIAN_POINT ( 'NONE',  ( -0.3069533149417183500, 0.6701268775732669400, -0.4016692388140286100 ) ) ;
#6536 = AXIS2_PLACEMENT_3D ( 'NONE', #1797, #4885, #5587 ) ;
#6537 = AXIS2_PLACEMENT_3D ( 'NONE', #3688, #2220, #704 ) ;
#6538 = ORIENTED_EDGE ( 'NONE', *, *, #1141, .F. ) ;
#6539 = ORIENTED_EDGE ( 'NONE', *, *, #2667, .T. ) ;
#6540 = CARTESIAN_POINT ( 'NONE',  ( -0.3250000000000023400, 0.08200000000000000300, -0.2637107877407313700 ) ) ;
#6541 = DIRECTION ( 'NONE',  ( -1.000000000000000000, 0.0000000000000000000, 2.492171718503151100E-016 ) ) ;
#6542 = DIRECTION ( 'NONE',  ( 0.0000000000000000000, 0.0000000000000000000, 1.000000000000000000 ) ) ;
#6543 = LINE ( 'NONE', #4483, #2273 ) ;
#6544 = DIMENSIONAL_EXPONENTS ( 1.000000000000000000, 0.0000000000000000000, 0.0000000000000000000, 0.0000000000000000000, 0.0000000000000000000, 0.0000000000000000000, 0.0000000000000000000 ) ;
#6545 = EDGE_LOOP ( 'NONE', ( #363, #4545, #6429, #5541, #1542, #6092, #6778, #41, #5006, #8857, #1738, #5779, #4349, #7309, #8655, #1064, #2463, #5483, #7275, #3133, #604, #9130, #4605, #8719, #3402, #2911, #9256, #6974, #1373 ) ) ;
#6546 = DIRECTION ( 'NONE',  ( 0.0000000000000000000, -1.000000000000000000, -0.0000000000000000000 ) ) ;
#6547 = EDGE_CURVE ( 'NONE', #1649, #5882, #2534, .T. ) ;
#6548 = EDGE_LOOP ( 'NONE', ( #5185, #4392, #5850, #9161 ) ) ;
#6549 =( NAMED_UNIT ( * ) PLANE_ANGLE_UNIT ( ) SI_UNIT ( $, .RADIAN. ) );
#6550 = LINE ( 'NONE', #3525, #6184 ) ;
#6551 = ORIENTED_EDGE ( 'NONE', *, *, #9311, .F. ) ;
#6552 = DIRECTION ( 'NONE',  ( 6.946308972158771600E-015, 1.000000000000000000, 3.462928498309742800E-015 ) ) ;
#6553 = DIRECTION ( 'NONE',  ( 1.000000000000000000, 0.0000000000000000000, 0.0000000000000000000 ) ) ;
#6554 = VECTOR ( 'NONE', #3120, 39.37007874015748100 ) ;
#6555 = ORIENTED_EDGE ( 'NONE', *, *, #3771, .T. ) ;
#6556 = EDGE_CURVE ( 'NONE', #5615, #5533, #1951, .T. ) ;
#6557 = FACE_OUTER_BOUND ( 'NONE', #5537, .T. ) ;
#6558 = VERTEX_POINT ( 'NONE', #4864 ) ;
#6559 = DIRECTION ( 'NONE',  ( 0.0000000000000000000, -1.000000000000000000, 0.0000000000000000000 ) ) ;
#6560 = DIRECTION ( 'NONE',  ( -1.000000000000000000, -0.0000000000000000000, -0.0000000000000000000 ) ) ;
#6561 = LINE ( 'NONE', #8097, #3257 ) ;
#6562 = DIRECTION ( 'NONE',  ( 1.000000000000000000, 0.0000000000000000000, 3.469446951953611400E-015 ) ) ;
#6563 = ORIENTED_EDGE ( 'NONE', *, *, #3616, .T. ) ;
#6564 = AXIS2_PLACEMENT_3D ( 'NONE', #7265, #7167, #6541 ) ;
#6565 = ORIENTED_EDGE ( 'NONE', *, *, #5073, .T. ) ;
#6566 = DIRECTION ( 'NONE',  ( -0.7071067811865428000, 0.0000000000000000000, -0.7071067811865520100 ) ) ;
#6567 = DIRECTION ( 'NONE',  ( -0.0000000000000000000, 1.000000000000000000, -0.0000000000000000000 ) ) ;
#6568 = DIRECTION ( 'NONE',  ( 5.782411586589324900E-015, 1.000000000000000000, 0.0000000000000000000 ) ) ;
#6569 = VERTEX_POINT ( 'NONE', #4080 ) ;
#6570 = FACE_OUTER_BOUND ( 'NONE', #1449, .T. ) ;
#6571 = ORIENTED_EDGE ( 'NONE', *, *, #443, .F. ) ;
#6572 = ADVANCED_FACE ( 'NONE', ( #6557 ), #3345, .F. ) ;
#6573 = DIRECTION ( 'NONE',  ( 0.0000000000000000000, -0.0000000000000000000, -1.000000000000000000 ) ) ;
#6574 = EDGE_CURVE ( 'NONE', #7962, #1715, #8935, .T. ) ;
#6575 = EDGE_LOOP ( 'NONE', ( #1656, #1618, #3459, #3981 ) ) ;
#6576 = EDGE_CURVE ( 'NONE', #5434, #8998, #5146, .T. ) ;
#6577 = CARTESIAN_POINT ( 'NONE',  ( -0.1745137373393535200, 0.6705511811023621100, 0.1973173628908212700 ) ) ;
#6578 = ORIENTED_EDGE ( 'NONE', *, *, #7511, .F. ) ;
#6579 = VECTOR ( 'NONE', #2809, 39.37007874015748100 ) ;
#6580 = CARTESIAN_POINT ( 'NONE',  ( -0.3116141732283464500, 0.6666141732283464800, -0.3949533149417182000 ) ) ;
#6581 = DIRECTION ( 'NONE',  ( -0.0000000000000000000, 1.000000000000000000, -0.0000000000000000000 ) ) ;
#6582 = VERTEX_POINT ( 'NONE', #3377 ) ;
#6583 = LINE ( 'NONE', #3813, #4240 ) ;
#6584 = DIRECTION ( 'NONE',  ( -0.0000000000000000000, 1.000000000000000000, -0.0000000000000000000 ) ) ;
#6585 = DIRECTION ( 'NONE',  ( -4.960794269481283100E-017, -0.0000000000000000000, -1.000000000000000000 ) ) ;
#6586 = ORIENTED_EDGE ( 'NONE', *, *, #2791, .F. ) ;
#6587 = EDGE_CURVE ( 'NONE', #1715, #371, #768, .T. ) ;
#6588 = PRESENTATION_STYLE_ASSIGNMENT (( #8051 ) ) ;
#6589 = AXIS2_PLACEMENT_3D ( 'NONE', #1807, #1877, #8644 ) ;
#6590 = DIRECTION ( 'NONE',  ( -0.0000000000000000000, -0.0000000000000000000, 1.000000000000000000 ) ) ;
#6591 = CARTESIAN_POINT ( 'NONE',  ( 0.3126448794795255700, 0.6619533149417188300, 0.2575511811023621400 ) ) ;
#6592 = ORIENTED_EDGE ( 'NONE', *, *, #562, .F. ) ;
#6593 = CIRCLE ( 'NONE', #9626, 0.06250000000000001400 ) ;
#6594 = CARTESIAN_POINT ( 'NONE',  ( -0.3069533149417182900, 0.6705511811023621100, -0.4006448794795242100 ) ) ;
#6595 = EDGE_CURVE ( 'NONE', #6452, #3898, #641, .T. ) ;
#6596 = ORIENTED_EDGE ( 'NONE', *, *, #4237, .F. ) ;
#6597 = LINE ( 'NONE', #6392, #4354 ) ;
#6598 = DIRECTION ( 'NONE',  ( -0.0000000000000000000, -1.000000000000000000, -0.0000000000000000000 ) ) ;
#6599 = DIRECTION ( 'NONE',  ( 0.0000000000000000000, 0.0000000000000000000, 1.000000000000000000 ) ) ;
#6600 = ORIENTED_EDGE ( 'NONE', *, *, #7867, .F. ) ;
#6601 = AXIS2_PLACEMENT_3D ( 'NONE', #3166, #140, #6664 ) ;
#6602 = VECTOR ( 'NONE', #7633, 39.37007874015748100 ) ;
#6603 = CARTESIAN_POINT ( 'NONE',  ( -0.3155511811023621300, 0.6723036717348476200, -0.4053036717348476000 ) ) ;
#6604 = ORIENTED_EDGE ( 'NONE', *, *, #5894, .T. ) ;
#6605 = LINE ( 'NONE', #9536, #4711 ) ;
#6606 = DIRECTION ( 'NONE',  ( -0.0000000000000000000, 1.000000000000000000, -0.0000000000000000000 ) ) ;
#6607 = EDGE_CURVE ( 'NONE', #8917, #5045, #7755, .T. ) ;
#6608 = ORIENTED_EDGE ( 'NONE', *, *, #3876, .F. ) ;
#6609 = FACE_OUTER_BOUND ( 'NONE', #8541, .T. ) ;
#6610 = CARTESIAN_POINT ( 'NONE',  ( 0.3069533149417186200, 0.6705511811023621100, 0.2536141732283462300 ) ) ;
#6611 = PLANE ( 'NONE',  #9084 ) ;
#6612 = ORIENTED_EDGE ( 'NONE', *, *, #8457, .F. ) ;
#6613 = FACE_OUTER_BOUND ( 'NONE', #3261, .T. ) ;
#6614 = ORIENTED_EDGE ( 'NONE', *, *, #4244, .T. ) ;
#6615 = DIRECTION ( 'NONE',  ( 1.033065433525962600E-016, 0.0000000000000000000, 1.000000000000000000 ) ) ;
#6616 = AXIS2_PLACEMENT_3D ( 'NONE', #147, #2347, #4564 ) ;
#6617 = ORIENTED_EDGE ( 'NONE', *, *, #3086, .F. ) ;
#6618 = CIRCLE ( 'NONE', #5575, 0.009999999999999995000 ) ;
#6619 = DIRECTION ( 'NONE',  ( -1.000000000000000000, 0.0000000000000000000, 0.0000000000000000000 ) ) ;
#6620 = EDGE_CURVE ( 'NONE', #8300, #1144, #2001, .T. ) ;
#6621 = VERTEX_POINT ( 'NONE', #7947 ) ;
#6622 = CARTESIAN_POINT ( 'NONE',  ( -0.3250000000000023400, 0.05599999999999997300, -0.1940000000000000300 ) ) ;
#6623 = ORIENTED_EDGE ( 'NONE', *, *, #8607, .F. ) ;
#6624 = ORIENTED_EDGE ( 'NONE', *, *, #7213, .T. ) ;
#6625 = LINE ( 'NONE', #3013, #8551 ) ;
#6626 = LINE ( 'NONE', #6906, #7346 ) ;
#6627 = DIRECTION ( 'NONE',  ( -1.000000000000000000, 0.0000000000000000000, 0.0000000000000000000 ) ) ;
#6628 = DIMENSIONAL_EXPONENTS ( 1.000000000000000000, 0.0000000000000000000, 0.0000000000000000000, 0.0000000000000000000, 0.0000000000000000000, 0.0000000000000000000, 0.0000000000000000000 ) ;
#6629 = CIRCLE ( 'NONE', #1337, 0.01338582677165354500 ) ;
#6630 = ORIENTED_EDGE ( 'NONE', *, *, #8516, .T. ) ;
#6631 = VECTOR ( 'NONE', #4444, 39.37007874015748100 ) ;
#6632 = CARTESIAN_POINT ( 'NONE',  ( 0.2669099894223583300, 0.6205511811023621800, 0.1385002118027675600 ) ) ;
#6633 = ORIENTED_EDGE ( 'NONE', *, *, #1154, .T. ) ;
#6634 = ORIENTED_EDGE ( 'NONE', *, *, #8019, .T. ) ;
#6635 = VECTOR ( 'NONE', #5133, 39.37007874015748100 ) ;
#6636 = ORIENTED_EDGE ( 'NONE', *, *, #9404, .F. ) ;
#6637 = DIRECTION ( 'NONE',  ( 0.0000000000000000000, 0.0000000000000000000, 1.000000000000000000 ) ) ;
#6638 = ADVANCED_FACE ( 'NONE', ( #1237 ), #4916, .F. ) ;
#6639 = DIRECTION ( 'NONE',  ( 0.0000000000000000000, 1.000000000000000000, 0.0000000000000000000 ) ) ;
#6640 = EDGE_CURVE ( 'NONE', #658, #5292, #3135, .T. ) ;
#6641 = LINE ( 'NONE', #7426, #5459 ) ;
#6642 = AXIS2_PLACEMENT_3D ( 'NONE', #3027, #9767, #8330 ) ;
#6643 = DIRECTION ( 'NONE',  ( 1.000000000000000000, -0.0000000000000000000, -0.0000000000000000000 ) ) ;
#6644 = UNCERTAINTY_MEASURE_WITH_UNIT (LENGTH_MEASURE( 1.000000000000000100E-005 ), #852, 'distance_accuracy_value', 'NONE');
#6645 = FACE_OUTER_BOUND ( 'NONE', #397, .T. ) ;
#6646 = VERTEX_POINT ( 'NONE', #2576 ) ;
#6647 = CARTESIAN_POINT ( 'NONE',  ( -0.3155511811023643000, 0.05599999999999997300, 0.08990778161457226000 ) ) ;
#6648 = VERTEX_POINT ( 'NONE', #3475 ) ;
#6649 = CARTESIAN_POINT ( 'NONE',  ( -1.417341327835060700E-018, 1.403100757040926000, -0.4035511811023634300 ) ) ;
#6650 = EDGE_CURVE ( 'NONE', #5318, #5436, #885, .T. ) ;
#6651 = LINE ( 'NONE', #15, #5943 ) ;
#6652 = DIRECTION ( 'NONE',  ( -0.0000000000000000000, 1.000000000000000000, -0.0000000000000000000 ) ) ;
#6653 = DIRECTION ( 'NONE',  ( -0.0000000000000000000, -3.491481338843133000E-015, 1.000000000000000000 ) ) ;
#6654 = FACE_OUTER_BOUND ( 'NONE', #4595, .T. ) ;
#6655 = CARTESIAN_POINT ( 'NONE',  ( 0.3116141732283442300, 0.6624383457803941800, -0.4130000000000022500 ) ) ;
#6656 = B_SPLINE_CURVE_WITH_KNOTS ( 'NONE', 3,
 ( #9505, #8826, #3462, #423, #6530, #3428 ),
 .UNSPECIFIED., .F., .F.,
 ( 4, 2, 4 ),
 ( 0.0000000000000000000, 0.5000000000000000000, 1.000000000000000000 ),
 .UNSPECIFIED. ) ;
#6657 = ORIENTED_EDGE ( 'NONE', *, *, #567, .F. ) ;
#6658 = AXIS2_PLACEMENT_3D ( 'NONE', #3097, #8395, #3872 ) ;
#6659 = EDGE_CURVE ( 'NONE', #7805, #9426, #7506, .T. ) ;
#6660 = DIRECTION ( 'NONE',  ( -1.000000000000000000, 0.0000000000000000000, 2.492171718503151100E-016 ) ) ;
#6661 = DIRECTION ( 'NONE',  ( 0.5642220635390411400, 0.0000000000000000000, 0.8256230756318201400 ) ) ;
#6662 = CIRCLE ( 'NONE', #190, 0.01499999999999999400 ) ;
#6663 = ORIENTED_EDGE ( 'NONE', *, *, #7188, .T. ) ;
#6664 = DIRECTION ( 'NONE',  ( 0.0000000000000000000, 0.0000000000000000000, -1.000000000000000000 ) ) ;
#6665 = LINE ( 'NONE', #2052, #5954 ) ;
#6666 = ADVANCED_FACE ( 'NONE', ( #5722 ), #6451, .F. ) ;
#6667 = DIRECTION ( 'NONE',  ( 0.0000000000000000000, 0.0000000000000000000, 1.000000000000000000 ) ) ;
#6668 = VERTEX_POINT ( 'NONE', #4933 ) ;
#6669 = EDGE_CURVE ( 'NONE', #2974, #3291, #9552, .T. ) ;
#6670 = CARTESIAN_POINT ( 'NONE',  ( 0.2399385210375706300, 0.2705511811023621500, 0.09870736768358971700 ) ) ;
#6671 = LENGTH_MEASURE_WITH_UNIT ( LENGTH_MEASURE( 0.02539999999999999900 ), #3833 );
#6672 = ORIENTED_EDGE ( 'NONE', *, *, #3540, .T. ) ;
#6673 = LINE ( 'NONE', #9095, #6450 ) ;
#6674 = CARTESIAN_POINT ( 'NONE',  ( -0.1142984638647554000, 0.6666141732283464800, 0.2536141732283463400 ) ) ;
#6675 = ORIENTED_EDGE ( 'NONE', *, *, #3035, .F. ) ;
#6676 = EDGE_CURVE ( 'NONE', #3178, #6813, #1703, .T. ) ;
#6677 = ORIENTED_EDGE ( 'NONE', *, *, #3405, .F. ) ;
#6678 = CARTESIAN_POINT ( 'NONE',  ( -0.3250000000000023400, 0.05599999999999997300, 0.08990778161457226000 ) ) ;
#6679 = FACE_OUTER_BOUND ( 'NONE', #6186, .T. ) ;
#6680 = ORIENTED_EDGE ( 'NONE', *, *, #567, .T. ) ;
#6681 =( CONVERSION_BASED_UNIT ( 'INCH', #5456 ) LENGTH_UNIT ( ) NAMED_UNIT ( #4356 ) );
#6682 = VERTEX_POINT ( 'NONE', #5000 ) ;
#6683 = CARTESIAN_POINT ( 'NONE',  ( 0.07500000000000005300, 0.01450000000000000100, -0.3625000000000001000 ) ) ;
#6684 = DIRECTION ( 'NONE',  ( 3.491481338843121500E-015, -3.462928498309755000E-015, 1.000000000000000000 ) ) ;
#6685 = AXIS2_PLACEMENT_3D ( 'NONE', #2925, #8266, #3727 ) ;
#6686 = EDGE_LOOP ( 'NONE', ( #1377, #7932, #5511, #783 ) ) ;
#6687 = ADVANCED_FACE ( 'NONE', ( #2900 ), #5709, .T. ) ;
#6688 = CIRCLE ( 'NONE', #3529, 0.01181102362204724000 ) ;
#6689 = DIRECTION ( 'NONE',  ( 3.661961499347914700E-015, -3.462928498309717100E-015, 1.000000000000000000 ) ) ;
#6690 = ORIENTED_EDGE ( 'NONE', *, *, #3159, .T. ) ;
#6691 = CARTESIAN_POINT ( 'NONE',  ( 0.3250000000000015700, 0.05599999999999997300, 0.09990778161457224100 ) ) ;
#6692 = EDGE_LOOP ( 'NONE', ( #7315, #4267, #7775, #6929 ) ) ;
#6693 = CARTESIAN_POINT ( 'NONE',  ( 0.2669099894223583300, 0.6605511811023621100, 0.1385002118027675600 ) ) ;
#6694 = PLANE ( 'NONE',  #1287 ) ;
#6695 = CARTESIAN_POINT ( 'NONE',  ( -0.07499999999999996900, 0.01450000000000000100, -0.2500000000000000000 ) ) ;
#6696 = EDGE_LOOP ( 'NONE', ( #1815, #548, #5764, #731 ) ) ;
#6697 = EDGE_CURVE ( 'NONE', #6646, #1721, #4906, .T. ) ;
#6698 = CIRCLE ( 'NONE', #1371, 0.01000000000000000000 ) ;
#6699 = EDGE_CURVE ( 'NONE', #8737, #6582, #9777, .T. ) ;
#6700 = ORIENTED_EDGE ( 'NONE', *, *, #2203, .T. ) ;
#6701 = VECTOR ( 'NONE', #7497, 39.37007874015748100 ) ;
#6702 = DIRECTION ( 'NONE',  ( -1.000000000000000000, 0.0000000000000000000, 0.0000000000000000000 ) ) ;
#6703 = DIRECTION ( 'NONE',  ( 0.0000000000000000000, -0.0000000000000000000, 1.000000000000000000 ) ) ;
#6704 = CARTESIAN_POINT ( 'NONE',  ( 0.2755511811023643200, 0.01450000000000000100, -0.3067141884898558200 ) ) ;
#6705 = ORIENTED_EDGE ( 'NONE', *, *, #993, .T. ) ;
#6706 = EDGE_CURVE ( 'NONE', #9635, #5473, #7986, .T. ) ;
#6707 = ORIENTED_EDGE ( 'NONE', *, *, #9721, .F. ) ;
#6708 = LINE ( 'NONE', #4517, #8156 ) ;
#6709 = CARTESIAN_POINT ( 'NONE',  ( 0.3155511811023644600, 1.019189443790129200E-015, -0.1119999999999999700 ) ) ;
#6710 = ADVANCED_FACE ( 'NONE', ( #2295 ), #7272, .T. ) ;
#6711 = ORIENTED_EDGE ( 'NONE', *, *, #1285, .F. ) ;
#6712 = CARTESIAN_POINT ( 'NONE',  ( -0.3250000000000000100, 0.6666141732283464800, -0.07300000000000000900 ) ) ;
#6713 = CYLINDRICAL_SURFACE ( 'NONE', #3322, 0.009999999999999995000 ) ;
#6714 = ORIENTED_EDGE ( 'NONE', *, *, #787, .T. ) ;
#6715 = DIRECTION ( 'NONE',  ( -3.542742354896064800E-015, 1.000000000000000000, -1.968190197164480500E-016 ) ) ;
#6716 = ORIENTED_EDGE ( 'NONE', *, *, #6336, .T. ) ;
#6717 = LINE ( 'NONE', #1873, #7321 ) ;
#6718 = EDGE_CURVE ( 'NONE', #8404, #3239, #2891, .T. ) ;
#6719 = DIRECTION ( 'NONE',  ( -1.000000000000000000, 0.0000000000000000000, 0.0000000000000000000 ) ) ;
#6720 = ORIENTED_EDGE ( 'NONE', *, *, #447, .T. ) ;
#6721 = CARTESIAN_POINT ( 'NONE',  ( -0.2399385210375706000, 0.2705511811023621500, -0.1833786526941293700 ) ) ;
#6722 = AXIS2_PLACEMENT_3D ( 'NONE', #3083, #7540, #6086 ) ;
#6723 = PLANE ( 'NONE',  #4246 ) ;
#6724 = ORIENTED_EDGE ( 'NONE', *, *, #8292, .F. ) ;
#6725 = CYLINDRICAL_SURFACE ( 'NONE', #342, 0.01499999999999997700 ) ;
#6726 = ORIENTED_EDGE ( 'NONE', *, *, #4459, .T. ) ;
#6727 = EDGE_CURVE ( 'NONE', #5018, #2972, #348, .T. ) ;
#6728 = CARTESIAN_POINT ( 'NONE',  ( 0.3155511811023630800, 0.6723036717348477300, 0.2593036717348482000 ) ) ;
#6729 = ORIENTED_EDGE ( 'NONE', *, *, #2941, .T. ) ;
#6730 = ADVANCED_FACE ( 'NONE', ( #7873 ), #3478, .F. ) ;
#6731 = DIRECTION ( 'NONE',  ( 0.0000000000000000000, -1.000000000000000000, 3.661961499347899700E-015 ) ) ;
#6732 = ORIENTED_EDGE ( 'NONE', *, *, #3558, .F. ) ;
#6733 = CARTESIAN_POINT ( 'NONE',  ( 0.3173036717348460300, 0.6723036717348476200, -0.4130000000000021400 ) ) ;
#6734 = LINE ( 'NONE', #8138, #486 ) ;
#6735 = LINE ( 'NONE', #73, #9373 ) ;
#6736 = DIRECTION ( 'NONE',  ( 0.0000000000000000000, 0.9659258262890679800, -0.2588190451025214100 ) ) ;
#6737 = AXIS2_PLACEMENT_3D ( 'NONE', #5010, #7178, #1261 ) ;
#6738 = VERTEX_POINT ( 'NONE', #5799 ) ;
#6739 =( CONVERSION_BASED_UNIT ( 'INCH', #7185 ) LENGTH_UNIT ( ) NAMED_UNIT ( #9650 ) );
#6740 = AXIS2_PLACEMENT_3D ( 'NONE', #991, #1532, #1890 ) ;
#6741 = ORIENTED_EDGE ( 'NONE', *, *, #2917, .T. ) ;
#6742 = FILL_AREA_STYLE ('',( #745 ) ) ;
#6743 = FACE_OUTER_BOUND ( 'NONE', #8282, .T. ) ;
#6744 = LINE ( 'NONE', #3403, #3091 ) ;
#6745 = DIRECTION ( 'NONE',  ( 0.0000000000000000000, -1.000000000000000000, 3.491481338843133000E-015 ) ) ;
#6746 = EDGE_CURVE ( 'NONE', #7583, #8549, #1943, .T. ) ;
#6747 = CARTESIAN_POINT ( 'NONE',  ( -0.3116141732283463900, 0.6705511811023621100, 0.2489533149417182400 ) ) ;
#6748 = VECTOR ( 'NONE', #1448, 39.37007874015748100 ) ;
#6749 = CARTESIAN_POINT ( 'NONE',  ( -0.1645137373393535100, 0.6705511811023621100, 0.2054271400810136200 ) ) ;
#6750 = DIRECTION ( 'NONE',  ( 1.000000000000000000, 0.0000000000000000000, -0.0000000000000000000 ) ) ;
#6751 = EDGE_CURVE ( 'NONE', #9061, #100, #8713, .T. ) ;
#6752 = VECTOR ( 'NONE', #7280, 39.37007874015748100 ) ;
#6753 = CIRCLE ( 'NONE', #6351, 0.01181102362204724000 ) ;
#6754 = ORIENTED_EDGE ( 'NONE', *, *, #8742, .F. ) ;
#6755 = VERTEX_POINT ( 'NONE', #2747 ) ;
#6756 = ADVANCED_FACE ( 'NONE', ( #7746 ), #8900, .F. ) ;
#6757 = CARTESIAN_POINT ( 'NONE',  ( 0.3155511811023625200, 0.6723036717348477300, 0.2593036717348482000 ) ) ;
#6758 = ORIENTED_EDGE ( 'NONE', *, *, #7084, .T. ) ;
#6759 = LINE ( 'NONE', #6917, #5573 ) ;
#6760 = DIRECTION ( 'NONE',  ( 0.0000000000000000000, 0.0000000000000000000, 1.000000000000000000 ) ) ;
#6761 = DIRECTION ( 'NONE',  ( 1.000000000000000000, -0.0000000000000000000, -0.0000000000000000000 ) ) ;
#6762 = ORIENTED_EDGE ( 'NONE', *, *, #9747, .T. ) ;
#6763 = CARTESIAN_POINT ( 'NONE',  ( 0.02500000000000004000, 0.01450000000000000100, -0.2625000000000000100 ) ) ;
#6764 = PLANE ( 'NONE',  #1762 ) ;
#6765 = DIRECTION ( 'NONE',  ( 0.0000000000000000000, -0.0000000000000000000, 1.000000000000000000 ) ) ;
#6766 = EDGE_CURVE ( 'NONE', #9127, #652, #6665, .T. ) ;
#6767 = PLANE ( 'NONE',  #4424 ) ;
#6768 = AXIS2_PLACEMENT_3D ( 'NONE', #910, #9082, #9210 ) ;
#6769 = ORIENTED_EDGE ( 'NONE', *, *, #9248, .T. ) ;
#6770 = LINE ( 'NONE', #5626, #6896 ) ;
#6771 = FILL_AREA_STYLE ('',( #5985 ) ) ;
#6772 = VERTEX_POINT ( 'NONE', #3576 ) ;
#6773 = EDGE_CURVE ( 'NONE', #9550, #9236, #877, .T. ) ;
#6774 = DIRECTION ( 'NONE',  ( 0.0000000000000000000, 0.0000000000000000000, -1.000000000000000000 ) ) ;
#6775 = PLANE ( 'NONE',  #6642 ) ;
#6776 = VECTOR ( 'NONE', #7689, 39.37007874015748100 ) ;
#6777 = DIRECTION ( 'NONE',  ( 6.946308972158771600E-015, 1.000000000000000000, 3.462928498309742800E-015 ) ) ;
#6778 = ORIENTED_EDGE ( 'NONE', *, *, #9209, .F. ) ;
#6779 = AXIS2_PLACEMENT_3D ( 'NONE', #5087, #2080, #2839 ) ;
#6780 = FACE_OUTER_BOUND ( 'NONE', #2287, .T. ) ;
#6781 = DIRECTION ( 'NONE',  ( 2.492171718503151100E-016, 0.0000000000000000000, 1.000000000000000000 ) ) ;
#6782 = ADVANCED_FACE ( 'NONE', ( #67 ), #2940, .F. ) ;
#6783 = CARTESIAN_POINT ( 'NONE',  ( -0.3069533149417182900, 0.6666141732283453700, 0.2575511811023609700 ) ) ;
#6784 = ORIENTED_EDGE ( 'NONE', *, *, #3840, .T. ) ;
#6785 = CARTESIAN_POINT ( 'NONE',  ( -0.3136692388140285800, 0.6701268775732670500, 0.2489533149417182100 ) ) ;
#6786 = CARTESIAN_POINT ( 'NONE',  ( 0.3113051303775445400, 0.6621293029295948200, -0.4130000000000015900 ) ) ;
#6787 = CARTESIAN_POINT ( 'NONE',  ( 0.3116141732283466700, 0.6705511811023621100, 0.2536141732283463400 ) ) ;
#6788 = CARTESIAN_POINT ( 'NONE',  ( -0.3116141732283463900, 0.6799999999999999400, -0.4129999999999999200 ) ) ;
#6789 = FACE_OUTER_BOUND ( 'NONE', #3706, .T. ) ;
#6790 = VERTEX_POINT ( 'NONE', #4332 ) ;
#6791 = CARTESIAN_POINT ( 'NONE',  ( -0.3250000000000023400, 0.03999999999999992500, 0.09990778161457228300 ) ) ;
#6792 = EDGE_CURVE ( 'NONE', #4219, #2143, #5714, .T. ) ;
#6793 = EDGE_LOOP ( 'NONE', ( #2967, #4946, #2472, #3004 ) ) ;
#6794 = DIRECTION ( 'NONE',  ( 0.0000000000000000000, 0.0000000000000000000, 1.000000000000000000 ) ) ;
#6795 = CARTESIAN_POINT ( 'NONE',  ( 0.3250000000000028400, -0.1174999999999977500, -0.1739999999999999900 ) ) ;
#6796 = CLOSED_SHELL ( 'NONE', ( #4566, #5947, #5607, #8547 ) ) ;
#6797 = LINE ( 'NONE', #2825, #8942 ) ;
#6798 = ORIENTED_EDGE ( 'NONE', *, *, #3315, .F. ) ;
#6799 =( GEOMETRIC_REPRESENTATION_CONTEXT ( 3 ) GLOBAL_UNCERTAINTY_ASSIGNED_CONTEXT ( ( #2835 ) ) GLOBAL_UNIT_ASSIGNED_CONTEXT ( ( #9557, #6549, #2024 ) ) REPRESENTATION_CONTEXT ( 'NONE', 'WORKASPACE' ) );
#6800 = DIRECTION ( 'NONE',  ( 0.0000000000000000000, 1.000000000000000000, 0.0000000000000000000 ) ) ;
#6801 = DIRECTION ( 'NONE',  ( 0.0000000000000000000, -0.0000000000000000000, 1.000000000000000000 ) ) ;
#6802 = EDGE_LOOP ( 'NONE', ( #7582, #5866, #945, #70 ) ) ;
#6803 = DIRECTION ( 'NONE',  ( 1.000000000000000000, 0.0000000000000000000, -1.459106284977188500E-016 ) ) ;
#6804 = DIRECTION ( 'NONE',  ( 0.0000000000000000000, 0.0000000000000000000, 1.000000000000000000 ) ) ;
#6805 = EDGE_CURVE ( 'NONE', #1247, #9619, #2651, .T. ) ;
#6806 = CARTESIAN_POINT ( 'NONE',  ( 0.3116141732283442300, 0.6624383457803941800, -0.4130000000000022500 ) ) ;
#6807 = DIRECTION ( 'NONE',  ( 0.0000000000000000000, 0.0000000000000000000, -1.000000000000000000 ) ) ;
#6808 = ADVANCED_FACE ( 'NONE', ( #631 ), #6723, .F. ) ;
#6809 = ORIENTED_EDGE ( 'NONE', *, *, #7253, .F. ) ;
#6810 = CARTESIAN_POINT ( 'NONE',  ( 0.3116141732283466700, 0.6666141732283464800, -0.5562695347634609700 ) ) ;
#6811 = LINE ( 'NONE', #4074, #1979 ) ;
#6812 = CARTESIAN_POINT ( 'NONE',  ( 0.3155511811023642400, 0.05599999999999997300, -0.1319999999999999800 ) ) ;
#6813 = VERTEX_POINT ( 'NONE', #5247 ) ;
#6814 = LINE ( 'NONE', #7432, #4003 ) ;
#6815 = CARTESIAN_POINT ( 'NONE',  ( 0.3155511811023643000, 1.403100757040926000, 0.2475511811023648500 ) ) ;
#6816 = AXIS2_PLACEMENT_3D ( 'NONE', #3549, #9564, #9002 ) ;
#6817 = PLANE ( 'NONE',  #9411 ) ;
#6818 = DIRECTION ( 'NONE',  ( 0.0000000000000000000, 0.0000000000000000000, -1.000000000000000000 ) ) ;
#6819 = ORIENTED_EDGE ( 'NONE', *, *, #3616, .F. ) ;
#6820 = VECTOR ( 'NONE', #9060, 39.37007874015748100 ) ;
#6821 = CARTESIAN_POINT ( 'NONE',  ( 0.2669099894223583300, 0.6205511811023621800, 0.2073173628908212800 ) ) ;
#6822 = ORIENTED_EDGE ( 'NONE', *, *, #7511, .T. ) ;
#6823 = VECTOR ( 'NONE', #721, 39.37007874015748100 ) ;
#6824 = DIRECTION ( 'NONE',  ( 0.5642220635390411400, -0.0000000000000000000, 0.8256230756318201400 ) ) ;
#6825 = ORIENTED_EDGE ( 'NONE', *, *, #4576, .T. ) ;
#6826 = EDGE_CURVE ( 'NONE', #1734, #1729, #6193, .T. ) ;
#6827 = LINE ( 'NONE', #8287, #7802 ) ;
#6828 =( GEOMETRIC_REPRESENTATION_CONTEXT ( 3 ) GLOBAL_UNCERTAINTY_ASSIGNED_CONTEXT ( ( #9466 ) ) GLOBAL_UNIT_ASSIGNED_CONTEXT ( ( #2027, #4307, #8117 ) ) REPRESENTATION_CONTEXT ( 'NONE', 'WORKASPACE' ) );
#6829 = DIRECTION ( 'NONE',  ( -0.0000000000000000000, 1.000000000000000000, -0.0000000000000000000 ) ) ;
#6830 = DIRECTION ( 'NONE',  ( -0.0000000000000000000, -1.000000000000000000, -0.0000000000000000000 ) ) ;
#6831 = ORIENTED_EDGE ( 'NONE', *, *, #3238, .F. ) ;
#6832 = DIRECTION ( 'NONE',  ( -3.518350040768382100E-015, -0.9659258262890679800, 0.2588190451025214100 ) ) ;
#6833 = ADVANCED_FACE ( 'NONE', ( #409 ), #3711, .F. ) ;
#6834 = FACE_OUTER_BOUND ( 'NONE', #9196, .T. ) ;
#6835 = CARTESIAN_POINT ( 'NONE',  ( -0.1142984638647553800, 0.6799999999999999400, 0.2170512116749741500 ) ) ;
#6836 = DIRECTION ( 'NONE',  ( 1.000000000000000000, -0.0000000000000000000, -0.0000000000000000000 ) ) ;
#6837 = EDGE_CURVE ( 'NONE', #2603, #2633, #8108, .T. ) ;
#6838 = ORIENTED_EDGE ( 'NONE', *, *, #4537, .T. ) ;
#6839 = VECTOR ( 'NONE', #3586, 39.37007874015748100 ) ;
#6840 = DIRECTION ( 'NONE',  ( 0.0000000000000000000, 0.0000000000000000000, 1.000000000000000000 ) ) ;
#6841 = DIRECTION ( 'NONE',  ( 1.000000000000000000, 0.0000000000000000000, 0.0000000000000000000 ) ) ;
#6842 = ORIENTED_EDGE ( 'NONE', *, *, #760, .F. ) ;
#6843 = AXIS2_PLACEMENT_3D ( 'NONE', #2586, #4912, #5582 ) ;
#6844 = LINE ( 'NONE', #7777, #9612 ) ;
#6845 = CARTESIAN_POINT ( 'NONE',  ( -0.08354462770099661800, 0.6355511811023624200, 0.2575511811023651900 ) ) ;
#6846 = ORIENTED_EDGE ( 'NONE', *, *, #5548, .T. ) ;
#6847 = DIRECTION ( 'NONE',  ( -0.0000000000000000000, 1.000000000000000000, -0.0000000000000000000 ) ) ;
#6848 = CARTESIAN_POINT ( 'NONE',  ( 0.2755511811023643200, 0.0000000000000000000, -0.3067141884898558200 ) ) ;
#6849 = ORIENTED_EDGE ( 'NONE', *, *, #2179, .T. ) ;
#6850 = VECTOR ( 'NONE', #390, 39.37007874015748100 ) ;
#6851 = B_SPLINE_CURVE_WITH_KNOTS ( 'NONE', 3,
 ( #2625, #8159, #8702, #8766, #4221, #4977 ),
 .UNSPECIFIED., .F., .F.,
 ( 4, 2, 4 ),
 ( 0.0000000000000000000, 0.5000000000000000000, 1.000000000000000000 ),
 .UNSPECIFIED. ) ;
#6852 = VERTEX_POINT ( 'NONE', #3637 ) ;
#6853 = DIRECTION ( 'NONE',  ( 1.000000000000000000, -0.0000000000000000000, -0.0000000000000000000 ) ) ;
#6854 = CARTESIAN_POINT ( 'NONE',  ( 1.365923996832131600E-016, 0.6705511811023621100, 0.2073173628908212800 ) ) ;
#6855 = EDGE_CURVE ( 'NONE', #4036, #7942, #1468, .T. ) ;
#6856 = ORIENTED_EDGE ( 'NONE', *, *, #5194, .F. ) ;
#6857 = CARTESIAN_POINT ( 'NONE',  ( -0.3250000000000021200, 0.05600000000000222200, -0.1740000000000000200 ) ) ;
#6858 = LINE ( 'NONE', #1350, #830 ) ;
#6859 = DIRECTION ( 'NONE',  ( 3.542742354896064800E-015, 1.000000000000000000, 9.840950985822402700E-017 ) ) ;
#6860 = CARTESIAN_POINT ( 'NONE',  ( -0.3116141732283476100, -0.3311418764140568500, 0.2536141732283463400 ) ) ;
#6861 = DIRECTION ( 'NONE',  ( 0.0000000000000000000, 0.0000000000000000000, -1.000000000000000000 ) ) ;
#6862 = ORIENTED_EDGE ( 'NONE', *, *, #4057, .T. ) ;
#6863 = AXIS2_PLACEMENT_3D ( 'NONE', #549, #1249, #6542 ) ;
#6864 = ADVANCED_FACE ( 'NONE', ( #5830 ), #2973, .F. ) ;
#6865 = CARTESIAN_POINT ( 'NONE',  ( 0.3155511811023644600, 6.786934859259668600E-016, -0.1939999999999999200 ) ) ;
#6866 = ORIENTED_EDGE ( 'NONE', *, *, #6928, .T. ) ;
#6867 = CARTESIAN_POINT ( 'NONE',  ( 0.3155511811023642400, 0.05599999999999997300, 0.09990778161457224100 ) ) ;
#6868 = VERTEX_POINT ( 'NONE', #7568 ) ;
#6869 = LINE ( 'NONE', #7439, #8671 ) ;
#6870 = LINE ( 'NONE', #1011, #3204 ) ;
#6871 = LINE ( 'NONE', #6333, #7840 ) ;
#6872 = EDGE_CURVE ( 'NONE', #5001, #2035, #1816, .T. ) ;
#6873 = ORIENTED_EDGE ( 'NONE', *, *, #3293, .F. ) ;
#6874 = CARTESIAN_POINT ( 'NONE',  ( -0.3155511811023643000, 0.05599999999999997300, -0.1219999999999999800 ) ) ;
#6875 = VERTEX_POINT ( 'NONE', #2237 ) ;
#6876 = VECTOR ( 'NONE', #5191, 39.37007874015748100 ) ;
#6877 = FACE_OUTER_BOUND ( 'NONE', #9405, .T. ) ;
#6878 = CARTESIAN_POINT ( 'NONE',  ( -0.08354462770099661800, 0.4705511811023621000, 0.2208086550377015000 ) ) ;
#6879 = ORIENTED_EDGE ( 'NONE', *, *, #9657, .T. ) ;
#6880 = DIRECTION ( 'NONE',  ( -0.0000000000000000000, -0.0000000000000000000, 1.000000000000000000 ) ) ;
#6881 = AXIS2_PLACEMENT_3D ( 'NONE', #5015, #8060, #8029 ) ;
#6882 = VERTEX_POINT ( 'NONE', #2910 ) ;
#6883 = FACE_OUTER_BOUND ( 'NONE', #7423, .T. ) ;
#6884 = CARTESIAN_POINT ( 'NONE',  ( -0.3055511811023642300, 0.6605511811023620000, 0.2575511811023651900 ) ) ;
#6885 = CYLINDRICAL_SURFACE ( 'NONE', #6337, 0.01250000000000000200 ) ;
#6886 = ORIENTED_EDGE ( 'NONE', *, *, #7785, .F. ) ;
#6887 = ADVANCED_FACE ( 'NONE', ( #1593 ), #8926, .T. ) ;
#6888 = ORIENTED_EDGE ( 'NONE', *, *, #5720, .F. ) ;
#6889 = EDGE_CURVE ( 'NONE', #5120, #9820, #3723, .T. ) ;
#6890 = CARTESIAN_POINT ( 'NONE',  ( 0.3055511811023642900, 0.6705511811023621100, 0.2475511811023651000 ) ) ;
#6891 = CARTESIAN_POINT ( 'NONE',  ( -0.3250000000000023400, 0.06600000000000103000, 0.2669999999999999600 ) ) ;
#6892 = EDGE_CURVE ( 'NONE', #2294, #8067, #294, .T. ) ;
#6893 = CARTESIAN_POINT ( 'NONE',  ( 0.3155511811023643000, 0.03999999999999992500, 0.0000000000000000000 ) ) ;
#6894 = ORIENTED_EDGE ( 'NONE', *, *, #5073, .F. ) ;
#6895 = AXIS2_PLACEMENT_3D ( 'NONE', #6267, #7094, #5501 ) ;
#6896 = VECTOR ( 'NONE', #2632, 39.37007874015748100 ) ;
#6897 = CARTESIAN_POINT ( 'NONE',  ( -0.2105238465008579300, 0.6705511811023621100, 0.1438697664863480800 ) ) ;
#6898 = ORIENTED_EDGE ( 'NONE', *, *, #6826, .F. ) ;
#6899 = EDGE_CURVE ( 'NONE', #8801, #5050, #4317, .T. ) ;
#6900 = DIRECTION ( 'NONE',  ( 1.000000000000000000, -0.0000000000000000000, -0.0000000000000000000 ) ) ;
#6901 = ORIENTED_EDGE ( 'NONE', *, *, #2216, .T. ) ;
#6902 = DIRECTION ( 'NONE',  ( -0.0000000000000000000, -0.0000000000000000000, 1.000000000000000000 ) ) ;
#6903 = DIRECTION ( 'NONE',  ( 0.0000000000000000000, 1.000000000000000000, 0.0000000000000000000 ) ) ;
#6904 = LINE ( 'NONE', #6927, #7260 ) ;
#6905 = ORIENTED_EDGE ( 'NONE', *, *, #5833, .F. ) ;
#6906 = CARTESIAN_POINT ( 'NONE',  ( 0.3250000000000015700, 0.02999999999999994000, -0.1119999999999999900 ) ) ;
#6907 = DIRECTION ( 'NONE',  ( 0.0000000000000000000, 0.0000000000000000000, -1.000000000000000000 ) ) ;
#6908 = AXIS2_PLACEMENT_3D ( 'NONE', #3393, #1238, #1170 ) ;
#6909 = VECTOR ( 'NONE', #3056, 39.37007874015748100 ) ;
#6910 = ORIENTED_EDGE ( 'NONE', *, *, #3741, .F. ) ;
#6911 = ORIENTED_EDGE ( 'NONE', *, *, #6397, .F. ) ;
#6912 = DIRECTION ( 'NONE',  ( 0.0000000000000000000, -1.000000000000000000, 0.0000000000000000000 ) ) ;
#6913 = ADVANCED_FACE ( 'NONE', ( #4658 ), #9086, .F. ) ;
#6914 = VECTOR ( 'NONE', #6386, 39.37007874015748100 ) ;
#6915 = EDGE_LOOP ( 'NONE', ( #2129, #5530, #997, #9687 ) ) ;
#6916 = EDGE_CURVE ( 'NONE', #6621, #9041, #5246, .T. ) ;
#6917 = CARTESIAN_POINT ( 'NONE',  ( -0.3155511811023643000, 1.403100757040926000, -0.3935511811023632000 ) ) ;
#6918 = DIRECTION ( 'NONE',  ( 0.0000000000000000000, -1.000000000000000000, 0.0000000000000000000 ) ) ;
#6919 = ORIENTED_EDGE ( 'NONE', *, *, #7485, .T. ) ;
#6920 = FACE_OUTER_BOUND ( 'NONE', #4408, .T. ) ;
#6921 = DIRECTION ( 'NONE',  ( 0.0000000000000000000, 1.000000000000000000, 0.0000000000000000000 ) ) ;
#6922 = ORIENTED_EDGE ( 'NONE', *, *, #5585, .T. ) ;
#6923 = CARTESIAN_POINT ( 'NONE',  ( 0.2733513886040114200, 0.6705511811023621100, 0.0000000000000000000 ) ) ;
#6924 = ORIENTED_EDGE ( 'NONE', *, *, #682, .F. ) ;
#6925 = CARTESIAN_POINT ( 'NONE',  ( 0.2249999999999999800, -0.1250000000000000000, -5.607386366632090100E-017 ) ) ;
#6926 = CARTESIAN_POINT ( 'NONE',  ( -0.3250000000000023400, 0.06600000000000103000, 0.2669999999999999600 ) ) ;
#6927 = CARTESIAN_POINT ( 'NONE',  ( -0.2755511811023642600, 0.01450000000000000100, -0.06845163660186287500 ) ) ;
#6928 = EDGE_CURVE ( 'NONE', #7520, #6310, #3125, .T. ) ;
#6929 = ORIENTED_EDGE ( 'NONE', *, *, #2098, .F. ) ;
#6930 = LENGTH_MEASURE_WITH_UNIT ( LENGTH_MEASURE( 0.02539999999999999900 ), #4420 );
#6931 = DIRECTION ( 'NONE',  ( 0.7071067811865413600, -0.7071067811865536800, 1.407375847139740600E-016 ) ) ;
#6932 = ORIENTED_EDGE ( 'NONE', *, *, #829, .F. ) ;
#6933 = ORIENTED_EDGE ( 'NONE', *, *, #1129, .F. ) ;
#6934 = AXIS2_PLACEMENT_3D ( 'NONE', #9663, #5875, #560 ) ;
#6935 = PLANE ( 'NONE',  #6089 ) ;
#6936 = CARTESIAN_POINT ( 'NONE',  ( 0.1645137373393535100, 0.6205511811023621800, 0.2073173628908212800 ) ) ;
#6937 = ADVANCED_FACE ( 'NONE', ( #1113 ), #2374, .F. ) ;
#6938 = AXIS2_PLACEMENT_3D ( 'NONE', #7505, #6703, #5946 ) ;
#6939 = DIRECTION ( 'NONE',  ( -0.0000000000000000000, 1.000000000000000000, -0.0000000000000000000 ) ) ;
#6940 = EDGE_LOOP ( 'NONE', ( #5276, #475, #887, #602, #2483 ) ) ;
#6941 =( BOUNDED_CURVE ( )  B_SPLINE_CURVE ( 3, ( #2903, #1313, #2108, #6693 ),
 .UNSPECIFIED., .F., .F. ) 
 B_SPLINE_CURVE_WITH_KNOTS ( ( 4, 4 ),
 ( 1.570796326794896600, 3.141592653589793100 ),
 .UNSPECIFIED. ) 
 CURVE ( )  GEOMETRIC_REPRESENTATION_ITEM ( )  RATIONAL_B_SPLINE_CURVE ( ( 1.000000000000000000, 0.8047378541243649400, 0.8047378541243649400, 1.000000000000000000 ) ) 
 REPRESENTATION_ITEM ( '' )  );
#6942 = VECTOR ( 'NONE', #7649, 39.37007874015748100 ) ;
#6943 = DIRECTION ( 'NONE',  ( 0.0000000000000000000, -1.000000000000000000, -5.782411586589324900E-015 ) ) ;
#6944 = EDGE_CURVE ( 'NONE', #371, #536, #5593, .T. ) ;
#6945 = VERTEX_POINT ( 'NONE', #9183 ) ;
#6946 = LINE ( 'NONE', #4709, #2811 ) ;
#6947 = CARTESIAN_POINT ( 'NONE',  ( 5.141429951394739800E-017, 0.6705511811023621100, -0.3935511811023633100 ) ) ;
#6948 = EDGE_LOOP ( 'NONE', ( #4090, #8846, #202, #223 ) ) ;
#6949 = CARTESIAN_POINT ( 'NONE',  ( 0.2051873039643365700, 0.4318828228266479700, -0.3067141884898558200 ) ) ;
#6950 = VECTOR ( 'NONE', #3284, 39.37007874015748100 ) ;
#6951 = CARTESIAN_POINT ( 'NONE',  ( -0.2399385210375706000, 0.6355511811023624200, 0.09870736768358978600 ) ) ;
#6952 = DIRECTION ( 'NONE',  ( -0.0000000000000000000, -1.000000000000000000, -0.0000000000000000000 ) ) ;
#6953 = UNCERTAINTY_MEASURE_WITH_UNIT (LENGTH_MEASURE( 1.000000000000000100E-005 ), #4270, 'distance_accuracy_value', 'NONE');
#6954 = AXIS2_PLACEMENT_3D ( 'NONE', #698, #1258, #2758 ) ;
#6955 = ORIENTED_EDGE ( 'NONE', *, *, #3540, .F. ) ;
#6956 = LINE ( 'NONE', #8268, #6245 ) ;
#6957 = CARTESIAN_POINT ( 'NONE',  ( 0.2755511811023642600, 0.0000000000000000000, 0.2425715860306383000 ) ) ;
#6958 = DIRECTION ( 'NONE',  ( 2.492171718503151100E-016, 0.0000000000000000000, 1.000000000000000000 ) ) ;
#6959 = VERTEX_POINT ( 'NONE', #855 ) ;
#6960 = CARTESIAN_POINT ( 'NONE',  ( 0.1850000000000023800, 0.5358241725520462900, -0.4130000000000046400 ) ) ;
#6961 = DIRECTION ( 'NONE',  ( 0.0000000000000000000, -1.000000000000000000, 0.0000000000000000000 ) ) ;
#6962 = CYLINDRICAL_SURFACE ( 'NONE', #3205, 0.009999999999999995000 ) ;
#6963 = ADVANCED_FACE ( 'NONE', ( #9667 ), #9215, .F. ) ;
#6964 = DIRECTION ( 'NONE',  ( 1.000000000000000000, 0.0000000000000000000, -0.0000000000000000000 ) ) ;
#6965 = ORIENTED_EDGE ( 'NONE', *, *, #1095, .F. ) ;
#6966 = VECTOR ( 'NONE', #6715, 39.37007874015748100 ) ;
#6967 = EDGE_CURVE ( 'NONE', #8378, #3225, #7499, .T. ) ;
#6968 = AXIS2_PLACEMENT_3D ( 'NONE', #4204, #9440, #2703 ) ;
#6969 = ORIENTED_EDGE ( 'NONE', *, *, #597, .F. ) ;
#6970 = DIRECTION ( 'NONE',  ( 0.0000000000000000000, 1.000000000000000000, -2.134256245050199100E-015 ) ) ;
#6971 = LINE ( 'NONE', #4155, #4967 ) ;
#6972 = CARTESIAN_POINT ( 'NONE',  ( 0.3113051303775445400, 0.6621293029295948200, 0.2670000000000015700 ) ) ;
#6973 = CARTESIAN_POINT ( 'NONE',  ( 0.1142984638647553800, 0.6799999999999999400, 0.2170512116749741500 ) ) ;
#6974 = ORIENTED_EDGE ( 'NONE', *, *, #6855, .T. ) ;
#6975 = CARTESIAN_POINT ( 'NONE',  ( -0.1959325888690782400, 0.6799999999999999400, -0.08658759291419086700 ) ) ;
#6976 = VECTOR ( 'NONE', #3707, 39.37007874015748100 ) ;
#6977 = CARTESIAN_POINT ( 'NONE',  ( -0.1142984638647554000, 0.6794079344954887500, 0.2575511811023651900 ) ) ;
#6978 = EDGE_CURVE ( 'NONE', #5424, #5379, #8925, .T. ) ;
#6979 = ORIENTED_EDGE ( 'NONE', *, *, #3315, .T. ) ;
#6980 = ORIENTED_EDGE ( 'NONE', *, *, #5008, .T. ) ;
#6981 = CIRCLE ( 'NONE', #3426, 0.01500000000000001200 ) ;
#6982 = DIRECTION ( 'NONE',  ( -0.0000000000000000000, 0.0000000000000000000, 1.000000000000000000 ) ) ;
#6983 = VERTEX_POINT ( 'NONE', #4589 ) ;
#6984 = AXIS2_PLACEMENT_3D ( 'NONE', #6018, #3795, #6804 ) ;
#6985 = VERTEX_POINT ( 'NONE', #6205 ) ;
#6986 = EDGE_CURVE ( 'NONE', #4754, #6131, #3365, .T. ) ;
#6987 = DIRECTION ( 'NONE',  ( 1.000000000000000000, 0.0000000000000000000, 0.0000000000000000000 ) ) ;
#6988 = LINE ( 'NONE', #1116, #6513 ) ;
#6989 = VECTOR ( 'NONE', #86, 39.37007874015748100 ) ;
#6990 = CARTESIAN_POINT ( 'NONE',  ( -0.3250000000000023400, 0.05599999999999997300, -0.1120000000000000200 ) ) ;
#6991 = CARTESIAN_POINT ( 'NONE',  ( -0.3151185744823470400, 0.6619533149417185000, 0.2670000000000014600 ) ) ;
#6992 = ORIENTED_EDGE ( 'NONE', *, *, #7224, .F. ) ;
#6993 = CYLINDRICAL_SURFACE ( 'NONE', #3897, 0.01181102362204731000 ) ;
#6994 = ORIENTED_EDGE ( 'NONE', *, *, #5720, .T. ) ;
#6995 = ADVANCED_FACE ( 'NONE', ( #9279 ), #7386, .T. ) ;
#6996 = EDGE_CURVE ( 'NONE', #8911, #7194, #8228, .T. ) ;
#6997 = EDGE_LOOP ( 'NONE', ( #2777, #1568, #467, #157 ) ) ;
#6998 = PLANE ( 'NONE',  #2675 ) ;
#6999 = LINE ( 'NONE', #4783, #2740 ) ;
#7000 = AXIS2_PLACEMENT_3D ( 'NONE', #1483, #8338, #2235 ) ;
#7001 = CARTESIAN_POINT ( 'NONE',  ( -0.3071293029295945100, 0.6663051303775458000, -0.4035511811023610500 ) ) ;
#7002 = PRODUCT_DEFINITION ( 'UNKNOWN', '', #7509, #305 ) ;
#7003 = ORIENTED_EDGE ( 'NONE', *, *, #218, .F. ) ;
#7004 = FACE_OUTER_BOUND ( 'NONE', #5650, .T. ) ;
#7005 = FACE_OUTER_BOUND ( 'NONE', #9344, .T. ) ;
#7006 = CARTESIAN_POINT ( 'NONE',  ( -0.1959325888690782400, 0.6666141732283462600, 0.004393306531884149200 ) ) ;
#7007 = VECTOR ( 'NONE', #8494, 39.37007874015748100 ) ;
#7008 = CARTESIAN_POINT ( 'NONE',  ( 0.3250000000000000700, 0.6666141732283462600, 0.1077457736259981600 ) ) ;
#7009 = VERTEX_POINT ( 'NONE', #6174 ) ;
#7010 = EDGE_CURVE ( 'NONE', #8801, #9438, #6904, .T. ) ;
#7011 = CARTESIAN_POINT ( 'NONE',  ( -0.3155511811023644100, 0.02999999999999994000, -0.1019999999999999900 ) ) ;
#7012 = DIRECTION ( 'NONE',  ( -0.0000000000000000000, 1.000000000000000000, -0.0000000000000000000 ) ) ;
#7013 = VECTOR ( 'NONE', #2243, 39.37007874015748100 ) ;
#7014 = VECTOR ( 'NONE', #6847, 39.37007874015748100 ) ;
#7015 = PLANE ( 'NONE',  #9755 ) ;
#7016 = ADVANCED_FACE ( 'NONE', ( #177 ), #7611, .F. ) ;
#7017 = VERTEX_POINT ( 'NONE', #3106 ) ;
#7018 = AXIS2_PLACEMENT_3D ( 'NONE', #3524, #4231, #2732 ) ;
#7019 = CARTESIAN_POINT ( 'NONE',  ( 0.2249999999999999800, -0.1050000000000000100, -5.607386366632090100E-017 ) ) ;
#7020 = DIRECTION ( 'NONE',  ( -3.661961499347914700E-015, 0.0000000000000000000, -1.000000000000000000 ) ) ;
#7021 = DIRECTION ( 'NONE',  ( 8.962718471908358800E-016, -0.2588190451025214600, 0.9659258262890680900 ) ) ;
#7022 = ORIENTED_EDGE ( 'NONE', *, *, #1217, .F. ) ;
#7023 = VECTOR ( 'NONE', #3364, 39.37007874015748100 ) ;
#7024 = ORIENTED_EDGE ( 'NONE', *, *, #6855, .F. ) ;
#7025 = CARTESIAN_POINT ( 'NONE',  ( 0.2755511811023643200, 0.0000000000000000000, -0.3067141884898558200 ) ) ;
#7026 = DIRECTION ( 'NONE',  ( -1.000000000000000000, 0.0000000000000000000, -5.782411586589358800E-015 ) ) ;
#7027 = EDGE_CURVE ( 'NONE', #8878, #5576, #2762, .T. ) ;
#7028 = DIRECTION ( 'NONE',  ( -0.0000000000000000000, -1.000000000000000000, -0.0000000000000000000 ) ) ;
#7029 = ORIENTED_EDGE ( 'NONE', *, *, #3069, .F. ) ;
#7030 = DIRECTION ( 'NONE',  ( 1.000000000000000000, -3.462928498309742800E-015, 0.0000000000000000000 ) ) ;
#7031 = CARTESIAN_POINT ( 'NONE',  ( -0.3055511811023642300, 0.05455008786923408500, 0.2575511811023651900 ) ) ;
#7032 = FACE_OUTER_BOUND ( 'NONE', #1704, .T. ) ;
#7033 = DIRECTION ( 'NONE',  ( -3.462928498309742800E-015, 1.000000000000000000, 0.0000000000000000000 ) ) ;
#7034 = VERTEX_POINT ( 'NONE', #4778 ) ;
#7035 = EDGE_CURVE ( 'NONE', #3664, #5633, #6084, .T. ) ;
#7036 = DIRECTION ( 'NONE',  ( 0.0000000000000000000, -1.000000000000000000, 3.661961499347899700E-015 ) ) ;
#7037 = DIRECTION ( 'NONE',  ( -3.661961499347914700E-015, -3.462928498309717500E-015, -1.000000000000000000 ) ) ;
#7038 = ADVANCED_FACE ( 'NONE', ( #6442 ), #982, .T. ) ;
#7039 = FACE_OUTER_BOUND ( 'NONE', #8762, .T. ) ;
#7040 = ORIENTED_EDGE ( 'NONE', *, *, #4758, .F. ) ;
#7041 = CARTESIAN_POINT ( 'NONE',  ( -0.2249999999999999800, -0.1250000000000000000, -0.04849584923580589600 ) ) ;
#7042 = CARTESIAN_POINT ( 'NONE',  ( 0.2249999999999999800, 0.01450000000000000900, -5.607386366632090100E-017 ) ) ;
#7043 = ORIENTED_EDGE ( 'NONE', *, *, #545, .F. ) ;
#7044 = DIRECTION ( 'NONE',  ( -7.389131165723508900E-016, 0.0000000000000000000, 1.000000000000000000 ) ) ;
#7045 = ORIENTED_EDGE ( 'NONE', *, *, #144, .T. ) ;
#7046 = VECTOR ( 'NONE', #5780, 39.37007874015748100 ) ;
#7047 = VERTEX_POINT ( 'NONE', #5528 ) ;
#7048 = EDGE_CURVE ( 'NONE', #3187, #8932, #8701, .T. ) ;
#7049 = CARTESIAN_POINT ( 'NONE',  ( 0.2733513886040114200, 0.6666141732283462600, -0.08658759291419086700 ) ) ;
#7050 = CARTESIAN_POINT ( 'NONE',  ( -0.2399385210375706000, 0.2705511811023621500, -0.09287881401875214300 ) ) ;
#7051 = CARTESIAN_POINT ( 'NONE',  ( -0.3116141732283463900, 0.5399999999999987000, -0.4129999999999993700 ) ) ;
#7052 = ORIENTED_EDGE ( 'NONE', *, *, #6005, .F. ) ;
#7053 = AXIS2_PLACEMENT_3D ( 'NONE', #1219, #499, #2837 ) ;
#7054 = CARTESIAN_POINT ( 'NONE',  ( -0.3155511811023643000, 0.06600000000000103000, 0.2238645401817222200 ) ) ;
#7055 = ORIENTED_EDGE ( 'NONE', *, *, #2092, .T. ) ;
#7056 = FACE_OUTER_BOUND ( 'NONE', #2207, .T. ) ;
#7057 = DIRECTION ( 'NONE',  ( 1.000000000000000000, -0.0000000000000000000, -0.0000000000000000000 ) ) ;
#7058 = PLANE ( 'NONE',  #8945 ) ;
#7059 = ORIENTED_EDGE ( 'NONE', *, *, #9323, .T. ) ;
#7060 = DIRECTION ( 'NONE',  ( 1.000000000000000000, 0.0000000000000000000, 0.0000000000000000000 ) ) ;
#7061 = LENGTH_MEASURE_WITH_UNIT ( LENGTH_MEASURE( 0.02539999999999999900 ), #3842 );
#7062 = ADVANCED_FACE ( 'NONE', ( #285 ), #7804, .T. ) ;
#7063 = DIRECTION ( 'NONE',  ( 6.829619984160649600E-015, 1.000000000000000000, 0.0000000000000000000 ) ) ;
#7064 = EDGE_CURVE ( 'NONE', #9766, #5672, #9660, .T. ) ;
#7065 = CARTESIAN_POINT ( 'NONE',  ( -0.2733513886040114200, 0.6799999999999999400, -0.2064179702976515800 ) ) ;
#7066 = EDGE_LOOP ( 'NONE', ( #9750, #7353, #1718, #7669 ) ) ;
#7067 = VECTOR ( 'NONE', #3041, 39.37007874015748100 ) ;
#7068 = ORIENTED_EDGE ( 'NONE', *, *, #8188, .T. ) ;
#7069 = CARTESIAN_POINT ( 'NONE',  ( 0.2755511811023643200, 0.0000000000000000000, -0.3067141884898558200 ) ) ;
#7070 = LINE ( 'NONE', #4959, #8035 ) ;
#7071 = AXIS2_PLACEMENT_3D ( 'NONE', #9020, #7562, #1482 ) ;
#7072 = CARTESIAN_POINT ( 'NONE',  ( -0.3155511811023643000, 0.03999999999999992500, 0.09990778161457228300 ) ) ;
#7073 = ORIENTED_EDGE ( 'NONE', *, *, #4009, .F. ) ;
#7074 = PLANE ( 'NONE',  #7687 ) ;
#7075 = LINE ( 'NONE', #7788, #2822 ) ;
#7076 = CARTESIAN_POINT ( 'NONE',  ( 0.3155511811023642400, 0.06600000000000103000, 0.0000000000000000000 ) ) ;
#7077 = ORIENTED_EDGE ( 'NONE', *, *, #4498, .F. ) ;
#7078 = VECTOR ( 'NONE', #6029, 39.37007874015748100 ) ;
#7079 = CARTESIAN_POINT ( 'NONE',  ( 0.0000000000000000000, 0.6705511811023621100, -0.2183786526941294000 ) ) ;
#7080 = CARTESIAN_POINT ( 'NONE',  ( -0.2755511811023642600, 0.01450000000000000100, 0.1871780396547222100 ) ) ;
#7081 = EDGE_CURVE ( 'NONE', #5707, #3409, #404, .T. ) ;
#7082 = CARTESIAN_POINT ( 'NONE',  ( -0.3250000000000011800, 0.6619533149417182700, -0.4031185744823517800 ) ) ;
#7083 = VERTEX_POINT ( 'NONE', #230 ) ;
#7084 = EDGE_CURVE ( 'NONE', #3985, #3696, #3117, .T. ) ;
#7085 = VECTOR ( 'NONE', #3121, 39.37007874015748100 ) ;
#7086 = AXIS2_PLACEMENT_3D ( 'NONE', #6757, #7528, #686 ) ;
#7087 = VERTEX_POINT ( 'NONE', #7872 ) ;
#7088 = LINE ( 'NONE', #4457, #4972 ) ;
#7089 = CARTESIAN_POINT ( 'NONE',  ( -0.3250000000000023400, 0.05599999999999997300, -0.1219999999999999800 ) ) ;
#7090 = VERTEX_POINT ( 'NONE', #5470 ) ;
#7091 = EDGE_CURVE ( 'NONE', #5018, #2468, #8340, .T. ) ;
#7092 = EDGE_LOOP ( 'NONE', ( #4215, #1691, #246, #757 ) ) ;
#7093 = LINE ( 'NONE', #2164, #3076 ) ;
#7094 = DIRECTION ( 'NONE',  ( 0.0000000000000000000, 0.0000000000000000000, -1.000000000000000000 ) ) ;
#7095 = DIRECTION ( 'NONE',  ( 3.518350040768382100E-015, 0.9659258262890679800, 0.2588190451025214100 ) ) ;
#7096 = VERTEX_POINT ( 'NONE', #1076 ) ;
#7097 = DIRECTION ( 'NONE',  ( 0.0000000000000000000, 1.000000000000000000, 0.0000000000000000000 ) ) ;
#7098 = ORIENTED_EDGE ( 'NONE', *, *, #1436, .F. ) ;
#7099 = EDGE_CURVE ( 'NONE', #5292, #4274, #2054, .T. ) ;
#7100 = VECTOR ( 'NONE', #4900, 39.37007874015748100 ) ;
#7101 = AXIS2_PLACEMENT_3D ( 'NONE', #6540, #7397, #522 ) ;
#7102 = DIRECTION ( 'NONE',  ( -3.661961499347914700E-015, -3.462928498309717500E-015, -1.000000000000000000 ) ) ;
#7103 = DIRECTION ( 'NONE',  ( 0.7071067811865502400, -0.7071067811865446900, 0.0000000000000000000 ) ) ;
#7104 = EDGE_LOOP ( 'NONE', ( #3750, #743, #2116, #2276 ) ) ;
#7105 = CARTESIAN_POINT ( 'NONE',  ( -0.1645137373393535100, 0.6705511811023621100, 0.2073173628908212800 ) ) ;
#7106 = ORIENTED_EDGE ( 'NONE', *, *, #3014, .F. ) ;
#7107 = DIRECTION ( 'NONE',  ( 1.000000000000000000, 0.0000000000000000000, 0.0000000000000000000 ) ) ;
#7108 = EDGE_CURVE ( 'NONE', #2324, #3167, #5581, .T. ) ;
#7109 = ORIENTED_EDGE ( 'NONE', *, *, #6096, .T. ) ;
#7110 = VECTOR ( 'NONE', #9292, 39.37007874015748100 ) ;
#7111 = DIRECTION ( 'NONE',  ( 0.7071067811865486800, -0.7071067811865462400, 2.719453687096315600E-015 ) ) ;
#7112 = FACE_OUTER_BOUND ( 'NONE', #9370, .T. ) ;
#7113 = DIRECTION ( 'NONE',  ( 2.492171718503151100E-016, 0.0000000000000000000, 1.000000000000000000 ) ) ;
#7114 = ADVANCED_FACE ( 'NONE', ( #6654 ), #1702, .T. ) ;
#7115 = LINE ( 'NONE', #2727, #5677 ) ;
#7116 = VERTEX_POINT ( 'NONE', #2564 ) ;
#7117 = AXIS2_PLACEMENT_3D ( 'NONE', #336, #7880, #9410 ) ;
#7118 = VECTOR ( 'NONE', #7721, 39.37007874015748100 ) ;
#7119 = DIRECTION ( 'NONE',  ( 0.7071067811865526800, 0.7071067811865423500, -1.031743948579288700E-016 ) ) ;
#7120 = DIRECTION ( 'NONE',  ( 0.0000000000000000000, -1.000000000000000000, 0.0000000000000000000 ) ) ;
#7121 = ORIENTED_EDGE ( 'NONE', *, *, #5867, .F. ) ;
#7122 = CARTESIAN_POINT ( 'NONE',  ( -0.3250000000000000100, 0.6723036717348476200, 0.2593036717348475900 ) ) ;
#7123 = VECTOR ( 'NONE', #5065, 39.37007874015748100 ) ;
#7124 = LINE ( 'NONE', #5653, #5110 ) ;
#7125 = ORIENTED_EDGE ( 'NONE', *, *, #1616, .T. ) ;
#7126 = DIRECTION ( 'NONE',  ( 0.0000000000000000000, 0.0000000000000000000, -1.000000000000000000 ) ) ;
#7127 = ORIENTED_EDGE ( 'NONE', *, *, #3390, .F. ) ;
#7128 = EDGE_CURVE ( 'NONE', #3928, #1611, #2882, .T. ) ;
#7129 = CARTESIAN_POINT ( 'NONE',  ( -0.1142984638647554000, 0.6705511811023621100, 0.2536141732283462800 ) ) ;
#7130 = CIRCLE ( 'NONE', #3894, 0.01181102362204724000 ) ;
#7131 = DIRECTION ( 'NONE',  ( 0.0000000000000000000, -1.000000000000000000, 0.0000000000000000000 ) ) ;
#7132 = AXIS2_PLACEMENT_3D ( 'NONE', #5212, #1515, #2202 ) ;
#7133 = DIRECTION ( 'NONE',  ( 1.000000000000000000, -3.462928498309742800E-015, 0.0000000000000000000 ) ) ;
#7134 = ORIENTED_EDGE ( 'NONE', *, *, #6197, .T. ) ;
#7135 = CARTESIAN_POINT ( 'NONE',  ( 0.3250000000000015700, 0.03999999999999992500, -0.2537107877407313000 ) ) ;
#7136 = AXIS2_PLACEMENT_3D ( 'NONE', #767, #693, #5975 ) ;
#7137 = VECTOR ( 'NONE', #5249, 39.37007874015748900 ) ;
#7138 = EDGE_CURVE ( 'NONE', #7713, #520, #1227, .T. ) ;
#7139 = CARTESIAN_POINT ( 'NONE',  ( 0.1645137373393535400, 0.6705511811023621100, 0.09870736768358974500 ) ) ;
#7140 = VECTOR ( 'NONE', #9672, 39.37007874015748100 ) ;
#7141 = PLANE ( 'NONE',  #2051 ) ;
#7142 = CARTESIAN_POINT ( 'NONE',  ( 0.2755511811023643200, 0.01450000000000000100, 0.2575511811023650800 ) ) ;
#7143 = CLOSED_SHELL ( 'NONE', ( #1570, #6021, #3982, #1135 ) ) ;
#7144 = VECTOR ( 'NONE', #7305, 39.37007874015748100 ) ;
#7145 = ORIENTED_EDGE ( 'NONE', *, *, #1803, .T. ) ;
#7146 = DIRECTION ( 'NONE',  ( 1.000000000000000000, 3.462928498309742800E-015, 0.0000000000000000000 ) ) ;
#7147 = CARTESIAN_POINT ( 'NONE',  ( 0.1653149606299236500, 0.5358241725520462900, 0.2670000000000045700 ) ) ;
#7148 = DIRECTION ( 'NONE',  ( -1.000000000000000000, 0.0000000000000000000, 0.0000000000000000000 ) ) ;
#7149 = VERTEX_POINT ( 'NONE', #3298 ) ;
#7150 = VECTOR ( 'NONE', #4695, 39.37007874015748100 ) ;
#7151 = CARTESIAN_POINT ( 'NONE',  ( -0.07499999999999996900, -0.1250000000000000000, -0.2374999999999999900 ) ) ;
#7152 = EDGE_LOOP ( 'NONE', ( #4324, #6275, #2697, #9220 ) ) ;
#7153 =( CONVERSION_BASED_UNIT ( 'INCH', #1294 ) LENGTH_UNIT ( ) NAMED_UNIT ( #8040 ) );
#7154 = EDGE_CURVE ( 'NONE', #4156, #8629, #8099, .T. ) ;
#7155 = PRESENTATION_LAYER_ASSIGNMENT (  '', '', ( #7739 ) ) ;
#7156 = DIRECTION ( 'NONE',  ( -0.0000000000000000000, 0.0000000000000000000, 1.000000000000000000 ) ) ;
#7157 = ADVANCED_FACE ( 'NONE', ( #7625 ), #4005, .F. ) ;
#7158 = PLANE ( 'NONE',  #1325 ) ;
#7159 = DIRECTION ( 'NONE',  ( 0.0000000000000000000, -1.000000000000000000, 0.0000000000000000000 ) ) ;
#7160 = VERTEX_POINT ( 'NONE', #1835 ) ;
#7161 = VECTOR ( 'NONE', #7526, 39.37007874015748100 ) ;
#7162 = CARTESIAN_POINT ( 'NONE',  ( -0.3250000000000023400, 0.02999999999999994000, -0.1019999999999999900 ) ) ;
#7163 = ORIENTED_EDGE ( 'NONE', *, *, #8434, .F. ) ;
#7164 = VERTEX_POINT ( 'NONE', #490 ) ;
#7165 = EDGE_CURVE ( 'NONE', #5120, #4375, #4542, .T. ) ;
#7166 = DIRECTION ( 'NONE',  ( 0.7071067811865424700, 0.7071067811865526800, 1.618092828879562300E-014 ) ) ;
#7167 = DIRECTION ( 'NONE',  ( 2.492171718503151100E-016, 0.0000000000000000000, 1.000000000000000000 ) ) ;
#7168 = DIRECTION ( 'NONE',  ( 0.0000000000000000000, 0.0000000000000000000, 1.000000000000000000 ) ) ;
#7169 = ORIENTED_EDGE ( 'NONE', *, *, #4955, .F. ) ;
#7170 = LINE ( 'NONE', #3305, #3631 ) ;
#7171 = EDGE_LOOP ( 'NONE', ( #4974, #4804, #3243, #8927 ) ) ;
#7172 = EDGE_CURVE ( 'NONE', #118, #6985, #4306, .T. ) ;
#7173 = ORIENTED_EDGE ( 'NONE', *, *, #1770, .F. ) ;
#7174 = EDGE_CURVE ( 'NONE', #104, #6945, #8454, .T. ) ;
#7175 = ORIENTED_EDGE ( 'NONE', *, *, #9669, .T. ) ;
#7176 = VECTOR ( 'NONE', #924, 39.37007874015748100 ) ;
#7177 = CARTESIAN_POINT ( 'NONE',  ( 0.3250000000000015700, 0.03999999999999992500, -0.2537107877407313000 ) ) ;
#7178 = DIRECTION ( 'NONE',  ( 0.7071067811865448000, 0.7071067811865503500, 0.0000000000000000000 ) ) ;
#7179 = ORIENTED_EDGE ( 'NONE', *, *, #8094, .F. ) ;
#7180 = LINE ( 'NONE', #2678, #1621 ) ;
#7181 = CARTESIAN_POINT ( 'NONE',  ( -0.3250000000000029000, -0.1549999999999954700, -0.1420480947161671400 ) ) ;
#7182 = DIRECTION ( 'NONE',  ( 1.976217220296966900E-016, 1.000000000000000000, 3.462928498309718700E-015 ) ) ;
#7183 = VERTEX_POINT ( 'NONE', #1241 ) ;
#7184 = DIRECTION ( 'NONE',  ( 1.000000000000000000, 3.462928498309742400E-015, 0.0000000000000000000 ) ) ;
#7185 = LENGTH_MEASURE_WITH_UNIT ( LENGTH_MEASURE( 0.02539999999999999900 ), #703 );
#7186 = CARTESIAN_POINT ( 'NONE',  ( 0.3069533149417180100, 0.6666141732283454900, 0.2669999999999995200 ) ) ;
#7187 = CARTESIAN_POINT ( 'NONE',  ( 0.3069533149417182400, 0.6666141732283464800, 0.2536141732283463400 ) ) ;
#7188 = EDGE_CURVE ( 'NONE', #5424, #3971, #3006, .T. ) ;
#7189 = EDGE_LOOP ( 'NONE', ( #7169, #4026, #629, #4062 ) ) ;
#7190 = DIRECTION ( 'NONE',  ( -3.491481338843144800E-015, 3.491481338843132600E-015, 1.000000000000000000 ) ) ;
#7191 = LINE ( 'NONE', #6815, #4707 ) ;
#7192 = CARTESIAN_POINT ( 'NONE',  ( 0.3155511811023644600, 1.412582407725724400E-015, 0.09990778161457240800 ) ) ;
#7193 = DIRECTION ( 'NONE',  ( 1.000000000000000000, -0.0000000000000000000, 0.0000000000000000000 ) ) ;
#7194 = VERTEX_POINT ( 'NONE', #395 ) ;
#7195 = FACE_OUTER_BOUND ( 'NONE', #2136, .T. ) ;
#7196 = DIRECTION ( 'NONE',  ( 0.0000000000000000000, 0.0000000000000000000, 1.000000000000000000 ) ) ;
#7197 = CARTESIAN_POINT ( 'NONE',  ( 0.3136692388140288600, 0.6701268775732669400, 0.2489533149417188200 ) ) ;
#7198 = ORIENTED_EDGE ( 'NONE', *, *, #4877, .T. ) ;
#7199 = PLANE ( 'NONE',  #5215 ) ;
#7200 = LINE ( 'NONE', #6655, #2 ) ;
#7201 = DIRECTION ( 'NONE',  ( 0.0000000000000000000, 0.0000000000000000000, 1.000000000000000000 ) ) ;
#7202 = ORIENTED_EDGE ( 'NONE', *, *, #4133, .F. ) ;
#7203 = LINE ( 'NONE', #8526, #7085 ) ;
#7204 = DIRECTION ( 'NONE',  ( 0.0000000000000000000, 0.0000000000000000000, 1.000000000000000000 ) ) ;
#7205 = ADVANCED_FACE ( 'NONE', ( #2285 ), #8711, .T. ) ;
#7206 = CARTESIAN_POINT ( 'NONE',  ( -0.3250000000000000100, 0.6723036717348476200, -0.4053036717348476000 ) ) ;
#7207 = ORIENTED_EDGE ( 'NONE', *, *, #7737, .F. ) ;
#7208 = DIRECTION ( 'NONE',  ( -0.0000000000000000000, -1.000000000000000000, -0.0000000000000000000 ) ) ;
#7209 = CARTESIAN_POINT ( 'NONE',  ( -0.1686558729630844900, 0.6705511811023621100, 0.1426423474264984800 ) ) ;
#7210 = EDGE_CURVE ( 'NONE', #2684, #2468, #2643, .T. ) ;
#7211 = CARTESIAN_POINT ( 'NONE',  ( -0.1749999999999999900, -0.1250000000000000000, -0.2625000000000000100 ) ) ;
#7212 = CARTESIAN_POINT ( 'NONE',  ( -0.2749385210375706000, 0.6705511811023621100, -0.1833786526941293700 ) ) ;
#7213 = EDGE_CURVE ( 'NONE', #9282, #5939, #8813, .T. ) ;
#7214 = AXIS2_PLACEMENT_3D ( 'NONE', #4337, #9661, #4466 ) ;
#7215 = EDGE_LOOP ( 'NONE', ( #2607, #9709, #8061, #7484, #5605, #5196 ) ) ;
#7216 = VECTOR ( 'NONE', #3570, 39.37007874015748100 ) ;
#7217 = VERTEX_POINT ( 'NONE', #1905 ) ;
#7218 = CARTESIAN_POINT ( 'NONE',  ( -0.1850000000000007200, 0.5358241725520464000, 0.2575511811023654100 ) ) ;
#7219 = ADVANCED_FACE ( 'NONE', ( #5020 ), #6411, .F. ) ;
#7220 = ORIENTED_EDGE ( 'NONE', *, *, #5219, .T. ) ;
#7221 = CARTESIAN_POINT ( 'NONE',  ( 0.3116141732283466700, 0.6799999999999999400, 0.004393306531884155200 ) ) ;
#7222 = LINE ( 'NONE', #3532, #7216 ) ;
#7223 = FACE_OUTER_BOUND ( 'NONE', #2073, .T. ) ;
#7224 = EDGE_CURVE ( 'NONE', #1721, #5424, #6770, .T. ) ;
#7225 = DIRECTION ( 'NONE',  ( 0.0000000000000000000, 0.0000000000000000000, 1.000000000000000000 ) ) ;
#7226 = LINE ( 'NONE', #1369, #5213 ) ;
#7227 = DIRECTION ( 'NONE',  ( 0.0000000000000000000, 0.0000000000000000000, -1.000000000000000000 ) ) ;
#7228 = ORIENTED_EDGE ( 'NONE', *, *, #7921, .F. ) ;
#7229 = CARTESIAN_POINT ( 'NONE',  ( -0.3116141732283463900, 0.6705511811023621100, 0.1077457736259981300 ) ) ;
#7230 = ORIENTED_EDGE ( 'NONE', *, *, #9620, .T. ) ;
#7231 = AXIS2_PLACEMENT_3D ( 'NONE', #2465, #6302, #6261 ) ;
#7232 = LINE ( 'NONE', #2063, #2978 ) ;
#7233 = DIRECTION ( 'NONE',  ( 0.0000000000000000000, 0.0000000000000000000, 1.000000000000000000 ) ) ;
#7234 = CARTESIAN_POINT ( 'NONE',  ( 0.3155511811023630800, 0.6666141732283464800, 0.2489533149417188500 ) ) ;
#7235 = CARTESIAN_POINT ( 'NONE',  ( 0.1490000000000000800, -0.1674264068711929000, 0.1770000000000000200 ) ) ;
#7236 = ADVANCED_FACE ( 'NONE', ( #3846 ), #7158, .F. ) ;
#7237 = VECTOR ( 'NONE', #4573, 39.37007874015748100 ) ;
#7238 = EDGE_CURVE ( 'NONE', #1729, #6882, #4768, .T. ) ;
#7239 = EDGE_LOOP ( 'NONE', ( #6204, #4435, #2774, #3079 ) ) ;
#7240 = LINE ( 'NONE', #6854, #4300 ) ;
#7241 = LINE ( 'NONE', #7474, #5229 ) ;
#7242 = VECTOR ( 'NONE', #4921, 39.37007874015748100 ) ;
#7243 = CARTESIAN_POINT ( 'NONE',  ( 0.3116141732283466700, 0.6666141732283464800, -0.5562695347634609700 ) ) ;
#7244 = ORIENTED_EDGE ( 'NONE', *, *, #8371, .T. ) ;
#7245 = SURFACE_SIDE_STYLE ('',( #3455 ) ) ;
#7246 = CARTESIAN_POINT ( 'NONE',  ( 0.2490000000000001400, -0.1250000000000000000, 0.1620000000000000900 ) ) ;
#7247 =( LENGTH_UNIT ( ) NAMED_UNIT ( * ) SI_UNIT ( $, .METRE. ) );
#7248 = CARTESIAN_POINT ( 'NONE',  ( 0.1490000000000000800, 0.01450000000000000100, 0.1620000000000000100 ) ) ;
#7249 = ORIENTED_EDGE ( 'NONE', *, *, #2344, .F. ) ;
#7250 = LINE ( 'NONE', #6951, #4067 ) ;
#7251 = DIRECTION ( 'NONE',  ( 0.7838641437523689000, 0.0000000000000000000, -0.6209323667996099500 ) ) ;
#7252 = ORIENTED_EDGE ( 'NONE', *, *, #3954, .T. ) ;
#7253 = EDGE_CURVE ( 'NONE', #923, #1924, #8219, .T. ) ;
#7254 = CARTESIAN_POINT ( 'NONE',  ( 0.3069533149417186200, 0.6705511811023621100, 0.2536141732283462300 ) ) ;
#7255 = DIRECTION ( 'NONE',  ( 0.0000000000000000000, 0.0000000000000000000, -1.000000000000000000 ) ) ;
#7256 =( BOUNDED_CURVE ( )  B_SPLINE_CURVE ( 3, ( #8659, #8624, #7209, #4218 ),
 .UNSPECIFIED., .F., .F. ) 
 B_SPLINE_CURVE_WITH_KNOTS ( ( 4, 4 ),
 ( 0.0000000000000000000, 1.570796326794896600 ),
 .UNSPECIFIED. ) 
 CURVE ( )  GEOMETRIC_REPRESENTATION_ITEM ( )  RATIONAL_B_SPLINE_CURVE ( ( 1.000000000000000000, 0.8047378541243649400, 0.8047378541243649400, 1.000000000000000000 ) ) 
 REPRESENTATION_ITEM ( '' )  );
#7257 = ORIENTED_EDGE ( 'NONE', *, *, #5622, .T. ) ;
#7258 = ADVANCED_FACE ( 'NONE', ( #2525 ), #4920, .F. ) ;
#7259 = DIRECTION ( 'NONE',  ( 2.492171718503151100E-016, 0.0000000000000000000, 1.000000000000000000 ) ) ;
#7260 = VECTOR ( 'NONE', #6077, 39.37007874015748100 ) ;
#7261 = DIRECTION ( 'NONE',  ( -1.000000000000000000, 0.0000000000000000000, 0.0000000000000000000 ) ) ;
#7262 = VERTEX_POINT ( 'NONE', #5727 ) ;
#7263 = DIRECTION ( 'NONE',  ( 0.0000000000000000000, 0.0000000000000000000, 1.000000000000000000 ) ) ;
#7264 = EDGE_CURVE ( 'NONE', #5052, #4083, #9408, .T. ) ;
#7265 = CARTESIAN_POINT ( 'NONE',  ( 0.1295137373393535100, 0.2705511811023621500, 0.1704271400810135600 ) ) ;
#7266 = CARTESIAN_POINT ( 'NONE',  ( -0.08354462770099661800, 0.2705511811023621500, 0.1704271400810135900 ) ) ;
#7267 = FACE_OUTER_BOUND ( 'NONE', #1479, .T. ) ;
#7268 = VERTEX_POINT ( 'NONE', #8800 ) ;
#7269 = FILL_AREA_STYLE ('',( #5863 ) ) ;
#7270 = VECTOR ( 'NONE', #7750, 39.37007874015748100 ) ;
#7271 = ADVANCED_FACE ( 'NONE', ( #1809 ), #758, .T. ) ;
#7272 = PLANE ( 'NONE',  #9458 ) ;
#7273 = VERTEX_POINT ( 'NONE', #8066 ) ;
#7274 = EDGE_CURVE ( 'NONE', #2542, #7962, #6550, .T. ) ;
#7275 = ORIENTED_EDGE ( 'NONE', *, *, #672, .T. ) ;
#7276 = FACE_OUTER_BOUND ( 'NONE', #3128, .T. ) ;
#7277 = ORIENTED_EDGE ( 'NONE', *, *, #1848, .T. ) ;
#7278 = CARTESIAN_POINT ( 'NONE',  ( -0.1295137373393534800, 0.2705511811023621500, 0.1704271400810135900 ) ) ;
#7279 = DIRECTION ( 'NONE',  ( 0.0000000000000000000, 0.0000000000000000000, -1.000000000000000000 ) ) ;
#7280 = DIRECTION ( 'NONE',  ( -0.0000000000000000000, 0.0000000000000000000, 1.000000000000000000 ) ) ;
#7281 = ORIENTED_EDGE ( 'NONE', *, *, #771, .T. ) ;
#7282 = DIRECTION ( 'NONE',  ( -0.0000000000000000000, 0.0000000000000000000, 1.000000000000000000 ) ) ;
#7283 = VERTEX_POINT ( 'NONE', #8887 ) ;
#7284 = DIRECTION ( 'NONE',  ( -0.0000000000000000000, 3.661961499347899700E-015, 1.000000000000000000 ) ) ;
#7285 = CIRCLE ( 'NONE', #7071, 0.01338582677165354500 ) ;
#7286 = ORIENTED_EDGE ( 'NONE', *, *, #9164, .T. ) ;
#7287 = CARTESIAN_POINT ( 'NONE',  ( 0.1605905511811047400, 0.5358241725520462900, -0.4130000000000045900 ) ) ;
#7288 = EDGE_CURVE ( 'NONE', #4511, #2618, #519, .T. ) ;
#7289 = AXIS2_PLACEMENT_3D ( 'NONE', #4535, #1591, #7648 ) ;
#7290 = ORIENTED_EDGE ( 'NONE', *, *, #6109, .T. ) ;
#7291 = CARTESIAN_POINT ( 'NONE',  ( 0.3069533149417183500, 0.6736013962196661900, 0.2655573680010761600 ) ) ;
#7292 = CARTESIAN_POINT ( 'NONE',  ( -0.2249999999999999800, -0.1250000000000000000, 0.04849584923580589600 ) ) ;
#7293 = CARTESIAN_POINT ( 'NONE',  ( -0.07499999999999996900, 0.01450000000000000100, -0.2374999999999999900 ) ) ;
#7294 = ORIENTED_EDGE ( 'NONE', *, *, #9090, .T. ) ;
#7295 = VERTEX_POINT ( 'NONE', #4348 ) ;
#7296 = VECTOR ( 'NONE', #3114, 39.37007874015748100 ) ;
#7297 = EDGE_CURVE ( 'NONE', #2124, #2159, #9150, .T. ) ;
#7298 = CARTESIAN_POINT ( 'NONE',  ( 0.3055511811023641800, 0.6605511811023620000, -0.4035511811023634300 ) ) ;
#7299 = EDGE_LOOP ( 'NONE', ( #4726, #3732, #8412, #689 ) ) ;
#7300 = DIRECTION ( 'NONE',  ( -1.000000000000000000, 0.0000000000000000000, -3.661961499347914700E-015 ) ) ;
#7301 = CARTESIAN_POINT ( 'NONE',  ( -0.1671644312585831600, 0.6666141732283462600, 0.2073173628908212800 ) ) ;
#7302 = LINE ( 'NONE', #8500, #6355 ) ;
#7303 = DIRECTION ( 'NONE',  ( 0.0000000000000000000, -0.0000000000000000000, 1.000000000000000000 ) ) ;
#7304 = AXIS2_PLACEMENT_3D ( 'NONE', #5510, #7811, #4043 ) ;
#7305 = DIRECTION ( 'NONE',  ( -0.0000000000000000000, 1.000000000000000000, -2.134256245050199100E-015 ) ) ;
#7306 = VERTEX_POINT ( 'NONE', #3595 ) ;
#7307 = SURFACE_STYLE_FILL_AREA ( #5805 ) ;
#7308 = CARTESIAN_POINT ( 'NONE',  ( 0.2669099894223583300, 0.6799999999999999400, 0.2073173628908212800 ) ) ;
#7309 = ORIENTED_EDGE ( 'NONE', *, *, #4617, .T. ) ;
#7310 = CIRCLE ( 'NONE', #6863, 0.01338582677165354500 ) ;
#7311 = FILL_AREA_STYLE_COLOUR ( '', #3102 ) ;
#7312 = EDGE_CURVE ( 'NONE', #6172, #2003, #3242, .T. ) ;
#7313 = DIRECTION ( 'NONE',  ( 4.960794269481283100E-017, 0.0000000000000000000, -1.000000000000000000 ) ) ;
#7314 = DIRECTION ( 'NONE',  ( -3.462928498309742800E-015, -1.000000000000000000, 3.201384367575298700E-015 ) ) ;
#7315 = ORIENTED_EDGE ( 'NONE', *, *, #1862, .T. ) ;
#7316 = LINE ( 'NONE', #6059, #8972 ) ;
#7317 = AXIS2_PLACEMENT_3D ( 'NONE', #3656, #1139, #6468 ) ;
#7318 = CARTESIAN_POINT ( 'NONE',  ( -0.1645137373393535100, 0.6205511811023621800, 0.2073173628908212800 ) ) ;
#7319 = VERTEX_POINT ( 'NONE', #5047 ) ;
#7320 = CARTESIAN_POINT ( 'NONE',  ( 0.2490000000000001400, -0.1250000000000000000, 0.1770000000000000700 ) ) ;
#7321 = VECTOR ( 'NONE', #5594, 39.37007874015748100 ) ;
#7322 =( LENGTH_UNIT ( ) NAMED_UNIT ( * ) SI_UNIT ( $, .METRE. ) );
#7323 = VERTEX_POINT ( 'NONE', #4321 ) ;
#7324 = CARTESIAN_POINT ( 'NONE',  ( 0.1142984638647554000, 0.6666141732283464800, 0.2536141732283463400 ) ) ;
#7325 = VECTOR ( 'NONE', #1602, 39.37007874015748100 ) ;
#7326 = EDGE_CURVE ( 'NONE', #4375, #2862, #4192, .T. ) ;
#7327 = CARTESIAN_POINT ( 'NONE',  ( -0.1671644312585831600, 0.6799999999999999400, 0.2073173628908212800 ) ) ;
#7328 = ORIENTED_EDGE ( 'NONE', *, *, #3828, .T. ) ;
#7329 = CARTESIAN_POINT ( 'NONE',  ( -0.3173036717348476900, 0.6800000000000001600, -0.4053036717348476000 ) ) ;
#7330 = EDGE_LOOP ( 'NONE', ( #4056, #5602, #6677, #5756 ) ) ;
#7331 = LINE ( 'NONE', #7519, #823 ) ;
#7332 = DIRECTION ( 'NONE',  ( -2.492171718503151100E-016, 0.0000000000000000000, -1.000000000000000000 ) ) ;
#7333 = ORIENTED_EDGE ( 'NONE', *, *, #9333, .T. ) ;
#7334 = ORIENTED_EDGE ( 'NONE', *, *, #6556, .F. ) ;
#7335 = LINE ( 'NONE', #1945, #1660 ) ;
#7336 = EDGE_LOOP ( 'NONE', ( #8357, #2555, #801, #494 ) ) ;
#7337 = EDGE_LOOP ( 'NONE', ( #3563, #4625, #2268, #7373 ) ) ;
#7338 = DIRECTION ( 'NONE',  ( 1.000000000000000000, 0.0000000000000000000, 0.0000000000000000000 ) ) ;
#7339 = DIRECTION ( 'NONE',  ( -0.0000000000000000000, -0.0000000000000000000, 1.000000000000000000 ) ) ;
#7340 = EDGE_LOOP ( 'NONE', ( #5205, #4767, #3096, #5595 ) ) ;
#7341 = CARTESIAN_POINT ( 'NONE',  ( 0.3069533149417184000, 0.6701268775732670500, 0.2556692388140284800 ) ) ;
#7342 = ORIENTED_EDGE ( 'NONE', *, *, #8651, .F. ) ;
#7343 = DIRECTION ( 'NONE',  ( 1.033065433525962600E-016, 0.0000000000000000000, 1.000000000000000000 ) ) ;
#7344 = EDGE_CURVE ( 'NONE', #2188, #6131, #3359, .T. ) ;
#7345 = VECTOR ( 'NONE', #8410, 39.37007874015748100 ) ;
#7346 = VECTOR ( 'NONE', #1498, 39.37007874015748100 ) ;
#7347 = AXIS2_PLACEMENT_3D ( 'NONE', #5522, #283, #3319 ) ;
#7348 = DIRECTION ( 'NONE',  ( 0.0000000000000000000, 0.0000000000000000000, -1.000000000000000000 ) ) ;
#7349 = VERTEX_POINT ( 'NONE', #2163 ) ;
#7350 = CARTESIAN_POINT ( 'NONE',  ( -0.2669099894223583300, 0.6705511811023621100, 0.2073173628908212800 ) ) ;
#7351 = LINE ( 'NONE', #7626, #3825 ) ;
#7352 = CARTESIAN_POINT ( 'NONE',  ( 0.2399385210375705500, 0.2705511811023621500, -0.1833786526941294200 ) ) ;
#7353 = ORIENTED_EDGE ( 'NONE', *, *, #9562, .T. ) ;
#7354 = EDGE_CURVE ( 'NONE', #2313, #5224, #4651, .T. ) ;
#7355 = VECTOR ( 'NONE', #9627, 39.37007874015748900 ) ;
#7356 = VECTOR ( 'NONE', #7903, 39.37007874015748900 ) ;
#7357 = DIRECTION ( 'NONE',  ( 0.0000000000000000000, 1.000000000000000000, 3.441422560204223200E-015 ) ) ;
#7358 = EDGE_LOOP ( 'NONE', ( #9327, #7753, #1159, #6979 ) ) ;
#7359 = ORIENTED_EDGE ( 'NONE', *, *, #9698, .F. ) ;
#7360 = AXIS2_PLACEMENT_3D ( 'NONE', #450, #6400, #7148 ) ;
#7361 = CARTESIAN_POINT ( 'NONE',  ( 0.1750000000000000400, -0.1674264068711929000, -0.3500000000000000900 ) ) ;
#7362 = ORIENTED_EDGE ( 'NONE', *, *, #5949, .T. ) ;
#7363 = FACE_OUTER_BOUND ( 'NONE', #6915, .T. ) ;
#7364 = DIRECTION ( 'NONE',  ( 0.7071067811865486800, -0.7071067811865462400, 2.589397808632953600E-015 ) ) ;
#7365 = DIRECTION ( 'NONE',  ( 0.0000000000000000000, 0.0000000000000000000, 1.000000000000000000 ) ) ;
#7366 = VECTOR ( 'NONE', #5362, 39.37007874015748100 ) ;
#7367 = EDGE_LOOP ( 'NONE', ( #2330, #2043, #1897, #4253 ) ) ;
#7368 = CARTESIAN_POINT ( 'NONE',  ( 0.3055511811023641800, 1.403100757040926000, -0.4035511811023634300 ) ) ;
#7369 = ORIENTED_EDGE ( 'NONE', *, *, #1459, .F. ) ;
#7370 = ADVANCED_FACE ( 'NONE', ( #1341 ), #9531, .T. ) ;
#7371 = CARTESIAN_POINT ( 'NONE',  ( 0.3250000000000015700, 0.05599999999999997300, -0.1940000000000000300 ) ) ;
#7372 = EDGE_CURVE ( 'NONE', #799, #6582, #8582, .T. ) ;
#7373 = ORIENTED_EDGE ( 'NONE', *, *, #655, .T. ) ;
#7374 = VECTOR ( 'NONE', #5019, 39.37007874015748900 ) ;
#7375 = CARTESIAN_POINT ( 'NONE',  ( 0.1663219985720927300, 0.6723594423351012500, 0.1355156289163289800 ) ) ;
#7376 = VERTEX_POINT ( 'NONE', #1304 ) ;
#7377 = DIRECTION ( 'NONE',  ( 1.000000000000000000, 0.0000000000000000000, 3.469446951953611400E-015 ) ) ;
#7378 = CARTESIAN_POINT ( 'NONE',  ( 0.3173036717348476900, 0.6723036717348459500, 0.2669999999999990700 ) ) ;
#7379 = CARTESIAN_POINT ( 'NONE',  ( -0.3113051303775470300, 0.6621293029295949300, 0.2575511811023631400 ) ) ;
#7380 = DIRECTION ( 'NONE',  ( 1.000000000000000000, 3.462928498309742400E-015, 0.0000000000000000000 ) ) ;
#7381 = CARTESIAN_POINT ( 'NONE',  ( -0.3069533149417182900, 0.6799999999999998300, -0.3996141732283464100 ) ) ;
#7382 = VECTOR ( 'NONE', #1818, 39.37007874015748100 ) ;
#7383 = ORIENTED_EDGE ( 'NONE', *, *, #3558, .T. ) ;
#7384 = EDGE_CURVE ( 'NONE', #9619, #7183, #4703, .T. ) ;
#7385 = PLANE ( 'NONE',  #4861 ) ;
#7386 = CYLINDRICAL_SURFACE ( 'NONE', #8114, 0.01500000000000001200 ) ;
#7387 = CARTESIAN_POINT ( 'NONE',  ( 0.2569099894223583800, 0.6705511811023621100, 0.1973173628908212700 ) ) ;
#7388 = ORIENTED_EDGE ( 'NONE', *, *, #950, .F. ) ;
#7389 = CARTESIAN_POINT ( 'NONE',  ( -0.2669099894223583300, 0.6799999999999999400, 0.2073173628908212800 ) ) ;
#7390 = CARTESIAN_POINT ( 'NONE',  ( -0.3116141732283463900, 0.6799999999999999400, -0.3949533149417182600 ) ) ;
#7391 = CIRCLE ( 'NONE', #1950, 0.01181102362204724000 ) ;
#7392 = DIRECTION ( 'NONE',  ( 0.0000000000000000000, 1.000000000000000000, -0.0000000000000000000 ) ) ;
#7393 = ORIENTED_EDGE ( 'NONE', *, *, #2771, .T. ) ;
#7394 = STYLED_ITEM ( 'NONE', ( #8254 ), #5183 ) ;
#7395 = LINE ( 'NONE', #1481, #2663 ) ;
#7396 = EDGE_LOOP ( 'NONE', ( #6924, #8255, #5959, #5022, #3577, #5967, #6911, #3935, #1214, #6932, #411, #4116, #129, #462 ) ) ;
#7397 = DIRECTION ( 'NONE',  ( 0.0000000000000000000, 1.000000000000000000, 0.0000000000000000000 ) ) ;
#7398 = CARTESIAN_POINT ( 'NONE',  ( -0.1249999999999999600, -0.1674264068711929000, -0.3375000000000000800 ) ) ;
#7399 = DIRECTION ( 'NONE',  ( 3.518350040768382100E-015, 0.9659258262890679800, 0.2588190451025214100 ) ) ;
#7400 = PLANE ( 'NONE',  #7763 ) ;
#7401 = ORIENTED_EDGE ( 'NONE', *, *, #6872, .T. ) ;
#7402 = LINE ( 'NONE', #1867, #5385 ) ;
#7403 = ORIENTED_EDGE ( 'NONE', *, *, #7532, .F. ) ;
#7404 = CARTESIAN_POINT ( 'NONE',  ( 0.2490000000000001400, 0.01450000000000000100, 0.1620000000000000900 ) ) ;
#7405 = EDGE_CURVE ( 'NONE', #100, #1118, #169, .T. ) ;
#7406 = ORIENTED_EDGE ( 'NONE', *, *, #1045, .T. ) ;
#7407 = EDGE_CURVE ( 'NONE', #7217, #9610, #3589, .T. ) ;
#7408 = DIRECTION ( 'NONE',  ( -6.829619984160661400E-015, 1.000000000000000000, 0.0000000000000000000 ) ) ;
#7409 = CARTESIAN_POINT ( 'NONE',  ( 0.2755511811023643200, 0.01450000000000000100, -0.3067141884898558200 ) ) ;
#7410 = CLOSED_SHELL ( 'NONE', ( #4468, #6102, #6937, #1655 ) ) ;
#7411 = VECTOR ( 'NONE', #7300, 39.37007874015748100 ) ;
#7412 = CARTESIAN_POINT ( 'NONE',  ( -0.3155511811023642400, 0.6605511811023620000, 0.2475511811023649300 ) ) ;
#7413 = CARTESIAN_POINT ( 'NONE',  ( -0.2669099894223583300, 0.6205511811023621800, 0.2073173628908212800 ) ) ;
#7414 = ORIENTED_EDGE ( 'NONE', *, *, #3542, .F. ) ;
#7415 = EDGE_CURVE ( 'NONE', #8404, #6162, #5239, .T. ) ;
#7416 = DIRECTION ( 'NONE',  ( 0.5642220635390411400, 0.0000000000000000000, -0.8256230756318201400 ) ) ;
#7417 = ORIENTED_EDGE ( 'NONE', *, *, #8226, .T. ) ;
#7418 = AXIS2_PLACEMENT_3D ( 'NONE', #8530, #6921, #8566 ) ;
#7419 = VECTOR ( 'NONE', #1046, 39.37007874015748100 ) ;
#7420 = PRESENTATION_LAYER_ASSIGNMENT (  '', '', ( #8452 ) ) ;
#7421 = CARTESIAN_POINT ( 'NONE',  ( -0.3155511811023643000, 0.05599999999999997300, 0.07990778161457226500 ) ) ;
#7422 = CARTESIAN_POINT ( 'NONE',  ( 0.07500000000000005300, -0.1250000000000000000, -0.3500000000000000900 ) ) ;
#7423 = EDGE_LOOP ( 'NONE', ( #6680, #388, #957, #7043 ) ) ;
#7424 = CARTESIAN_POINT ( 'NONE',  ( 0.1750000000000000400, -0.1674264068711929000, -0.3500000000000000900 ) ) ;
#7425 = LINE ( 'NONE', #2265, #6823 ) ;
#7426 = CARTESIAN_POINT ( 'NONE',  ( 0.3250000000000029500, -0.1549999999999977200, -0.1420480947161671400 ) ) ;
#7427 = EDGE_CURVE ( 'NONE', #8974, #2313, #3471, .T. ) ;
#7428 = ORIENTED_EDGE ( 'NONE', *, *, #30, .T. ) ;
#7429 = FACE_OUTER_BOUND ( 'NONE', #2421, .T. ) ;
#7430 = CARTESIAN_POINT ( 'NONE',  ( -0.08354462770099661800, 0.2705511811023621500, 0.2575511811023651900 ) ) ;
#7431 = CARTESIAN_POINT ( 'NONE',  ( -0.3069533149417182900, 0.6705511811023621100, -0.3996141732283464100 ) ) ;
#7432 = CARTESIAN_POINT ( 'NONE',  ( -0.2733513886040114200, 0.6666141732283462600, 0.1452368461752705000 ) ) ;
#7433 = ORIENTED_EDGE ( 'NONE', *, *, #1975, .T. ) ;
#7434 = CARTESIAN_POINT ( 'NONE',  ( -0.2249999999999999800, -0.1250000000000000000, 0.0000000000000000000 ) ) ;
#7435 = MECHANICAL_DESIGN_GEOMETRIC_PRESENTATION_REPRESENTATION (  '', ( #848 ), #5401 ) ;
#7436 = LINE ( 'NONE', #3870, #6602 ) ;
#7437 = ORIENTED_EDGE ( 'NONE', *, *, #7407, .T. ) ;
#7438 = FACE_OUTER_BOUND ( 'NONE', #8082, .T. ) ;
#7439 = CARTESIAN_POINT ( 'NONE',  ( -0.1295137373393534800, 0.2705511811023621500, 0.1704271400810135900 ) ) ;
#7440 = EDGE_CURVE ( 'NONE', #6498, #9635, #5463, .T. ) ;
#7441 = ORIENTED_EDGE ( 'NONE', *, *, #812, .F. ) ;
#7442 = CARTESIAN_POINT ( 'NONE',  ( 0.1754120862760199500, 0.1754120862760194500, -0.4035511811023655400 ) ) ;
#7443 = ADVANCED_FACE ( 'NONE', ( #1220 ), #2256, .T. ) ;
#7444 = CARTESIAN_POINT ( 'NONE',  ( 1.368103425818876200E-016, 0.6705511811023621100, 0.004393306531884139600 ) ) ;
#7445 = EDGE_LOOP ( 'NONE', ( #1052, #1422, #834, #871 ) ) ;
#7446 = VERTEX_POINT ( 'NONE', #4379 ) ;
#7447 = AXIS2_PLACEMENT_3D ( 'NONE', #3797, #9794, #4541 ) ;
#7448 = VECTOR ( 'NONE', #222, 39.37007874015748100 ) ;
#7449 = ORIENTED_EDGE ( 'NONE', *, *, #3169, .T. ) ;
#7450 = CARTESIAN_POINT ( 'NONE',  ( 0.1645137373393535100, 0.6664090454786311100, 0.1385002118027675600 ) ) ;
#7451 = AXIS2_PLACEMENT_3D ( 'NONE', #2602, #4821, #3342 ) ;
#7452 = ORIENTED_EDGE ( 'NONE', *, *, #4877, .F. ) ;
#7453 = FACE_OUTER_BOUND ( 'NONE', #9065, .T. ) ;
#7454 = EDGE_CURVE ( 'NONE', #1136, #6000, #1461, .T. ) ;
#7455 = ORIENTED_EDGE ( 'NONE', *, *, #2771, .F. ) ;
#7456 = CARTESIAN_POINT ( 'NONE',  ( 0.3250000000000002300, 0.6723036717348476200, 0.2593036717348482000 ) ) ;
#7457 = VERTEX_POINT ( 'NONE', #2225 ) ;
#7458 = ORIENTED_EDGE ( 'NONE', *, *, #6746, .T. ) ;
#7459 = VECTOR ( 'NONE', #6346, 39.37007874015748100 ) ;
#7460 = VECTOR ( 'NONE', #4789, 39.37007874015748100 ) ;
#7461 = DIRECTION ( 'NONE',  ( 1.000000000000000000, -0.0000000000000000000, -0.0000000000000000000 ) ) ;
#7462 = SURFACE_STYLE_FILL_AREA ( #354 ) ;
#7463 = DIRECTION ( 'NONE',  ( 0.0000000000000000000, 0.0000000000000000000, -1.000000000000000000 ) ) ;
#7464 = ORIENTED_EDGE ( 'NONE', *, *, #5564, .F. ) ;
#7465 = VECTOR ( 'NONE', #3217, 39.37007874015748100 ) ;
#7466 = ADVANCED_FACE ( 'NONE', ( #1800 ), #1537, .T. ) ;
#7467 = DIRECTION ( 'NONE',  ( -0.0000000000000000000, 1.000000000000000000, -0.0000000000000000000 ) ) ;
#7468 = ORIENTED_EDGE ( 'NONE', *, *, #3819, .T. ) ;
#7469 = ORIENTED_EDGE ( 'NONE', *, *, #7384, .T. ) ;
#7470 = LINE ( 'NONE', #5910, #3338 ) ;
#7471 = LINE ( 'NONE', #3683, #5454 ) ;
#7472 = DIRECTION ( 'NONE',  ( 0.0000000000000000000, -1.000000000000000000, 0.0000000000000000000 ) ) ;
#7473 = VECTOR ( 'NONE', #9572, 39.37007874015748100 ) ;
#7474 = CARTESIAN_POINT ( 'NONE',  ( -0.3250000000000000700, 0.6666141732283462600, 0.004393306531884155200 ) ) ;
#7475 = CARTESIAN_POINT ( 'NONE',  ( 0.2733513886040114200, 0.6705511811023621100, -0.2064179702976515800 ) ) ;
#7476 = VERTEX_POINT ( 'NONE', #5301 ) ;
#7477 = EDGE_CURVE ( 'NONE', #9621, #8615, #8574, .T. ) ;
#7478 = LINE ( 'NONE', #7836, #9395 ) ;
#7479 = AXIS2_PLACEMENT_3D ( 'NONE', #6241, #207, #4753 ) ;
#7480 = LINE ( 'NONE', #3416, #5003 ) ;
#7481 = FACE_OUTER_BOUND ( 'NONE', #6480, .T. ) ;
#7482 = PLANE ( 'NONE',  #3768 ) ;
#7483 = FILL_AREA_STYLE_COLOUR ( '', #8037 ) ;
#7484 = ORIENTED_EDGE ( 'NONE', *, *, #4713, .T. ) ;
#7485 = EDGE_CURVE ( 'NONE', #584, #6772, #2165, .T. ) ;
#7486 = CARTESIAN_POINT ( 'NONE',  ( -0.2561045361904967200, 0.2705511811023621500, -0.09287881401875214300 ) ) ;
#7487 = VECTOR ( 'NONE', #6045, 39.37007874015748100 ) ;
#7488 = DIRECTION ( 'NONE',  ( -0.7071067811865502400, 0.7071067811865446900, 0.0000000000000000000 ) ) ;
#7489 = SURFACE_STYLE_FILL_AREA ( #6158 ) ;
#7490 = ORIENTED_EDGE ( 'NONE', *, *, #2412, .T. ) ;
#7491 = AXIS2_PLACEMENT_3D ( 'NONE', #5560, #4814, #3399 ) ;
#7492 = ADVANCED_FACE ( 'NONE', ( #9028 ), #7592, .T. ) ;
#7493 = CARTESIAN_POINT ( 'NONE',  ( 0.1295137373393535100, 0.2705511811023621500, 0.1704271400810135600 ) ) ;
#7494 = EDGE_CURVE ( 'NONE', #3212, #4007, #1575, .T. ) ;
#7495 = DIRECTION ( 'NONE',  ( -1.459106284977188500E-016, 0.0000000000000000000, -1.000000000000000000 ) ) ;
#7496 = CARTESIAN_POINT ( 'NONE',  ( -0.2399385210375706000, 0.2705511811023621500, 0.009827287307507483500 ) ) ;
#7497 = DIRECTION ( 'NONE',  ( -0.7071067811865413600, -0.7071067811865536800, -1.407375847139752400E-016 ) ) ;
#7498 = ORIENTED_EDGE ( 'NONE', *, *, #7099, .F. ) ;
#7499 = LINE ( 'NONE', #2340, #9417 ) ;
#7500 = VERTEX_POINT ( 'NONE', #9831 ) ;
#7501 = EDGE_CURVE ( 'NONE', #2871, #2143, #5490, .T. ) ;
#7502 = FACE_OUTER_BOUND ( 'NONE', #4655, .T. ) ;
#7503 = ORIENTED_EDGE ( 'NONE', *, *, #8056, .T. ) ;
#7504 = CARTESIAN_POINT ( 'NONE',  ( -0.3116141732283464500, 0.6619533149417188300, -0.4035511811023631500 ) ) ;
#7505 = CARTESIAN_POINT ( 'NONE',  ( -0.1645137373393535100, 0.6705511811023621100, 0.1385002118027675600 ) ) ;
#7506 = LINE ( 'NONE', #7142, #8347 ) ;
#7507 = CARTESIAN_POINT ( 'NONE',  ( 0.2733513886040114200, 0.6666141732283462600, 0.1077457736259981600 ) ) ;
#7508 = EDGE_LOOP ( 'NONE', ( #9699, #8867, #8387, #6533 ) ) ;
#7509 = PRODUCT_DEFINITION_FORMATION_WITH_SPECIFIED_SOURCE ( 'ANY', '', #1791, .NOT_KNOWN. ) ;
#7510 = CARTESIAN_POINT ( 'NONE',  ( 0.3105511811023642400, 0.6655511811023621100, 0.2475511811023649600 ) ) ;
#7511 = EDGE_CURVE ( 'NONE', #8519, #1027, #6543, .T. ) ;
#7512 = ORIENTED_EDGE ( 'NONE', *, *, #9090, .F. ) ;
#7513 = DIRECTION ( 'NONE',  ( 6.829619984160661400E-015, 1.000000000000000000, 0.0000000000000000000 ) ) ;
#7514 = LINE ( 'NONE', #5017, #1827 ) ;
#7515 = ORIENTED_EDGE ( 'NONE', *, *, #4459, .F. ) ;
#7516 = PLANE ( 'NONE',  #7550 ) ;
#7517 = ADVANCED_FACE ( 'NONE', ( #8091 ), #6775, .F. ) ;
#7518 = ORIENTED_EDGE ( 'NONE', *, *, #5237, .T. ) ;
#7519 = CARTESIAN_POINT ( 'NONE',  ( -0.3250000000000000700, 0.6799999999999999400, 0.1077457736259981600 ) ) ;
#7520 = VERTEX_POINT ( 'NONE', #2290 ) ;
#7521 = VECTOR ( 'NONE', #4032, 39.37007874015748100 ) ;
#7522 = CARTESIAN_POINT ( 'NONE',  ( -0.1249999999999999600, -0.1250000000000000000, -0.3500000000000000900 ) ) ;
#7523 = ORIENTED_EDGE ( 'NONE', *, *, #6256, .F. ) ;
#7524 = CARTESIAN_POINT ( 'NONE',  ( 0.3116141732283442300, 0.6666141732283461500, 0.2575511811023643000 ) ) ;
#7525 = VERTEX_POINT ( 'NONE', #3058 ) ;
#7526 = DIRECTION ( 'NONE',  ( -0.7071067811865413600, -0.7071067811865536800, 1.407375847139752400E-016 ) ) ;
#7527 = DIRECTION ( 'NONE',  ( 0.0000000000000000000, -1.000000000000000000, 0.0000000000000000000 ) ) ;
#7528 = DIRECTION ( 'NONE',  ( -1.000000000000000000, -3.462928498309742400E-015, -0.0000000000000000000 ) ) ;
#7529 = ORIENTED_EDGE ( 'NONE', *, *, #6699, .T. ) ;
#7530 = VERTEX_POINT ( 'NONE', #6812 ) ;
#7531 = CIRCLE ( 'NONE', #8802, 0.06250000000000000000 ) ;
#7532 = EDGE_CURVE ( 'NONE', #9445, #2648, #9649, .T. ) ;
#7533 = EDGE_LOOP ( 'NONE', ( #5337, #8225 ) ) ;
#7534 = DIRECTION ( 'NONE',  ( 0.0000000000000000000, 1.000000000000000000, 0.0000000000000000000 ) ) ;
#7535 = LINE ( 'NONE', #4528, #5992 ) ;
#7536 = DIRECTION ( 'NONE',  ( 0.0000000000000000000, 0.0000000000000000000, 1.000000000000000000 ) ) ;
#7537 = DIRECTION ( 'NONE',  ( -1.000000000000000000, 3.491481338843133400E-015, 0.0000000000000000000 ) ) ;
#7538 = ADVANCED_FACE ( 'NONE', ( #4533 ), #9104, .F. ) ;
#7539 = CARTESIAN_POINT ( 'NONE',  ( -0.07499999999999996900, 0.01450000000000000100, -0.2625000000000000100 ) ) ;
#7540 = DIRECTION ( 'NONE',  ( 0.0000000000000000000, 6.566942292462162400E-016, 1.000000000000000000 ) ) ;
#7541 = VERTEX_POINT ( 'NONE', #6026 ) ;
#7542 = LINE ( 'NONE', #2180, #7067 ) ;
#7543 = DIRECTION ( 'NONE',  ( -1.000000000000000000, 1.260235691845519800E-029, 3.661961499347914700E-015 ) ) ;
#7544 = EDGE_CURVE ( 'NONE', #2536, #5045, #1933, .T. ) ;
#7545 = DIRECTION ( 'NONE',  ( 0.0000000000000000000, -1.000000000000000000, 0.0000000000000000000 ) ) ;
#7546 = ORIENTED_EDGE ( 'NONE', *, *, #7485, .F. ) ;
#7547 = FACE_OUTER_BOUND ( 'NONE', #5263, .T. ) ;
#7548 = CARTESIAN_POINT ( 'NONE',  ( 0.3250000000000028400, -0.1174999999999977500, -0.1320000000000000100 ) ) ;
#7549 = AXIS2_PLACEMENT_3D ( 'NONE', #1203, #3456, #4223 ) ;
#7550 = AXIS2_PLACEMENT_3D ( 'NONE', #744, #6020, #6807 ) ;
#7551 = VERTEX_POINT ( 'NONE', #4670 ) ;
#7552 = CARTESIAN_POINT ( 'NONE',  ( -0.1745137373393535200, 0.6705511811023621100, 0.1385002118027675600 ) ) ;
#7553 = VECTOR ( 'NONE', #7146, 39.37007874015748100 ) ;
#7554 = CARTESIAN_POINT ( 'NONE',  ( -0.2627678537986273800, 0.6705511811023621100, 0.1426423474264984800 ) ) ;
#7555 = DIRECTION ( 'NONE',  ( 0.0000000000000000000, 0.0000000000000000000, 1.000000000000000000 ) ) ;
#7556 = DIRECTION ( 'NONE',  ( -0.0000000000000000000, 1.000000000000000000, -0.0000000000000000000 ) ) ;
#7557 = ORIENTED_EDGE ( 'NONE', *, *, #5237, .F. ) ;
#7558 = LINE ( 'NONE', #3528, #8984 ) ;
#7559 = DIRECTION ( 'NONE',  ( -0.0000000000000000000, -1.000000000000000000, -0.0000000000000000000 ) ) ;
#7560 = EDGE_CURVE ( 'NONE', #352, #6134, #6065, .T. ) ;
#7561 = MANIFOLD_SOLID_BREP ( 'Boss-Extrude5[5]', #7569 ) ;
#7562 = DIRECTION ( 'NONE',  ( 0.0000000000000000000, 0.0000000000000000000, 1.000000000000000000 ) ) ;
#7563 = ORIENTED_EDGE ( 'NONE', *, *, #7048, .F. ) ;
#7564 = DIRECTION ( 'NONE',  ( 0.0000000000000000000, 0.0000000000000000000, 1.000000000000000000 ) ) ;
#7565 = VECTOR ( 'NONE', #874, 39.37007874015748900 ) ;
#7566 = AXIS2_PLACEMENT_3D ( 'NONE', #2831, #7392, #3627 ) ;
#7567 = ADVANCED_FACE ( 'NONE', ( #5706 ), #3111, .T. ) ;
#7568 = CARTESIAN_POINT ( 'NONE',  ( -0.2733513886040114200, 0.6705511811023621100, 0.1077457736259981600 ) ) ;
#7569 = CLOSED_SHELL ( 'NONE', ( #7370, #5583, #892, #1903 ) ) ;
#7570 = SURFACE_STYLE_FILL_AREA ( #8578 ) ;
#7571 = EDGE_LOOP ( 'NONE', ( #514, #3447, #3745, #5502 ) ) ;
#7572 = LINE ( 'NONE', #5269, #1540 ) ;
#7573 = DIRECTION ( 'NONE',  ( -0.7071067811865526800, 0.7071067811865423500, 7.304875734556340700E-017 ) ) ;
#7574 = EDGE_CURVE ( 'NONE', #2817, #6569, #5119, .T. ) ;
#7575 = CARTESIAN_POINT ( 'NONE',  ( 0.3155511811023651300, -0.1549999999999977800, -0.1420480947161671400 ) ) ;
#7576 = ORIENTED_EDGE ( 'NONE', *, *, #2146, .T. ) ;
#7577 = ORIENTED_EDGE ( 'NONE', *, *, #3310, .T. ) ;
#7578 = LINE ( 'NONE', #6507, #4276 ) ;
#7579 = FACE_OUTER_BOUND ( 'NONE', #130, .T. ) ;
#7580 = CARTESIAN_POINT ( 'NONE',  ( -0.3250000000000023400, 0.01999999999999994100, 0.06990778161457220100 ) ) ;
#7581 = DIRECTION ( 'NONE',  ( -1.459106284977188500E-016, 0.0000000000000000000, -1.000000000000000000 ) ) ;
#7582 = ORIENTED_EDGE ( 'NONE', *, *, #4748, .F. ) ;
#7583 = VERTEX_POINT ( 'NONE', #9171 ) ;
#7584 = DIRECTION ( 'NONE',  ( 0.0000000000000000000, 0.0000000000000000000, -1.000000000000000000 ) ) ;
#7585 = COLOUR_RGB ( '',0.7921568627450980000, 0.8196078431372548800, 0.9333333333333333500 ) ;
#7586 = CARTESIAN_POINT ( 'NONE',  ( -0.3250000000000023400, 0.03999999999999992500, -0.1940000000000000100 ) ) ;
#7587 = AXIS2_PLACEMENT_3D ( 'NONE', #3520, #7284, #539 ) ;
#7588 = ORIENTED_EDGE ( 'NONE', *, *, #447, .F. ) ;
#7589 = SURFACE_SIDE_STYLE ('',( #637 ) ) ;
#7590 = FACE_OUTER_BOUND ( 'NONE', #9080, .T. ) ;
#7591 = LINE ( 'NONE', #6278, #5441 ) ;
#7592 = PLANE ( 'NONE',  #3163 ) ;
#7593 = DIRECTION ( 'NONE',  ( -0.7071067811865502400, 0.7071067811865446900, 7.652119359617565200E-017 ) ) ;
#7594 = DIRECTION ( 'NONE',  ( 1.000000000000000000, 0.0000000000000000000, 0.0000000000000000000 ) ) ;
#7595 = LINE ( 'NONE', #6368, #2857 ) ;
#7596 = VERTEX_POINT ( 'NONE', #6990 ) ;
#7597 = ADVANCED_FACE ( 'NONE', ( #8807 ), #278, .F. ) ;
#7598 = FACE_OUTER_BOUND ( 'NONE', #3252, .T. ) ;
#7599 = EDGE_CURVE ( 'NONE', #6081, #7306, #7614, .T. ) ;
#7600 = CARTESIAN_POINT ( 'NONE',  ( -0.3126448794795241800, 0.6705511811023621100, 0.2489533149417182400 ) ) ;
#7601 = ORIENTED_EDGE ( 'NONE', *, *, #5507, .T. ) ;
#7602 = PLANE ( 'NONE',  #1472 ) ;
#7603 = CARTESIAN_POINT ( 'NONE',  ( -0.3113051303775470300, 0.6621293029295949300, -0.4035511811023631500 ) ) ;
#7604 = EDGE_CURVE ( 'NONE', #578, #2124, #5944, .T. ) ;
#7605 = VECTOR ( 'NONE', #2213, 39.37007874015748100 ) ;
#7606 = CARTESIAN_POINT ( 'NONE',  ( 0.3069533149417180100, 0.6666141732283453700, 0.2575511811023615300 ) ) ;
#7607 = VECTOR ( 'NONE', #9532, 39.37007874015748100 ) ;
#7608 = ORIENTED_EDGE ( 'NONE', *, *, #6164, .F. ) ;
#7609 = AXIS2_PLACEMENT_3D ( 'NONE', #5700, #6474, #4951 ) ;
#7610 = ORIENTED_EDGE ( 'NONE', *, *, #9057, .F. ) ;
#7611 = PLANE ( 'NONE',  #4558 ) ;
#7612 = FACE_OUTER_BOUND ( 'NONE', #4708, .T. ) ;
#7613 = EDGE_CURVE ( 'NONE', #7697, #574, #6759, .T. ) ;
#7614 = LINE ( 'NONE', #160, #1685 ) ;
#7615 = DIRECTION ( 'NONE',  ( -0.0000000000000000000, 1.000000000000000000, -0.0000000000000000000 ) ) ;
#7616 = CARTESIAN_POINT ( 'NONE',  ( 0.3116141732283477800, 0.6619533149417187200, -0.3996141732283464100 ) ) ;
#7617 = VERTEX_POINT ( 'NONE', #124 ) ;
#7618 = PLANE ( 'NONE',  #2010 ) ;
#7619 = ORIENTED_EDGE ( 'NONE', *, *, #5131, .F. ) ;
#7620 = DIRECTION ( 'NONE',  ( 0.0000000000000000000, 0.0000000000000000000, 1.000000000000000000 ) ) ;
#7621 = EDGE_CURVE ( 'NONE', #4170, #1729, #7250, .T. ) ;
#7622 = PLANE ( 'NONE',  #683 ) ;
#7623 = ORIENTED_EDGE ( 'NONE', *, *, #7875, .F. ) ;
#7624 = CARTESIAN_POINT ( 'NONE',  ( 0.3250000000000000700, 0.6666141732283462600, 0.004393306531884155200 ) ) ;
#7625 = FACE_OUTER_BOUND ( 'NONE', #4262, .T. ) ;
#7626 = CARTESIAN_POINT ( 'NONE',  ( 0.2733513886040114200, 0.6666141732283462600, 0.1452368461752705000 ) ) ;
#7627 = ADVANCED_FACE ( 'NONE', ( #3714 ), #9139, .T. ) ;
#7628 = VERTEX_POINT ( 'NONE', #94 ) ;
#7629 = EDGE_CURVE ( 'NONE', #2003, #6172, #736, .T. ) ;
#7630 = PLANE ( 'NONE',  #1250 ) ;
#7631 =( NAMED_UNIT ( * ) SI_UNIT ( $, .STERADIAN. ) SOLID_ANGLE_UNIT ( ) );
#7632 = VECTOR ( 'NONE', #1060, 39.37007874015748100 ) ;
#7633 = DIRECTION ( 'NONE',  ( 3.462928498309742800E-015, -1.000000000000000000, -0.0000000000000000000 ) ) ;
#7634 = VERTEX_POINT ( 'NONE', #6189 ) ;
#7635 = VECTOR ( 'NONE', #1986, 39.37007874015748100 ) ;
#7636 = DIRECTION ( 'NONE',  ( 0.0000000000000000000, 0.0000000000000000000, -1.000000000000000000 ) ) ;
#7637 = EDGE_LOOP ( 'NONE', ( #2097, #5076, #5550, #7829 ) ) ;
#7638 = CARTESIAN_POINT ( 'NONE',  ( 8.096168917827749600E-017, 1.403100757040926000, 0.2575511811023651300 ) ) ;
#7639 = FACE_OUTER_BOUND ( 'NONE', #9512, .T. ) ;
#7640 = ORIENTED_EDGE ( 'NONE', *, *, #9025, .T. ) ;
#7641 = CARTESIAN_POINT ( 'NONE',  ( 0.3113051303775448100, 0.6621293029295948200, -0.4035511811023637700 ) ) ;
#7642 = EDGE_CURVE ( 'NONE', #5788, #5416, #4641, .T. ) ;
#7643 = FACE_OUTER_BOUND ( 'NONE', #1293, .T. ) ;
#7644 = CARTESIAN_POINT ( 'NONE',  ( -0.3250000000000023400, 0.03999999999999992500, -0.2537107877407313000 ) ) ;
#7645 = VERTEX_POINT ( 'NONE', #3186 ) ;
#7646 = MECHANICAL_DESIGN_GEOMETRIC_PRESENTATION_REPRESENTATION (  '', ( #730 ), #9691 ) ;
#7647 = CARTESIAN_POINT ( 'NONE',  ( 0.3069533149417182400, 0.6666141732283464800, -0.3996141732283464100 ) ) ;
#7648 = DIRECTION ( 'NONE',  ( 0.0000000000000000000, -1.000000000000000000, 0.0000000000000000000 ) ) ;
#7649 = DIRECTION ( 'NONE',  ( 0.0000000000000000000, 0.0000000000000000000, -1.000000000000000000 ) ) ;
#7650 = VERTEX_POINT ( 'NONE', #9240 ) ;
#7651 = ADVANCED_FACE ( 'NONE', ( #3949 ), #4701, .F. ) ;
#7652 = CIRCLE ( 'NONE', #7587, 0.01181102362204731000 ) ;
#7653 = ORIENTED_EDGE ( 'NONE', *, *, #4496, .T. ) ;
#7654 = ORIENTED_EDGE ( 'NONE', *, *, #8064, .T. ) ;
#7655 = EDGE_CURVE ( 'NONE', #5615, #9285, #6427, .T. ) ;
#7656 = CARTESIAN_POINT ( 'NONE',  ( 0.3250000000000029500, -0.1549999999999977200, -0.1639519052838328500 ) ) ;
#7657 = ORIENTED_EDGE ( 'NONE', *, *, #4211, .T. ) ;
#7658 = LINE ( 'NONE', #1879, #5856 ) ;
#7659 = DIRECTION ( 'NONE',  ( -1.000000000000000000, 0.0000000000000000000, 2.891205793294679400E-015 ) ) ;
#7660 = VERTEX_POINT ( 'NONE', #1097 ) ;
#7661 = DIRECTION ( 'NONE',  ( -1.000000000000000000, 0.0000000000000000000, 0.0000000000000000000 ) ) ;
#7662 = AXIS2_PLACEMENT_3D ( 'NONE', #4901, #7982, #3440 ) ;
#7663 = DIRECTION ( 'NONE',  ( 0.0000000000000000000, -3.661961499347899700E-015, 1.000000000000000000 ) ) ;
#7664 = ORIENTED_EDGE ( 'NONE', *, *, #9037, .F. ) ;
#7665 = CARTESIAN_POINT ( 'NONE',  ( -0.3151268775732669600, 0.6686692388140288400, 0.2489533149417182100 ) ) ;
#7666 = CARTESIAN_POINT ( 'NONE',  ( 0.1295137373393535100, 0.6355511811023624200, 0.09870736768358974500 ) ) ;
#7667 =( NAMED_UNIT ( * ) SI_UNIT ( $, .STERADIAN. ) SOLID_ANGLE_UNIT ( ) );
#7668 = DIRECTION ( 'NONE',  ( -7.228014483236677800E-015, 1.096454762763022200E-014, 1.000000000000000000 ) ) ;
#7669 = ORIENTED_EDGE ( 'NONE', *, *, #2691, .F. ) ;
#7670 = LINE ( 'NONE', #8274, #9085 ) ;
#7671 = ADVANCED_FACE ( 'NONE', ( #8910 ), #4058, .F. ) ;
#7672 = CARTESIAN_POINT ( 'NONE',  ( 0.3250000000000015700, 0.6619533149417187200, -0.3996141732283464100 ) ) ;
#7673 = ORIENTED_EDGE ( 'NONE', *, *, #6944, .F. ) ;
#7674 = EDGE_CURVE ( 'NONE', #9554, #2974, #1921, .T. ) ;
#7675 = DIRECTION ( 'NONE',  ( 1.000000000000000000, 0.0000000000000000000, -2.492171718503151100E-016 ) ) ;
#7676 = CARTESIAN_POINT ( 'NONE',  ( -0.3250000000000023400, 0.03999999999999992500, -0.1940000000000000100 ) ) ;
#7677 = ORIENTED_EDGE ( 'NONE', *, *, #697, .T. ) ;
#7678 = CARTESIAN_POINT ( 'NONE',  ( 0.3155511811023621300, 0.6666141732283462600, 0.1077457736259981600 ) ) ;
#7679 = FACE_OUTER_BOUND ( 'NONE', #9605, .T. ) ;
#7680 = DIRECTION ( 'NONE',  ( 0.0000000000000000000, 0.0000000000000000000, -1.000000000000000000 ) ) ;
#7681 = CARTESIAN_POINT ( 'NONE',  ( -0.3250000000000023400, 0.05599999999999997300, 0.07990778161457223700 ) ) ;
#7682 = EDGE_CURVE ( 'NONE', #8565, #819, #6229, .T. ) ;
#7683 = VERTEX_POINT ( 'NONE', #8560 ) ;
#7684 = VECTOR ( 'NONE', #5270, 39.37007874015748100 ) ;
#7685 = ORIENTED_EDGE ( 'NONE', *, *, #5844, .T. ) ;
#7686 = VERTEX_POINT ( 'NONE', #250 ) ;
#7687 = AXIS2_PLACEMENT_3D ( 'NONE', #9372, #1813, #4792 ) ;
#7688 = VECTOR ( 'NONE', #6443, 39.37007874015748100 ) ;
#7689 = DIRECTION ( 'NONE',  ( -0.0000000000000000000, -1.000000000000000000, -0.0000000000000000000 ) ) ;
#7690 = DIRECTION ( 'NONE',  ( 0.7071067811865403600, 0.0000000000000000000, 0.7071067811865546800 ) ) ;
#7691 = DIRECTION ( 'NONE',  ( 0.0000000000000000000, -1.000000000000000000, 0.0000000000000000000 ) ) ;
#7692 = UNCERTAINTY_MEASURE_WITH_UNIT (LENGTH_MEASURE( 1.000000000000000100E-005 ), #7760, 'distance_accuracy_value', 'NONE');
#7693 = ORIENTED_EDGE ( 'NONE', *, *, #426, .F. ) ;
#7694 = VERTEX_POINT ( 'NONE', #1130 ) ;
#7695 = CYLINDRICAL_SURFACE ( 'NONE', #1558, 0.01500000000000001200 ) ;
#7696 = CARTESIAN_POINT ( 'NONE',  ( -0.2669099894223583300, 0.6205511811023621800, 0.2073173628908212800 ) ) ;
#7697 = VERTEX_POINT ( 'NONE', #2521 ) ;
#7698 = ADVANCED_FACE ( 'NONE', ( #9760 ), #9021, .T. ) ;
#7699 = EDGE_CURVE ( 'NONE', #6452, #5707, #4406, .T. ) ;
#7700 = EDGE_LOOP ( 'NONE', ( #5154, #5657 ) ) ;
#7701 = DIRECTION ( 'NONE',  ( 0.0000000000000000000, 0.0000000000000000000, -1.000000000000000000 ) ) ;
#7702 = VERTEX_POINT ( 'NONE', #4021 ) ;
#7703 = AXIS2_PLACEMENT_3D ( 'NONE', #9482, #6425, #6378 ) ;
#7704 = DIRECTION ( 'NONE',  ( 1.000000000000000000, 0.0000000000000000000, 0.0000000000000000000 ) ) ;
#7705 = ORIENTED_EDGE ( 'NONE', *, *, #3054, .T. ) ;
#7706 = ORIENTED_EDGE ( 'NONE', *, *, #1942, .T. ) ;
#7707 = LINE ( 'NONE', #1841, #5209 ) ;
#7708 = LINE ( 'NONE', #6835, #3681 ) ;
#7709 = FACE_OUTER_BOUND ( 'NONE', #3087, .T. ) ;
#7710 = DIRECTION ( 'NONE',  ( 0.0000000000000000000, -0.0000000000000000000, 1.000000000000000000 ) ) ;
#7711 = EDGE_CURVE ( 'NONE', #5473, #8878, #7729, .T. ) ;
#7712 = CARTESIAN_POINT ( 'NONE',  ( -0.3250000000000027300, -0.1174999999999954800, -0.1739999999999999900 ) ) ;
#7713 = VERTEX_POINT ( 'NONE', #9383 ) ;
#7714 = LINE ( 'NONE', #244, #4626 ) ;
#7715 = CARTESIAN_POINT ( 'NONE',  ( 0.1490000000000000800, -0.1674264068711929000, 0.1620000000000000100 ) ) ;
#7716 = ORIENTED_EDGE ( 'NONE', *, *, #7288, .T. ) ;
#7717 = CARTESIAN_POINT ( 'NONE',  ( -0.3116141732283510500, 7.761524661896600800E-016, -0.4035511811023631500 ) ) ;
#7718 = VECTOR ( 'NONE', #8933, 39.37007874015748100 ) ;
#7719 = VECTOR ( 'NONE', #9656, 39.37007874015748100 ) ;
#7720 = ORIENTED_EDGE ( 'NONE', *, *, #8007, .F. ) ;
#7721 = DIRECTION ( 'NONE',  ( 1.000000000000000000, -0.0000000000000000000, -0.0000000000000000000 ) ) ;
#7722 = ADVANCED_FACE ( 'NONE', ( #5938 ), #2620, .F. ) ;
#7723 = AXIS2_PLACEMENT_3D ( 'NONE', #2036, #1298, #4373 ) ;
#7724 = PLANE ( 'NONE',  #2079 ) ;
#7725 = EDGE_LOOP ( 'NONE', ( #3441, #6551, #6058, #4104 ) ) ;
#7726 = VECTOR ( 'NONE', #3546, 39.37007874015748100 ) ;
#7727 = CARTESIAN_POINT ( 'NONE',  ( 0.07500000000000005300, -0.1250000000000000000, -0.3500000000000000900 ) ) ;
#7728 = CARTESIAN_POINT ( 'NONE',  ( 0.2490000000000001400, -0.1674264068711929000, 0.1620000000000000900 ) ) ;
#7729 = LINE ( 'NONE', #5647, #859 ) ;
#7730 = FACE_OUTER_BOUND ( 'NONE', #2433, .T. ) ;
#7731 = ORIENTED_EDGE ( 'NONE', *, *, #5011, .F. ) ;
#7732 = DIRECTION ( 'NONE',  ( -0.0000000000000000000, -1.000000000000000000, -0.0000000000000000000 ) ) ;
#7733 = ORIENTED_EDGE ( 'NONE', *, *, #3238, .T. ) ;
#7734 = EDGE_CURVE ( 'NONE', #935, #3826, #6531, .T. ) ;
#7735 = CARTESIAN_POINT ( 'NONE',  ( -0.2399385210375706000, 0.2705511811023621500, 0.009827287307507483500 ) ) ;
#7736 =( NAMED_UNIT ( * ) PLANE_ANGLE_UNIT ( ) SI_UNIT ( $, .RADIAN. ) );
#7737 = EDGE_CURVE ( 'NONE', #8247, #5539, #8444, .T. ) ;
#7738 = LINE ( 'NONE', #9155, #9026 ) ;
#7739 = STYLED_ITEM ( 'NONE', ( #3348 ), #7561 ) ;
#7740 = VECTOR ( 'NONE', #7357, 39.37007874015748100 ) ;
#7741 = DIRECTION ( 'NONE',  ( 0.0000000000000000000, 0.0000000000000000000, 1.000000000000000000 ) ) ;
#7742 = VERTEX_POINT ( 'NONE', #3355 ) ;
#7743 = EDGE_CURVE ( 'NONE', #9294, #4574, #2631, .T. ) ;
#7744 = ORIENTED_EDGE ( 'NONE', *, *, #9248, .F. ) ;
#7745 = PLANE ( 'NONE',  #865 ) ;
#7746 = FACE_OUTER_BOUND ( 'NONE', #3363, .T. ) ;
#7747 = ADVANCED_FACE ( 'NONE', ( #270 ), #6291, .T. ) ;
#7748 = ORIENTED_EDGE ( 'NONE', *, *, #6312, .F. ) ;
#7749 = AXIS2_PLACEMENT_3D ( 'NONE', #6926, #3196, #4648 ) ;
#7750 = DIRECTION ( 'NONE',  ( 0.0000000000000000000, -1.000000000000000000, 0.0000000000000000000 ) ) ;
#7751 = AXIS2_PLACEMENT_3D ( 'NONE', #8096, #6585, #8823 ) ;
#7752 = CYLINDRICAL_SURFACE ( 'NONE', #6453, 0.01250000000000000200 ) ;
#7753 = ORIENTED_EDGE ( 'NONE', *, *, #6200, .T. ) ;
#7754 = CARTESIAN_POINT ( 'NONE',  ( 0.3155511811023636300, 0.6619533149417187200, 0.2536141732283463400 ) ) ;
#7755 = LINE ( 'NONE', #1847, #5377 ) ;
#7756 = CARTESIAN_POINT ( 'NONE',  ( -0.3126448794795241800, 0.6705511811023621100, -0.3949533149417182600 ) ) ;
#7757 = EDGE_LOOP ( 'NONE', ( #5505, #8715, #9181, #7529 ) ) ;
#7758 = EDGE_CURVE ( 'NONE', #7887, #2487, #614, .T. ) ;
#7759 = DIRECTION ( 'NONE',  ( 0.0000000000000000000, 1.000000000000000000, 0.0000000000000000000 ) ) ;
#7760 =( CONVERSION_BASED_UNIT ( 'INCH', #512 ) LENGTH_UNIT ( ) NAMED_UNIT ( #6544 ) );
#7761 = DIRECTION ( 'NONE',  ( 0.0000000000000000000, 0.0000000000000000000, -1.000000000000000000 ) ) ;
#7762 = ORIENTED_EDGE ( 'NONE', *, *, #8967, .T. ) ;
#7763 = AXIS2_PLACEMENT_3D ( 'NONE', #4358, #5797, #2878 ) ;
#7764 = CARTESIAN_POINT ( 'NONE',  ( 0.07500000000000005300, 0.01450000000000000100, -0.3500000000000000900 ) ) ;
#7765 = LINE ( 'NONE', #9136, #9795 ) ;
#7766 = CARTESIAN_POINT ( 'NONE',  ( 1.365923996832131600E-016, 4.097771990496394800E-016, -0.4035511811023634900 ) ) ;
#7767 = ORIENTED_EDGE ( 'NONE', *, *, #2270, .F. ) ;
#7768 = DIRECTION ( 'NONE',  ( 0.7071067811865463500, -0.7071067811865487900, 3.944304526105058600E-031 ) ) ;
#7769 = ORIENTED_EDGE ( 'NONE', *, *, #7674, .F. ) ;
#7770 = PLANE ( 'NONE',  #2763 ) ;
#7771 = CARTESIAN_POINT ( 'NONE',  ( 0.3069533149417186200, 0.6705511811023621100, -0.3996141732283462500 ) ) ;
#7772 = ADVANCED_FACE ( 'NONE', ( #504 ), #4529, .T. ) ;
#7773 = CARTESIAN_POINT ( 'NONE',  ( -0.2755511811023642600, 0.01450000000000000100, 0.2575511811023651900 ) ) ;
#7774 = EDGE_CURVE ( 'NONE', #5684, #2157, #5698, .T. ) ;
#7775 = ORIENTED_EDGE ( 'NONE', *, *, #1296, .F. ) ;
#7776 = VECTOR ( 'NONE', #9648, 39.37007874015748100 ) ;
#7777 = CARTESIAN_POINT ( 'NONE',  ( -0.3250000000000023400, 0.07199999999999993900, -0.2537107877407313000 ) ) ;
#7778 = VERTEX_POINT ( 'NONE', #3550 ) ;
#7779 = ORIENTED_EDGE ( 'NONE', *, *, #3360, .F. ) ;
#7780 =( GEOMETRIC_REPRESENTATION_CONTEXT ( 3 ) GLOBAL_UNCERTAINTY_ASSIGNED_CONTEXT ( ( #1381 ) ) GLOBAL_UNIT_ASSIGNED_CONTEXT ( ( #7960, #1930, #8089 ) ) REPRESENTATION_CONTEXT ( 'NONE', 'WORKASPACE' ) );
#7781 = DIRECTION ( 'NONE',  ( 0.0000000000000000000, 0.0000000000000000000, -1.000000000000000000 ) ) ;
#7782 = AXIS2_PLACEMENT_3D ( 'NONE', #4365, #7313, #8118 ) ;
#7783 = ORIENTED_EDGE ( 'NONE', *, *, #6899, .T. ) ;
#7784 = VECTOR ( 'NONE', #9786, 39.37007874015748100 ) ;
#7785 = EDGE_CURVE ( 'NONE', #864, #3034, #4295, .T. ) ;
#7786 = ORIENTED_EDGE ( 'NONE', *, *, #5371, .T. ) ;
#7787 = VECTOR ( 'NONE', #1069, 39.37007874015748100 ) ;
#7788 = CARTESIAN_POINT ( 'NONE',  ( -0.2755511811023642600, 0.01450000000000000100, 0.2575511811023651900 ) ) ;
#7789 = VERTEX_POINT ( 'NONE', #9565 ) ;
#7790 = CARTESIAN_POINT ( 'NONE',  ( 0.2669099894223583300, 0.6605511811023621100, 0.2073173628908212800 ) ) ;
#7791 = VECTOR ( 'NONE', #2058, 39.37007874015748100 ) ;
#7792 = DIRECTION ( 'NONE',  ( 0.0000000000000000000, 0.0000000000000000000, -1.000000000000000000 ) ) ;
#7793 = CARTESIAN_POINT ( 'NONE',  ( 0.3116141732283477800, 0.06600000000000101600, 0.2536141732283463400 ) ) ;
#7794 = EDGE_CURVE ( 'NONE', #582, #7149, #8321, .T. ) ;
#7795 = AXIS2_PLACEMENT_3D ( 'NONE', #4360, #5865, #6573 ) ;
#7796 = EDGE_LOOP ( 'NONE', ( #5678, #109, #1006, #7610 ) ) ;
#7797 = PLANE ( 'NONE',  #4762 ) ;
#7798 = ADVANCED_FACE ( 'NONE', ( #4751 ), #6885, .T. ) ;
#7799 = VECTOR ( 'NONE', #4389, 39.37007874015748100 ) ;
#7800 = CARTESIAN_POINT ( 'NONE',  ( -0.3116141732283464500, 0.6666141732283464800, 0.1077457736259981300 ) ) ;
#7801 = ORIENTED_EDGE ( 'NONE', *, *, #808, .T. ) ;
#7802 = VECTOR ( 'NONE', #8193, 39.37007874015748900 ) ;
#7803 = PLANE ( 'NONE',  #4352 ) ;
#7804 = PLANE ( 'NONE',  #1638 ) ;
#7805 = VERTEX_POINT ( 'NONE', #5039 ) ;
#7806 = FACE_OUTER_BOUND ( 'NONE', #4938, .T. ) ;
#7807 = EDGE_CURVE ( 'NONE', #2648, #6078, #8562, .T. ) ;
#7808 = EDGE_LOOP ( 'NONE', ( #6030, #9216, #9616, #3624 ) ) ;
#7809 = LINE ( 'NONE', #9343, #2125 ) ;
#7810 = VERTEX_POINT ( 'NONE', #1199 ) ;
#7811 = DIRECTION ( 'NONE',  ( 0.0000000000000000000, -3.661961499347899700E-015, 1.000000000000000000 ) ) ;
#7812 = LINE ( 'NONE', #3336, #940 ) ;
#7813 = CARTESIAN_POINT ( 'NONE',  ( 0.2399385210375706000, 0.2705511811023621500, 0.009827287307507424600 ) ) ;
#7814 = EDGE_CURVE ( 'NONE', #5939, #8067, #8694, .T. ) ;
#7815 = DIRECTION ( 'NONE',  ( 0.0000000000000000000, 0.0000000000000000000, -1.000000000000000000 ) ) ;
#7816 = VERTEX_POINT ( 'NONE', #7959 ) ;
#7817 = ORIENTED_EDGE ( 'NONE', *, *, #8901, .F. ) ;
#7818 = FACE_OUTER_BOUND ( 'NONE', #2145, .T. ) ;
#7819 = DIRECTION ( 'NONE',  ( -0.0000000000000000000, 1.000000000000000000, -0.0000000000000000000 ) ) ;
#7820 = ADVANCED_FACE ( 'NONE', ( #1677 ), #1260, .T. ) ;
#7821 = ORIENTED_EDGE ( 'NONE', *, *, #5439, .F. ) ;
#7822 = AXIS2_PLACEMENT_3D ( 'NONE', #1384, #5411, #8440 ) ;
#7823 = ORIENTED_EDGE ( 'NONE', *, *, #7674, .T. ) ;
#7824 = DIRECTION ( 'NONE',  ( 0.0000000000000000000, 0.0000000000000000000, -1.000000000000000000 ) ) ;
#7825 = CARTESIAN_POINT ( 'NONE',  ( -0.2051873039643365700, 0.4318828228266479700, -0.3828791539144444400 ) ) ;
#7826 = VECTOR ( 'NONE', #5567, 39.37007874015748100 ) ;
#7827 = VECTOR ( 'NONE', #4139, 39.37007874015748900 ) ;
#7828 = DIRECTION ( 'NONE',  ( -6.946308972158770800E-015, 1.000000000000000000, 3.462928498309742800E-015 ) ) ;
#7829 = ORIENTED_EDGE ( 'NONE', *, *, #7027, .F. ) ;
#7830 = ORIENTED_EDGE ( 'NONE', *, *, #3273, .T. ) ;
#7831 = DIRECTION ( 'NONE',  ( 0.0000000000000000000, 0.0000000000000000000, 1.000000000000000000 ) ) ;
#7832 = EDGE_CURVE ( 'NONE', #4686, #1123, #394, .T. ) ;
#7833 = ORIENTED_EDGE ( 'NONE', *, *, #2147, .F. ) ;
#7834 = CARTESIAN_POINT ( 'NONE',  ( 0.2755511811023643200, 0.01450000000000000100, 0.1871780396547222100 ) ) ;
#7835 = LINE ( 'NONE', #7848, #7110 ) ;
#7836 = CARTESIAN_POINT ( 'NONE',  ( -0.2051873039643365700, -0.0000000000000000000, -0.3828791539144444400 ) ) ;
#7837 = CIRCLE ( 'NONE', #1918, 0.009999999999999995000 ) ;
#7838 = CARTESIAN_POINT ( 'NONE',  ( 0.1653149606299236800, 0.5358241725520462900, -0.4035511811023667600 ) ) ;
#7839 = AXIS2_PLACEMENT_3D ( 'NONE', #161, #9204, #1574 ) ;
#7840 = VECTOR ( 'NONE', #6233, 39.37007874015748100 ) ;
#7841 = DIRECTION ( 'NONE',  ( 1.000000000000000000, 0.0000000000000000000, -3.661961499347914700E-015 ) ) ;
#7842 = VERTEX_POINT ( 'NONE', #479 ) ;
#7843 = FACE_OUTER_BOUND ( 'NONE', #8663, .T. ) ;
#7844 = DIRECTION ( 'NONE',  ( -0.0000000000000000000, 1.000000000000000000, -0.0000000000000000000 ) ) ;
#7845 = ORIENTED_EDGE ( 'NONE', *, *, #4195, .F. ) ;
#7846 = CIRCLE ( 'NONE', #2792, 0.04849584923580589600 ) ;
#7847 = LINE ( 'NONE', #1509, #5802 ) ;
#7848 = CARTESIAN_POINT ( 'NONE',  ( -0.2399385210375706000, 0.6355511811023624200, -0.09287881401875214300 ) ) ;
#7849 = EDGE_LOOP ( 'NONE', ( #1297, #9823, #4905, #7716 ) ) ;
#7850 = EDGE_CURVE ( 'NONE', #1710, #7047, #5461, .T. ) ;
#7851 = ADVANCED_FACE ( 'NONE', ( #7005 ), #8023, .T. ) ;
#7852 = PLANE ( 'NONE',  #5713 ) ;
#7853 = ORIENTED_EDGE ( 'NONE', *, *, #6676, .F. ) ;
#7854 = VECTOR ( 'NONE', #3943, 39.37007874015748100 ) ;
#7855 = COLOUR_RGB ( '',0.7921568627450980000, 0.8196078431372548800, 0.9333333333333333500 ) ;
#7856 = ORIENTED_EDGE ( 'NONE', *, *, #9485, .F. ) ;
#7857 = CARTESIAN_POINT ( 'NONE',  ( -0.1185446277009966600, 0.6705511811023621100, 0.2054271400810136200 ) ) ;
#7858 = DIRECTION ( 'NONE',  ( 0.0000000000000000000, -1.000000000000000000, 0.0000000000000000000 ) ) ;
#7859 = CARTESIAN_POINT ( 'NONE',  ( -0.3250000000000011800, 0.6666141732283464800, 0.2536141732283463400 ) ) ;
#7860 = CARTESIAN_POINT ( 'NONE',  ( 0.3116141732283466700, 0.6705511811023626700, 0.2489533149417188000 ) ) ;
#7861 = EDGE_LOOP ( 'NONE', ( #6028, #6223, #5068, #2716 ) ) ;
#7862 = VECTOR ( 'NONE', #5755, 39.37007874015748100 ) ;
#7863 = ORIENTED_EDGE ( 'NONE', *, *, #682, .T. ) ;
#7864 = ORIENTED_EDGE ( 'NONE', *, *, #3433, .F. ) ;
#7865 = DIRECTION ( 'NONE',  ( 0.0000000000000000000, 0.0000000000000000000, -1.000000000000000000 ) ) ;
#7866 = DIRECTION ( 'NONE',  ( 1.000000000000000000, -0.0000000000000000000, -0.0000000000000000000 ) ) ;
#7867 = EDGE_CURVE ( 'NONE', #6505, #5139, #7480, .T. ) ;
#7868 = AXIS2_PLACEMENT_3D ( 'NONE', #624, #8149, #5222 ) ;
#7869 = CIRCLE ( 'NONE', #6816, 0.009999999999999995000 ) ;
#7870 = EDGE_LOOP ( 'NONE', ( #8990, #2101, #9799, #5147 ) ) ;
#7871 = ADVANCED_FACE ( 'NONE', ( #6177 ), #2155, .T. ) ;
#7872 = CARTESIAN_POINT ( 'NONE',  ( 0.1849999999999987200, 0.5358241725520465100, -0.4035511811023643800 ) ) ;
#7873 = FACE_OUTER_BOUND ( 'NONE', #8956, .T. ) ;
#7874 = ORIENTED_EDGE ( 'NONE', *, *, #1296, .T. ) ;
#7875 = EDGE_CURVE ( 'NONE', #2958, #3034, #3463, .T. ) ;
#7876 = CARTESIAN_POINT ( 'NONE',  ( -0.3173036717348486900, 0.6723036717348476200, -0.4035511811023654900 ) ) ;
#7877 = DIRECTION ( 'NONE',  ( 1.000000000000000000, -0.0000000000000000000, -0.0000000000000000000 ) ) ;
#7878 = VECTOR ( 'NONE', #6338, 39.37007874015748100 ) ;
#7879 = ORIENTED_EDGE ( 'NONE', *, *, #3466, .T. ) ;
#7880 = DIRECTION ( 'NONE',  ( 0.0000000000000000000, -3.661961499347899700E-015, 1.000000000000000000 ) ) ;
#7881 = CYLINDRICAL_SURFACE ( 'NONE', #3804, 0.01250000000000000200 ) ;
#7882 = CARTESIAN_POINT ( 'NONE',  ( -0.3155511811023633500, 0.6619533149417181600, -0.3996141732283464100 ) ) ;
#7883 = ORIENTED_EDGE ( 'NONE', *, *, #4258, .T. ) ;
#7884 = DIRECTION ( 'NONE',  ( 3.542742354896064800E-015, -1.000000000000000000, -9.840950985822402700E-017 ) ) ;
#7885 = ORIENTED_EDGE ( 'NONE', *, *, #5008, .F. ) ;
#7886 = LINE ( 'NONE', #2201, #1605 ) ;
#7887 = VERTEX_POINT ( 'NONE', #7211 ) ;
#7888 = EDGE_CURVE ( 'NONE', #1811, #556, #2511, .T. ) ;
#7889 = ORIENTED_EDGE ( 'NONE', *, *, #837, .T. ) ;
#7890 = AXIS2_PLACEMENT_3D ( 'NONE', #6504, #6475, #7975 ) ;
#7891 = CARTESIAN_POINT ( 'NONE',  ( -0.3155511811023633500, 0.06600000000000101600, 0.2536141732283463400 ) ) ;
#7892 = ADVANCED_FACE ( 'NONE', ( #9522 ), #9594, .T. ) ;
#7893 = ORIENTED_EDGE ( 'NONE', *, *, #2331, .F. ) ;
#7894 = VECTOR ( 'NONE', #4266, 39.37007874015748100 ) ;
#7895 = DIRECTION ( 'NONE',  ( 0.0000000000000000000, 1.000000000000000000, 0.0000000000000000000 ) ) ;
#7896 = CARTESIAN_POINT ( 'NONE',  ( 0.1653149606299236800, 0.06600000000000103000, 0.2575511811023649100 ) ) ;
#7897 = CARTESIAN_POINT ( 'NONE',  ( -0.3250000000000023400, 0.08200000000000000300, -0.4129999999999998700 ) ) ;
#7898 = ORIENTED_EDGE ( 'NONE', *, *, #8967, .F. ) ;
#7899 = CARTESIAN_POINT ( 'NONE',  ( 0.3155511811023642400, 1.403100757040926000, -0.3935511811023632600 ) ) ;
#7900 = CYLINDRICAL_SURFACE ( 'NONE', #8538, 0.009999999999999995000 ) ;
#7901 = DIRECTION ( 'NONE',  ( 1.000000000000000000, -3.614007241617894800E-015, 0.0000000000000000000 ) ) ;
#7902 = EDGE_CURVE ( 'NONE', #8669, #5752, #7241, .T. ) ;
#7903 = DIRECTION ( 'NONE',  ( -0.7071067811865402500, 0.0000000000000000000, -0.7071067811865546800 ) ) ;
#7904 = DIRECTION ( 'NONE',  ( 1.000000000000000000, 0.0000000000000000000, 0.0000000000000000000 ) ) ;
#7905 = EDGE_LOOP ( 'NONE', ( #947, #1653, #8710, #7608 ) ) ;
#7906 = ORIENTED_EDGE ( 'NONE', *, *, #5598, .T. ) ;
#7907 = CARTESIAN_POINT ( 'NONE',  ( 0.0000000000000000000, 0.6666141732283462600, 0.0000000000000000000 ) ) ;
#7908 = PLANE ( 'NONE',  #1423 ) ;
#7909 = VECTOR ( 'NONE', #1880, 39.37007874015748100 ) ;
#7910 = AXIS2_PLACEMENT_3D ( 'NONE', #9432, #7060, #8674 ) ;
#7911 = CARTESIAN_POINT ( 'NONE',  ( -0.2669099894223583300, 0.6205511811023621800, 0.2073173628908212800 ) ) ;
#7912 = EDGE_LOOP ( 'NONE', ( #2549, #4138 ) ) ;
#7913 = FACE_OUTER_BOUND ( 'NONE', #8564, .T. ) ;
#7914 = FILL_AREA_STYLE ('',( #2990 ) ) ;
#7915 = CARTESIAN_POINT ( 'NONE',  ( 0.2755511811023643200, 0.05455008786923420300, 0.2575511811023650800 ) ) ;
#7916 = ADVANCED_FACE ( 'NONE', ( #6645 ), #590, .F. ) ;
#7917 = ORIENTED_EDGE ( 'NONE', *, *, #2844, .T. ) ;
#7918 = LINE ( 'NONE', #6704, #5884 ) ;
#7919 = CARTESIAN_POINT ( 'NONE',  ( -0.3250000000000000100, 0.6666141732283464800, -0.3949533149417182000 ) ) ;
#7920 = DIRECTION ( 'NONE',  ( 0.0000000000000000000, 0.0000000000000000000, -1.000000000000000000 ) ) ;
#7921 = EDGE_CURVE ( 'NONE', #9486, #9358, #1453, .T. ) ;
#7922 = CARTESIAN_POINT ( 'NONE',  ( 0.2490000000000001400, -0.1674264068711929000, 0.1620000000000000900 ) ) ;
#7923 = ORIENTED_EDGE ( 'NONE', *, *, #6659, .F. ) ;
#7924 = EDGE_CURVE ( 'NONE', #7962, #7697, #2266, .T. ) ;
#7925 = FACE_OUTER_BOUND ( 'NONE', #5995, .T. ) ;
#7926 = AXIS2_PLACEMENT_3D ( 'NONE', #1473, #1504, #9012 ) ;
#7927 = ORIENTED_EDGE ( 'NONE', *, *, #7415, .F. ) ;
#7928 = VECTOR ( 'NONE', #5628, 39.37007874015748100 ) ;
#7929 = DIRECTION ( 'NONE',  ( -0.0000000000000000000, -0.0000000000000000000, 1.000000000000000000 ) ) ;
#7930 = CARTESIAN_POINT ( 'NONE',  ( -0.1085446277009964200, 0.6605511811023620000, 0.2575511811023651300 ) ) ;
#7931 = EDGE_CURVE ( 'NONE', #1303, #7500, #969, .T. ) ;
#7932 = ORIENTED_EDGE ( 'NONE', *, *, #7964, .F. ) ;
#7933 = LINE ( 'NONE', #8850, #472 ) ;
#7934 = DIRECTION ( 'NONE',  ( -0.0000000000000000000, 1.000000000000000000, 0.0000000000000000000 ) ) ;
#7935 = DIRECTION ( 'NONE',  ( 0.0000000000000000000, 0.0000000000000000000, -1.000000000000000000 ) ) ;
#7936 = VERTEX_POINT ( 'NONE', #659 ) ;
#7937 = EDGE_LOOP ( 'NONE', ( #7845, #9828, #7731, #6711 ) ) ;
#7938 = CIRCLE ( 'NONE', #1160, 0.01181102362204731000 ) ;
#7939 = AXIS2_PLACEMENT_3D ( 'NONE', #6299, #258, #194 ) ;
#7940 = DIRECTION ( 'NONE',  ( 1.000000000000000000, 3.462928498309742800E-015, 0.0000000000000000000 ) ) ;
#7941 = CARTESIAN_POINT ( 'NONE',  ( 0.3069533149417180100, 0.6666141732283454900, -0.4129999999999995300 ) ) ;
#7942 = VERTEX_POINT ( 'NONE', #8997 ) ;
#7943 = CARTESIAN_POINT ( 'NONE',  ( 0.3250000000000002900, 0.6701185744823510100, 0.2489533149417188500 ) ) ;
#7944 = ADVANCED_FACE ( 'NONE', ( #2040 ), #8969, .T. ) ;
#7945 = CARTESIAN_POINT ( 'NONE',  ( 0.1605905511811047700, 0.5358241725520462900, 0.2575511811023667400 ) ) ;
#7946 = ORIENTED_EDGE ( 'NONE', *, *, #2179, .F. ) ;
#7947 = CARTESIAN_POINT ( 'NONE',  ( 0.3055511811023641800, 0.6705511811023621100, -0.3935511811023633100 ) ) ;
#7948 = EDGE_CURVE ( 'NONE', #4072, #4509, #8211, .T. ) ;
#7949 = ORIENTED_EDGE ( 'NONE', *, *, #1192, .T. ) ;
#7950 = FACE_OUTER_BOUND ( 'NONE', #8329, .T. ) ;
#7951 = VECTOR ( 'NONE', #8414, 39.37007874015748100 ) ;
#7952 = VECTOR ( 'NONE', #879, 39.37007874015748100 ) ;
#7953 = ORIENTED_EDGE ( 'NONE', *, *, #619, .F. ) ;
#7954 = AXIS2_PLACEMENT_3D ( 'NONE', #946, #267, #1042 ) ;
#7955 = CIRCLE ( 'NONE', #9219, 0.06250000000000000000 ) ;
#7956 = CARTESIAN_POINT ( 'NONE',  ( 0.2669099894223583300, 0.6705511811023621100, 0.2073173628908212800 ) ) ;
#7957 = DIRECTION ( 'NONE',  ( -0.0000000000000000000, -1.000000000000000000, -0.0000000000000000000 ) ) ;
#7958 = ORIENTED_EDGE ( 'NONE', *, *, #180, .F. ) ;
#7959 = CARTESIAN_POINT ( 'NONE',  ( 0.3155511811023642400, 0.05455008786923420300, -0.06845163660186295900 ) ) ;
#7960 =( CONVERSION_BASED_UNIT ( 'INCH', #4261 ) LENGTH_UNIT ( ) NAMED_UNIT ( #4025 ) );
#7961 = VECTOR ( 'NONE', #3479, 39.37007874015748100 ) ;
#7962 = VERTEX_POINT ( 'NONE', #7412 ) ;
#7963 = PLANE ( 'NONE',  #8522 ) ;
#7964 = EDGE_CURVE ( 'NONE', #5088, #652, #1091, .T. ) ;
#7965 = DIRECTION ( 'NONE',  ( 0.0000000000000000000, -0.0000000000000000000, 1.000000000000000000 ) ) ;
#7966 = VECTOR ( 'NONE', #5472, 39.37007874015748100 ) ;
#7967 = CARTESIAN_POINT ( 'NONE',  ( 0.3155511811023635200, 0.08199999999999997600, -0.3996141732283464100 ) ) ;
#7968 = STYLED_ITEM ( 'NONE', ( #9345 ), #3887 ) ;
#7969 = VECTOR ( 'NONE', #1062, 39.37007874015748100 ) ;
#7970 = ADVANCED_FACE ( 'NONE', ( #8798 ), #5095, .F. ) ;
#7971 = CARTESIAN_POINT ( 'NONE',  ( -0.2399385210375706000, 0.6355511811023624200, 0.09870736768358978600 ) ) ;
#7972 = ORIENTED_EDGE ( 'NONE', *, *, #1167, .T. ) ;
#7973 = DIRECTION ( 'NONE',  ( 0.0000000000000000000, 0.0000000000000000000, 1.000000000000000000 ) ) ;
#7974 = ORIENTED_EDGE ( 'NONE', *, *, #2655, .F. ) ;
#7975 = DIRECTION ( 'NONE',  ( 0.0000000000000000000, -1.000000000000000000, -2.891205793294662500E-015 ) ) ;
#7976 = AXIS2_PLACEMENT_3D ( 'NONE', #4731, #3859, #5543 ) ;
#7977 = VECTOR ( 'NONE', #2297, 39.37007874015748100 ) ;
#7978 = EDGE_CURVE ( 'NONE', #6448, #3838, #1200, .T. ) ;
#7979 = DIRECTION ( 'NONE',  ( 1.000000000000000000, -0.0000000000000000000, -0.0000000000000000000 ) ) ;
#7980 = EDGE_LOOP ( 'NONE', ( #4796, #7068, #838, #3334 ) ) ;
#7981 = CARTESIAN_POINT ( 'NONE',  ( 0.02500000000000004000, -0.1250000000000000000, -0.2625000000000000100 ) ) ;
#7982 = DIRECTION ( 'NONE',  ( -1.000000000000000000, 0.0000000000000000000, 0.0000000000000000000 ) ) ;
#7983 = ORIENTED_EDGE ( 'NONE', *, *, #5163, .T. ) ;
#7984 = APPLICATION_CONTEXT ( 'automotive_design' ) ;
#7985 = AXIS2_PLACEMENT_3D ( 'NONE', #9332, #8550, #6317 ) ;
#7986 = CIRCLE ( 'NONE', #6257, 0.01181102362204731000 ) ;
#7987 = DIRECTION ( 'NONE',  ( 1.000000000000000000, -3.462928498309742800E-015, 0.0000000000000000000 ) ) ;
#7988 = ORIENTED_EDGE ( 'NONE', *, *, #5759, .T. ) ;
#7989 = CARTESIAN_POINT ( 'NONE',  ( 0.2249999999999999800, -0.1250000000000000000, 0.04849584923580584100 ) ) ;
#7990 = PLANE ( 'NONE',  #8554 ) ;
#7991 = CARTESIAN_POINT ( 'NONE',  ( -0.2755511811023642600, 0.0000000000000000000, -4.132261734103850100E-018 ) ) ;
#7992 = DIRECTION ( 'NONE',  ( 0.0000000000000000000, 1.000000000000000000, 0.0000000000000000000 ) ) ;
#7993 = ADVANCED_FACE ( 'NONE', ( #3578 ), #9641, .F. ) ;
#7994 = VECTOR ( 'NONE', #966, 39.37007874015748100 ) ;
#7995 = ORIENTED_EDGE ( 'NONE', *, *, #5058, .T. ) ;
#7996 = ORIENTED_EDGE ( 'NONE', *, *, #6031, .T. ) ;
#7997 = VECTOR ( 'NONE', #6280, 39.37007874015748100 ) ;
#7998 = CARTESIAN_POINT ( 'NONE',  ( 0.02500000000000004000, 0.01450000000000000100, -0.2374999999999999900 ) ) ;
#7999 = ORIENTED_EDGE ( 'NONE', *, *, #1419, .F. ) ;
#8000 =( LENGTH_UNIT ( ) NAMED_UNIT ( * ) SI_UNIT ( $, .METRE. ) );
#8001 = EDGE_CURVE ( 'NONE', #2540, #5318, #9346, .T. ) ;
#8002 = ORIENTED_EDGE ( 'NONE', *, *, #2039, .T. ) ;
#8003 = FACE_OUTER_BOUND ( 'NONE', #8527, .T. ) ;
#8004 = CARTESIAN_POINT ( 'NONE',  ( -0.3155511811023621300, 0.6666141732283464800, 0.2489533149417181800 ) ) ;
#8005 = ORIENTED_EDGE ( 'NONE', *, *, #9818, .T. ) ;
#8006 = VERTEX_POINT ( 'NONE', #3585 ) ;
#8007 = EDGE_CURVE ( 'NONE', #2871, #4511, #7470, .T. ) ;
#8008 = CARTESIAN_POINT ( 'NONE',  ( 0.3155511811023644100, 0.05599999999999997300, -0.1219999999999999800 ) ) ;
#8009 = CARTESIAN_POINT ( 'NONE',  ( 0.1959325888690782400, 0.6705511811023621100, -0.08658759291419086700 ) ) ;
#8010 = PLANE ( 'NONE',  #2173 ) ;
#8011 = CLOSED_SHELL ( 'NONE', ( #1973, #5181, #2278, #5815 ) ) ;
#8012 = STYLED_ITEM ( 'NONE', ( #9250 ), #1073 ) ;
#8013 = LINE ( 'NONE', #7398, #7776 ) ;
#8014 = ORIENTED_EDGE ( 'NONE', *, *, #8579, .T. ) ;
#8015 = ORIENTED_EDGE ( 'NONE', *, *, #4874, .F. ) ;
#8016 =( LENGTH_UNIT ( ) NAMED_UNIT ( * ) SI_UNIT ( $, .METRE. ) );
#8017 = ADVANCED_FACE ( 'NONE', ( #5109 ), #6764, .F. ) ;
#8018 = PLANE ( 'NONE',  #5623 ) ;
#8019 = EDGE_CURVE ( 'NONE', #7525, #9796, #1566, .T. ) ;
#8020 = VERTEX_POINT ( 'NONE', #2982 ) ;
#8021 = CARTESIAN_POINT ( 'NONE',  ( -0.1645137373393535100, 0.6205511811023621800, 0.1385002118027675600 ) ) ;
#8022 = LINE ( 'NONE', #6347, #8498 ) ;
#8023 = PLANE ( 'NONE',  #5810 ) ;
#8024 = DIRECTION ( 'NONE',  ( 0.0000000000000000000, -1.000000000000000000, 0.0000000000000000000 ) ) ;
#8025 = ORIENTED_EDGE ( 'NONE', *, *, #3779, .T. ) ;
#8026 = AXIS2_PLACEMENT_3D ( 'NONE', #9502, #4160, #5695 ) ;
#8027 = DIRECTION ( 'NONE',  ( -0.0000000000000000000, 1.000000000000000000, -0.0000000000000000000 ) ) ;
#8028 = LINE ( 'NONE', #9284, #7787 ) ;
#8029 = DIRECTION ( 'NONE',  ( 0.0000000000000000000, -0.0000000000000000000, -1.000000000000000000 ) ) ;
#8030 = ORIENTED_EDGE ( 'NONE', *, *, #5957, .T. ) ;
#8031 = LINE ( 'NONE', #7956, #1023 ) ;
#8032 = CARTESIAN_POINT ( 'NONE',  ( 0.3155511811023633500, 1.092739197465705300E-015, -0.3996141732283464100 ) ) ;
#8033 = EDGE_CURVE ( 'NONE', #5859, #5120, #5341, .T. ) ;
#8034 = ORIENTED_EDGE ( 'NONE', *, *, #6676, .T. ) ;
#8035 = VECTOR ( 'NONE', #4859, 39.37007874015748100 ) ;
#8036 = ORIENTED_EDGE ( 'NONE', *, *, #1803, .F. ) ;
#8037 = COLOUR_RGB ( '',0.7921568627450980000, 0.8196078431372548800, 0.9333333333333333500 ) ;
#8038 = DIRECTION ( 'NONE',  ( -1.000000000000000000, 0.0000000000000000000, 5.782411586589358800E-015 ) ) ;
#8039 = CARTESIAN_POINT ( 'NONE',  ( 0.3116141732283466700, 0.6705511811023621100, 0.2536141732283463400 ) ) ;
#8040 = DIMENSIONAL_EXPONENTS ( 1.000000000000000000, 0.0000000000000000000, 0.0000000000000000000, 0.0000000000000000000, 0.0000000000000000000, 0.0000000000000000000, 0.0000000000000000000 ) ;
#8041 = AXIS2_PLACEMENT_3D ( 'NONE', #8104, #9707, #1279 ) ;
#8042 = ORIENTED_EDGE ( 'NONE', *, *, #3682, .F. ) ;
#8043 = ORIENTED_EDGE ( 'NONE', *, *, #259, .T. ) ;
#8044 = VECTOR ( 'NONE', #3496, 39.37007874015748100 ) ;
#8045 = CARTESIAN_POINT ( 'NONE',  ( -0.1142984638647554000, 0.6666141732283464800, 0.2536141732283463400 ) ) ;
#8046 = ORIENTED_EDGE ( 'NONE', *, *, #8123, .F. ) ;
#8047 = LINE ( 'NONE', #4490, #1522 ) ;
#8048 =( NAMED_UNIT ( * ) SI_UNIT ( $, .STERADIAN. ) SOLID_ANGLE_UNIT ( ) );
#8049 = DIRECTION ( 'NONE',  ( -1.000000000000000000, 0.0000000000000000000, 1.033065433525962600E-016 ) ) ;
#8050 = ORIENTED_EDGE ( 'NONE', *, *, #4617, .F. ) ;
#8051 = SURFACE_STYLE_USAGE ( .BOTH. , #9686 ) ;
#8052 = CARTESIAN_POINT ( 'NONE',  ( 0.2399385210375706300, 0.2705511811023621500, 0.09870736768358971700 ) ) ;
#8053 = LINE ( 'NONE', #5504, #9230 ) ;
#8054 = CARTESIAN_POINT ( 'NONE',  ( 0.02500000000000004000, -0.1674264068711929000, -0.2500000000000000000 ) ) ;
#8055 = CARTESIAN_POINT ( 'NONE',  ( 0.1750000000000000400, 0.01450000000000000100, -0.3375000000000000800 ) ) ;
#8056 = EDGE_CURVE ( 'NONE', #7500, #684, #9132, .T. ) ;
#8057 = AXIS2_PLACEMENT_3D ( 'NONE', #8256, #559, #2121 ) ;
#8058 = ORIENTED_EDGE ( 'NONE', *, *, #8929, .F. ) ;
#8059 = ORIENTED_EDGE ( 'NONE', *, *, #6357, .T. ) ;
#8060 = DIRECTION ( 'NONE',  ( 0.0000000000000000000, -1.000000000000000000, 0.0000000000000000000 ) ) ;
#8061 = ORIENTED_EDGE ( 'NONE', *, *, #5622, .F. ) ;
#8062 = CYLINDRICAL_SURFACE ( 'NONE', #8131, 0.01181102362204724000 ) ;
#8063 = CIRCLE ( 'NONE', #7117, 0.01181102362204731000 ) ;
#8064 = EDGE_CURVE ( 'NONE', #8067, #2294, #9513, .T. ) ;
#8065 = CARTESIAN_POINT ( 'NONE',  ( 0.1671644312585831600, 0.6666141732283462600, 0.2073173628908212800 ) ) ;
#8066 = CARTESIAN_POINT ( 'NONE',  ( 0.1605905511811046600, 0.08200000000000000300, -0.4129999999999998700 ) ) ;
#8067 = VERTEX_POINT ( 'NONE', #7539 ) ;
#8068 = CARTESIAN_POINT ( 'NONE',  ( 0.2755511811023642100, 0.01450000000000000100, -0.2729397864125761000 ) ) ;
#8069 = EDGE_LOOP ( 'NONE', ( #3422, #2357, #1981 ) ) ;
#8070 = AXIS2_PLACEMENT_3D ( 'NONE', #40, #754, #3032 ) ;
#8071 = AXIS2_PLACEMENT_3D ( 'NONE', #2370, #71, #4677 ) ;
#8072 = CYLINDRICAL_SURFACE ( 'NONE', #4750, 0.01250000000000000200 ) ;
#8073 = LINE ( 'NONE', #1500, #9514 ) ;
#8074 = CARTESIAN_POINT ( 'NONE',  ( 0.3155511811023624700, 0.6676448794795242200, 0.2489533149417188500 ) ) ;
#8075 = CARTESIAN_POINT ( 'NONE',  ( -0.3155511811023650700, -0.1549999999999955000, -0.1420480947161671400 ) ) ;
#8076 = LINE ( 'NONE', #6923, #146 ) ;
#8077 = CARTESIAN_POINT ( 'NONE',  ( -0.3250000000000000100, 0.6619533149417181600, -0.3996141732283464100 ) ) ;
#8078 = VERTEX_POINT ( 'NONE', #7072 ) ;
#8079 = CIRCLE ( 'NONE', #4981, 0.01250000000000000200 ) ;
#8080 = DIRECTION ( 'NONE',  ( -1.000000000000000000, -3.462928498309742400E-015, -0.0000000000000000000 ) ) ;
#8081 = EDGE_CURVE ( 'NONE', #5001, #118, #7846, .T. ) ;
#8082 = EDGE_LOOP ( 'NONE', ( #7523, #8924, #126, #541 ) ) ;
#8083 = VECTOR ( 'NONE', #8761, 39.37007874015748100 ) ;
#8084 = FACE_OUTER_BOUND ( 'NONE', #88, .T. ) ;
#8085 = ORIENTED_EDGE ( 'NONE', *, *, #5816, .T. ) ;
#8086 = ORIENTED_EDGE ( 'NONE', *, *, #1910, .F. ) ;
#8087 = CARTESIAN_POINT ( 'NONE',  ( -0.3116141732283463900, 0.6799999999999999400, -0.3949533149417182600 ) ) ;
#8088 = CARTESIAN_POINT ( 'NONE',  ( -0.3069533149417182900, 0.6666141732283464800, 0.2536141732283463400 ) ) ;
#8089 =( NAMED_UNIT ( * ) SI_UNIT ( $, .STERADIAN. ) SOLID_ANGLE_UNIT ( ) );
#8090 = LINE ( 'NONE', #5467, #2153 ) ;
#8091 = FACE_OUTER_BOUND ( 'NONE', #2509, .T. ) ;
#8092 = DIRECTION ( 'NONE',  ( 0.0000000000000000000, -1.000000000000000000, -0.0000000000000000000 ) ) ;
#8093 = CLOSED_SHELL ( 'NONE', ( #20, #2813, #1055, #4728, #9827, #3472, #2477, #4445, #5660, #6782, #1392, #2385, #8751, #5891, #7651, #7016, #280, #3676, #1955, #8983, #6124, #1266, #3957, #437, #8621, #2595, #8470, #8449, #4494, #4544, #4199, #8495, #4222, #7538, #7062, #2955, #6730, #7892, #1370, #9639, #3710, #3421, #8419, #6144, #1418, #2429, #6638, #5864, #69, #1000, #983, #9099, #7747, #8675, #642, #4659, #6266, #9329, #589, #6322, #1852, #9753, #90, #5233, #870, #4611, #3912, #7993, #3105, #7114, #4860, #1801, #1746, #5469, #915, #8703, #3199, #7772, #1826, #694, #777, #7597, #7851, #7258, #2887, #6428, #9442, #7492, #7466, #8575, #8780, #8017, #2229, #1319, #8396, #9389, #9281, #8520, #115, #8598, #1881, #3324, #2328, #4257, #9416, #2626, #3787, #6297, #7698, #6348, #4147, #7671, #2356, #3250, #8326, #5994, #6076, #724, #6173, #1519, #424, #5326, #1447, #3350, #3030, #165, #7517, #6221, #9804, #9303, #5353, #2137, #6373, #7205, #3839, #8960, #8866, #2502, #2679, #6244, #3653, #815, #4245, #1158, #4344, #937, #4777, #350, #5635, #377, #9728, #2931, #6913, #1110, #8772, #1544, #5535, #9151, #2526, #2980, #5375, #3080, #323, #849, #138, #3126, #4890, #796 ) ) ;
#8094 = EDGE_CURVE ( 'NONE', #4440, #5674, #605, .T. ) ;
#8095 = DIRECTION ( 'NONE',  ( 0.0000000000000000000, -0.0000000000000000000, 1.000000000000000000 ) ) ;
#8096 = CARTESIAN_POINT ( 'NONE',  ( -0.3116141732283464500, 0.6666141732283464800, 0.004393306531884162200 ) ) ;
#8097 = CARTESIAN_POINT ( 'NONE',  ( -0.08354462770099661800, 0.4705511811023621000, 0.2575511811023651900 ) ) ;
#8098 = ORIENTED_EDGE ( 'NONE', *, *, #8381, .F. ) ;
#8099 = LINE ( 'NONE', #4099, #621 ) ;
#8100 = CARTESIAN_POINT ( 'NONE',  ( -0.3069533149417182900, 0.6705511811023621100, -0.3996141732283464100 ) ) ;
#8101 = VERTEX_POINT ( 'NONE', #8843 ) ;
#8102 = ORIENTED_EDGE ( 'NONE', *, *, #8760, .T. ) ;
#8103 = DIRECTION ( 'NONE',  ( -1.000000000000000000, 0.0000000000000000000, 0.0000000000000000000 ) ) ;
#8104 = CARTESIAN_POINT ( 'NONE',  ( 0.02500000000000004000, -0.1250000000000000000, -0.2500000000000000000 ) ) ;
#8105 = CARTESIAN_POINT ( 'NONE',  ( -0.3250000000000023400, 1.158442136805885200E-015, 0.0000000000000000000 ) ) ;
#8106 = ORIENTED_EDGE ( 'NONE', *, *, #3979, .F. ) ;
#8107 = PLANE ( 'NONE',  #6779 ) ;
#8108 = CIRCLE ( 'NONE', #2204, 0.01000000000000003000 ) ;
#8109 = EDGE_LOOP ( 'NONE', ( #85, #3989, #1562, #1197 ) ) ;
#8110 = EDGE_CURVE ( 'NONE', #1611, #9501, #8199, .T. ) ;
#8111 = DIRECTION ( 'NONE',  ( 0.0000000000000000000, 1.000000000000000000, 0.0000000000000000000 ) ) ;
#8112 = DIRECTION ( 'NONE',  ( -0.0000000000000000000, -1.000000000000000000, -0.0000000000000000000 ) ) ;
#8113 = EDGE_CURVE ( 'NONE', #1136, #1649, #3693, .T. ) ;
#8114 = AXIS2_PLACEMENT_3D ( 'NONE', #107, #1672, #884 ) ;
#8115 = LINE ( 'NONE', #6502, #2071 ) ;
#8116 = EDGE_LOOP ( 'NONE', ( #4201, #734, #5740, #6258 ) ) ;
#8117 =( NAMED_UNIT ( * ) SI_UNIT ( $, .STERADIAN. ) SOLID_ANGLE_UNIT ( ) );
#8118 = DIRECTION ( 'NONE',  ( -1.000000000000000000, 0.0000000000000000000, 0.0000000000000000000 ) ) ;
#8119 = FACE_OUTER_BOUND ( 'NONE', #8180, .T. ) ;
#8120 = CARTESIAN_POINT ( 'NONE',  ( 0.3069533149417179600, 0.6666141732283470400, 0.2575511811023620800 ) ) ;
#8121 = ORIENTED_EDGE ( 'NONE', *, *, #3729, .F. ) ;
#8122 = CARTESIAN_POINT ( 'NONE',  ( -0.1645137373393535100, 0.6205511811023621800, 0.2073173628908212800 ) ) ;
#8123 = EDGE_CURVE ( 'NONE', #4440, #7164, #2866, .T. ) ;
#8124 = MANIFOLD_SOLID_BREP ( 'Boss-Extrude5[10]', #8011 ) ;
#8125 = VERTEX_POINT ( 'NONE', #4936 ) ;
#8126 = DIRECTION ( 'NONE',  ( -0.0000000000000000000, -1.000000000000000000, -0.0000000000000000000 ) ) ;
#8127 = LINE ( 'NONE', #5846, #1127 ) ;
#8128 = ORIENTED_EDGE ( 'NONE', *, *, #3700, .T. ) ;
#8129 = ADVANCED_FACE ( 'NONE', ( #2622 ), #3582, .T. ) ;
#8130 = EDGE_CURVE ( 'NONE', #5419, #5139, #8435, .T. ) ;
#8131 = AXIS2_PLACEMENT_3D ( 'NONE', #5762, #5794, #1980 ) ;
#8132 = ORIENTED_EDGE ( 'NONE', *, *, #2092, .F. ) ;
#8133 = PLANE ( 'NONE',  #6685 ) ;
#8134 = DIRECTION ( 'NONE',  ( 0.0000000000000000000, 0.0000000000000000000, 1.000000000000000000 ) ) ;
#8135 = CARTESIAN_POINT ( 'NONE',  ( 1.365923996832131600E-016, 0.6705511811023621100, -0.08658759291419086700 ) ) ;
#8136 = EDGE_LOOP ( 'NONE', ( #1253, #692, #1555, #6856 ) ) ;
#8137 = EDGE_CURVE ( 'NONE', #4255, #2618, #154, .T. ) ;
#8138 = CARTESIAN_POINT ( 'NONE',  ( -0.1959325888690782400, 0.6799999999999999400, -0.08658759291419086700 ) ) ;
#8139 = EDGE_LOOP ( 'NONE', ( #8177, #6262, #5079, #6614, #6538, #1140, #8176, #6758 ) ) ;
#8140 = DIRECTION ( 'NONE',  ( -0.0000000000000000000, 1.000000000000000000, -0.0000000000000000000 ) ) ;
#8141 = LINE ( 'NONE', #2371, #6113 ) ;
#8142 = AXIS2_PLACEMENT_3D ( 'NONE', #857, #9744, #648 ) ;
#8143 = VERTEX_POINT ( 'NONE', #1994 ) ;
#8144 = FACE_OUTER_BOUND ( 'NONE', #3182, .T. ) ;
#8145 = VERTEX_POINT ( 'NONE', #1925 ) ;
#8146 = LINE ( 'NONE', #9547, #5757 ) ;
#8147 = CARTESIAN_POINT ( 'NONE',  ( -0.2569099894223583800, 0.6605511811023621100, 0.0000000000000000000 ) ) ;
#8148 = EDGE_CURVE ( 'NONE', #9610, #7541, #5801, .T. ) ;
#8149 = DIRECTION ( 'NONE',  ( 0.0000000000000000000, 1.000000000000000000, 0.0000000000000000000 ) ) ;
#8150 = CARTESIAN_POINT ( 'NONE',  ( 0.2249999999999999800, -0.1050000000000000100, 0.06249999999999995800 ) ) ;
#8151 = CARTESIAN_POINT ( 'NONE',  ( -0.07902975180066351700, 0.6310363052020293600, 0.2870660570026972700 ) ) ;
#8152 = EDGE_LOOP ( 'NONE', ( #6624, #8450 ) ) ;
#8153 = VECTOR ( 'NONE', #1379, 39.37007874015748100 ) ;
#8154 = DIRECTION ( 'NONE',  ( 1.000000000000000000, -0.0000000000000000000, -0.0000000000000000000 ) ) ;
#8155 = ORIENTED_EDGE ( 'NONE', *, *, #5808, .F. ) ;
#8156 = VECTOR ( 'NONE', #6777, 39.37007874015748100 ) ;
#8157 =( NAMED_UNIT ( * ) SI_UNIT ( $, .STERADIAN. ) SOLID_ANGLE_UNIT ( ) );
#8158 = AXIS2_PLACEMENT_3D ( 'NONE', #3584, #8934, #8872 ) ;
#8159 = CARTESIAN_POINT ( 'NONE',  ( 0.3069533149417182900, 0.6676448794795242200, -0.4035511811023621000 ) ) ;
#8160 = EDGE_LOOP ( 'NONE', ( #5690, #3326, #7342, #9683 ) ) ;
#8161 = CARTESIAN_POINT ( 'NONE',  ( -0.08354462770099661800, 0.4705511811023621000, 0.2575511811023651900 ) ) ;
#8162 = LINE ( 'NONE', #5129, #5420 ) ;
#8163 = DIRECTION ( 'NONE',  ( 1.000000000000000000, 0.0000000000000000000, 0.0000000000000000000 ) ) ;
#8164 = EDGE_CURVE ( 'NONE', #4315, #819, #4631, .T. ) ;
#8165 = DIRECTION ( 'NONE',  ( 0.5773502691896319500, 0.5773502691896275100, -0.5773502691896177400 ) ) ;
#8166 = PLANE ( 'NONE',  #4336 ) ;
#8167 = ORIENTED_EDGE ( 'NONE', *, *, #2419, .F. ) ;
#8168 = LINE ( 'NONE', #2898, #2947 ) ;
#8169 = CARTESIAN_POINT ( 'NONE',  ( -0.1749999999999999900, 0.01450000000000000100, -0.2625000000000000100 ) ) ;
#8170 = CARTESIAN_POINT ( 'NONE',  ( -0.3250000000000023400, 0.03999999999999992500, -0.2537107877407313000 ) ) ;
#8171 = VERTEX_POINT ( 'NONE', #5804 ) ;
#8172 = DIRECTION ( 'NONE',  ( -0.0000000000000000000, 3.661961499347899700E-015, 1.000000000000000000 ) ) ;
#8173 = CIRCLE ( 'NONE', #5777, 0.01499999999999999400 ) ;
#8174 = AXIS2_PLACEMENT_3D ( 'NONE', #6483, #6352, #9484 ) ;
#8175 = DIRECTION ( 'NONE',  ( 1.000000000000000000, 0.0000000000000000000, 0.0000000000000000000 ) ) ;
#8176 = ORIENTED_EDGE ( 'NONE', *, *, #79, .T. ) ;
#8177 = ORIENTED_EDGE ( 'NONE', *, *, #56, .T. ) ;
#8178 = FACE_OUTER_BOUND ( 'NONE', #7152, .T. ) ;
#8179 = ORIENTED_EDGE ( 'NONE', *, *, #1491, .F. ) ;
#8180 = EDGE_LOOP ( 'NONE', ( #1763, #178, #8413, #1138 ) ) ;
#8181 = CYLINDRICAL_SURFACE ( 'NONE', #5160, 0.003937007874015724600 ) ;
#8182 = CARTESIAN_POINT ( 'NONE',  ( 0.3545511811023658900, 0.01450000000000000100, -0.3545511811023612200 ) ) ;
#8183 = CARTESIAN_POINT ( 'NONE',  ( 0.2399385210375705500, 0.6355511811023624200, -0.1833786526941294200 ) ) ;
#8184 = EDGE_LOOP ( 'NONE', ( #7906, #210, #7657, #8985 ) ) ;
#8185 = DIRECTION ( 'NONE',  ( 0.0000000000000000000, -1.000000000000000000, 0.0000000000000000000 ) ) ;
#8186 = ORIENTED_EDGE ( 'NONE', *, *, #3596, .T. ) ;
#8187 = CARTESIAN_POINT ( 'NONE',  ( -0.3250000000000023400, 0.01999999999999994100, 0.06990778161457221500 ) ) ;
#8188 = EDGE_CURVE ( 'NONE', #1729, #7702, #4397, .T. ) ;
#8189 = VECTOR ( 'NONE', #5474, 39.37007874015748100 ) ;
#8190 = VECTOR ( 'NONE', #8689, 39.37007874015748100 ) ;
#8191 = LINE ( 'NONE', #2664, #1904 ) ;
#8192 = ORIENTED_EDGE ( 'NONE', *, *, #1167, .F. ) ;
#8193 = DIRECTION ( 'NONE',  ( 0.7071067811865486800, 0.7071067811865462400, -2.719453687096315600E-015 ) ) ;
#8194 = LINE ( 'NONE', #7076, #6163 ) ;
#8195 = CARTESIAN_POINT ( 'NONE',  ( -0.2755511811023642600, 0.01450000000000000100, -0.06845163660186287500 ) ) ;
#8196 = ORIENTED_EDGE ( 'NONE', *, *, #2057, .F. ) ;
#8197 = EDGE_CURVE ( 'NONE', #6621, #327, #4994, .T. ) ;
#8198 = CARTESIAN_POINT ( 'NONE',  ( 0.1605905511811047700, 0.5358241725520462900, -0.4035511811023667600 ) ) ;
#8199 = LINE ( 'NONE', #9490, #7355 ) ;
#8200 = FACE_OUTER_BOUND ( 'NONE', #2377, .T. ) ;
#8201 = DIRECTION ( 'NONE',  ( -0.0000000000000000000, -1.000000000000000000, -0.0000000000000000000 ) ) ;
#8202 = EDGE_LOOP ( 'NONE', ( #3849, #7294, #6714, #1831 ) ) ;
#8203 = CARTESIAN_POINT ( 'NONE',  ( -0.6140847758790486400, 0.6794079344954887500, 0.2575511811023651900 ) ) ;
#8204 = DIRECTION ( 'NONE',  ( 0.0000000000000000000, 1.000000000000000000, -2.134256245050199100E-015 ) ) ;
#8205 = PRESENTATION_LAYER_ASSIGNMENT (  '', '', ( #8012 ) ) ;
#8206 = ADVANCED_FACE ( 'NONE', ( #2148 ), #8018, .F. ) ;
#8207 = ORIENTED_EDGE ( 'NONE', *, *, #9669, .F. ) ;
#8208 = VECTOR ( 'NONE', #1143, 39.37007874015748100 ) ;
#8209 = CARTESIAN_POINT ( 'NONE',  ( -0.3155511811023649100, -0.1174999999999955200, -0.1320000000000000100 ) ) ;
#8210 = CARTESIAN_POINT ( 'NONE',  ( -0.3250000000000023400, 0.05599999999999997300, -0.1840000000000000000 ) ) ;
#8211 = LINE ( 'NONE', #3645, #1210 ) ;
#8212 = ORIENTED_EDGE ( 'NONE', *, *, #9273, .F. ) ;
#8213 = DIRECTION ( 'NONE',  ( -0.0000000000000000000, 1.000000000000000000, -0.0000000000000000000 ) ) ;
#8214 = ORIENTED_EDGE ( 'NONE', *, *, #5983, .F. ) ;
#8215 = DIRECTION ( 'NONE',  ( 0.0000000000000000000, -0.0000000000000000000, 1.000000000000000000 ) ) ;
#8216 = EDGE_CURVE ( 'NONE', #3805, #7446, #5925, .T. ) ;
#8217 = LINE ( 'NONE', #860, #746 ) ;
#8218 = PLANE ( 'NONE',  #4451 ) ;
#8219 = LINE ( 'NONE', #1213, #1583 ) ;
#8220 = DIRECTION ( 'NONE',  ( 1.000000000000000000, 0.0000000000000000000, 0.0000000000000000000 ) ) ;
#8221 = CARTESIAN_POINT ( 'NONE',  ( 0.1185446277009966900, 0.6705511811023621100, 0.1704271400810135600 ) ) ;
#8222 = DIRECTION ( 'NONE',  ( 0.0000000000000000000, 0.0000000000000000000, -1.000000000000000000 ) ) ;
#8223 = CARTESIAN_POINT ( 'NONE',  ( -0.3250000000000023400, 0.02999999999999994000, -0.1119999999999999900 ) ) ;
#8224 = VECTOR ( 'NONE', #2249, 39.37007874015748100 ) ;
#8225 = ORIENTED_EDGE ( 'NONE', *, *, #1910, .T. ) ;
#8226 = EDGE_CURVE ( 'NONE', #396, #6484, #386, .T. ) ;
#8227 = CARTESIAN_POINT ( 'NONE',  ( 0.2755511811023642100, 0.05455008786923420300, -0.2729397864125761000 ) ) ;
#8228 = LINE ( 'NONE', #7641, #4200 ) ;
#8229 = DIRECTION ( 'NONE',  ( -0.7071067811865426900, 0.0000000000000000000, 0.7071067811865523500 ) ) ;
#8230 = ADVANCED_FACE ( 'NONE', ( #3942 ), #8870, .F. ) ;
#8231 = ORIENTED_EDGE ( 'NONE', *, *, #1690, .F. ) ;
#8232 = CARTESIAN_POINT ( 'NONE',  ( -0.3116141732283463900, 0.5399999999999987000, 0.2669999999999993500 ) ) ;
#8233 = DIRECTION ( 'NONE',  ( -1.000000000000000000, 0.0000000000000000000, 0.0000000000000000000 ) ) ;
#8234 = FACE_OUTER_BOUND ( 'NONE', #2198, .T. ) ;
#8235 = EDGE_LOOP ( 'NONE', ( #1205, #7817, #5590, #2552 ) ) ;
#8236 = DIRECTION ( 'NONE',  ( -1.000000000000000000, -3.462928498309742400E-015, -0.0000000000000000000 ) ) ;
#8237 = ORIENTED_EDGE ( 'NONE', *, *, #2658, .F. ) ;
#8238 = AXIS2_PLACEMENT_3D ( 'NONE', #4096, #9397, #322 ) ;
#8239 = LINE ( 'NONE', #7717, #8591 ) ;
#8240 = DIRECTION ( 'NONE',  ( 0.0000000000000000000, 0.0000000000000000000, -1.000000000000000000 ) ) ;
#8241 = EDGE_LOOP ( 'NONE', ( #4427, #1131, #2338, #9228 ) ) ;
#8242 = FILL_AREA_STYLE_COLOUR ( '', #3751 ) ;
#8243 = VERTEX_POINT ( 'NONE', #8994 ) ;
#8244 = LINE ( 'NONE', #5141, #995 ) ;
#8245 = EDGE_LOOP ( 'NONE', ( #2389, #7175 ) ) ;
#8246 = EDGE_CURVE ( 'NONE', #3378, #1715, #9749, .T. ) ;
#8247 = VERTEX_POINT ( 'NONE', #9785 ) ;
#8248 = EDGE_CURVE ( 'NONE', #6682, #9554, #1911, .T. ) ;
#8249 = MECHANICAL_DESIGN_GEOMETRIC_PRESENTATION_REPRESENTATION (  '', ( #7739 ), #1966 ) ;
#8250 = DIRECTION ( 'NONE',  ( 0.7071067811865547900, 0.0000000000000000000, -0.7071067811865403600 ) ) ;
#8251 = DIRECTION ( 'NONE',  ( -3.518350040768382100E-015, 0.9659258262890679800, -0.2588190451025214100 ) ) ;
#8252 = ORIENTED_EDGE ( 'NONE', *, *, #8531, .F. ) ;
#8253 = ADVANCED_FACE ( 'NONE', ( #4173 ), #8424, .T. ) ;
#8254 = PRESENTATION_STYLE_ASSIGNMENT (( #4301 ) ) ;
#8255 = ORIENTED_EDGE ( 'NONE', *, *, #2634, .T. ) ;
#8256 = CARTESIAN_POINT ( 'NONE',  ( 0.2755511811023643200, 0.0000000000000000000, -0.3828791539144444400 ) ) ;
#8257 = DIRECTION ( 'NONE',  ( -1.000000000000000000, 0.0000000000000000000, 0.0000000000000000000 ) ) ;
#8258 = DIRECTION ( 'NONE',  ( -1.000000000000000000, -0.0000000000000000000, -0.0000000000000000000 ) ) ;
#8259 = EDGE_LOOP ( 'NONE', ( #2118, #4634, #5498, #2105 ) ) ;
#8260 = EDGE_CURVE ( 'NONE', #5633, #100, #2977, .T. ) ;
#8261 = DIRECTION ( 'NONE',  ( 3.462928498309742800E-015, 1.000000000000000000, 0.0000000000000000000 ) ) ;
#8262 =( NAMED_UNIT ( * ) SI_UNIT ( $, .STERADIAN. ) SOLID_ANGLE_UNIT ( ) );
#8263 = VERTEX_POINT ( 'NONE', #2883 ) ;
#8264 = AXIS2_PLACEMENT_3D ( 'NONE', #6810, #3988, #1749 ) ;
#8265 = VECTOR ( 'NONE', #8478, 39.37007874015748100 ) ;
#8266 = DIRECTION ( 'NONE',  ( 1.000000000000000000, 0.0000000000000000000, 0.0000000000000000000 ) ) ;
#8267 = ORIENTED_EDGE ( 'NONE', *, *, #4947, .F. ) ;
#8268 = CARTESIAN_POINT ( 'NONE',  ( 0.1605905511811047700, 0.5358241725520462900, -0.4035511811023667600 ) ) ;
#8269 = CARTESIAN_POINT ( 'NONE',  ( 0.1671644312585831600, 0.6666141732283462600, 0.2073173628908212800 ) ) ;
#8270 = EDGE_CURVE ( 'NONE', #3034, #4487, #6407, .T. ) ;
#8271 = ORIENTED_EDGE ( 'NONE', *, *, #8148, .F. ) ;
#8272 = DIRECTION ( 'NONE',  ( -0.0000000000000000000, -1.000000000000000000, -0.0000000000000000000 ) ) ;
#8273 = CARTESIAN_POINT ( 'NONE',  ( 0.3155511811023642400, 0.01450000000000000100, -0.4035511811023634300 ) ) ;
#8274 = CARTESIAN_POINT ( 'NONE',  ( -0.3250000000000023400, 0.06600000000000103000, 0.2669999999999999600 ) ) ;
#8275 = ORIENTED_EDGE ( 'NONE', *, *, #5041, .F. ) ;
#8276 = FACE_OUTER_BOUND ( 'NONE', #4503, .T. ) ;
#8277 = ADVANCED_FACE ( 'NONE', ( #3328 ), #3610, .F. ) ;
#8278 = ORIENTED_EDGE ( 'NONE', *, *, #8, .F. ) ;
#8279 = CIRCLE ( 'NONE', #663, 0.009999999999999995000 ) ;
#8280 = DIRECTION ( 'NONE',  ( 0.0000000000000000000, 0.0000000000000000000, 1.000000000000000000 ) ) ;
#8281 = EDGE_CURVE ( 'NONE', #2286, #4740, #2255, .T. ) ;
#8282 = EDGE_LOOP ( 'NONE', ( #4815, #5308, #8179, #3927 ) ) ;
#8283 = DIRECTION ( 'NONE',  ( 0.0000000000000000000, -3.661961499347899700E-015, -1.000000000000000000 ) ) ;
#8284 = DIRECTION ( 'NONE',  ( -0.0000000000000000000, 1.000000000000000000, -0.0000000000000000000 ) ) ;
#8285 = EDGE_LOOP ( 'NONE', ( #6125, #3374, #7640, #4130 ) ) ;
#8286 = VECTOR ( 'NONE', #6462, 39.37007874015748100 ) ;
#8287 = CARTESIAN_POINT ( 'NONE',  ( -0.1365176063508957700, 0.2226582210970567700, 0.2670000000000007400 ) ) ;
#8288 = CARTESIAN_POINT ( 'NONE',  ( 0.1686558729630844900, 0.6705511811023621100, 0.1426423474264984800 ) ) ;
#8289 = VERTEX_POINT ( 'NONE', #1356 ) ;
#8290 = CIRCLE ( 'NONE', #4581, 0.01250000000000000200 ) ;
#8291 = DIRECTION ( 'NONE',  ( -1.000000000000000000, -0.0000000000000000000, 1.033065433525962600E-016 ) ) ;
#8292 = EDGE_CURVE ( 'NONE', #6116, #7617, #9371, .T. ) ;
#8293 = DIRECTION ( 'NONE',  ( 1.000000000000000000, 0.0000000000000000000, -2.492171718503151100E-016 ) ) ;
#8294 = ORIENTED_EDGE ( 'NONE', *, *, #412, .F. ) ;
#8295 = LINE ( 'NONE', #5143, #6850 ) ;
#8296 = CARTESIAN_POINT ( 'NONE',  ( 0.08354462770099668800, 0.6355511811023624200, 0.2475511811023651000 ) ) ;
#8297 = ORIENTED_EDGE ( 'NONE', *, *, #9348, .F. ) ;
#8298 = ADVANCED_FACE ( 'NONE', ( #1071 ), #8072, .T. ) ;
#8299 = CARTESIAN_POINT ( 'NONE',  ( -0.3155511811023643000, 0.01450000000000000100, -0.3935511811023632000 ) ) ;
#8300 = VERTEX_POINT ( 'NONE', #7504 ) ;
#8301 = FACE_OUTER_BOUND ( 'NONE', #9103, .T. ) ;
#8302 = CARTESIAN_POINT ( 'NONE',  ( 0.3155511811023642400, 0.6605511811023620000, -0.4035511811023634300 ) ) ;
#8303 =( BOUNDED_CURVE ( )  B_SPLINE_CURVE ( 3, ( #5232, #7450, #8288, #28 ),
 .UNSPECIFIED., .F., .F. ) 
 B_SPLINE_CURVE_WITH_KNOTS ( ( 4, 4 ),
 ( 0.0000000000000000000, 1.570796326794896600 ),
 .UNSPECIFIED. ) 
 CURVE ( )  GEOMETRIC_REPRESENTATION_ITEM ( )  RATIONAL_B_SPLINE_CURVE ( ( 1.000000000000000000, 0.8047378541243649400, 0.8047378541243649400, 1.000000000000000000 ) ) 
 REPRESENTATION_ITEM ( '' )  );
#8304 = DIRECTION ( 'NONE',  ( 1.459106284977188500E-016, 0.0000000000000000000, 1.000000000000000000 ) ) ;
#8305 = EDGE_CURVE ( 'NONE', #7541, #5292, #728, .T. ) ;
#8306 = ORIENTED_EDGE ( 'NONE', *, *, #1458, .F. ) ;
#8307 = LENGTH_MEASURE_WITH_UNIT ( LENGTH_MEASURE( 0.02539999999999999900 ), #7322 );
#8308 = AXIS2_PLACEMENT_3D ( 'NONE', #4561, #7741, #6964 ) ;
#8309 = ORIENTED_EDGE ( 'NONE', *, *, #7794, .F. ) ;
#8310 = ORIENTED_EDGE ( 'NONE', *, *, #4189, .T. ) ;
#8311 = LINE ( 'NONE', #6211, #2610 ) ;
#8312 = LENGTH_MEASURE_WITH_UNIT ( LENGTH_MEASURE( 0.02539999999999999900 ), #4048 );
#8313 = CIRCLE ( 'NONE', #7939, 0.01250000000000000200 ) ;
#8314 = DIRECTION ( 'NONE',  ( -9.396418828207952100E-014, 0.0000000000000000000, 1.000000000000000000 ) ) ;
#8315 = CARTESIAN_POINT ( 'NONE',  ( -0.2669099894223583300, 0.6205511811023621800, 0.1385002118027675600 ) ) ;
#8316 = EDGE_LOOP ( 'NONE', ( #4212, #6143, #4143, #4614 ) ) ;
#8317 = CYLINDRICAL_SURFACE ( 'NONE', #917, 0.01338582677165354500 ) ;
#8318 = DIRECTION ( 'NONE',  ( 0.7071067811865423500, 0.7071067811865526800, -4.079926541718448100E-015 ) ) ;
#8319 = ORIENTED_EDGE ( 'NONE', *, *, #2002, .T. ) ;
#8320 = EDGE_CURVE ( 'NONE', #9610, #658, #6869, .T. ) ;
#8321 = LINE ( 'NONE', #3453, #8083 ) ;
#8322 = CARTESIAN_POINT ( 'NONE',  ( -0.1850000000000007200, 0.5358241725520464000, 0.2575511811023654100 ) ) ;
#8323 = LINE ( 'NONE', #7891, #4061 ) ;
#8324 = ORIENTED_EDGE ( 'NONE', *, *, #7154, .T. ) ;
#8325 = CARTESIAN_POINT ( 'NONE',  ( 0.2755511811023642600, 0.01450000000000000100, -0.06845163660186294500 ) ) ;
#8326 = ADVANCED_FACE ( 'NONE', ( #4046 ), #654, .F. ) ;
#8327 = EDGE_CURVE ( 'NONE', #6145, #9145, #2853, .T. ) ;
#8328 = CARTESIAN_POINT ( 'NONE',  ( -0.3250000000000023400, 0.08200000000000000300, -0.2637107877407313700 ) ) ;
#8329 = EDGE_LOOP ( 'NONE', ( #4293, #3124, #2840, #8836 ) ) ;
#8330 = DIRECTION ( 'NONE',  ( 0.0000000000000000000, -0.0000000000000000000, 1.000000000000000000 ) ) ;
#8331 = CARTESIAN_POINT ( 'NONE',  ( -0.3126448794795239100, 0.6619533149417185000, 0.2575511811023625800 ) ) ;
#8332 = DIRECTION ( 'NONE',  ( -1.000000000000000000, 3.462928498309767600E-015, 3.661961499347902900E-015 ) ) ;
#8333 = ORIENTED_EDGE ( 'NONE', *, *, #1527, .T. ) ;
#8334 = CARTESIAN_POINT ( 'NONE',  ( -0.2669099894223583300, 0.6205511811023621800, 0.2073173628908212800 ) ) ;
#8335 = CARTESIAN_POINT ( 'NONE',  ( 0.2249999999999999800, -0.1250000000000000000, -5.607386366632090100E-017 ) ) ;
#8336 = CARTESIAN_POINT ( 'NONE',  ( -0.1645137373393535100, 0.6205511811023621800, 0.2073173628908212800 ) ) ;
#8337 = PLANE ( 'NONE',  #6881 ) ;
#8338 = DIRECTION ( 'NONE',  ( 0.0000000000000000000, -1.000000000000000000, 0.0000000000000000000 ) ) ;
#8339 = ORIENTED_EDGE ( 'NONE', *, *, #1919, .F. ) ;
#8340 = CIRCLE ( 'NONE', #5062, 0.01181102362204731000 ) ;
#8341 = CARTESIAN_POINT ( 'NONE',  ( 7.987951608035062200E-017, 0.6705511811023621100, 0.2475511811023651300 ) ) ;
#8342 = VERTEX_POINT ( 'NONE', #51 ) ;
#8343 = ORIENTED_EDGE ( 'NONE', *, *, #7832, .F. ) ;
#8344 = EDGE_CURVE ( 'NONE', #9426, #2228, #6043, .T. ) ;
#8345 = LINE ( 'NONE', #6949, #6776 ) ;
#8346 = ORIENTED_EDGE ( 'NONE', *, *, #7108, .T. ) ;
#8347 = VECTOR ( 'NONE', #4179, 39.37007874015748100 ) ;
#8348 = ADVANCED_FACE ( 'NONE', ( #6743 ), #5253, .T. ) ;
#8349 = ORIENTED_EDGE ( 'NONE', *, *, #6087, .T. ) ;
#8350 = PLANE ( 'NONE',  #3190 ) ;
#8351 = CARTESIAN_POINT ( 'NONE',  ( 0.2399385210375706300, 0.6355511811023624200, 0.09870736768358971700 ) ) ;
#8352 = EDGE_CURVE ( 'NONE', #9533, #5640, #5792, .T. ) ;
#8353 = DIRECTION ( 'NONE',  ( 0.0000000000000000000, -1.000000000000000000, 0.0000000000000000000 ) ) ;
#8354 = LINE ( 'NONE', #9170, #6213 ) ;
#8355 = ORIENTED_EDGE ( 'NONE', *, *, #965, .T. ) ;
#8356 = CARTESIAN_POINT ( 'NONE',  ( 0.2755511811023643200, 0.01450000000000000100, 0.2575511811023650800 ) ) ;
#8357 = ORIENTED_EDGE ( 'NONE', *, *, #5131, .T. ) ;
#8358 = CARTESIAN_POINT ( 'NONE',  ( 0.2669099894223583300, 0.6205511811023621800, 0.1385002118027675600 ) ) ;
#8359 = CARTESIAN_POINT ( 'NONE',  ( 0.2249999999999999800, -0.1250000000000000000, -0.06250000000000005600 ) ) ;
#8360 = CARTESIAN_POINT ( 'NONE',  ( 0.3186013962196662100, 0.6785573680010763600, -0.3949533149417188700 ) ) ;
#8361 = ORIENTED_EDGE ( 'NONE', *, *, #3914, .T. ) ;
#8362 = VECTOR ( 'NONE', #8709, 39.37007874015748900 ) ;
#8363 = DIRECTION ( 'NONE',  ( 1.000000000000000000, 0.0000000000000000000, 7.389131165723508900E-016 ) ) ;
#8364 = EDGE_LOOP ( 'NONE', ( #3909, #6819 ) ) ;
#8365 = DIRECTION ( 'NONE',  ( 0.0000000000000000000, 1.000000000000000000, 0.0000000000000000000 ) ) ;
#8366 = ORIENTED_EDGE ( 'NONE', *, *, #9273, .T. ) ;
#8367 = DIRECTION ( 'NONE',  ( -1.000000000000000000, 0.0000000000000000000, 0.0000000000000000000 ) ) ;
#8368 = ADVANCED_FACE ( 'NONE', ( #495 ), #4623, .F. ) ;
#8369 = CARTESIAN_POINT ( 'NONE',  ( -0.07499999999999996900, 0.01450000000000000100, -0.2500000000000000000 ) ) ;
#8370 = ORIENTED_EDGE ( 'NONE', *, *, #907, .T. ) ;
#8371 = EDGE_CURVE ( 'NONE', #320, #8289, #4386, .T. ) ;
#8372 = AXIS2_PLACEMENT_3D ( 'NONE', #7206, #7987, #8814 ) ;
#8373 = ORIENTED_EDGE ( 'NONE', *, *, #5016, .F. ) ;
#8374 = DIRECTION ( 'NONE',  ( -6.954409837152875700E-015, -1.000000000000000000, -0.0000000000000000000 ) ) ;
#8375 = DIRECTION ( 'NONE',  ( -1.000000000000000000, 0.0000000000000000000, -4.960794269481283100E-017 ) ) ;
#8376 = DIRECTION ( 'NONE',  ( -0.0000000000000000000, 0.0000000000000000000, -1.000000000000000000 ) ) ;
#8377 = CARTESIAN_POINT ( 'NONE',  ( 0.3071293029295943400, 0.6663051303775455700, -0.4035511811023615400 ) ) ;
#8378 = VERTEX_POINT ( 'NONE', #81 ) ;
#8379 = LINE ( 'NONE', #4151, #1268 ) ;
#8380 = DIRECTION ( 'NONE',  ( -0.0000000000000000000, 1.000000000000000000, -0.0000000000000000000 ) ) ;
#8381 = EDGE_CURVE ( 'NONE', #2157, #9061, #260, .T. ) ;
#8382 = ORIENTED_EDGE ( 'NONE', *, *, #9057, .T. ) ;
#8383 = CARTESIAN_POINT ( 'NONE',  ( -0.3155511811023643000, 0.02999999999999994000, -0.1119999999999999900 ) ) ;
#8384 = LINE ( 'NONE', #1916, #6001 ) ;
#8385 = DIRECTION ( 'NONE',  ( -0.0000000000000000000, 1.000000000000000000, 0.0000000000000000000 ) ) ;
#8386 = AXIS2_PLACEMENT_3D ( 'NONE', #2638, #6273, #3337 ) ;
#8387 = ORIENTED_EDGE ( 'NONE', *, *, #5867, .T. ) ;
#8388 = CARTESIAN_POINT ( 'NONE',  ( 0.3173036717348460300, 0.6723036717348476200, 0.2670000000000020700 ) ) ;
#8389 = VECTOR ( 'NONE', #2284, 39.37007874015748100 ) ;
#8390 = CARTESIAN_POINT ( 'NONE',  ( 0.2399385210375705500, 0.2705511811023621500, -0.09287881401875221200 ) ) ;
#8391 = CARTESIAN_POINT ( 'NONE',  ( -0.1295137373393534800, 0.6355511811023624200, 0.1704271400810135900 ) ) ;
#8392 = CARTESIAN_POINT ( 'NONE',  ( -0.3250000000000023400, 0.06600000000000103000, 0.2238645401817222200 ) ) ;
#8393 = B_SPLINE_CURVE_WITH_KNOTS ( 'NONE', 3,
 ( #8100, #6594, #6535, #1274, #3564, #2802 ),
 .UNSPECIFIED., .F., .F.,
 ( 4, 2, 4 ),
 ( 0.0000000000000000000, 0.5000000000000000000, 1.000000000000000000 ),
 .UNSPECIFIED. ) ;
#8394 = ORIENTED_EDGE ( 'NONE', *, *, #9537, .F. ) ;
#8395 = DIRECTION ( 'NONE',  ( 1.000000000000000000, 0.0000000000000000000, -0.0000000000000000000 ) ) ;
#8396 = ADVANCED_FACE ( 'NONE', ( #840 ), #5382, .T. ) ;
#8397 = VECTOR ( 'NONE', #2916, 39.37007874015748100 ) ;
#8398 = EDGE_CURVE ( 'NONE', #3861, #7323, #6521, .T. ) ;
#8399 = CARTESIAN_POINT ( 'NONE',  ( -0.2399385210375706000, 0.2705511811023621500, -0.09287881401875214300 ) ) ;
#8400 = ORIENTED_EDGE ( 'NONE', *, *, #7629, .T. ) ;
#8401 = PLANE ( 'NONE',  #7749 ) ;
#8402 = CYLINDRICAL_SURFACE ( 'NONE', #1173, 0.003937007874015724600 ) ;
#8403 = AXIS2_PLACEMENT_3D ( 'NONE', #8920, #492, #4351 ) ;
#8404 = VERTEX_POINT ( 'NONE', #861 ) ;
#8405 = LINE ( 'NONE', #8474, #8873 ) ;
#8406 = PLANE ( 'NONE',  #8142 ) ;
#8407 = ORIENTED_EDGE ( 'NONE', *, *, #2461, .F. ) ;
#8408 = CARTESIAN_POINT ( 'NONE',  ( -0.3173036717348476900, 0.6705511811023621100, 0.2593036717348475900 ) ) ;
#8409 = PRESENTATION_STYLE_ASSIGNMENT (( #1865 ) ) ;
#8410 = DIRECTION ( 'NONE',  ( 1.000000000000000000, -0.0000000000000000000, 0.0000000000000000000 ) ) ;
#8411 = EDGE_CURVE ( 'NONE', #3664, #9061, #4287, .T. ) ;
#8412 = ORIENTED_EDGE ( 'NONE', *, *, #99, .T. ) ;
#8413 = ORIENTED_EDGE ( 'NONE', *, *, #904, .F. ) ;
#8414 = DIRECTION ( 'NONE',  ( 0.0000000000000000000, -1.000000000000000000, -0.0000000000000000000 ) ) ;
#8415 = FACE_OUTER_BOUND ( 'NONE', #8152, .T. ) ;
#8416 = DIRECTION ( 'NONE',  ( 0.0000000000000000000, 1.000000000000000000, 0.0000000000000000000 ) ) ;
#8417 = VERTEX_POINT ( 'NONE', #17 ) ;
#8418 = DIRECTION ( 'NONE',  ( -0.0000000000000000000, 1.000000000000000000, -0.0000000000000000000 ) ) ;
#8419 = ADVANCED_FACE ( 'NONE', ( #9740 ), #5331, .T. ) ;
#8420 = AXIS2_PLACEMENT_3D ( 'NONE', #8065, #2800, #9606 ) ;
#8421 = VERTEX_POINT ( 'NONE', #4563 ) ;
#8422 = ORIENTED_EDGE ( 'NONE', *, *, #8246, .T. ) ;
#8423 = DIRECTION ( 'NONE',  ( 0.0000000000000000000, 1.000000000000000000, 0.0000000000000000000 ) ) ;
#8424 = CYLINDRICAL_SURFACE ( 'NONE', #516, 0.009999999999999995000 ) ;
#8425 = VECTOR ( 'NONE', #4627, 39.37007874015748100 ) ;
#8426 = DIRECTION ( 'NONE',  ( 5.782411586589324900E-015, 1.000000000000000000, 0.0000000000000000000 ) ) ;
#8427 = UNCERTAINTY_MEASURE_WITH_UNIT (LENGTH_MEASURE( 1.000000000000000100E-005 ), #4285, 'distance_accuracy_value', 'NONE');
#8428 = DIRECTION ( 'NONE',  ( 0.5773502691896271700, 0.5773502691896227300, -0.5773502691896274000 ) ) ;
#8429 = VECTOR ( 'NONE', #9316, 39.37007874015748100 ) ;
#8430 = ORIENTED_EDGE ( 'NONE', *, *, #4149, .T. ) ;
#8431 = VECTOR ( 'NONE', #1654, 39.37007874015748100 ) ;
#8432 = ORIENTED_EDGE ( 'NONE', *, *, #3999, .F. ) ;
#8433 = EDGE_CURVE ( 'NONE', #7160, #1094, #6625, .T. ) ;
#8434 = EDGE_CURVE ( 'NONE', #2745, #6505, #2739, .T. ) ;
#8435 = LINE ( 'NONE', #4249, #6418 ) ;
#8436 = CIRCLE ( 'NONE', #6984, 0.009999999999999995000 ) ;
#8437 = ORIENTED_EDGE ( 'NONE', *, *, #9348, .T. ) ;
#8438 = EDGE_LOOP ( 'NONE', ( #8779, #8890, #2282 ) ) ;
#8439 = CARTESIAN_POINT ( 'NONE',  ( 0.3235573680010775900, 0.6619533149417190500, -0.4066013962196659000 ) ) ;
#8440 = DIRECTION ( 'NONE',  ( -3.661961499347913900E-015, 0.0000000000000000000, -1.000000000000000000 ) ) ;
#8441 = ORIENTED_EDGE ( 'NONE', *, *, #8811, .T. ) ;
#8442 = FACE_OUTER_BOUND ( 'NONE', #5103, .T. ) ;
#8443 = EDGE_CURVE ( 'NONE', #2519, #3826, #4743, .T. ) ;
#8444 = LINE ( 'NONE', #4833, #7969 ) ;
#8445 = CARTESIAN_POINT ( 'NONE',  ( 0.3116141732283486700, 0.06600000000000103000, 0.2669999999999999600 ) ) ;
#8446 = CARTESIAN_POINT ( 'NONE',  ( -0.3250000000000023400, 0.03999999999999992500, -0.1940000000000000100 ) ) ;
#8447 = EDGE_LOOP ( 'NONE', ( #9192, #2269, #2400, #439 ) ) ;
#8448 = CARTESIAN_POINT ( 'NONE',  ( 1.365923996832131600E-016, 0.6799999999999999400, 0.0000000000000000000 ) ) ;
#8449 = ADVANCED_FACE ( 'NONE', ( #2497 ), #9089, .T. ) ;
#8450 = ORIENTED_EDGE ( 'NONE', *, *, #6181, .T. ) ;
#8451 = DIRECTION ( 'NONE',  ( 0.0000000000000000000, 1.000000000000000000, -1.313388458492436200E-015 ) ) ;
#8452 = STYLED_ITEM ( 'NONE', ( #953 ), #9452 ) ;
#8453 = FACE_OUTER_BOUND ( 'NONE', #7215, .T. ) ;
#8454 = LINE ( 'NONE', #2696, #7862 ) ;
#8455 = DIRECTION ( 'NONE',  ( 0.0000000000000000000, 0.0000000000000000000, -1.000000000000000000 ) ) ;
#8456 = ORIENTED_EDGE ( 'NONE', *, *, #7274, .T. ) ;
#8457 = EDGE_CURVE ( 'NONE', #2228, #2890, #9120, .T. ) ;
#8458 = DIRECTION ( 'NONE',  ( 0.0000000000000000000, -1.000000000000000000, -0.0000000000000000000 ) ) ;
#8459 = DIRECTION ( 'NONE',  ( -6.815701923854750800E-031, -1.968190197164480500E-016, -1.000000000000000000 ) ) ;
#8460 = VECTOR ( 'NONE', #3145, 39.37007874015748100 ) ;
#8461 = DIRECTION ( 'NONE',  ( -0.0000000000000000000, 1.000000000000000000, -0.0000000000000000000 ) ) ;
#8462 = VERTEX_POINT ( 'NONE', #3077 ) ;
#8463 = AXIS2_PLACEMENT_3D ( 'NONE', #1674, #4685, #6309 ) ;
#8464 = VECTOR ( 'NONE', #6824, 39.37007874015748100 ) ;
#8465 = VERTEX_POINT ( 'NONE', #5350 ) ;
#8466 = DIRECTION ( 'NONE',  ( -0.0000000000000000000, 1.000000000000000000, -0.0000000000000000000 ) ) ;
#8467 = CARTESIAN_POINT ( 'NONE',  ( -0.2669099894223583300, 0.6666141732283462600, 0.1503393543984664600 ) ) ;
#8468 = LINE ( 'NONE', #247, #419 ) ;
#8469 = ORIENTED_EDGE ( 'NONE', *, *, #5058, .F. ) ;
#8470 = ADVANCED_FACE ( 'NONE', ( #374 ), #2308, .T. ) ;
#8471 = DIRECTION ( 'NONE',  ( 0.0000000000000000000, -1.000000000000000000, 0.0000000000000000000 ) ) ;
#8472 = EDGE_CURVE ( 'NONE', #6332, #5976, #7835, .T. ) ;
#8473 = VECTOR ( 'NONE', #4723, 39.37007874015748100 ) ;
#8474 = CARTESIAN_POINT ( 'NONE',  ( 0.3155511811023643000, 0.03999999999999992500, 0.0000000000000000000 ) ) ;
#8475 = VERTEX_POINT ( 'NONE', #1736 ) ;
#8476 = AXIS2_PLACEMENT_3D ( 'NONE', #7248, #8024, #3482 ) ;
#8477 = DIRECTION ( 'NONE',  ( 0.0000000000000000000, 0.0000000000000000000, 1.000000000000000000 ) ) ;
#8478 = DIRECTION ( 'NONE',  ( -1.000000000000000000, 3.462928498309742800E-015, 0.0000000000000000000 ) ) ;
#8479 = ORIENTED_EDGE ( 'NONE', *, *, #9576, .T. ) ;
#8480 = FACE_OUTER_BOUND ( 'NONE', #5835, .T. ) ;
#8481 = ORIENTED_EDGE ( 'NONE', *, *, #9498, .T. ) ;
#8482 = PRESENTATION_LAYER_ASSIGNMENT (  '', '', ( #173 ) ) ;
#8483 = PLANE ( 'NONE',  #8656 ) ;
#8484 = CARTESIAN_POINT ( 'NONE',  ( -0.3173036717348476900, 0.6723036717348465100, -0.4035511811023611600 ) ) ;
#8485 = VERTEX_POINT ( 'NONE', #1560 ) ;
#8486 = EDGE_CURVE ( 'NONE', #3142, #1608, #1780, .T. ) ;
#8487 = CARTESIAN_POINT ( 'NONE',  ( 0.2249999999999999800, -0.1250000000000000000, -5.607386366632090100E-017 ) ) ;
#8488 = EDGE_LOOP ( 'NONE', ( #3388, #2193, #5776, #987 ) ) ;
#8489 = LINE ( 'NONE', #2078, #4226 ) ;
#8490 = ORIENTED_EDGE ( 'NONE', *, *, #9135, .T. ) ;
#8491 = DIRECTION ( 'NONE',  ( -0.0000000000000000000, 1.000000000000000000, -0.0000000000000000000 ) ) ;
#8492 = CARTESIAN_POINT ( 'NONE',  ( -0.3173036717348486900, 0.6723036717348476200, 0.2575511811023630200 ) ) ;
#8493 = ORIENTED_EDGE ( 'NONE', *, *, #6281, .T. ) ;
#8494 = DIRECTION ( 'NONE',  ( -1.000000000000000000, 0.0000000000000000000, 0.0000000000000000000 ) ) ;
#8495 = ADVANCED_FACE ( 'NONE', ( #7590 ), #6935, .T. ) ;
#8496 = CARTESIAN_POINT ( 'NONE',  ( 0.3155511811023642400, 0.05599999999999997300, 0.07990778161457226500 ) ) ;
#8497 = ORIENTED_EDGE ( 'NONE', *, *, #3481, .T. ) ;
#8498 = VECTOR ( 'NONE', #5569, 39.37007874015748100 ) ;
#8499 = CARTESIAN_POINT ( 'NONE',  ( -0.1365176063508957700, 0.2226582210970567700, -0.4130000000000007600 ) ) ;
#8500 = CARTESIAN_POINT ( 'NONE',  ( 0.1645137373393535100, 0.6205511811023621800, 0.2073173628908212800 ) ) ;
#8501 = PLANE ( 'NONE',  #9266 ) ;
#8502 = ORIENTED_EDGE ( 'NONE', *, *, #6336, .F. ) ;
#8503 = VECTOR ( 'NONE', #3967, 39.37007874015748100 ) ;
#8504 = CARTESIAN_POINT ( 'NONE',  ( -0.3250000000000023400, 0.05599999999999997300, 0.07990778161457226500 ) ) ;
#8505 = CARTESIAN_POINT ( 'NONE',  ( -0.3250000000000023400, 0.03999999999999992500, -0.2537107877407313000 ) ) ;
#8506 = ORIENTED_EDGE ( 'NONE', *, *, #391, .F. ) ;
#8507 = EDGE_CURVE ( 'NONE', #2062, #9550, #6282, .T. ) ;
#8508 = FACE_OUTER_BOUND ( 'NONE', #8136, .T. ) ;
#8509 = AXIS2_PLACEMENT_3D ( 'NONE', #4174, #5667, #2677 ) ;
#8510 = DIRECTION ( 'NONE',  ( 1.000000000000000000, 0.0000000000000000000, 0.0000000000000000000 ) ) ;
#8511 = DIRECTION ( 'NONE',  ( 0.0000000000000000000, 0.0000000000000000000, 1.000000000000000000 ) ) ;
#8512 = EDGE_LOOP ( 'NONE', ( #7518, #9803, #2532, #9540 ) ) ;
#8513 = DIRECTION ( 'NONE',  ( 0.0000000000000000000, 0.0000000000000000000, -1.000000000000000000 ) ) ;
#8514 = VECTOR ( 'NONE', #5841, 39.37007874015748100 ) ;
#8515 = CARTESIAN_POINT ( 'NONE',  ( 0.3155511811023644100, 0.05599999999999993900, -0.1740000000000000200 ) ) ;
#8516 = EDGE_CURVE ( 'NONE', #4794, #1247, #4161, .T. ) ;
#8517 = ORIENTED_EDGE ( 'NONE', *, *, #4902, .T. ) ;
#8518 = FACE_OUTER_BOUND ( 'NONE', #9175, .T. ) ;
#8519 = VERTEX_POINT ( 'NONE', #6972 ) ;
#8520 = ADVANCED_FACE ( 'NONE', ( #7950 ), #3920, .F. ) ;
#8521 = ORIENTED_EDGE ( 'NONE', *, *, #5496, .F. ) ;
#8522 = AXIS2_PLACEMENT_3D ( 'NONE', #2659, #9388, #6496 ) ;
#8523 = CARTESIAN_POINT ( 'NONE',  ( -0.3116141732283463900, 0.6705511811023621100, -0.3949533149417182600 ) ) ;
#8524 = CIRCLE ( 'NONE', #8959, 0.009999999999999995000 ) ;
#8525 = CARTESIAN_POINT ( 'NONE',  ( -0.3250000000000023400, 0.03999999999999992500, 0.2238645401817222200 ) ) ;
#8526 = CARTESIAN_POINT ( 'NONE',  ( 0.3069533149417188500, 0.6800000000000007100, 0.2536141732283463400 ) ) ;
#8527 = EDGE_LOOP ( 'NONE', ( #4470, #7383, #8589, #3038 ) ) ;
#8528 = LINE ( 'NONE', #4941, #8286 ) ;
#8529 = DIRECTION ( 'NONE',  ( -4.960794269481283100E-017, 0.0000000000000000000, -1.000000000000000000 ) ) ;
#8530 = CARTESIAN_POINT ( 'NONE',  ( -0.3116141732283476100, 0.08199999999999997600, -0.3996141732283464100 ) ) ;
#8531 = EDGE_CURVE ( 'NONE', #1870, #8921, #9631, .T. ) ;
#8532 = ORIENTED_EDGE ( 'NONE', *, *, #1760, .F. ) ;
#8533 = LINE ( 'NONE', #6136, #3071 ) ;
#8534 = DIRECTION ( 'NONE',  ( 0.0000000000000000000, -1.000000000000000000, -0.0000000000000000000 ) ) ;
#8535 = DIRECTION ( 'NONE',  ( 0.0000000000000000000, 1.000000000000000000, 0.0000000000000000000 ) ) ;
#8536 = CARTESIAN_POINT ( 'NONE',  ( -0.3055511811023642300, 0.6705511811023621100, 0.2475511811023651800 ) ) ;
#8537 = ORIENTED_EDGE ( 'NONE', *, *, #5641, .F. ) ;
#8538 = AXIS2_PLACEMENT_3D ( 'NONE', #7089, #7866, #5929 ) ;
#8539 = ORIENTED_EDGE ( 'NONE', *, *, #8260, .T. ) ;
#8540 = CARTESIAN_POINT ( 'NONE',  ( 0.2399385210375705500, 0.6355511811023624200, -0.09287881401875221200 ) ) ;
#8541 = EDGE_LOOP ( 'NONE', ( #6038, #4265, #6563, #751 ) ) ;
#8542 = VECTOR ( 'NONE', #7166, 39.37007874015748100 ) ;
#8543 = DIRECTION ( 'NONE',  ( -1.000000000000000000, 3.462928498309742800E-015, -0.0000000000000000000 ) ) ;
#8544 = EDGE_CURVE ( 'NONE', #1380, #2035, #5098, .T. ) ;
#8545 = DIRECTION ( 'NONE',  ( -1.000000000000000000, 0.0000000000000000000, 5.782411586589358800E-015 ) ) ;
#8546 = ORIENTED_EDGE ( 'NONE', *, *, #741, .T. ) ;
#8547 = ADVANCED_FACE ( 'NONE', ( #4618 ), #2538, .T. ) ;
#8548 = PLANE ( 'NONE',  #650 ) ;
#8549 = VERTEX_POINT ( 'NONE', #2444 ) ;
#8550 = DIRECTION ( 'NONE',  ( 1.000000000000000000, 0.0000000000000000000, -2.492171718503151100E-016 ) ) ;
#8551 = VECTOR ( 'NONE', #8314, 39.37007874015748100 ) ;
#8552 = CYLINDRICAL_SURFACE ( 'NONE', #5822, 0.003937007874015724600 ) ;
#8553 = CARTESIAN_POINT ( 'NONE',  ( 0.2561045361904967200, 0.2705511811023621500, -0.09287881401875221200 ) ) ;
#8554 = AXIS2_PLACEMENT_3D ( 'NONE', #4909, #382, #5646 ) ;
#8555 = ORIENTED_EDGE ( 'NONE', *, *, #1862, .F. ) ;
#8556 = PRESENTATION_STYLE_ASSIGNMENT (( #601 ) ) ;
#8557 = CARTESIAN_POINT ( 'NONE',  ( -0.2051873039643365700, -0.0000000000000000000, -0.3067141884898558200 ) ) ;
#8558 = ORIENTED_EDGE ( 'NONE', *, *, #7264, .T. ) ;
#8559 = VECTOR ( 'NONE', #3938, 39.37007874015748100 ) ;
#8560 = CARTESIAN_POINT ( 'NONE',  ( -0.02499999999999993900, 0.01450000000000000100, -0.3625000000000001000 ) ) ;
#8561 = CARTESIAN_POINT ( 'NONE',  ( -0.3250000000000023400, 0.06600000000000103000, 0.2536141732283463400 ) ) ;
#8562 = LINE ( 'NONE', #9494, #3704 ) ;
#8563 = FACE_OUTER_BOUND ( 'NONE', #7796, .T. ) ;
#8564 = EDGE_LOOP ( 'NONE', ( #1171, #5574, #6600, #7163 ) ) ;
#8565 = VERTEX_POINT ( 'NONE', #6276 ) ;
#8566 = DIRECTION ( 'NONE',  ( 0.0000000000000000000, 0.0000000000000000000, 1.000000000000000000 ) ) ;
#8567 = CARTESIAN_POINT ( 'NONE',  ( -0.1749999999999999900, -0.1250000000000000000, -0.2500000000000000000 ) ) ;
#8568 = DIRECTION ( 'NONE',  ( 4.960794269481283100E-017, 0.0000000000000000000, -1.000000000000000000 ) ) ;
#8569 = EDGE_CURVE ( 'NONE', #5978, #2346, #5554, .T. ) ;
#8570 = CARTESIAN_POINT ( 'NONE',  ( 0.1605124221163134500, 0.6666141732283462600, 0.2170512116749741300 ) ) ;
#8571 = VECTOR ( 'NONE', #8477, 39.37007874015748100 ) ;
#8572 = AXIS2_PLACEMENT_3D ( 'NONE', #2059, #3677, #696 ) ;
#8573 = CARTESIAN_POINT ( 'NONE',  ( -0.3155511811023642400, 0.05455008786923420300, 0.07990778161457233500 ) ) ;
#8574 = LINE ( 'NONE', #2926, #5013 ) ;
#8575 = ADVANCED_FACE ( 'NONE', ( #5914 ), #5444, .T. ) ;
#8576 = CARTESIAN_POINT ( 'NONE',  ( -3.687994791446756000E-015, 0.08200000000000000300, -0.4035511811023646000 ) ) ;
#8577 = ORIENTED_EDGE ( 'NONE', *, *, #3129, .T. ) ;
#8578 = FILL_AREA_STYLE ('',( #233 ) ) ;
#8579 = EDGE_CURVE ( 'NONE', #584, #5978, #8311, .T. ) ;
#8580 = ORIENTED_EDGE ( 'NONE', *, *, #2281, .F. ) ;
#8581 = DIRECTION ( 'NONE',  ( 1.000000000000000000, -0.0000000000000000000, -0.0000000000000000000 ) ) ;
#8582 = LINE ( 'NONE', #1271, #4899 ) ;
#8583 = VERTEX_POINT ( 'NONE', #7008 ) ;
#8584 = CARTESIAN_POINT ( 'NONE',  ( -0.3113051303775470300, 0.6621293029295949300, -0.4130000000000009800 ) ) ;
#8585 = AXIS2_PLACEMENT_3D ( 'NONE', #9320, #2635, #7935 ) ;
#8586 = DIRECTION ( 'NONE',  ( 2.492171718503151100E-016, 0.0000000000000000000, 1.000000000000000000 ) ) ;
#8587 = AXIS2_PLACEMENT_3D ( 'NONE', #7218, #7182, #6467 ) ;
#8588 = VECTOR ( 'NONE', #6188, 39.37007874015748100 ) ;
#8589 = ORIENTED_EDGE ( 'NONE', *, *, #1375, .F. ) ;
#8590 = DIRECTION ( 'NONE',  ( 0.0000000000000000000, 3.462928498309718700E-015, 1.000000000000000000 ) ) ;
#8591 = VECTOR ( 'NONE', #4045, 39.37007874015748100 ) ;
#8592 = ORIENTED_EDGE ( 'NONE', *, *, #8292, .T. ) ;
#8593 = EDGE_CURVE ( 'NONE', #1710, #4574, #3930, .T. ) ;
#8594 = DIRECTION ( 'NONE',  ( -0.7071067811865413600, -0.7071067811865536800, 2.448660223918979500E-015 ) ) ;
#8595 = PLANE ( 'NONE',  #2905 ) ;
#8596 = AXIS2_PLACEMENT_3D ( 'NONE', #592, #2152, #5981 ) ;
#8597 = DIRECTION ( 'NONE',  ( 1.000000000000000000, 0.0000000000000000000, -0.0000000000000000000 ) ) ;
#8598 = ADVANCED_FACE ( 'NONE', ( #3442 ), #3203, .F. ) ;
#8599 = LINE ( 'NONE', #6712, #3744 ) ;
#8600 = ORIENTED_EDGE ( 'NONE', *, *, #3139, .T. ) ;
#8601 = CARTESIAN_POINT ( 'NONE',  ( -0.2561045361904967200, 0.6517171962552883400, -0.09287881401875214300 ) ) ;
#8602 = ORIENTED_EDGE ( 'NONE', *, *, #2616, .F. ) ;
#8603 = DIRECTION ( 'NONE',  ( -0.0000000000000000000, 1.000000000000000000, -0.0000000000000000000 ) ) ;
#8604 = DIRECTION ( 'NONE',  ( 7.389131165723508900E-016, 0.0000000000000000000, 1.000000000000000000 ) ) ;
#8605 = PLANE ( 'NONE',  #2964 ) ;
#8606 = DIRECTION ( 'NONE',  ( -3.462928498309742800E-015, 1.000000000000000000, -2.134256245050199100E-015 ) ) ;
#8607 = EDGE_CURVE ( 'NONE', #8485, #4247, #24, .T. ) ;
#8608 = ORIENTED_EDGE ( 'NONE', *, *, #2870, .F. ) ;
#8609 = LINE ( 'NONE', #5588, #8362 ) ;
#8610 = VERTEX_POINT ( 'NONE', #4856 ) ;
#8611 = VERTEX_POINT ( 'NONE', #6479 ) ;
#8612 = PLANE ( 'NONE',  #330 ) ;
#8613 = AXIS2_PLACEMENT_3D ( 'NONE', #5176, #5998, #680 ) ;
#8614 = CARTESIAN_POINT ( 'NONE',  ( 0.1653149606299236800, 0.5358241725520462900, 0.2575511811023667400 ) ) ;
#8615 = VERTEX_POINT ( 'NONE', #331 ) ;
#8616 = LINE ( 'NONE', #4997, #2321 ) ;
#8617 = CARTESIAN_POINT ( 'NONE',  ( -0.2399385210375706000, 0.2705511811023621500, -0.1833786526941293700 ) ) ;
#8618 = CARTESIAN_POINT ( 'NONE',  ( -0.3155511811023649100, -0.1174999999999955200, -0.1739999999999999900 ) ) ;
#8619 = ORIENTED_EDGE ( 'NONE', *, *, #79, .F. ) ;
#8620 = LINE ( 'NONE', #5243, #2210 ) ;
#8621 = ADVANCED_FACE ( 'NONE', ( #5782 ), #9406, .F. ) ;
#8622 = DIRECTION ( 'NONE',  ( -0.0000000000000000000, -0.0000000000000000000, 1.000000000000000000 ) ) ;
#8623 = ORIENTED_EDGE ( 'NONE', *, *, #2655, .T. ) ;
#8624 = CARTESIAN_POINT ( 'NONE',  ( -0.1645137373393535100, 0.6664090454786311100, 0.1385002118027675600 ) ) ;
#8625 = EDGE_CURVE ( 'NONE', #2561, #854, #3808, .T. ) ;
#8626 = FACE_OUTER_BOUND ( 'NONE', #5906, .T. ) ;
#8627 = EDGE_CURVE ( 'NONE', #5533, #6454, #9622, .T. ) ;
#8628 = AXIS2_PLACEMENT_3D ( 'NONE', #1175, #1941, #7227 ) ;
#8629 = VERTEX_POINT ( 'NONE', #1913 ) ;
#8630 = LINE ( 'NONE', #2705, #5064 ) ;
#8631 = DIRECTION ( 'NONE',  ( 0.0000000000000000000, 0.0000000000000000000, 1.000000000000000000 ) ) ;
#8632 = ORIENTED_EDGE ( 'NONE', *, *, #9498, .F. ) ;
#8633 = CARTESIAN_POINT ( 'NONE',  ( -0.3235573680010762600, 0.6736013962196661900, -0.3949533149417183700 ) ) ;
#8634 = CARTESIAN_POINT ( 'NONE',  ( 0.1295137373393535100, 0.6355511811023624200, 0.09870736768358974500 ) ) ;
#8635 = LINE ( 'NONE', #8728, #5413 ) ;
#8636 = EDGE_CURVE ( 'NONE', #1317, #6852, #8784, .T. ) ;
#8637 = PLANE ( 'NONE',  #8238 ) ;
#8638 = EDGE_LOOP ( 'NONE', ( #191, #5251, #75, #6383 ) ) ;
#8639 = PLANE ( 'NONE',  #4824 ) ;
#8640 = CYLINDRICAL_SURFACE ( 'NONE', #1100, 0.06250000000000000000 ) ;
#8641 = EDGE_CURVE ( 'NONE', #8610, #2239, #7335, .T. ) ;
#8642 = ORIENTED_EDGE ( 'NONE', *, *, #1322, .F. ) ;
#8643 = CIRCLE ( 'NONE', #7447, 0.003937007874015724600 ) ;
#8644 = DIRECTION ( 'NONE',  ( 0.7071067811865486800, -0.7071067811865462400, 3.944304526105058200E-031 ) ) ;
#8645 = CARTESIAN_POINT ( 'NONE',  ( 1.633817225381137300E-016, 0.6705511811023621100, 0.2475511811023651300 ) ) ;
#8646 = DIRECTION ( 'NONE',  ( 0.0000000000000000000, 0.0000000000000000000, 1.000000000000000000 ) ) ;
#8647 = ADVANCED_FACE ( 'NONE', ( #6033 ), #4958, .F. ) ;
#8648 = ORIENTED_EDGE ( 'NONE', *, *, #3900, .T. ) ;
#8649 = DIRECTION ( 'NONE',  ( 0.0000000000000000000, -1.000000000000000000, -0.0000000000000000000 ) ) ;
#8650 = LINE ( 'NONE', #1641, #2957 ) ;
#8651 = EDGE_CURVE ( 'NONE', #9766, #4036, #1431, .T. ) ;
#8652 = ORIENTED_EDGE ( 'NONE', *, *, #1737, .T. ) ;
#8653 = VECTOR ( 'NONE', #710, 39.37007874015748100 ) ;
#8654 = DIRECTION ( 'NONE',  ( 1.000000000000000000, -0.0000000000000000000, -0.0000000000000000000 ) ) ;
#8655 = ORIENTED_EDGE ( 'NONE', *, *, #6837, .T. ) ;
#8656 = AXIS2_PLACEMENT_3D ( 'NONE', #7041, #3307, #2418 ) ;
#8657 = EDGE_LOOP ( 'NONE', ( #5749, #9296, #6608, #1310 ) ) ;
#8658 = DIRECTION ( 'NONE',  ( -7.228014483236677800E-015, 1.096454762763022200E-014, -1.000000000000000000 ) ) ;
#8659 = CARTESIAN_POINT ( 'NONE',  ( -0.1645137373393535100, 0.6605511811023621100, 0.1385002118027675600 ) ) ;
#8660 = FACE_OUTER_BOUND ( 'NONE', #908, .T. ) ;
#8661 = DIRECTION ( 'NONE',  ( 0.0000000000000000000, 1.000000000000000000, 0.0000000000000000000 ) ) ;
#8662 = B_SPLINE_CURVE_WITH_KNOTS ( 'NONE', 3,
 ( #7186, #4196, #7291, #5784, #5725, #2668 ),
 .UNSPECIFIED., .F., .F.,
 ( 4, 2, 4 ),
 ( 0.0000000000000000000, 0.5000000000000000000, 1.000000000000000000 ),
 .UNSPECIFIED. ) ;
#8663 = EDGE_LOOP ( 'NONE', ( #3070, #3685, #287, #9520 ) ) ;
#8664 = CARTESIAN_POINT ( 'NONE',  ( 0.1750000000000000400, 0.01450000000000000100, -0.3500000000000000900 ) ) ;
#8665 = CARTESIAN_POINT ( 'NONE',  ( 0.1959325888690782400, 0.6799999999999999400, 0.004393306531884149200 ) ) ;
#8666 = EDGE_CURVE ( 'NONE', #6222, #2188, #6988, .T. ) ;
#8667 = ORIENTED_EDGE ( 'NONE', *, *, #6899, .F. ) ;
#8668 = DIRECTION ( 'NONE',  ( 0.0000000000000000000, 3.491481338843133400E-015, 1.000000000000000000 ) ) ;
#8669 = VERTEX_POINT ( 'NONE', #3340 ) ;
#8670 = DIRECTION ( 'NONE',  ( -1.000000000000000000, 0.0000000000000000000, -3.986037398843766100E-017 ) ) ;
#8671 = VECTOR ( 'NONE', #8966, 39.37007874015748100 ) ;
#8672 = CARTESIAN_POINT ( 'NONE',  ( -0.2669099894223583300, 0.6605511811023621100, 0.2073173628908212800 ) ) ;
#8673 = CIRCLE ( 'NONE', #1716, 0.01181102362204724000 ) ;
#8674 = DIRECTION ( 'NONE',  ( 0.0000000000000000000, 0.0000000000000000000, -1.000000000000000000 ) ) ;
#8675 = ADVANCED_FACE ( 'NONE', ( #2968 ), #1148, .T. ) ;
#8676 = LINE ( 'NONE', #4741, #1315 ) ;
#8677 = DIRECTION ( 'NONE',  ( 0.0000000000000000000, 0.0000000000000000000, -1.000000000000000000 ) ) ;
#8678 = EDGE_LOOP ( 'NONE', ( #4372, #7277, #5042, #2672 ) ) ;
#8679 = DIRECTION ( 'NONE',  ( 1.000000000000000000, -0.0000000000000000000, -0.0000000000000000000 ) ) ;
#8680 = AXIS2_PLACEMENT_3D ( 'NONE', #4763, #3317, #6288 ) ;
#8681 = EDGE_LOOP ( 'NONE', ( #2450, #7286 ) ) ;
#8682 = LENGTH_MEASURE_WITH_UNIT ( LENGTH_MEASURE( 0.02539999999999999900 ), #4216 );
#8683 = VECTOR ( 'NONE', #701, 39.37007874015748100 ) ;
#8684 = CARTESIAN_POINT ( 'NONE',  ( -0.3105511811023641800, 0.6655511811023621100, 0.2475511811023650400 ) ) ;
#8685 = VERTEX_POINT ( 'NONE', #401 ) ;
#8686 = EDGE_CURVE ( 'NONE', #7034, #9041, #7707, .T. ) ;
#8687 = PLANE ( 'NONE',  #5234 ) ;
#8688 = DIRECTION ( 'NONE',  ( -6.946308972158770800E-015, 1.000000000000000000, -3.462928498309742800E-015 ) ) ;
#8689 = DIRECTION ( 'NONE',  ( 1.000000000000000000, -0.0000000000000000000, -0.0000000000000000000 ) ) ;
#8690 = CARTESIAN_POINT ( 'NONE',  ( 0.3173036717348479700, 0.6723036717348459500, 0.2575511811023612500 ) ) ;
#8691 = DIRECTION ( 'NONE',  ( -1.000000000000000000, 3.462928498309742800E-015, 0.0000000000000000000 ) ) ;
#8692 = LINE ( 'NONE', #5679, #7726 ) ;
#8693 = SURFACE_STYLE_USAGE ( .BOTH. , #3380 ) ;
#8694 = LINE ( 'NONE', #5806, #4889 ) ;
#8695 = CARTESIAN_POINT ( 'NONE',  ( 0.3155511811023644100, 0.05599999999999993900, -0.1319999999999999800 ) ) ;
#8696 = EDGE_LOOP ( 'NONE', ( #4892, #8506, #9272, #8577, #6403, #3923 ) ) ;
#8697 = AXIS2_PLACEMENT_3D ( 'NONE', #9412, #4110, #2709 ) ;
#8698 = CARTESIAN_POINT ( 'NONE',  ( -0.08354462770099661800, 0.4705511811023621000, 0.2208086550377015000 ) ) ;
#8699 = DIRECTION ( 'NONE',  ( 1.000000000000000000, 0.0000000000000000000, 0.0000000000000000000 ) ) ;
#8700 = LINE ( 'NONE', #2307, #1218 ) ;
#8701 = CIRCLE ( 'NONE', #994, 0.01000000000000001200 ) ;
#8702 = CARTESIAN_POINT ( 'NONE',  ( 0.3069533149417183500, 0.6686692388140288400, -0.4031268775732668200 ) ) ;
#8703 = ADVANCED_FACE ( 'NONE', ( #9361 ), #8612, .F. ) ;
#8704 = ORIENTED_EDGE ( 'NONE', *, *, #2953, .T. ) ;
#8705 = DIRECTION ( 'NONE',  ( 1.000000000000000000, 0.0000000000000000000, -2.492171718503151100E-016 ) ) ;
#8706 = DIRECTION ( 'NONE',  ( -6.829619984160661400E-015, 1.000000000000000000, 0.0000000000000000000 ) ) ;
#8707 = EDGE_CURVE ( 'NONE', #3971, #8839, #2021, .T. ) ;
#8708 = AXIS2_PLACEMENT_3D ( 'NONE', #5873, #2211, #691 ) ;
#8709 = DIRECTION ( 'NONE',  ( 0.7071067811865486800, 0.7071067811865462400, 2.589397808632953600E-015 ) ) ;
#8710 = ORIENTED_EDGE ( 'NONE', *, *, #3159, .F. ) ;
#8711 = PLANE ( 'NONE',  #3881 ) ;
#8712 = CARTESIAN_POINT ( 'NONE',  ( -0.1749999999999999900, 0.01450000000000000100, -0.2500000000000000000 ) ) ;
#8713 = LINE ( 'NONE', #7371, #7144 ) ;
#8714 = DIRECTION ( 'NONE',  ( 3.462928498309742800E-015, -1.000000000000000000, 3.201384367575298700E-015 ) ) ;
#8715 = ORIENTED_EDGE ( 'NONE', *, *, #6746, .F. ) ;
#8716 = EDGE_CURVE ( 'NONE', #7962, #371, #9000, .T. ) ;
#8717 = DIRECTION ( 'NONE',  ( -1.000000000000000000, 3.462928498309742800E-015, 0.0000000000000000000 ) ) ;
#8718 = CARTESIAN_POINT ( 'NONE',  ( -0.2490000000000000500, -0.1250000000000000000, 0.1470000000000000200 ) ) ;
#8719 = ORIENTED_EDGE ( 'NONE', *, *, #3754, .T. ) ;
#8720 = DIRECTION ( 'NONE',  ( 0.0000000000000000000, 0.0000000000000000000, -1.000000000000000000 ) ) ;
#8721 = VECTOR ( 'NONE', #4825, 39.37007874015748900 ) ;
#8722 = ORIENTED_EDGE ( 'NONE', *, *, #5972, .T. ) ;
#8723 = ADVANCED_FACE ( 'NONE', ( #4733 ), #297, .F. ) ;
#8724 = ORIENTED_EDGE ( 'NONE', *, *, #1459, .T. ) ;
#8725 = VECTOR ( 'NONE', #8126, 39.37007874015748100 ) ;
#8726 = VERTEX_POINT ( 'NONE', #2640 ) ;
#8727 = EDGE_CURVE ( 'NONE', #7942, #6959, #5321, .T. ) ;
#8728 = CARTESIAN_POINT ( 'NONE',  ( 0.3069533149417180100, 0.6666141732283453700, -0.4035511811023615400 ) ) ;
#8729 = UNCERTAINTY_MEASURE_WITH_UNIT (LENGTH_MEASURE( 1.000000000000000100E-005 ), #2752, 'distance_accuracy_value', 'NONE');
#8730 = DIRECTION ( 'NONE',  ( -0.0000000000000000000, -1.000000000000000000, -0.0000000000000000000 ) ) ;
#8731 = EDGE_LOOP ( 'NONE', ( #3628, #2417, #506, #638 ) ) ;
#8732 = SURFACE_STYLE_USAGE ( .BOTH. , #2760 ) ;
#8733 = AXIS2_PLACEMENT_3D ( 'NONE', #9033, #2123, #2852 ) ;
#8734 = CARTESIAN_POINT ( 'NONE',  ( -0.1295137373393534800, 0.6355511811023624200, 0.1704271400810135900 ) ) ;
#8735 = VERTEX_POINT ( 'NONE', #8747 ) ;
#8736 = FACE_OUTER_BOUND ( 'NONE', #8316, .T. ) ;
#8737 = VERTEX_POINT ( 'NONE', #4236 ) ;
#8738 = CARTESIAN_POINT ( 'NONE',  ( 0.1295137373393535400, 0.6705511811023621100, 0.2054271400810135900 ) ) ;
#8739 = AXIS2_PLACEMENT_3D ( 'NONE', #5005, #7204, #1887 ) ;
#8740 = ORIENTED_EDGE ( 'NONE', *, *, #6164, .T. ) ;
#8741 = DIRECTION ( 'NONE',  ( 0.0000000000000000000, 0.0000000000000000000, -1.000000000000000000 ) ) ;
#8742 = EDGE_CURVE ( 'NONE', #7596, #8485, #9238, .T. ) ;
#8743 = CARTESIAN_POINT ( 'NONE',  ( -0.1645137373393535100, 0.6705511811023621100, 0.1385002118027675600 ) ) ;
#8744 = ORIENTED_EDGE ( 'NONE', *, *, #4370, .F. ) ;
#8745 = CARTESIAN_POINT ( 'NONE',  ( -0.02499999999999993900, 0.01450000000000000100, -0.3375000000000000800 ) ) ;
#8746 = CIRCLE ( 'NONE', #493, 0.003937007874015724600 ) ;
#8747 = CARTESIAN_POINT ( 'NONE',  ( 0.3155511811023643000, 0.6605511811023620000, 0.2475511811023648500 ) ) ;
#8748 = ORIENTED_EDGE ( 'NONE', *, *, #6576, .F. ) ;
#8749 = DIRECTION ( 'NONE',  ( 0.0000000000000000000, 1.000000000000000000, 0.0000000000000000000 ) ) ;
#8750 = CARTESIAN_POINT ( 'NONE',  ( 1.365923996832131600E-016, 0.5399999999999989300, 0.2575511811023614200 ) ) ;
#8751 = ADVANCED_FACE ( 'NONE', ( #3680 ), #8894, .F. ) ;
#8752 = LINE ( 'NONE', #609, #3889 ) ;
#8753 = AXIS2_PLACEMENT_3D ( 'NONE', #4378, #2828, #3593 ) ;
#8754 = CARTESIAN_POINT ( 'NONE',  ( -0.3155511811023642400, 0.01450000000000000100, 0.07990778161457233500 ) ) ;
#8755 = ORIENTED_EDGE ( 'NONE', *, *, #6640, .F. ) ;
#8756 = CARTESIAN_POINT ( 'NONE',  ( -0.2755511811023642600, 0.0000000000000000000, -0.3067141884898558200 ) ) ;
#8757 = VERTEX_POINT ( 'NONE', #8861 ) ;
#8758 = FACE_OUTER_BOUND ( 'NONE', #1882, .T. ) ;
#8759 = CARTESIAN_POINT ( 'NONE',  ( 0.3250000000000015700, 0.03999999999999992500, 0.09990778161457228300 ) ) ;
#8760 = EDGE_CURVE ( 'NONE', #3552, #4511, #2490, .T. ) ;
#8761 = DIRECTION ( 'NONE',  ( 2.492171718503151100E-016, 0.0000000000000000000, 1.000000000000000000 ) ) ;
#8762 = EDGE_LOOP ( 'NONE', ( #6523, #5781, #7230, #3659 ) ) ;
#8763 = EDGE_CURVE ( 'NONE', #1604, #2239, #6734, .T. ) ;
#8764 = VECTOR ( 'NONE', #630, 39.37007874015748100 ) ;
#8765 = AXIS2_PLACEMENT_3D ( 'NONE', #6362, #8661, #9422 ) ;
#8766 = CARTESIAN_POINT ( 'NONE',  ( 0.3069533149417184000, 0.6701268775732670500, -0.4016692388140285500 ) ) ;
#8767 = VERTEX_POINT ( 'NONE', #9580 ) ;
#8768 = EDGE_CURVE ( 'NONE', #3385, #6558, #7578, .T. ) ;
#8769 = ORIENTED_EDGE ( 'NONE', *, *, #4081, .T. ) ;
#8770 = CARTESIAN_POINT ( 'NONE',  ( -0.3116141732283463900, 0.6705511811023621100, 0.2489533149417182400 ) ) ;
#8771 = VECTOR ( 'NONE', #9384, 39.37007874015748100 ) ;
#8772 = ADVANCED_FACE ( 'NONE', ( #1768 ), #2741, .F. ) ;
#8773 = CARTESIAN_POINT ( 'NONE',  ( 0.07500000000000005300, 0.01450000000000000100, -0.3500000000000000900 ) ) ;
#8774 = ORIENTED_EDGE ( 'NONE', *, *, #1491, .T. ) ;
#8775 = LINE ( 'NONE', #3604, #2240 ) ;
#8776 = DIRECTION ( 'NONE',  ( 0.0000000000000000000, -0.0000000000000000000, -1.000000000000000000 ) ) ;
#8777 = DIRECTION ( 'NONE',  ( -6.829619984160666100E-015, 1.000000000000000000, 0.0000000000000000000 ) ) ;
#8778 = ORIENTED_EDGE ( 'NONE', *, *, #3999, .T. ) ;
#8779 = ORIENTED_EDGE ( 'NONE', *, *, #3379, .F. ) ;
#8780 = ADVANCED_FACE ( 'NONE', ( #8301 ), #8062, .F. ) ;
#8781 = CARTESIAN_POINT ( 'NONE',  ( 0.2755511811023642600, 0.0000000000000000000, -7.280434778844906200E-017 ) ) ;
#8782 = EDGE_CURVE ( 'NONE', #7116, #357, #248, .T. ) ;
#8783 = VERTEX_POINT ( 'NONE', #4355 ) ;
#8784 = LINE ( 'NONE', #4136, #7826 ) ;
#8785 = VECTOR ( 'NONE', #6406, 39.37007874015748100 ) ;
#8786 = ORIENTED_EDGE ( 'NONE', *, *, #2975, .T. ) ;
#8787 = ORIENTED_EDGE ( 'NONE', *, *, #3926, .F. ) ;
#8788 = AXIS2_PLACEMENT_3D ( 'NONE', #4954, #2637, #7904 ) ;
#8789 = CARTESIAN_POINT ( 'NONE',  ( -0.1295137373393534800, 0.6355511811023624200, 0.09870736768358978600 ) ) ;
#8790 = DIRECTION ( 'NONE',  ( -0.0000000000000000000, -0.0000000000000000000, 1.000000000000000000 ) ) ;
#8791 = ORIENTED_EDGE ( 'NONE', *, *, #4831, .F. ) ;
#8792 = VECTOR ( 'NONE', #4431, 39.37007874015748100 ) ;
#8793 = ADVANCED_FACE ( 'NONE', ( #2247 ), #1278, .F. ) ;
#8794 = EDGE_CURVE ( 'NONE', #1649, #7262, #3318, .T. ) ;
#8795 = CARTESIAN_POINT ( 'NONE',  ( 0.2755511811023642600, 0.01450000000000000100, 0.2425715860306383000 ) ) ;
#8796 = ORIENTED_EDGE ( 'NONE', *, *, #9685, .F. ) ;
#8797 = CIRCLE ( 'NONE', #3498, 0.01250000000000000200 ) ;
#8798 = FACE_OUTER_BOUND ( 'NONE', #2609, .T. ) ;
#8799 = FACE_OUTER_BOUND ( 'NONE', #7337, .T. ) ;
#8800 = CARTESIAN_POINT ( 'NONE',  ( 0.1645137373393535100, 0.6205511811023621800, 0.2073173628908212800 ) ) ;
#8801 = VERTEX_POINT ( 'NONE', #4996 ) ;
#8802 = AXIS2_PLACEMENT_3D ( 'NONE', #9819, #6049, #1525 ) ;
#8803 = LINE ( 'NONE', #7006, #5124 ) ;
#8804 = DIRECTION ( 'NONE',  ( 0.0000000000000000000, 0.0000000000000000000, 1.000000000000000000 ) ) ;
#8805 = EDGE_CURVE ( 'NONE', #5832, #327, #1547, .T. ) ;
#8806 = DIRECTION ( 'NONE',  ( 1.000000000000000000, -3.462928498309742800E-015, 0.0000000000000000000 ) ) ;
#8807 = FACE_OUTER_BOUND ( 'NONE', #4746, .T. ) ;
#8808 = ORIENTED_EDGE ( 'NONE', *, *, #8782, .F. ) ;
#8809 = SURFACE_STYLE_USAGE ( .BOTH. , #5056 ) ;
#8810 = DIRECTION ( 'NONE',  ( 0.0000000000000000000, 0.0000000000000000000, -1.000000000000000000 ) ) ;
#8811 = EDGE_CURVE ( 'NONE', #4440, #8006, #2730, .T. ) ;
#8812 = VERTEX_POINT ( 'NONE', #9545 ) ;
#8813 = CIRCLE ( 'NONE', #8628, 0.01250000000000000200 ) ;
#8814 = DIRECTION ( 'NONE',  ( 5.782411586589324900E-015, 1.000000000000000000, 0.0000000000000000000 ) ) ;
#8815 = ORIENTED_EDGE ( 'NONE', *, *, #366, .F. ) ;
#8816 = CARTESIAN_POINT ( 'NONE',  ( -0.1686558729630844900, 0.6705511811023621100, 0.2031752272670903400 ) ) ;
#8817 = SURFACE_SIDE_STYLE ('',( #2292 ) ) ;
#8818 = DIRECTION ( 'NONE',  ( 0.0000000000000000000, 0.0000000000000000000, -1.000000000000000000 ) ) ;
#8819 =( LENGTH_UNIT ( ) NAMED_UNIT ( * ) SI_UNIT ( $, .METRE. ) );
#8820 = ORIENTED_EDGE ( 'NONE', *, *, #8352, .F. ) ;
#8821 = CARTESIAN_POINT ( 'NONE',  ( -0.3155511811023643000, 0.01450000000000000100, -0.4035511811023633200 ) ) ;
#8822 = LINE ( 'NONE', #4571, #9288 ) ;
#8823 = DIRECTION ( 'NONE',  ( -1.000000000000000000, 0.0000000000000000000, 3.986037398843766100E-017 ) ) ;
#8824 = EDGE_LOOP ( 'NONE', ( #8744, #8231, #6226, #5094 ) ) ;
#8825 = EDGE_CURVE ( 'NONE', #1633, #8145, #7222, .T. ) ;
#8826 = CARTESIAN_POINT ( 'NONE',  ( -0.3250000000000000100, 0.6701185744823509000, 0.2489533149417181800 ) ) ;
#8827 = DIRECTION ( 'NONE',  ( 0.0000000000000000000, 0.0000000000000000000, 1.000000000000000000 ) ) ;
#8828 = CIRCLE ( 'NONE', #8753, 0.009999999999999995000 ) ;
#8829 = DIRECTION ( 'NONE',  ( 1.000000000000000000, 3.462928498309742800E-015, 0.0000000000000000000 ) ) ;
#8830 = ORIENTED_EDGE ( 'NONE', *, *, #8768, .T. ) ;
#8831 = VERTEX_POINT ( 'NONE', #5083 ) ;
#8832 = EDGE_CURVE ( 'NONE', #7083, #5319, #6981, .T. ) ;
#8833 = CARTESIAN_POINT ( 'NONE',  ( -0.3069533149417182900, 0.6705511811023621100, 0.2536141732283463400 ) ) ;
#8834 = DIMENSIONAL_EXPONENTS ( 1.000000000000000000, 0.0000000000000000000, 0.0000000000000000000, 0.0000000000000000000, 0.0000000000000000000, 0.0000000000000000000, 0.0000000000000000000 ) ;
#8835 = DIRECTION ( 'NONE',  ( 9.970195860731646300E-017, 0.7071067811865414700, 0.7071067811865535700 ) ) ;
#8836 = ORIENTED_EDGE ( 'NONE', *, *, #8270, .T. ) ;
#8837 = AXIS2_PLACEMENT_3D ( 'NONE', #7644, #616, #2411 ) ;
#8838 = VECTOR ( 'NONE', #1236, 39.37007874015748100 ) ;
#8839 = VERTEX_POINT ( 'NONE', #4327 ) ;
#8840 = CARTESIAN_POINT ( 'NONE',  ( -0.3250000000000023400, 0.03999999999999992500, -0.1940000000000000100 ) ) ;
#8841 = EDGE_LOOP ( 'NONE', ( #5394, #3621, #7040, #3229 ) ) ;
#8842 = SURFACE_STYLE_USAGE ( .BOTH. , #3544 ) ;
#8843 = CARTESIAN_POINT ( 'NONE',  ( -0.3069533149417182900, 0.6666141732283453700, -0.4035511811023610500 ) ) ;
#8844 = EDGE_CURVE ( 'NONE', #5327, #491, #228, .T. ) ;
#8845 = FILL_AREA_STYLE_COLOUR ( '', #4118 ) ;
#8846 = ORIENTED_EDGE ( 'NONE', *, *, #6424, .T. ) ;
#8847 = CARTESIAN_POINT ( 'NONE',  ( 0.1849999999999985800, 0.5358241725520465100, -0.4130000000000027500 ) ) ;
#8848 = LINE ( 'NONE', #7575, #7784 ) ;
#8849 = DIRECTION ( 'NONE',  ( -1.000000000000000000, 0.0000000000000000000, 0.0000000000000000000 ) ) ;
#8850 = CARTESIAN_POINT ( 'NONE',  ( -0.3250000000000023400, 0.02999999999999994000, -0.1119999999999999900 ) ) ;
#8851 = ORIENTED_EDGE ( 'NONE', *, *, #1345, .T. ) ;
#8852 = AXIS2_PLACEMENT_3D ( 'NONE', #1626, #6918, #934 ) ;
#8853 = CARTESIAN_POINT ( 'NONE',  ( 0.1959325888690782400, 0.6666141732283462600, 0.004393306531884149200 ) ) ;
#8854 = ORIENTED_EDGE ( 'NONE', *, *, #8411, .T. ) ;
#8855 = LINE ( 'NONE', #2087, #4346 ) ;
#8856 = EDGE_CURVE ( 'NONE', #5542, #1533, #339, .T. ) ;
#8857 = ORIENTED_EDGE ( 'NONE', *, *, #6889, .T. ) ;
#8858 = FACE_OUTER_BOUND ( 'NONE', #3012, .T. ) ;
#8859 = ORIENTED_EDGE ( 'NONE', *, *, #9576, .F. ) ;
#8860 = FACE_OUTER_BOUND ( 'NONE', #1043, .T. ) ;
#8861 = CARTESIAN_POINT ( 'NONE',  ( -0.1645137373393535100, 0.6605511811023621100, 0.2073173628908212800 ) ) ;
#8862 = DIRECTION ( 'NONE',  ( 0.0000000000000000000, 1.000000000000000000, 0.0000000000000000000 ) ) ;
#8863 = DIRECTION ( 'NONE',  ( 0.0000000000000000000, -1.000000000000000000, 2.891205793294662500E-015 ) ) ;
#8864 = EDGE_LOOP ( 'NONE', ( #6430, #3715, #1012, #3770, #5412, #8310, #7958, #6004, #2414, #9629, #1215, #1599, #4776, #6105, #4810, #1909, #3504, #6512, #9745, #9578, #6565, #1343, #5386, #1782, #6663, #913, #1486, #6700, #598 ) ) ;
#8865 = LINE ( 'NONE', #5204, #685 ) ;
#8866 = ADVANCED_FACE ( 'NONE', ( #2343 ), #4453, .T. ) ;
#8867 = ORIENTED_EDGE ( 'NONE', *, *, #1534, .F. ) ;
#8868 = ORIENTED_EDGE ( 'NONE', *, *, #5452, .T. ) ;
#8869 = LINE ( 'NONE', #1894, #2585 ) ;
#8870 = PLANE ( 'NONE',  #7214 ) ;
#8871 = EDGE_LOOP ( 'NONE', ( #346, #7769, #3236, #827 ) ) ;
#8872 = DIRECTION ( 'NONE',  ( 0.0000000000000000000, 0.0000000000000000000, -1.000000000000000000 ) ) ;
#8873 = VECTOR ( 'NONE', #2439, 39.37007874015748100 ) ;
#8874 = DIRECTION ( 'NONE',  ( 0.0000000000000000000, 0.0000000000000000000, 1.000000000000000000 ) ) ;
#8875 = CARTESIAN_POINT ( 'NONE',  ( 0.3155511811023642400, 0.03000000000000001300, 0.07990778161457227900 ) ) ;
#8876 = EDGE_CURVE ( 'NONE', #668, #2062, #199, .T. ) ;
#8877 = AXIS2_PLACEMENT_3D ( 'NONE', #188, #1689, #3991 ) ;
#8878 = VERTEX_POINT ( 'NONE', #6035 ) ;
#8879 = DIMENSIONAL_EXPONENTS ( 1.000000000000000000, 0.0000000000000000000, 0.0000000000000000000, 0.0000000000000000000, 0.0000000000000000000, 0.0000000000000000000, 0.0000000000000000000 ) ;
#8880 = LINE ( 'NONE', #9105, #2363 ) ;
#8881 = ORIENTED_EDGE ( 'NONE', *, *, #259, .F. ) ;
#8882 = DIRECTION ( 'NONE',  ( 1.000000000000000000, -0.0000000000000000000, -0.0000000000000000000 ) ) ;
#8883 = DIRECTION ( 'NONE',  ( 0.7071067811865463500, -0.7071067811865487900, -3.944304526105058600E-031 ) ) ;
#8884 = ORIENTED_EDGE ( 'NONE', *, *, #8794, .T. ) ;
#8885 = VECTOR ( 'NONE', #8175, 39.37007874015748100 ) ;
#8886 = EDGE_CURVE ( 'NONE', #8735, #5832, #530, .T. ) ;
#8887 = CARTESIAN_POINT ( 'NONE',  ( 0.1490000000000000800, 0.01450000000000000100, 0.1770000000000000200 ) ) ;
#8888 = VERTEX_POINT ( 'NONE', #3739 ) ;
#8889 = CARTESIAN_POINT ( 'NONE',  ( -0.3055511811023642900, 0.01450000000000000100, -0.4035511811023633200 ) ) ;
#8890 = ORIENTED_EDGE ( 'NONE', *, *, #8805, .T. ) ;
#8891 = ORIENTED_EDGE ( 'NONE', *, *, #2146, .F. ) ;
#8892 = VECTOR ( 'NONE', #8511, 39.37007874015748100 ) ;
#8893 = FACE_OUTER_BOUND ( 'NONE', #7533, .T. ) ;
#8894 = PLANE ( 'NONE',  #7101 ) ;
#8895 = DIRECTION ( 'NONE',  ( -0.8256230756318201400, 0.0000000000000000000, 0.5642220635390411400 ) ) ;
#8896 = VECTOR ( 'NONE', #1863, 39.37007874015748100 ) ;
#8897 = PLANE ( 'NONE',  #6101 ) ;
#8898 = VERTEX_POINT ( 'NONE', #2263 ) ;
#8899 = LINE ( 'NONE', #6220, #7118 ) ;
#8900 = PLANE ( 'NONE',  #7795 ) ;
#8901 = EDGE_CURVE ( 'NONE', #3581, #7645, #628, .T. ) ;
#8902 = LINE ( 'NONE', #1860, #6294 ) ;
#8903 = ORIENTED_EDGE ( 'NONE', *, *, #9393, .T. ) ;
#8904 = AXIS2_PLACEMENT_3D ( 'NONE', #5365, #7661, #4580 ) ;
#8905 = DIRECTION ( 'NONE',  ( 1.000000000000000000, -0.0000000000000000000, -0.0000000000000000000 ) ) ;
#8906 = CARTESIAN_POINT ( 'NONE',  ( 1.502516396515345500E-015, 0.06600000000000103000, 0.2575511811023634100 ) ) ;
#8907 = DIRECTION ( 'NONE',  ( -1.033065433525962600E-016, 0.0000000000000000000, -1.000000000000000000 ) ) ;
#8908 = PLANE ( 'NONE',  #8973 ) ;
#8909 = VECTOR ( 'NONE', #5555, 39.37007874015748100 ) ;
#8910 = FACE_OUTER_BOUND ( 'NONE', #4932, .T. ) ;
#8911 = VERTEX_POINT ( 'NONE', #6786 ) ;
#8912 = EDGE_CURVE ( 'NONE', #4524, #5818, #5477, .T. ) ;
#8913 = CARTESIAN_POINT ( 'NONE',  ( 0.3250000000000015700, 0.01999999999999994100, 0.06990778161457221500 ) ) ;
#8914 = ORIENTED_EDGE ( 'NONE', *, *, #644, .F. ) ;
#8915 = CARTESIAN_POINT ( 'NONE',  ( 0.3071293029295943400, 0.6663051303775455700, 0.2669999999999995200 ) ) ;
#8916 = CARTESIAN_POINT ( 'NONE',  ( 0.1605905511811047700, 0.5358241725520462900, 0.2575511811023667400 ) ) ;
#8917 = VERTEX_POINT ( 'NONE', #1413 ) ;
#8918 = DIRECTION ( 'NONE',  ( -2.492171718503151100E-016, -0.0000000000000000000, -1.000000000000000000 ) ) ;
#8919 = VECTOR ( 'NONE', #7901, 39.37007874015748100 ) ;
#8920 = CARTESIAN_POINT ( 'NONE',  ( -0.2249999999999999800, -0.1050000000000000100, 0.0000000000000000000 ) ) ;
#8921 = VERTEX_POINT ( 'NONE', #6691 ) ;
#8922 = CARTESIAN_POINT ( 'NONE',  ( 0.3151268775732682900, 0.6619533149417190500, -0.4016692388140286100 ) ) ;
#8923 = DIRECTION ( 'NONE',  ( 0.0000000000000000000, 0.0000000000000000000, 1.000000000000000000 ) ) ;
#8924 = ORIENTED_EDGE ( 'NONE', *, *, #23, .F. ) ;
#8925 = LINE ( 'NONE', #5346, #5367 ) ;
#8926 = PLANE ( 'NONE',  #3226 ) ;
#8927 = ORIENTED_EDGE ( 'NONE', *, *, #6928, .F. ) ;
#8928 = EDGE_CURVE ( 'NONE', #7816, #8243, #4060, .T. ) ;
#8929 = EDGE_CURVE ( 'NONE', #7183, #6501, #5453, .T. ) ;
#8930 = AXIS2_PLACEMENT_3D ( 'NONE', #3972, #9253, #5661 ) ;
#8931 = COLOUR_RGB ( '',1.000000000000000000, 1.000000000000000000, 0.0000000000000000000 ) ;
#8932 = VERTEX_POINT ( 'NONE', #4419 ) ;
#8933 = DIRECTION ( 'NONE',  ( -1.445602896647356400E-014, -2.542057659410399800E-014, -1.000000000000000000 ) ) ;
#8934 = DIRECTION ( 'NONE',  ( 0.0000000000000000000, -1.000000000000000000, 0.0000000000000000000 ) ) ;
#8935 = LINE ( 'NONE', #1187, #8721 ) ;
#8936 = ADVANCED_FACE ( 'NONE', ( #6305 ), #9772, .T. ) ;
#8937 = ORIENTED_EDGE ( 'NONE', *, *, #9634, .T. ) ;
#8938 = PLANE ( 'NONE',  #6934 ) ;
#8939 = CARTESIAN_POINT ( 'NONE',  ( 0.1645137373393535100, 0.6605511811023621100, 0.2073173628908212800 ) ) ;
#8940 = EDGE_CURVE ( 'NONE', #2745, #5419, #8047, .T. ) ;
#8941 = ORIENTED_EDGE ( 'NONE', *, *, #9135, .F. ) ;
#8942 = VECTOR ( 'NONE', #5070, 39.37007874015748100 ) ;
#8943 = ORIENTED_EDGE ( 'NONE', *, *, #7501, .F. ) ;
#8944 = CARTESIAN_POINT ( 'NONE',  ( 0.2755511811023643200, 0.05455008786923420300, 0.2575511811023650800 ) ) ;
#8945 = AXIS2_PLACEMENT_3D ( 'NONE', #4744, #2560, #2529 ) ;
#8946 =( GEOMETRIC_REPRESENTATION_CONTEXT ( 3 ) GLOBAL_UNCERTAINTY_ASSIGNED_CONTEXT ( ( #4903 ) ) GLOBAL_UNIT_ASSIGNED_CONTEXT ( ( #6681, #9764, #8262 ) ) REPRESENTATION_CONTEXT ( 'NONE', 'WORKASPACE' ) );
#8947 = VERTEX_POINT ( 'NONE', #6749 ) ;
#8948 = CARTESIAN_POINT ( 'NONE',  ( -0.6140847758790486400, 0.6666141732283464800, 0.2536141732283463400 ) ) ;
#8949 = CARTESIAN_POINT ( 'NONE',  ( 0.3151268775732682900, 0.6619533149417190500, 0.2556692388140286400 ) ) ;
#8950 = DIRECTION ( 'NONE',  ( -1.000000000000000000, -0.0000000000000000000, -0.0000000000000000000 ) ) ;
#8951 = DIRECTION ( 'NONE',  ( 1.000000000000000000, -0.0000000000000000000, -0.0000000000000000000 ) ) ;
#8952 = ORIENTED_EDGE ( 'NONE', *, *, #8912, .T. ) ;
#8953 = ORIENTED_EDGE ( 'NONE', *, *, #6224, .F. ) ;
#8954 = EDGE_CURVE ( 'NONE', #5473, #8888, #1026, .T. ) ;
#8955 = CARTESIAN_POINT ( 'NONE',  ( 0.0000000000000000000, 0.01450000000000000100, 0.0000000000000000000 ) ) ;
#8956 = EDGE_LOOP ( 'NONE', ( #8532, #241, #242, #2584 ) ) ;
#8957 = DIRECTION ( 'NONE',  ( 0.7838641437523689000, -0.0000000000000000000, -0.6209323667996099500 ) ) ;
#8958 = CARTESIAN_POINT ( 'NONE',  ( -0.2490000000000000500, 0.01450000000000000100, 0.1769999999999999900 ) ) ;
#8959 = AXIS2_PLACEMENT_3D ( 'NONE', #7162, #1216, #3366 ) ;
#8960 = ADVANCED_FACE ( 'NONE', ( #8626 ), #679, .T. ) ;
#8961 = CARTESIAN_POINT ( 'NONE',  ( -0.3250000000000023400, 0.05599999999999997300, -0.1840000000000000000 ) ) ;
#8962 = EDGE_LOOP ( 'NONE', ( #2961, #2689, #8558, #2085 ) ) ;
#8963 = LINE ( 'NONE', #3749, #5166 ) ;
#8964 = ORIENTED_EDGE ( 'NONE', *, *, #6529, .F. ) ;
#8965 = LINE ( 'NONE', #6891, #8503 ) ;
#8966 = DIRECTION ( 'NONE',  ( 1.000000000000000000, 0.0000000000000000000, 0.0000000000000000000 ) ) ;
#8967 = EDGE_CURVE ( 'NONE', #9558, #3395, #669, .T. ) ;
#8968 = DIRECTION ( 'NONE',  ( -0.0000000000000000000, 1.000000000000000000, -2.134256245050199100E-015 ) ) ;
#8969 = PLANE ( 'NONE',  #3295 ) ;
#8970 = CARTESIAN_POINT ( 'NONE',  ( -2.378958759134708000E-017, 0.6705511811023621100, 0.2170512116749742400 ) ) ;
#8971 = CLOSED_SHELL ( 'NONE', ( #3397, #451, #5305, #1494 ) ) ;
#8972 = VECTOR ( 'NONE', #4054, 39.37007874015748100 ) ;
#8973 = AXIS2_PLACEMENT_3D ( 'NONE', #5097, #2060, #5807 ) ;
#8974 = VERTEX_POINT ( 'NONE', #2232 ) ;
#8975 = CARTESIAN_POINT ( 'NONE',  ( 0.2105238465008580100, 0.6705511811023621100, 0.1438697664863479700 ) ) ;
#8976 = FACE_OUTER_BOUND ( 'NONE', #2725, .T. ) ;
#8977 =( LENGTH_UNIT ( ) NAMED_UNIT ( * ) SI_UNIT ( $, .METRE. ) );
#8978 = PRESENTATION_LAYER_ASSIGNMENT (  '', '', ( #1874 ) ) ;
#8979 = ORIENTED_EDGE ( 'NONE', *, *, #1651, .T. ) ;
#8980 = LINE ( 'NONE', #742, #929 ) ;
#8981 = EDGE_CURVE ( 'NONE', #5580, #7683, #7395, .T. ) ;
#8982 = ORIENTED_EDGE ( 'NONE', *, *, #213, .F. ) ;
#8983 = ADVANCED_FACE ( 'NONE', ( #9681 ), #42, .T. ) ;
#8984 = VECTOR ( 'NONE', #2072, 39.37007874015748100 ) ;
#8985 = ORIENTED_EDGE ( 'NONE', *, *, #6805, .T. ) ;
#8986 = DIRECTION ( 'NONE',  ( 1.000000000000000000, 0.0000000000000000000, 0.0000000000000000000 ) ) ;
#8987 = CIRCLE ( 'NONE', #1730, 0.01181102362204724000 ) ;
#8988 = MECHANICAL_DESIGN_GEOMETRIC_PRESENTATION_REPRESENTATION (  '', ( #1578 ), #551 ) ;
#8989 = DIRECTION ( 'NONE',  ( 0.0000000000000000000, -0.0000000000000000000, 1.000000000000000000 ) ) ;
#8990 = ORIENTED_EDGE ( 'NONE', *, *, #1269, .T. ) ;
#8991 = VECTOR ( 'NONE', #886, 39.37007874015748100 ) ;
#8992 = ORIENTED_EDGE ( 'NONE', *, *, #5313, .T. ) ;
#8993 = LINE ( 'NONE', #2998, #9107 ) ;
#8994 = CARTESIAN_POINT ( 'NONE',  ( 0.3155511811023641900, 0.05455008786923420300, -0.2729397864125761000 ) ) ;
#8995 = CARTESIAN_POINT ( 'NONE',  ( -0.3155511811023642400, 0.01450000000000000100, -0.2729397864125760500 ) ) ;
#8996 = ORIENTED_EDGE ( 'NONE', *, *, #7344, .F. ) ;
#8997 = CARTESIAN_POINT ( 'NONE',  ( -0.3250000000000023400, 0.03999999999999992500, 0.09990778161457228300 ) ) ;
#8998 = VERTEX_POINT ( 'NONE', #8336 ) ;
#8999 = EDGE_CURVE ( 'NONE', #6310, #5224, #4719, .T. ) ;
#9000 = LINE ( 'NONE', #8684, #8542 ) ;
#9001 = FACE_OUTER_BOUND ( 'NONE', #9695, .T. ) ;
#9002 = DIRECTION ( 'NONE',  ( 0.0000000000000000000, 0.0000000000000000000, 1.000000000000000000 ) ) ;
#9003 = AXIS2_PLACEMENT_3D ( 'NONE', #8955, #5211, #2168 ) ;
#9004 = LINE ( 'NONE', #3724, #3814 ) ;
#9005 = EDGE_LOOP ( 'NONE', ( #1840, #6754, #3136, #6634 ) ) ;
#9006 = DIRECTION ( 'NONE',  ( 0.0000000000000000000, 0.0000000000000000000, 1.000000000000000000 ) ) ;
#9007 = ADVANCED_FACE ( 'NONE', ( #4984 ), #3130, .F. ) ;
#9008 = ORIENTED_EDGE ( 'NONE', *, *, #89, .T. ) ;
#9009 = EDGE_CURVE ( 'NONE', #4305, #3212, #986, .T. ) ;
#9010 = CARTESIAN_POINT ( 'NONE',  ( 0.1250000000000000300, -0.1250000000000000000, -0.2500000000000000000 ) ) ;
#9011 = VECTOR ( 'NONE', #9403, 39.37007874015748100 ) ;
#9012 = DIRECTION ( 'NONE',  ( 0.0000000000000000000, 0.0000000000000000000, -1.000000000000000000 ) ) ;
#9013 = DIRECTION ( 'NONE',  ( 0.0000000000000000000, 0.0000000000000000000, 1.000000000000000000 ) ) ;
#9014 = ORIENTED_EDGE ( 'NONE', *, *, #3566, .F. ) ;
#9015 = CARTESIAN_POINT ( 'NONE',  ( 0.02500000000000004000, -0.1674264068711929000, -0.2500000000000000000 ) ) ;
#9016 =( GEOMETRIC_REPRESENTATION_CONTEXT ( 3 ) GLOBAL_UNCERTAINTY_ASSIGNED_CONTEXT ( ( #4766 ) ) GLOBAL_UNIT_ASSIGNED_CONTEXT ( ( #9556, #4334, #4277 ) ) REPRESENTATION_CONTEXT ( 'NONE', 'WORKASPACE' ) );
#9017 = ORIENTED_EDGE ( 'NONE', *, *, #1133, .T. ) ;
#9018 = VECTOR ( 'NONE', #9146, 39.37007874015748100 ) ;
#9019 = MANIFOLD_SOLID_BREP ( 'Boss-Extrude5[2]', #9337 ) ;
#9020 = CARTESIAN_POINT ( 'NONE',  ( 0.3116141732283466700, 0.6666141732283464800, 0.1077457736259981300 ) ) ;
#9021 = CYLINDRICAL_SURFACE ( 'NONE', #564, 0.009999999999999995000 ) ;
#9022 = LINE ( 'NONE', #6957, #1083 ) ;
#9023 = ORIENTED_EDGE ( 'NONE', *, *, #6773, .T. ) ;
#9024 = ORIENTED_EDGE ( 'NONE', *, *, #1465, .T. ) ;
#9025 = EDGE_CURVE ( 'NONE', #7634, #9796, #3446, .T. ) ;
#9026 = VECTOR ( 'NONE', #2274, 39.37007874015748100 ) ;
#9027 = STYLED_ITEM ( 'NONE', ( #8409 ), #3432 ) ;
#9028 = FACE_OUTER_BOUND ( 'NONE', #1243, .T. ) ;
#9029 = VERTEX_POINT ( 'NONE', #1549 ) ;
#9030 = DIRECTION ( 'NONE',  ( 1.000000000000000000, -0.0000000000000000000, -0.0000000000000000000 ) ) ;
#9031 = ADVANCED_FACE ( 'NONE', ( #3823 ), #6070, .T. ) ;
#9032 = CARTESIAN_POINT ( 'NONE',  ( -0.3250000000000023400, 0.05599999999999997300, -0.1319999999999999800 ) ) ;
#9033 = CARTESIAN_POINT ( 'NONE',  ( -0.2249999999999999800, -0.1250000000000000000, 0.0000000000000000000 ) ) ;
#9034 = CARTESIAN_POINT ( 'NONE',  ( -0.08354462770099661800, 0.2705511811023621500, 0.2208086550377015000 ) ) ;
#9035 = CARTESIAN_POINT ( 'NONE',  ( -0.3250000000000023400, 0.03999999999999992500, -0.2537107877407313000 ) ) ;
#9036 = EDGE_LOOP ( 'NONE', ( #9378, #4023, #3721, #2259, #7706, #2056 ) ) ;
#9037 = EDGE_CURVE ( 'NONE', #4329, #2306, #2034, .T. ) ;
#9038 = DIRECTION ( 'NONE',  ( 0.0000000000000000000, 0.0000000000000000000, -1.000000000000000000 ) ) ;
#9039 = VECTOR ( 'NONE', #2503, 39.37007874015748100 ) ;
#9040 = CARTESIAN_POINT ( 'NONE',  ( 0.3116141732283466700, 0.6705511811023621100, 0.004393306531884162200 ) ) ;
#9041 = VERTEX_POINT ( 'NONE', #6890 ) ;
#9042 = PLANE ( 'NONE',  #3986 ) ;
#9043 = CARTESIAN_POINT ( 'NONE',  ( -0.1850000000000007500, 0.5358241725520464000, -0.4130000000000033100 ) ) ;
#9044 = VECTOR ( 'NONE', #7957, 39.37007874015748100 ) ;
#9045 = ORIENTED_EDGE ( 'NONE', *, *, #7454, .T. ) ;
#9046 = AXIS2_PLACEMENT_3D ( 'NONE', #3755, #4971, #5038 ) ;
#9047 = VECTOR ( 'NONE', #3827, 39.37007874015748100 ) ;
#9048 = ORIENTED_EDGE ( 'NONE', *, *, #4071, .F. ) ;
#9049 = DIRECTION ( 'NONE',  ( -0.0000000000000000000, 1.000000000000000000, -0.0000000000000000000 ) ) ;
#9050 = DIRECTION ( 'NONE',  ( -0.0000000000000000000, -0.0000000000000000000, -1.000000000000000000 ) ) ;
#9051 = ORIENTED_EDGE ( 'NONE', *, *, #4947, .T. ) ;
#9052 = CYLINDRICAL_SURFACE ( 'NONE', #1446, 0.009999999999999995000 ) ;
#9053 = ORIENTED_EDGE ( 'NONE', *, *, #8569, .F. ) ;
#9054 = ADVANCED_FACE ( 'NONE', ( #4868 ), #3908, .T. ) ;
#9055 = DIRECTION ( 'NONE',  ( 0.0000000000000000000, 0.0000000000000000000, 1.000000000000000000 ) ) ;
#9056 = ORIENTED_EDGE ( 'NONE', *, *, #2486, .F. ) ;
#9057 = EDGE_CURVE ( 'NONE', #6505, #2598, #8076, .T. ) ;
#9058 = CARTESIAN_POINT ( 'NONE',  ( 0.1142984638647553800, 0.6705511811023621100, 0.2170512116749741500 ) ) ;
#9059 = DIRECTION ( 'NONE',  ( 1.000000000000000000, 0.0000000000000000000, -1.459106284977188500E-016 ) ) ;
#9060 = DIRECTION ( 'NONE',  ( 0.7071067811865413600, -0.7071067811865536800, -1.407375847139740600E-016 ) ) ;
#9061 = VERTEX_POINT ( 'NONE', #4555 ) ;
#9062 = VECTOR ( 'NONE', #9467, 39.37007874015748900 ) ;
#9063 = EDGE_LOOP ( 'NONE', ( #1845, #1940, #2254, #4756 ) ) ;
#9064 = PLANE ( 'NONE',  #2401 ) ;
#9065 = EDGE_LOOP ( 'NONE', ( #8537, #6150, #8914, #9263 ) ) ;
#9066 = EDGE_CURVE ( 'NONE', #7645, #5788, #1435, .T. ) ;
#9067 = PLANE ( 'NONE',  #3720 ) ;
#9068 = DIRECTION ( 'NONE',  ( 1.459106284977188500E-016, 0.0000000000000000000, 1.000000000000000000 ) ) ;
#9069 = ORIENTED_EDGE ( 'NONE', *, *, #8433, .T. ) ;
#9070 = AXIS2_PLACEMENT_3D ( 'NONE', #4035, #359, #2565 ) ;
#9071 = LINE ( 'NONE', #825, #6942 ) ;
#9072 = MECHANICAL_DESIGN_GEOMETRIC_PRESENTATION_REPRESENTATION (  '', ( #8452 ), #8946 ) ;
#9073 = CARTESIAN_POINT ( 'NONE',  ( 0.2755511811023643200, 0.01450000000000000100, -0.3067141884898558200 ) ) ;
#9074 = ORIENTED_EDGE ( 'NONE', *, *, #4475, .F. ) ;
#9075 = CARTESIAN_POINT ( 'NONE',  ( -0.2755511811023642600, 0.01450000000000000100, -0.06845163660186287500 ) ) ;
#9076 = PRESENTATION_STYLE_ASSIGNMENT (( #6132 ) ) ;
#9077 = CARTESIAN_POINT ( 'NONE',  ( 0.3250000000000002900, 0.6701185744823510100, -0.3949533149417188700 ) ) ;
#9078 = ADVANCED_FACE ( 'NONE', ( #4289 ), #7602, .F. ) ;
#9079 = EDGE_CURVE ( 'NONE', #6078, #5771, #9376, .T. ) ;
#9080 = EDGE_LOOP ( 'NONE', ( #8275, #3905, #6300, #7705, #3709, #7334 ) ) ;
#9081 = VECTOR ( 'NONE', #476, 39.37007874015748100 ) ;
#9082 = DIRECTION ( 'NONE',  ( -0.0000000000000000000, -1.000000000000000000, -0.0000000000000000000 ) ) ;
#9083 = ORIENTED_EDGE ( 'NONE', *, *, #8641, .F. ) ;
#9084 = AXIS2_PLACEMENT_3D ( 'NONE', #660, #5948, #1430 ) ;
#9085 = VECTOR ( 'NONE', #647, 39.37007874015748100 ) ;
#9086 = PLANE ( 'NONE',  #3545 ) ;
#9087 = ORIENTED_EDGE ( 'NONE', *, *, #8627, .F. ) ;
#9088 = LINE ( 'NONE', #7079, #9203 ) ;
#9089 = PLANE ( 'NONE',  #1008 ) ;
#9090 = EDGE_CURVE ( 'NONE', #7887, #500, #5336, .T. ) ;
#9091 = EDGE_LOOP ( 'NONE', ( #1511, #2816, #19, #9646 ) ) ;
#9092 = CARTESIAN_POINT ( 'NONE',  ( 0.3250000000000015700, 0.6619533149417187200, 0.2536141732283463400 ) ) ;
#9093 = FACE_OUTER_BOUND ( 'NONE', #4846, .T. ) ;
#9094 = PLANE ( 'NONE',  #2746 ) ;
#9095 = CARTESIAN_POINT ( 'NONE',  ( -0.1850000000000007500, 0.5358241725520464000, 0.2670000000000032300 ) ) ;
#9096 = ORIENTED_EDGE ( 'NONE', *, *, #8216, .F. ) ;
#9097 = CYLINDRICAL_SURFACE ( 'NONE', #7839, 0.01181102362204724000 ) ;
#9098 = CARTESIAN_POINT ( 'NONE',  ( -0.1745137373393535200, 0.6705511811023621100, 0.1485002118027675400 ) ) ;
#9099 = ADVANCED_FACE ( 'NONE', ( #3331 ), #1067, .T. ) ;
#9100 = ORIENTED_EDGE ( 'NONE', *, *, #8981, .F. ) ;
#9101 = LINE ( 'NONE', #2142, #4497 ) ;
#9102 =( NAMED_UNIT ( * ) SI_UNIT ( $, .STERADIAN. ) SOLID_ANGLE_UNIT ( ) );
#9103 = EDGE_LOOP ( 'NONE', ( #3306, #905, #9117, #7917 ) ) ;
#9104 = PLANE ( 'NONE',  #6522 ) ;
#9105 = CARTESIAN_POINT ( 'NONE',  ( 0.2669099894223583300, 0.6666141732283462600, 0.2073173628908212800 ) ) ;
#9106 = EDGE_LOOP ( 'NONE', ( #5719, #8025, #8002, #5663 ) ) ;
#9107 = VECTOR ( 'NONE', #2960, 39.37007874015748100 ) ;
#9108 = ORIENTED_EDGE ( 'NONE', *, *, #3200, .T. ) ;
#9109 = ORIENTED_EDGE ( 'NONE', *, *, #5282, .T. ) ;
#9110 = EDGE_CURVE ( 'NONE', #2487, #7887, #5918, .T. ) ;
#9111 = CARTESIAN_POINT ( 'NONE',  ( -0.1808241725520471600, 0.5399999999999989300, -0.4035511811023614300 ) ) ;
#9112 = CYLINDRICAL_SURFACE ( 'NONE', #2685, 0.01500000000000001200 ) ;
#9113 = CARTESIAN_POINT ( 'NONE',  ( -0.1749999999999999900, -0.1674264068711929000, -0.2625000000000000100 ) ) ;
#9114 = EDGE_CURVE ( 'NONE', #1924, #799, #6871, .T. ) ;
#9115 = DIRECTION ( 'NONE',  ( 1.000000000000000000, 0.0000000000000000000, 0.0000000000000000000 ) ) ;
#9116 = VERTEX_POINT ( 'NONE', #7735 ) ;
#9117 = ORIENTED_EDGE ( 'NONE', *, *, #3301, .F. ) ;
#9118 = VERTEX_POINT ( 'NONE', #4806 ) ;
#9119 = ORIENTED_EDGE ( 'NONE', *, *, #3466, .F. ) ;
#9120 = LINE ( 'NONE', #6082, #3820 ) ;
#9121 = LINE ( 'NONE', #4172, #4619 ) ;
#9122 = EDGE_CURVE ( 'NONE', #4002, #1708, #7595, .T. ) ;
#9123 = CARTESIAN_POINT ( 'NONE',  ( -0.2249999999999999800, -0.1250000000000000000, 0.06250000000000000000 ) ) ;
#9124 = LINE ( 'NONE', #9461, #8896 ) ;
#9125 = DIRECTION ( 'NONE',  ( -0.0000000000000000000, -0.0000000000000000000, 1.000000000000000000 ) ) ;
#9126 = CARTESIAN_POINT ( 'NONE',  ( -0.2669099894223583300, 0.6205511811023621800, 0.1385002118027675600 ) ) ;
#9127 = VERTEX_POINT ( 'NONE', #8601 ) ;
#9128 = ADVANCED_FACE ( 'NONE', ( #3934 ), #846, .T. ) ;
#9129 = LINE ( 'NONE', #1745, #39 ) ;
#9130 = ORIENTED_EDGE ( 'NONE', *, *, #3876, .T. ) ;
#9131 = EDGE_CURVE ( 'NONE', #9775, #5611, #4390, .T. ) ;
#9132 = LINE ( 'NONE', #7507, #9385 ) ;
#9133 = FACE_OUTER_BOUND ( 'NONE', #4041, .T. ) ;
#9134 = PLANE ( 'NONE',  #2441 ) ;
#9135 = EDGE_CURVE ( 'NONE', #5859, #7273, #6285, .T. ) ;
#9136 = CARTESIAN_POINT ( 'NONE',  ( -0.2755511811023642600, 0.01450000000000000100, -0.06845163660186287500 ) ) ;
#9137 = ORIENTED_EDGE ( 'NONE', *, *, #8832, .T. ) ;
#9138 = FACE_OUTER_BOUND ( 'NONE', #8638, .T. ) ;
#9139 = PLANE ( 'NONE',  #761 ) ;
#9140 = DIRECTION ( 'NONE',  ( 0.0000000000000000000, -0.0000000000000000000, 1.000000000000000000 ) ) ;
#9141 = UNCERTAINTY_MEASURE_WITH_UNIT (LENGTH_MEASURE( 1.000000000000000100E-005 ), #6739, 'distance_accuracy_value', 'NONE');
#9142 = CARTESIAN_POINT ( 'NONE',  ( 0.3155511811023642400, 0.03999999999999992500, -0.2537107877407313000 ) ) ;
#9143 = ORIENTED_EDGE ( 'NONE', *, *, #7888, .T. ) ;
#9144 = AXIS2_PLACEMENT_3D ( 'NONE', #980, #7097, #5532 ) ;
#9145 = VERTEX_POINT ( 'NONE', #7834 ) ;
#9146 = DIRECTION ( 'NONE',  ( -0.0000000000000000000, 1.000000000000000000, -0.0000000000000000000 ) ) ;
#9147 = FILL_AREA_STYLE_COLOUR ( '', #4465 ) ;
#9148 = CARTESIAN_POINT ( 'NONE',  ( -0.1249999999999999600, 0.01450000000000000100, -0.3500000000000000900 ) ) ;
#9149 = FACE_OUTER_BOUND ( 'NONE', #7367, .T. ) ;
#9150 = LINE ( 'NONE', #3562, #7140 ) ;
#9151 = ADVANCED_FACE ( 'NONE', ( #1559 ), #6998, .F. ) ;
#9152 = ORIENTED_EDGE ( 'NONE', *, *, #8844, .F. ) ;
#9153 = EDGE_CURVE ( 'NONE', #2972, #2909, #9743, .T. ) ;
#9154 = PLANE ( 'NONE',  #7822 ) ;
#9155 = CARTESIAN_POINT ( 'NONE',  ( -0.3116141732283463900, 0.6666141732283453700, -0.4035511811023610500 ) ) ;
#9156 = FACE_OUTER_BOUND ( 'NONE', #420, .T. ) ;
#9157 = ORIENTED_EDGE ( 'NONE', *, *, #203, .T. ) ;
#9158 = CARTESIAN_POINT ( 'NONE',  ( 1.363744567845387000E-016, 0.6705511811023621100, 0.004393306531884139600 ) ) ;
#9159 = CARTESIAN_POINT ( 'NONE',  ( 0.3116141732283477800, 0.08199999999999997600, -0.3996141732283464100 ) ) ;
#9160 = VECTOR ( 'NONE', #2880, 39.37007874015748100 ) ;
#9161 = ORIENTED_EDGE ( 'NONE', *, *, #3997, .T. ) ;
#9162 = CARTESIAN_POINT ( 'NONE',  ( -0.3155511811023644100, 0.03999999999999992500, 0.2238645401817222200 ) ) ;
#9163 = DIRECTION ( 'NONE',  ( -0.0000000000000000000, -0.0000000000000000000, 1.000000000000000000 ) ) ;
#9164 = EDGE_CURVE ( 'NONE', #1577, #3509, #8313, .T. ) ;
#9165 = CYLINDRICAL_SURFACE ( 'NONE', #4114, 0.01250000000000000200 ) ;
#9166 = VERTEX_POINT ( 'NONE', #5497 ) ;
#9167 = DIRECTION ( 'NONE',  ( -3.491481338843144800E-015, -3.491481338843132600E-015, 1.000000000000000000 ) ) ;
#9168 = FACE_OUTER_BOUND ( 'NONE', #938, .T. ) ;
#9169 = EDGE_LOOP ( 'NONE', ( #237, #9069, #9589, #6219 ) ) ;
#9170 = CARTESIAN_POINT ( 'NONE',  ( -0.1645137373393535100, 0.6705511811023621100, 0.1973173628908212700 ) ) ;
#9171 = CARTESIAN_POINT ( 'NONE',  ( 0.1645137373393535100, 0.6205511811023621800, 0.1385002118027675600 ) ) ;
#9172 = CARTESIAN_POINT ( 'NONE',  ( -0.3155511811023633500, 0.6619533149417182700, 0.2546448794795244700 ) ) ;
#9173 = CARTESIAN_POINT ( 'NONE',  ( -0.3155511811023642400, 0.05455008786923420300, 0.2475511811023649300 ) ) ;
#9174 = PRESENTATION_LAYER_ASSIGNMENT (  '', '', ( #1578 ) ) ;
#9175 = EDGE_LOOP ( 'NONE', ( #3915, #8042, #8602, #5208, #8632 ) ) ;
#9176 = ADVANCED_FACE ( 'NONE', ( #7709 ), #2462, .F. ) ;
#9177 = FACE_OUTER_BOUND ( 'NONE', #3952, .T. ) ;
#9178 = ORIENTED_EDGE ( 'NONE', *, *, #9301, .F. ) ;
#9179 = DIRECTION ( 'NONE',  ( -3.542742354896064800E-015, -1.000000000000000000, 1.968190197164480500E-016 ) ) ;
#9180 = SURFACE_STYLE_USAGE ( .BOTH. , #6198 ) ;
#9181 = ORIENTED_EDGE ( 'NONE', *, *, #399, .F. ) ;
#9182 = CARTESIAN_POINT ( 'NONE',  ( -0.2561045361904967200, 0.2705511811023621500, -0.09287881401875214300 ) ) ;
#9183 = CARTESIAN_POINT ( 'NONE',  ( 0.1605124221163134500, 0.6705511811023621100, 0.2170512116749741300 ) ) ;
#9184 = EDGE_LOOP ( 'NONE', ( #1484, #5324, #6440, #4829 ) ) ;
#9185 = LINE ( 'NONE', #6446, #3392 ) ;
#9186 = DIRECTION ( 'NONE',  ( -1.000000000000000000, 0.0000000000000000000, 0.0000000000000000000 ) ) ;
#9187 = EDGE_CURVE ( 'NONE', #4271, #3552, #8676, .T. ) ;
#9188 = AXIS2_PLACEMENT_3D ( 'NONE', #4501, #7573, #6114 ) ;
#9189 = ORIENTED_EDGE ( 'NONE', *, *, #4770, .F. ) ;
#9190 = DIRECTION ( 'NONE',  ( 0.0000000000000000000, 1.000000000000000000, 0.0000000000000000000 ) ) ;
#9191 = DIRECTION ( 'NONE',  ( 0.0000000000000000000, 1.000000000000000000, 0.0000000000000000000 ) ) ;
#9192 = ORIENTED_EDGE ( 'NONE', *, *, #2986, .F. ) ;
#9193 = LINE ( 'NONE', #8995, #3039 ) ;
#9194 = CARTESIAN_POINT ( 'NONE',  ( 0.3116141732283466700, 0.6705511811023621100, -0.3996141732283464100 ) ) ;
#9195 = EDGE_CURVE ( 'NONE', #2241, #8247, #3095, .T. ) ;
#9196 = EDGE_LOOP ( 'NONE', ( #3713, #5812, #9668, #3654 ) ) ;
#9197 = LINE ( 'NONE', #9480, #7909 ) ;
#9198 = DIRECTION ( 'NONE',  ( 3.661961499347914700E-015, 3.462928498309717500E-015, -1.000000000000000000 ) ) ;
#9199 = ADVANCED_FACE ( 'NONE', ( #4051 ), #4092, .F. ) ;
#9200 = AXIS2_PLACEMENT_3D ( 'NONE', #8335, #718, #3809 ) ;
#9201 = ORIENTED_EDGE ( 'NONE', *, *, #9122, .T. ) ;
#9202 = DIRECTION ( 'NONE',  ( 3.661961499347914700E-015, 3.462928498309717500E-015, -1.000000000000000000 ) ) ;
#9203 = VECTOR ( 'NONE', #6841, 39.37007874015748100 ) ;
#9204 = DIRECTION ( 'NONE',  ( -6.954409837152875700E-015, -1.000000000000000000, 0.0000000000000000000 ) ) ;
#9205 = ORIENTED_EDGE ( 'NONE', *, *, #6069, .T. ) ;
#9206 = CARTESIAN_POINT ( 'NONE',  ( 0.08354462770099667400, 0.4705511811023621000, 0.2208086550377015000 ) ) ;
#9207 = FACE_OUTER_BOUND ( 'NONE', #8657, .T. ) ;
#9208 = CARTESIAN_POINT ( 'NONE',  ( -0.2561045361904967200, 0.6517171962552883400, 0.009827287307507483500 ) ) ;
#9209 = EDGE_CURVE ( 'NONE', #4315, #8669, #264, .T. ) ;
#9210 = DIRECTION ( 'NONE',  ( 0.0000000000000000000, 0.0000000000000000000, -1.000000000000000000 ) ) ;
#9211 = ORIENTED_EDGE ( 'NONE', *, *, #282, .F. ) ;
#9212 = DIRECTION ( 'NONE',  ( -0.0000000000000000000, 1.000000000000000000, -0.0000000000000000000 ) ) ;
#9213 = LINE ( 'NONE', #2657, #3067 ) ;
#9214 = AXIS2_PLACEMENT_3D ( 'NONE', #6422, #9407, #4176 ) ;
#9215 = PLANE ( 'NONE',  #8308 ) ;
#9216 = ORIENTED_EDGE ( 'NONE', *, *, #4126, .T. ) ;
#9217 = FACE_OUTER_BOUND ( 'NONE', #6032, .T. ) ;
#9218 = DIRECTION ( 'NONE',  ( -0.0000000000000000000, 1.000000000000000000, -0.0000000000000000000 ) ) ;
#9219 = AXIS2_PLACEMENT_3D ( 'NONE', #2452, #7819, #1714 ) ;
#9220 = ORIENTED_EDGE ( 'NONE', *, *, #3926, .T. ) ;
#9221 = PLANE ( 'NONE',  #5200 ) ;
#9222 = LINE ( 'NONE', #6396, #5534 ) ;
#9223 = DIRECTION ( 'NONE',  ( 3.491481338843133000E-015, -1.222734403092568400E-029, -1.000000000000000000 ) ) ;
#9224 = EDGE_CURVE ( 'NONE', #2890, #2346, #7115, .T. ) ;
#9225 = CARTESIAN_POINT ( 'NONE',  ( 0.2733513886040114200, 0.6799999999999999400, 0.1077457736259981600 ) ) ;
#9226 = ORIENTED_EDGE ( 'NONE', *, *, #7621, .T. ) ;
#9227 = ADVANCED_FACE ( 'NONE', ( #6161 ), #4945, .T. ) ;
#9228 = ORIENTED_EDGE ( 'NONE', *, *, #7091, .F. ) ;
#9229 = DIRECTION ( 'NONE',  ( 0.7071067811865486800, -0.7071067811865462400, -2.719453687096315600E-015 ) ) ;
#9230 = VECTOR ( 'NONE', #9359, 39.37007874015748100 ) ;
#9231 = CARTESIAN_POINT ( 'NONE',  ( 0.1645137373393535400, 0.6705511811023621100, 0.1337073676835897900 ) ) ;
#9232 = VERTEX_POINT ( 'NONE', #973 ) ;
#9233 = CARTESIAN_POINT ( 'NONE',  ( 0.3155511811023630800, 0.6666141732283464800, -0.3949533149417188700 ) ) ;
#9234 = AXIS2_PLACEMENT_3D ( 'NONE', #1405, #9765, #6619 ) ;
#9235 = ORIENTED_EDGE ( 'NONE', *, *, #6792, .T. ) ;
#9236 = VERTEX_POINT ( 'NONE', #4917 ) ;
#9237 = CARTESIAN_POINT ( 'NONE',  ( -0.1249999999999999600, -0.1674264068711929000, -0.3500000000000000900 ) ) ;
#9238 = LINE ( 'NONE', #2077, #6272 ) ;
#9239 = LINE ( 'NONE', #5291, #7951 ) ;
#9240 = CARTESIAN_POINT ( 'NONE',  ( 0.3250000000000015700, 0.06600000000000103000, 0.2238645401817222200 ) ) ;
#9241 = ORIENTED_EDGE ( 'NONE', *, *, #2634, .F. ) ;
#9242 = FACE_OUTER_BOUND ( 'NONE', #2728, .T. ) ;
#9243 = ORIENTED_EDGE ( 'NONE', *, *, #6345, .T. ) ;
#9244 = EDGE_CURVE ( 'NONE', #3146, #5788, #5102, .T. ) ;
#9245 = ORIENTED_EDGE ( 'NONE', *, *, #707, .F. ) ;
#9246 = DIRECTION ( 'NONE',  ( -0.0000000000000000000, 0.0000000000000000000, 1.000000000000000000 ) ) ;
#9247 = DIRECTION ( 'NONE',  ( -0.0000000000000000000, 1.000000000000000000, -0.0000000000000000000 ) ) ;
#9248 = EDGE_CURVE ( 'NONE', #7660, #5752, #6629, .T. ) ;
#9249 = CARTESIAN_POINT ( 'NONE',  ( -0.3116141732283498900, 0.08200000000000000300, -0.4035511811023634300 ) ) ;
#9250 = PRESENTATION_STYLE_ASSIGNMENT (( #8693 ) ) ;
#9251 = AXIS2_PLACEMENT_3D ( 'NONE', #8054, #5748, #1291 ) ;
#9252 = ADVANCED_FACE ( 'NONE', ( #4622 ), #1972, .F. ) ;
#9253 = DIRECTION ( 'NONE',  ( 0.0000000000000000000, 0.0000000000000000000, -1.000000000000000000 ) ) ;
#9254 = LINE ( 'NONE', #5298, #7237 ) ;
#9255 = DIRECTION ( 'NONE',  ( 1.033065433525962600E-016, 0.0000000000000000000, 1.000000000000000000 ) ) ;
#9256 = ORIENTED_EDGE ( 'NONE', *, *, #8651, .T. ) ;
#9257 = VECTOR ( 'NONE', #5932, 39.37007874015748100 ) ;
#9258 = EDGE_CURVE ( 'NONE', #6078, #5976, #9124, .T. ) ;
#9259 = VECTOR ( 'NONE', #2656, 39.37007874015748100 ) ;
#9260 = CARTESIAN_POINT ( 'NONE',  ( -0.1745137373393535200, 0.6705511811023621100, 0.1973173628908212700 ) ) ;
#9261 = LINE ( 'NONE', #9700, #8785 ) ;
#9262 = CARTESIAN_POINT ( 'NONE',  ( 0.3250000000000024000, 1.297627796990525000E-015, 0.0000000000000000000 ) ) ;
#9263 = ORIENTED_EDGE ( 'NONE', *, *, #2432, .T. ) ;
#9264 = PLANE ( 'NONE',  #3025 ) ;
#9265 = CARTESIAN_POINT ( 'NONE',  ( -0.2733513886040114200, 0.6799999999999999400, 0.1452368461752705000 ) ) ;
#9266 = AXIS2_PLACEMENT_3D ( 'NONE', #6201, #197, #103 ) ;
#9267 = CARTESIAN_POINT ( 'NONE',  ( -0.3250000000000029000, -0.1549999999999954700, -0.1639519052838328500 ) ) ;
#9268 =( GEOMETRIC_REPRESENTATION_CONTEXT ( 3 ) GLOBAL_UNCERTAINTY_ASSIGNED_CONTEXT ( ( #4593 ) ) GLOBAL_UNIT_ASSIGNED_CONTEXT ( ( #2860, #2797, #8157 ) ) REPRESENTATION_CONTEXT ( 'NONE', 'WORKASPACE' ) );
#9269 = DIRECTION ( 'NONE',  ( 0.0000000000000000000, 0.0000000000000000000, 1.000000000000000000 ) ) ;
#9270 = LINE ( 'NONE', #4689, #3233 ) ;
#9271 = DIRECTION ( 'NONE',  ( -1.530423871923512800E-016, 0.7071067811865451300, -0.7071067811865500200 ) ) ;
#9272 = ORIENTED_EDGE ( 'NONE', *, *, #4523, .T. ) ;
#9273 = EDGE_CURVE ( 'NONE', #5930, #4979, #2613, .T. ) ;
#9274 = DIRECTION ( 'NONE',  ( 1.000000000000000000, 0.0000000000000000000, -0.0000000000000000000 ) ) ;
#9275 = DIRECTION ( 'NONE',  ( -1.000000000000000000, 0.0000000000000000000, 0.0000000000000000000 ) ) ;
#9276 = CARTESIAN_POINT ( 'NONE',  ( -0.3250000000000011800, 0.6619533149417182700, 0.2571185744823517600 ) ) ;
#9277 = ORIENTED_EDGE ( 'NONE', *, *, #8954, .T. ) ;
#9278 = AXIS2_PLACEMENT_3D ( 'NONE', #2364, #1627, #1576 ) ;
#9279 = FACE_OUTER_BOUND ( 'NONE', #4568, .T. ) ;
#9280 = CARTESIAN_POINT ( 'NONE',  ( 0.3250000000000028400, -0.1174999999999977500, -0.1320000000000000100 ) ) ;
#9281 = ADVANCED_FACE ( 'NONE', ( #37 ), #5620, .T. ) ;
#9282 = VERTEX_POINT ( 'NONE', #7151 ) ;
#9283 = DIRECTION ( 'NONE',  ( 0.0000000000000000000, 1.000000000000000000, 0.0000000000000000000 ) ) ;
#9284 = CARTESIAN_POINT ( 'NONE',  ( 0.2051873039643365700, 0.0000000000000000000, -0.3828791539144444400 ) ) ;
#9285 = VERTEX_POINT ( 'NONE', #2692 ) ;
#9286 = CARTESIAN_POINT ( 'NONE',  ( -0.3155511811023643000, 0.05599999999999997300, -0.1840000000000000000 ) ) ;
#9287 = EDGE_CURVE ( 'NONE', #8583, #7090, #2381, .T. ) ;
#9288 = VECTOR ( 'NONE', #54, 39.37007874015748100 ) ;
#9289 = ORIENTED_EDGE ( 'NONE', *, *, #3425, .F. ) ;
#9290 = CARTESIAN_POINT ( 'NONE',  ( 0.2569099894223583800, 0.6705511811023621100, 0.1385002118027675600 ) ) ;
#9291 = CARTESIAN_POINT ( 'NONE',  ( -0.3155511811023644100, 0.02999999999999994000, 0.06990778161457228400 ) ) ;
#9292 = DIRECTION ( 'NONE',  ( 0.0000000000000000000, -0.0000000000000000000, 1.000000000000000000 ) ) ;
#9293 = DIRECTION ( 'NONE',  ( 6.829619984160658200E-015, 1.000000000000000000, 0.0000000000000000000 ) ) ;
#9294 = VERTEX_POINT ( 'NONE', #7998 ) ;
#9295 = CYLINDRICAL_SURFACE ( 'NONE', #7018, 0.01250000000000000200 ) ;
#9296 = ORIENTED_EDGE ( 'NONE', *, *, #112, .F. ) ;
#9297 = DIRECTION ( 'NONE',  ( -1.000000000000000000, -0.0000000000000000000, -0.0000000000000000000 ) ) ;
#9298 = ORIENTED_EDGE ( 'NONE', *, *, #8929, .T. ) ;
#9299 = CARTESIAN_POINT ( 'NONE',  ( -0.3116141732283498300, 0.06600000000000103000, 0.2669999999999999600 ) ) ;
#9300 = CARTESIAN_POINT ( 'NONE',  ( 0.3116141732283477800, 0.08200000000000000300, -0.4035511811023623200 ) ) ;
#9301 = EDGE_CURVE ( 'NONE', #3971, #653, #8191, .T. ) ;
#9302 = CARTESIAN_POINT ( 'NONE',  ( -0.3155511811023642400, 0.05455008786923420300, -0.06845163660186287500 ) ) ;
#9303 = ADVANCED_FACE ( 'NONE', ( #1665 ), #6526, .F. ) ;
#9304 = ORIENTED_EDGE ( 'NONE', *, *, #1631, .F. ) ;
#9305 = VECTOR ( 'NONE', #3487, 39.37007874015748100 ) ;
#9306 = ORIENTED_EDGE ( 'NONE', *, *, #9657, .F. ) ;
#9307 = CARTESIAN_POINT ( 'NONE',  ( 0.3250000000000002300, 0.6666141732283462600, 0.2489533149417188500 ) ) ;
#9308 = DIRECTION ( 'NONE',  ( -1.000000000000000000, 0.0000000000000000000, -2.891205793294679400E-015 ) ) ;
#9309 = DIRECTION ( 'NONE',  ( 0.0000000000000000000, -1.000000000000000000, 0.0000000000000000000 ) ) ;
#9310 = ORIENTED_EDGE ( 'NONE', *, *, #3014, .T. ) ;
#9311 = EDGE_CURVE ( 'NONE', #8417, #3861, #3684, .T. ) ;
#9312 = AXIS2_PLACEMENT_3D ( 'NONE', #6603, #6511, #4273 ) ;
#9313 = DIRECTION ( 'NONE',  ( 0.0000000000000000000, 0.0000000000000000000, -1.000000000000000000 ) ) ;
#9314 = ORIENTED_EDGE ( 'NONE', *, *, #5207, .T. ) ;
#9315 = LINE ( 'NONE', #6973, #5285 ) ;
#9316 = DIRECTION ( 'NONE',  ( -1.000000000000000000, 0.0000000000000000000, 0.0000000000000000000 ) ) ;
#9317 = CARTESIAN_POINT ( 'NONE',  ( 0.3155511811023643000, 0.05455008786923420300, 0.2475511811023648500 ) ) ;
#9318 = ORIENTED_EDGE ( 'NONE', *, *, #6148, .T. ) ;
#9319 = CARTESIAN_POINT ( 'NONE',  ( -0.08354462770099661800, 0.4705511811023621000, 0.2208086550377015000 ) ) ;
#9320 = CARTESIAN_POINT ( 'NONE',  ( 0.1490000000000000800, -0.1250000000000000000, 0.1620000000000000100 ) ) ;
#9321 =( NAMED_UNIT ( * ) PLANE_ANGLE_UNIT ( ) SI_UNIT ( $, .RADIAN. ) );
#9322 = EDGE_LOOP ( 'NONE', ( #9508, #5694, #1854, #8355, #1944, #4460, #4672, #7576 ) ) ;
#9323 = EDGE_CURVE ( 'NONE', #2899, #3985, #6410, .T. ) ;
#9324 = CIRCLE ( 'NONE', #3081, 0.01500000000000001200 ) ;
#9325 = AXIS2_PLACEMENT_3D ( 'NONE', #2345, #2382, #7536 ) ;
#9326 = MANIFOLD_SOLID_BREP ( 'Boss-Extrude5[12]', #2303 ) ;
#9327 = ORIENTED_EDGE ( 'NONE', *, *, #5410, .F. ) ;
#9328 = DIRECTION ( 'NONE',  ( 1.000000000000000000, -0.0000000000000000000, -0.0000000000000000000 ) ) ;
#9329 = ADVANCED_FACE ( 'NONE', ( #2733 ), #6993, .F. ) ;
#9330 = VECTOR ( 'NONE', #1347, 39.37007874015748100 ) ;
#9331 = CARTESIAN_POINT ( 'NONE',  ( 0.3250000000000015700, 0.02999999999999994000, 0.06990778161457228400 ) ) ;
#9332 = CARTESIAN_POINT ( 'NONE',  ( 0.1295137373393535100, 0.2705511811023621500, 0.09870736768358974500 ) ) ;
#9333 = EDGE_CURVE ( 'NONE', #2171, #7273, #4747, .T. ) ;
#9334 = EDGE_LOOP ( 'NONE', ( #7577, #7134, #3018, #9096 ) ) ;
#9335 = LINE ( 'NONE', #9380, #2000 ) ;
#9336 = CARTESIAN_POINT ( 'NONE',  ( 0.0000000000000000000, 0.6355511811023624200, -0.1833786526941293700 ) ) ;
#9337 = CLOSED_SHELL ( 'NONE', ( #6995, #46, #8723, #5447 ) ) ;
#9338 = AXIS2_PLACEMENT_3D ( 'NONE', #1917, #4241, #8720 ) ;
#9339 = FACE_OUTER_BOUND ( 'NONE', #9169, .T. ) ;
#9340 = CARTESIAN_POINT ( 'NONE',  ( 0.3069533149417188500, 0.6800000000000007100, -0.3996141732283464100 ) ) ;
#9341 = CARTESIAN_POINT ( 'NONE',  ( 0.1185446277009967000, 0.6705511811023621100, 0.2054271400810135900 ) ) ;
#9342 = CARTESIAN_POINT ( 'NONE',  ( -0.3116141732283464500, 0.6619533149417188300, -0.4130000000000009800 ) ) ;
#9343 = CARTESIAN_POINT ( 'NONE',  ( -0.2561045361904967200, 0.2705511811023621500, 0.009827287307507483500 ) ) ;
#9344 = EDGE_LOOP ( 'NONE', ( #7619, #1368, #3029, #9644 ) ) ;
#9345 = PRESENTATION_STYLE_ASSIGNMENT (( #8732 ) ) ;
#9346 = B_SPLINE_CURVE_WITH_KNOTS ( 'NONE', 3,
 ( #8120, #4434, #3718, #7341, #1328, #6610 ),
 .UNSPECIFIED., .F., .F.,
 ( 4, 2, 4 ),
 ( 0.0000000000000000000, 0.5000000000000000000, 1.000000000000000000 ),
 .UNSPECIFIED. ) ;
#9347 = DIRECTION ( 'NONE',  ( -0.0000000000000000000, 0.0000000000000000000, -1.000000000000000000 ) ) ;
#9348 = EDGE_CURVE ( 'NONE', #6868, #4443, #2507, .T. ) ;
#9349 = ORIENTED_EDGE ( 'NONE', *, *, #9244, .T. ) ;
#9350 = LENGTH_MEASURE_WITH_UNIT ( LENGTH_MEASURE( 0.02539999999999999900 ), #172 );
#9351 = DIRECTION ( 'NONE',  ( 1.000000000000000000, -0.0000000000000000000, -0.0000000000000000000 ) ) ;
#9352 = DIRECTION ( 'NONE',  ( -1.000000000000000000, 0.0000000000000000000, 0.0000000000000000000 ) ) ;
#9353 = ORIENTED_EDGE ( 'NONE', *, *, #7613, .T. ) ;
#9354 = DIRECTION ( 'NONE',  ( 2.492171718503151100E-016, 0.0000000000000000000, 1.000000000000000000 ) ) ;
#9355 = AXIS2_PLACEMENT_3D ( 'NONE', #5616, #1025, #1098 ) ;
#9356 = LINE ( 'NONE', #5302, #6388 ) ;
#9357 = ADVANCED_FACE ( 'NONE', ( #4999 ), #3592, .F. ) ;
#9358 = VERTEX_POINT ( 'NONE', #8915 ) ;
#9359 = DIRECTION ( 'NONE',  ( 1.000000000000000000, -0.0000000000000000000, -0.0000000000000000000 ) ) ;
#9360 = ORIENTED_EDGE ( 'NONE', *, *, #8686, .F. ) ;
#9361 = FACE_OUTER_BOUND ( 'NONE', #5240, .T. ) ;
#9362 = ORIENTED_EDGE ( 'NONE', *, *, #1031, .T. ) ;
#9363 = EDGE_CURVE ( 'NONE', #3696, #7805, #7226, .T. ) ;
#9364 = DIRECTION ( 'NONE',  ( 0.0000000000000000000, -1.000000000000000000, -0.0000000000000000000 ) ) ;
#9365 = ORIENTED_EDGE ( 'NONE', *, *, #135, .T. ) ;
#9366 = CARTESIAN_POINT ( 'NONE',  ( -0.2755511811023642600, 0.01450000000000000100, -0.2729397864125760500 ) ) ;
#9367 = CARTESIAN_POINT ( 'NONE',  ( -0.2051873039643365700, 0.4318828228266479700, -0.3067141884898558200 ) ) ;
#9368 = ORIENTED_EDGE ( 'NONE', *, *, #5060, .T. ) ;
#9369 = DIRECTION ( 'NONE',  ( 2.492171718503151100E-016, 0.0000000000000000000, 1.000000000000000000 ) ) ;
#9370 = EDGE_LOOP ( 'NONE', ( #7653, #4836, #5057, #3885 ) ) ;
#9371 = LINE ( 'NONE', #8182, #8792 ) ;
#9372 = CARTESIAN_POINT ( 'NONE',  ( -0.2249999999999999800, -0.1250000000000000000, -0.04849584923580589600 ) ) ;
#9373 = VECTOR ( 'NONE', #7675, 39.37007874015748100 ) ;
#9374 = CARTESIAN_POINT ( 'NONE',  ( 0.3173036717348479700, 0.6705511811023621100, -0.4053036717348482100 ) ) ;
#9375 = DIRECTION ( 'NONE',  ( 1.000000000000000000, 0.0000000000000000000, 7.389131165723508900E-016 ) ) ;
#9376 = LINE ( 'NONE', #8399, #8429 ) ;
#9377 = AXIS2_PLACEMENT_3D ( 'NONE', #6289, #5457, #6987 ) ;
#9378 = ORIENTED_EDGE ( 'NONE', *, *, #1690, .T. ) ;
#9379 = LINE ( 'NONE', #6284, #2037 ) ;
#9380 = CARTESIAN_POINT ( 'NONE',  ( -0.2755511811023642600, 0.05455008786923420300, 0.2575511811023651900 ) ) ;
#9381 = DIRECTION ( 'NONE',  ( -1.274600948223789800E-016, -1.000000000000000000, -3.441422560204232300E-015 ) ) ;
#9382 = ORIENTED_EDGE ( 'NONE', *, *, #5258, .F. ) ;
#9383 = CARTESIAN_POINT ( 'NONE',  ( -0.3116141732283498900, 0.08200000000000000300, -0.4035511811023634300 ) ) ;
#9384 = DIRECTION ( 'NONE',  ( 1.000000000000000000, 0.0000000000000000000, 0.0000000000000000000 ) ) ;
#9385 = VECTOR ( 'NONE', #732, 39.37007874015748100 ) ;
#9386 = VECTOR ( 'NONE', #3266, 39.37007874015748100 ) ;
#9387 = VERTEX_POINT ( 'NONE', #3521 ) ;
#9388 = DIRECTION ( 'NONE',  ( 0.0000000000000000000, -1.000000000000000000, 0.0000000000000000000 ) ) ;
#9389 = ADVANCED_FACE ( 'NONE', ( #964 ), #4374, .T. ) ;
#9390 = ORIENTED_EDGE ( 'NONE', *, *, #7931, .T. ) ;
#9391 = DIRECTION ( 'NONE',  ( -0.0000000000000000000, -1.000000000000000000, -0.0000000000000000000 ) ) ;
#9392 = CARTESIAN_POINT ( 'NONE',  ( -0.3151185744823507000, 0.6800000000000002700, -0.3949533149417182600 ) ) ;
#9393 = EDGE_CURVE ( 'NONE', #7323, #1805, #645, .T. ) ;
#9394 = CARTESIAN_POINT ( 'NONE',  ( 0.1795879137239758700, 0.1795879137239768100, -0.4035511811023629300 ) ) ;
#9395 = VECTOR ( 'NONE', #4095, 39.37007874015748100 ) ;
#9396 = AXIS2_PLACEMENT_3D ( 'NONE', #474, #532, #1288 ) ;
#9397 = DIRECTION ( 'NONE',  ( -1.000000000000000000, 0.0000000000000000000, 0.0000000000000000000 ) ) ;
#9398 = VECTOR ( 'NONE', #34, 39.37007874015748100 ) ;
#9399 = DIRECTION ( 'NONE',  ( 0.0000000000000000000, -1.000000000000000000, -5.782411586589324900E-015 ) ) ;
#9400 = EDGE_LOOP ( 'NONE', ( #9495, #4724, #6016, #1178 ) ) ;
#9401 = ORIENTED_EDGE ( 'NONE', *, *, #5093, .F. ) ;
#9402 = CARTESIAN_POINT ( 'NONE',  ( 0.2733513886040114200, 0.6705511811023621100, 0.1452368461752705000 ) ) ;
#9403 = DIRECTION ( 'NONE',  ( 1.000000000000000000, -0.0000000000000000000, -0.0000000000000000000 ) ) ;
#9404 = EDGE_CURVE ( 'NONE', #4383, #2754, #5221, .T. ) ;
#9405 = EDGE_LOOP ( 'NONE', ( #931, #4683, #5359, #3831, #8937, #918 ) ) ;
#9406 = PLANE ( 'NONE',  #5074 ) ;
#9407 = DIRECTION ( 'NONE',  ( -0.0000000000000000000, -1.000000000000000000, -0.0000000000000000000 ) ) ;
#9408 = LINE ( 'NONE', #1869, #7374 ) ;
#9409 = ORIENTED_EDGE ( 'NONE', *, *, #6197, .F. ) ;
#9410 = DIRECTION ( 'NONE',  ( 0.0000000000000000000, -1.000000000000000000, -5.782411586589324900E-015 ) ) ;
#9411 = AXIS2_PLACEMENT_3D ( 'NONE', #4520, #2296, #3062 ) ;
#9412 = CARTESIAN_POINT ( 'NONE',  ( -0.3173036717348486900, 0.6723036717348476200, -0.4035511811023631000 ) ) ;
#9413 = VECTOR ( 'NONE', #8380, 39.37007874015748100 ) ;
#9414 = ORIENTED_EDGE ( 'NONE', *, *, #3108, .F. ) ;
#9415 = DIRECTION ( 'NONE',  ( 1.000000000000000000, 0.0000000000000000000, -1.459106284977188500E-016 ) ) ;
#9416 = ADVANCED_FACE ( 'NONE', ( #6515 ), #6037, .F. ) ;
#9417 = VECTOR ( 'NONE', #5435, 39.37007874015748100 ) ;
#9418 = VERTEX_POINT ( 'NONE', #5814 ) ;
#9419 = EDGE_CURVE ( 'NONE', #8669, #5674, #1193, .T. ) ;
#9420 = CARTESIAN_POINT ( 'NONE',  ( -0.2051873039643365700, 0.01450000000000000900, -0.3067141884898558200 ) ) ;
#9421 = DIRECTION ( 'NONE',  ( -1.000000000000000000, -0.0000000000000000000, 1.033065433525962600E-016 ) ) ;
#9422 = DIRECTION ( 'NONE',  ( 0.0000000000000000000, 0.0000000000000000000, -1.000000000000000000 ) ) ;
#9423 = DIRECTION ( 'NONE',  ( -0.0000000000000000000, -0.0000000000000000000, 1.000000000000000000 ) ) ;
#9424 = AXIS2_PLACEMENT_3D ( 'NONE', #9015, #7556, #4485 ) ;
#9425 = VECTOR ( 'NONE', #5108, 39.37007874015748100 ) ;
#9426 = VERTEX_POINT ( 'NONE', #8944 ) ;
#9427 = FACE_OUTER_BOUND ( 'NONE', #956, .T. ) ;
#9428 = DIRECTION ( 'NONE',  ( -0.0000000000000000000, 0.0000000000000000000, 1.000000000000000000 ) ) ;
#9429 = VERTEX_POINT ( 'NONE', #1335 ) ;
#9430 = PLANE ( 'NONE',  #4097 ) ;
#9431 = DIRECTION ( 'NONE',  ( -1.000000000000000000, 0.0000000000000000000, 0.0000000000000000000 ) ) ;
#9432 = CARTESIAN_POINT ( 'NONE',  ( 0.2051873039643365700, 0.4318828228266479700, -0.3828791539144444400 ) ) ;
#9433 = CARTESIAN_POINT ( 'NONE',  ( -0.1365176063508957700, 0.2226582210970567700, -0.4130000000000007600 ) ) ;
#9434 = EDGE_CURVE ( 'NONE', #2862, #5312, #253, .T. ) ;
#9435 = ORIENTED_EDGE ( 'NONE', *, *, #6137, .F. ) ;
#9436 = VECTOR ( 'NONE', #4128, 39.37007874015748100 ) ;
#9437 = CARTESIAN_POINT ( 'NONE',  ( -0.2051873039643365700, 0.4318828228266479700, -0.3828791539144444400 ) ) ;
#9438 = VERTEX_POINT ( 'NONE', #8195 ) ;
#9439 = ORIENTED_EDGE ( 'NONE', *, *, #6944, .T. ) ;
#9440 = DIRECTION ( 'NONE',  ( -1.000000000000000000, 0.0000000000000000000, 0.0000000000000000000 ) ) ;
#9441 = CARTESIAN_POINT ( 'NONE',  ( 0.2733513886040114200, 0.6799999999999999400, -0.2064179702976515800 ) ) ;
#9442 = ADVANCED_FACE ( 'NONE', ( #4737 ), #5072, .T. ) ;
#9443 = AXIS2_PLACEMENT_3D ( 'NONE', #8948, #3692, #4448 ) ;
#9444 = CARTESIAN_POINT ( 'NONE',  ( -0.2249999999999999800, -0.1250000000000000000, -0.04849584923580589600 ) ) ;
#9445 = VERTEX_POINT ( 'NONE', #7352 ) ;
#9446 = LINE ( 'NONE', #2742, #7894 ) ;
#9447 = CARTESIAN_POINT ( 'NONE',  ( -0.3116141732283464500, 0.6619533149417188300, -0.4035511811023631500 ) ) ;
#9448 = ORIENTED_EDGE ( 'NONE', *, *, #5496, .T. ) ;
#9449 = CARTESIAN_POINT ( 'NONE',  ( -0.3250000000000023400, 0.05599999999999997300, 0.07990778161457226500 ) ) ;
#9450 = DIRECTION ( 'NONE',  ( -0.0000000000000000000, -1.000000000000000000, -0.0000000000000000000 ) ) ;
#9451 = ORIENTED_EDGE ( 'NONE', *, *, #4688, .T. ) ;
#9452 = MANIFOLD_SOLID_BREP ( 'Boss-Extrude5[9]', #6796 ) ;
#9453 = EDGE_CURVE ( 'NONE', #6959, #1517, #9004, .T. ) ;
#9454 = LINE ( 'NONE', #1842, #5404 ) ;
#9455 = DIRECTION ( 'NONE',  ( 0.0000000000000000000, 3.491481338843133000E-015, -1.000000000000000000 ) ) ;
#9456 = DIRECTION ( 'NONE',  ( 5.782411586589324900E-015, 1.000000000000000000, 0.0000000000000000000 ) ) ;
#9457 = EDGE_CURVE ( 'NONE', #7650, #1633, #9254, .T. ) ;
#9458 = AXIS2_PLACEMENT_3D ( 'NONE', #2084, #6546, #8810 ) ;
#9459 = ORIENTED_EDGE ( 'NONE', *, *, #3669, .F. ) ;
#9460 = FACE_OUTER_BOUND ( 'NONE', #5658, .T. ) ;
#9461 = CARTESIAN_POINT ( 'NONE',  ( -0.2399385210375706000, 0.2705511811023621500, -0.09287881401875214300 ) ) ;
#9462 = ORIENTED_EDGE ( 'NONE', *, *, #5081, .F. ) ;
#9463 = DIRECTION ( 'NONE',  ( -0.7071067811865423500, 0.7071067811865526800, -3.903703389514958700E-015 ) ) ;
#9464 = CIRCLE ( 'NONE', #2894, 0.06250000000000001400 ) ;
#9465 = EDGE_CURVE ( 'NONE', #3581, #8417, #8303, .T. ) ;
#9466 = UNCERTAINTY_MEASURE_WITH_UNIT (LENGTH_MEASURE( 1.000000000000000100E-005 ), #2027, 'distance_accuracy_value', 'NONE');
#9467 = DIRECTION ( 'NONE',  ( -0.5773502691896271700, 0.5773502691896226200, 0.5773502691896271700 ) ) ;
#9468 = ADVANCED_FACE ( 'NONE', ( #1771 ), #4510, .T. ) ;
#9469 = DIRECTION ( 'NONE',  ( 0.0000000000000000000, 0.0000000000000000000, -1.000000000000000000 ) ) ;
#9470 = ORIENTED_EDGE ( 'NONE', *, *, #3044, .F. ) ;
#9471 = CARTESIAN_POINT ( 'NONE',  ( 0.3250000000000015700, 0.05599999999999997300, -0.1120000000000000200 ) ) ;
#9472 = VECTOR ( 'NONE', #7877, 39.37007874015748100 ) ;
#9473 = CARTESIAN_POINT ( 'NONE',  ( 0.08354462770099666000, 0.6355511811023624200, 0.1704271400810135600 ) ) ;
#9474 = DIRECTION ( 'NONE',  ( 0.0000000000000000000, 0.0000000000000000000, -1.000000000000000000 ) ) ;
#9475 = AXIS2_PLACEMENT_3D ( 'NONE', #1727, #9283, #8631 ) ;
#9476 = ORIENTED_EDGE ( 'NONE', *, *, #8381, .T. ) ;
#9477 = VECTOR ( 'NONE', #8261, 39.37007874015748100 ) ;
#9478 = CARTESIAN_POINT ( 'NONE',  ( -0.3250000000000023400, 0.05599999999999997300, 0.08990778161457226000 ) ) ;
#9479 = CARTESIAN_POINT ( 'NONE',  ( 0.1645137373393535100, 0.6705511811023621100, 0.2054271400810135900 ) ) ;
#9480 = CARTESIAN_POINT ( 'NONE',  ( 0.3116141732283477800, 0.06600000000000103000, 0.2575511811023623000 ) ) ;
#9481 = ORIENTED_EDGE ( 'NONE', *, *, #3450, .F. ) ;
#9482 = CARTESIAN_POINT ( 'NONE',  ( 0.1645137373393535100, 0.6705511811023621100, 0.2073173628908212800 ) ) ;
#9483 = LINE ( 'NONE', #610, #4019 ) ;
#9484 = DIRECTION ( 'NONE',  ( 0.0000000000000000000, 0.0000000000000000000, -1.000000000000000000 ) ) ;
#9485 = EDGE_CURVE ( 'NONE', #8767, #6646, #2981, .T. ) ;
#9486 = VERTEX_POINT ( 'NONE', #58 ) ;
#9487 = VECTOR ( 'NONE', #7761, 39.37007874015748100 ) ;
#9488 = ORIENTED_EDGE ( 'NONE', *, *, #1987, .F. ) ;
#9489 = AXIS2_PLACEMENT_3D ( 'NONE', #1908, #5702, #1177 ) ;
#9490 = CARTESIAN_POINT ( 'NONE',  ( -0.2733513886040114200, 0.6799999999999999400, 0.1452368461752705000 ) ) ;
#9491 = ORIENTED_EDGE ( 'NONE', *, *, #3840, .F. ) ;
#9492 = DIRECTION ( 'NONE',  ( -3.661961499347913900E-015, 0.0000000000000000000, 1.000000000000000000 ) ) ;
#9493 = LINE ( 'NONE', #2017, #5905 ) ;
#9494 = CARTESIAN_POINT ( 'NONE',  ( -0.2399385210375706000, 0.2705511811023621500, -0.1833786526941293700 ) ) ;
#9495 = ORIENTED_EDGE ( 'NONE', *, *, #7560, .F. ) ;
#9496 = EDGE_LOOP ( 'NONE', ( #3209, #7853 ) ) ;
#9497 = ADVANCED_FACE ( 'NONE', ( #5692 ), #4479, .F. ) ;
#9498 = EDGE_CURVE ( 'NONE', #5292, #5818, #3937, .T. ) ;
#9499 = EDGE_LOOP ( 'NONE', ( #9211, #5506, #4278, #7464 ) ) ;
#9500 = DIRECTION ( 'NONE',  ( 1.000000000000000000, 0.0000000000000000000, 0.0000000000000000000 ) ) ;
#9501 = VERTEX_POINT ( 'NONE', #665 ) ;
#9502 = CARTESIAN_POINT ( 'NONE',  ( 0.0000000000000000000, 0.6205511811023621800, 0.0000000000000000000 ) ) ;
#9503 = VECTOR ( 'NONE', #4106, 39.37007874015748100 ) ;
#9504 = FACE_OUTER_BOUND ( 'NONE', #789, .T. ) ;
#9505 = CARTESIAN_POINT ( 'NONE',  ( -0.3250000000000000100, 0.6666141732283464800, 0.2489533149417181800 ) ) ;
#9506 = AXIS2_PLACEMENT_3D ( 'NONE', #2090, #2122, #6071 ) ;
#9507 = VECTOR ( 'NONE', #9428, 39.37007874015748100 ) ;
#9508 = ORIENTED_EDGE ( 'NONE', *, *, #2537, .F. ) ;
#9509 = VECTOR ( 'NONE', #5606, 39.37007874015748100 ) ;
#9510 = CARTESIAN_POINT ( 'NONE',  ( -0.1959325888690782400, 0.6799999999999999400, 0.004393306531884149200 ) ) ;
#9511 =( GEOMETRIC_REPRESENTATION_CONTEXT ( 3 ) GLOBAL_UNCERTAINTY_ASSIGNED_CONTEXT ( ( #4182 ) ) GLOBAL_UNIT_ASSIGNED_CONTEXT ( ( #2119, #3644, #1290 ) ) REPRESENTATION_CONTEXT ( 'NONE', 'WORKASPACE' ) );
#9512 = EDGE_LOOP ( 'NONE', ( #7252, #2352 ) ) ;
#9513 = CIRCLE ( 'NONE', #2272, 0.01250000000000000200 ) ;
#9514 = VECTOR ( 'NONE', #7545, 39.37007874015748100 ) ;
#9515 = DIRECTION ( 'NONE',  ( -1.762231522034894800E-016, 0.7071067811865535700, -0.7071067811865414700 ) ) ;
#9516 = EDGE_CURVE ( 'NONE', #6813, #3178, #4394, .T. ) ;
#9517 = CARTESIAN_POINT ( 'NONE',  ( -0.2561045361904967200, 0.2705511811023621500, 0.009827287307507483500 ) ) ;
#9518 = DIRECTION ( 'NONE',  ( -0.0000000000000000000, -1.000000000000000000, -0.0000000000000000000 ) ) ;
#9519 = DIRECTION ( 'NONE',  ( -0.0000000000000000000, -1.000000000000000000, -0.0000000000000000000 ) ) ;
#9520 = ORIENTED_EDGE ( 'NONE', *, *, #644, .T. ) ;
#9521 = FACE_OUTER_BOUND ( 'NONE', #2178, .T. ) ;
#9522 = FACE_OUTER_BOUND ( 'NONE', #2132, .T. ) ;
#9523 = LINE ( 'NONE', #2861, #3464 ) ;
#9524 = ADVANCED_FACE ( 'NONE', ( #3335 ), #7516, .T. ) ;
#9525 = AXIS2_PLACEMENT_3D ( 'NONE', #2654, #1855, #3353 ) ;
#9526 = ORIENTED_EDGE ( 'NONE', *, *, #2704, .T. ) ;
#9527 = CARTESIAN_POINT ( 'NONE',  ( 0.3055511811023641800, 0.6605511811023620000, -0.4035511811023634300 ) ) ;
#9528 = CARTESIAN_POINT ( 'NONE',  ( -0.3155511811023643000, 0.06600000000000103000, 0.0000000000000000000 ) ) ;
#9529 = FILL_AREA_STYLE ('',( #1231 ) ) ;
#9530 = VECTOR ( 'NONE', #5381, 39.37007874015748100 ) ;
#9531 = CYLINDRICAL_SURFACE ( 'NONE', #5870, 0.01250000000000000200 ) ;
#9532 = DIRECTION ( 'NONE',  ( 0.0000000000000000000, -0.0000000000000000000, 1.000000000000000000 ) ) ;
#9533 = VERTEX_POINT ( 'NONE', #9040 ) ;
#9534 = CARTESIAN_POINT ( 'NONE',  ( 0.1745137373393535200, 0.6705511811023621100, 0.2073173628908212800 ) ) ;
#9535 = ADVANCED_FACE ( 'NONE', ( #7598 ), #3024, .F. ) ;
#9536 = CARTESIAN_POINT ( 'NONE',  ( 0.07902975180066358600, 0.6310363052020293600, 0.2870660570026972700 ) ) ;
#9537 = EDGE_CURVE ( 'NONE', #8171, #9145, #1667, .T. ) ;
#9538 = AXIS2_PLACEMENT_3D ( 'NONE', #9715, #8250, #7472 ) ;
#9539 = DIRECTION ( 'NONE',  ( -1.000000000000000000, 0.0000000000000000000, 1.409998620576266700E-016 ) ) ;
#9540 = ORIENTED_EDGE ( 'NONE', *, *, #7613, .F. ) ;
#9541 = VECTOR ( 'NONE', #3847, 39.37007874015748100 ) ;
#9542 = VERTEX_POINT ( 'NONE', #3051 ) ;
#9543 = DIRECTION ( 'NONE',  ( 0.0000000000000000000, 0.0000000000000000000, -1.000000000000000000 ) ) ;
#9544 = EDGE_CURVE ( 'NONE', #854, #9762, #4053, .T. ) ;
#9545 = CARTESIAN_POINT ( 'NONE',  ( 0.1295137373393535100, 0.2705511811023621500, 0.09870736768358974500 ) ) ;
#9546 = DIRECTION ( 'NONE',  ( 0.0000000000000000000, 0.7071067811865503500, -0.7071067811865448000 ) ) ;
#9547 = CARTESIAN_POINT ( 'NONE',  ( 0.3116141732283442300, 0.6666141732283460400, -0.4130000000000022500 ) ) ;
#9548 = ADVANCED_FACE ( 'NONE', ( #9242 ), #9134, .T. ) ;
#9549 = LINE ( 'NONE', #5361, #6554 ) ;
#9550 = VERTEX_POINT ( 'NONE', #7586 ) ;
#9551 = DIRECTION ( 'NONE',  ( -0.0000000000000000000, 3.661961499347899700E-015, 1.000000000000000000 ) ) ;
#9552 = CIRCLE ( 'NONE', #4191, 0.003937007874015758400 ) ;
#9553 = DIRECTION ( 'NONE',  ( 0.0000000000000000000, -1.000000000000000000, 0.0000000000000000000 ) ) ;
#9554 = VERTEX_POINT ( 'NONE', #5422 ) ;
#9555 = EDGE_CURVE ( 'NONE', #1303, #1754, #7351, .T. ) ;
#9556 =( CONVERSION_BASED_UNIT ( 'INCH', #8312 ) LENGTH_UNIT ( ) NAMED_UNIT ( #4177 ) );
#9557 =( CONVERSION_BASED_UNIT ( 'INCH', #1195 ) LENGTH_UNIT ( ) NAMED_UNIT ( #5881 ) );
#9558 = VERTEX_POINT ( 'NONE', #3181 ) ;
#9559 = VECTOR ( 'NONE', #5988, 39.37007874015748100 ) ;
#9560 = ORIENTED_EDGE ( 'NONE', *, *, #4133, .T. ) ;
#9561 = DIRECTION ( 'NONE',  ( -1.033065433525962600E-016, 0.0000000000000000000, -1.000000000000000000 ) ) ;
#9562 = EDGE_CURVE ( 'NONE', #8917, #4429, #2386, .T. ) ;
#9563 = CARTESIAN_POINT ( 'NONE',  ( -0.3116141732283463900, 0.6799999999999999400, -0.3949533149417182600 ) ) ;
#9564 = DIRECTION ( 'NONE',  ( 1.000000000000000000, 0.0000000000000000000, -0.0000000000000000000 ) ) ;
#9565 = CARTESIAN_POINT ( 'NONE',  ( -0.3155511811023644600, 0.01999999999999994100, 0.06990778161457221500 ) ) ;
#9566 = VERTEX_POINT ( 'NONE', #962 ) ;
#9567 = CARTESIAN_POINT ( 'NONE',  ( 0.1850000000000024400, 0.5358241725520462900, -0.4035511811023668200 ) ) ;
#9568 = ORIENTED_EDGE ( 'NONE', *, *, #4187, .F. ) ;
#9569 = CARTESIAN_POINT ( 'NONE',  ( 0.2755511811023643200, 0.0000000000000000000, -0.3828791539144444400 ) ) ;
#9570 = CYLINDRICAL_SURFACE ( 'NONE', #1308, 0.01181102362204731000 ) ;
#9571 = VERTEX_POINT ( 'NONE', #4635 ) ;
#9572 = DIRECTION ( 'NONE',  ( -1.000000000000000000, 0.0000000000000000000, -6.196326175084991300E-017 ) ) ;
#9573 = ORIENTED_EDGE ( 'NONE', *, *, #1015, .T. ) ;
#9574 = CARTESIAN_POINT ( 'NONE',  ( -0.1249999999999999600, 0.01450000000000000100, -0.3500000000000000900 ) ) ;
#9575 = DIRECTION ( 'NONE',  ( 1.000000000000000000, 0.0000000000000000000, 0.0000000000000000000 ) ) ;
#9576 = EDGE_CURVE ( 'NONE', #1333, #8812, #2144, .T. ) ;
#9577 = PLANE ( 'NONE',  #4838 ) ;
#9578 = ORIENTED_EDGE ( 'NONE', *, *, #9763, .F. ) ;
#9579 = FACE_OUTER_BOUND ( 'NONE', #4546, .T. ) ;
#9580 = CARTESIAN_POINT ( 'NONE',  ( 0.3155511811023642400, 0.05599999999999997300, -0.1120000000000000200 ) ) ;
#9581 = VERTEX_POINT ( 'NONE', #2318 ) ;
#9582 = DIRECTION ( 'NONE',  ( 0.0000000000000000000, 0.0000000000000000000, 1.000000000000000000 ) ) ;
#9583 = DIRECTION ( 'NONE',  ( -0.0000000000000000000, -1.000000000000000000, -0.0000000000000000000 ) ) ;
#9584 = LINE ( 'NONE', #2300, #1984 ) ;
#9585 = CARTESIAN_POINT ( 'NONE',  ( 0.2733513886040114200, 0.6799999999999999400, 0.1452368461752705000 ) ) ;
#9586 = DIRECTION ( 'NONE',  ( -0.0000000000000000000, 1.000000000000000000, -0.0000000000000000000 ) ) ;
#9587 = ORIENTED_EDGE ( 'NONE', *, *, #2154, .F. ) ;
#9588 = CYLINDRICAL_SURFACE ( 'NONE', #3401, 0.003937007874015724600 ) ;
#9589 = ORIENTED_EDGE ( 'NONE', *, *, #5041, .T. ) ;
#9590 = CIRCLE ( 'NONE', #1992, 0.01181102362204731000 ) ;
#9591 = DIRECTION ( 'NONE',  ( -0.0000000000000000000, 1.000000000000000000, -0.0000000000000000000 ) ) ;
#9592 =( LENGTH_UNIT ( ) NAMED_UNIT ( * ) SI_UNIT ( $, .METRE. ) );
#9593 =( NAMED_UNIT ( * ) SI_UNIT ( $, .STERADIAN. ) SOLID_ANGLE_UNIT ( ) );
#9594 = PLANE ( 'NONE',  #3484 ) ;
#9595 = ORIENTED_EDGE ( 'NONE', *, *, #5529, .T. ) ;
#9596 = EDGE_CURVE ( 'NONE', #320, #556, #600, .T. ) ;
#9597 = VECTOR ( 'NONE', #8622, 39.37007874015748100 ) ;
#9598 = AXIS2_PLACEMENT_3D ( 'NONE', #1857, #1788, #5614 ) ;
#9599 = DIMENSIONAL_EXPONENTS ( 1.000000000000000000, 0.0000000000000000000, 0.0000000000000000000, 0.0000000000000000000, 0.0000000000000000000, 0.0000000000000000000, 0.0000000000000000000 ) ;
#9600 = ORIENTED_EDGE ( 'NONE', *, *, #5734, .T. ) ;
#9601 = DIRECTION ( 'NONE',  ( -1.000000000000000000, 0.0000000000000000000, 0.0000000000000000000 ) ) ;
#9602 = CYLINDRICAL_SURFACE ( 'NONE', #8788, 0.009999999999999995000 ) ;
#9603 = CARTESIAN_POINT ( 'NONE',  ( 0.2669099894223583300, 0.6605511811023621100, 0.2073173628908212800 ) ) ;
#9604 = EDGE_CURVE ( 'NONE', #2519, #864, #8899, .T. ) ;
#9605 = EDGE_LOOP ( 'NONE', ( #6716, #4326, #2088, #3824 ) ) ;
#9606 = DIRECTION ( 'NONE',  ( 0.5642220635390411400, 0.0000000000000000000, -0.8256230756318201400 ) ) ;
#9607 = CIRCLE ( 'NONE', #2061, 0.01181102362204731000 ) ;
#9608 = DIRECTION ( 'NONE',  ( -0.0000000000000000000, 0.0000000000000000000, 1.000000000000000000 ) ) ;
#9609 = CARTESIAN_POINT ( 'NONE',  ( -0.3071293029295945100, 0.6663051303775456800, -0.4129999999999987000 ) ) ;
#9610 = VERTEX_POINT ( 'NONE', #3118 ) ;
#9611 = AXIS2_PLACEMENT_3D ( 'NONE', #2596, #4166, #8677 ) ;
#9612 = VECTOR ( 'NONE', #6207, 39.37007874015748100 ) ;
#9613 = AXIS2_PLACEMENT_3D ( 'NONE', #9826, #5264, #6060 ) ;
#9614 = DIRECTION ( 'NONE',  ( 1.000000000000000000, -0.0000000000000000000, -0.0000000000000000000 ) ) ;
#9615 =( CONVERSION_BASED_UNIT ( 'INCH', #6930 ) LENGTH_UNIT ( ) NAMED_UNIT ( #5101 ) );
#9616 = ORIENTED_EDGE ( 'NONE', *, *, #399, .T. ) ;
#9617 = CARTESIAN_POINT ( 'NONE',  ( -0.3155511811023621900, 0.6723036717348476200, -0.4053036717348476000 ) ) ;
#9618 = LINE ( 'NONE', #1506, #5315 ) ;
#9619 = VERTEX_POINT ( 'NONE', #7754 ) ;
#9620 = EDGE_CURVE ( 'NONE', #3509, #2306, #266, .T. ) ;
#9621 = VERTEX_POINT ( 'NONE', #1686 ) ;
#9622 = LINE ( 'NONE', #5597, #717 ) ;
#9623 = VECTOR ( 'NONE', #5737, 39.37007874015748100 ) ;
#9624 = DIRECTION ( 'NONE',  ( 1.000000000000000000, 0.0000000000000000000, 0.0000000000000000000 ) ) ;
#9625 = EDGE_LOOP ( 'NONE', ( #8881, #1620, #5031, #1792 ) ) ;
#9626 = AXIS2_PLACEMENT_3D ( 'NONE', #523, #9583, #2743 ) ;
#9627 = DIRECTION ( 'NONE',  ( 0.7838641437523689000, 0.0000000000000000000, 0.6209323667996099500 ) ) ;
#9628 = CARTESIAN_POINT ( 'NONE',  ( -0.08354462770099661800, 0.4705511811023621000, 0.2575511811023651900 ) ) ;
#9629 = ORIENTED_EDGE ( 'NONE', *, *, #1082, .T. ) ;
#9630 = DIRECTION ( 'NONE',  ( 1.000000000000000000, -0.0000000000000000000, -3.469446951953611400E-015 ) ) ;
#9631 = LINE ( 'NONE', #6179, #593 ) ;
#9632 = LINE ( 'NONE', #3857, #5210 ) ;
#9633 = VECTOR ( 'NONE', #809, 39.37007874015748100 ) ;
#9634 = EDGE_CURVE ( 'NONE', #1708, #7017, #6414, .T. ) ;
#9635 = VERTEX_POINT ( 'NONE', #9233 ) ;
#9636 = DIRECTION ( 'NONE',  ( -1.000000000000000000, 0.0000000000000000000, -4.960794269481283100E-017 ) ) ;
#9637 = VECTOR ( 'NONE', #6123, 39.37007874015748100 ) ;
#9638 = DIRECTION ( 'NONE',  ( -3.661961499347913900E-015, 0.0000000000000000000, 1.000000000000000000 ) ) ;
#9639 = ADVANCED_FACE ( 'NONE', ( #6052 ), #8317, .T. ) ;
#9640 = ORIENTED_EDGE ( 'NONE', *, *, #5641, .T. ) ;
#9641 = CYLINDRICAL_SURFACE ( 'NONE', #8572, 0.003937007874015758400 ) ;
#9642 = CIRCLE ( 'NONE', #8585, 0.01500000000000001200 ) ;
#9643 = ORIENTED_EDGE ( 'NONE', *, *, #6478, .F. ) ;
#9644 = ORIENTED_EDGE ( 'NONE', *, *, #6271, .F. ) ;
#9645 = PRESENTATION_LAYER_ASSIGNMENT (  '', '', ( #7394 ) ) ;
#9646 = ORIENTED_EDGE ( 'NONE', *, *, #6154, .F. ) ;
#9647 = VECTOR ( 'NONE', #7668, 39.37007874015748100 ) ;
#9648 = DIRECTION ( 'NONE',  ( -0.0000000000000000000, 1.000000000000000000, -0.0000000000000000000 ) ) ;
#9649 = LINE ( 'NONE', #4548, #9398 ) ;
#9650 = DIMENSIONAL_EXPONENTS ( 1.000000000000000000, 0.0000000000000000000, 0.0000000000000000000, 0.0000000000000000000, 0.0000000000000000000, 0.0000000000000000000, 0.0000000000000000000 ) ;
#9651 = ORIENTED_EDGE ( 'NONE', *, *, #1878, .T. ) ;
#9652 =( NAMED_UNIT ( * ) SI_UNIT ( $, .STERADIAN. ) SOLID_ANGLE_UNIT ( ) );
#9653 = EDGE_LOOP ( 'NONE', ( #3738, #7244 ) ) ;
#9654 = DIRECTION ( 'NONE',  ( -1.000000000000000000, 0.0000000000000000000, 0.0000000000000000000 ) ) ;
#9655 = EDGE_CURVE ( 'NONE', #2684, #6852, #3448, .T. ) ;
#9656 = DIRECTION ( 'NONE',  ( 0.0000000000000000000, 0.0000000000000000000, 1.000000000000000000 ) ) ;
#9657 = EDGE_CURVE ( 'NONE', #4678, #500, #2859, .T. ) ;
#9658 = VERTEX_POINT ( 'NONE', #7656 ) ;
#9659 = AXIS2_PLACEMENT_3D ( 'NONE', #4232, #7934, #7259 ) ;
#9660 = LINE ( 'NONE', #8504, #6075 ) ;
#9661 = DIRECTION ( 'NONE',  ( -1.000000000000000000, 0.0000000000000000000, 0.0000000000000000000 ) ) ;
#9662 = CARTESIAN_POINT ( 'NONE',  ( -0.2561045361904967200, 0.2705511811023621500, 0.009827287307507483500 ) ) ;
#9663 = CARTESIAN_POINT ( 'NONE',  ( 0.0000000000000000000, 0.4705511811023621000, 0.0000000000000000000 ) ) ;
#9664 = EDGE_CURVE ( 'NONE', #6131, #7742, #850, .T. ) ;
#9665 = ORIENTED_EDGE ( 'NONE', *, *, #3648, .T. ) ;
#9666 = CARTESIAN_POINT ( 'NONE',  ( -0.3250000000000023400, 0.02999999999999994000, -0.1019999999999999900 ) ) ;
#9667 = FACE_OUTER_BOUND ( 'NONE', #5446, .T. ) ;
#9668 = ORIENTED_EDGE ( 'NONE', *, *, #2335, .F. ) ;
#9669 = EDGE_CURVE ( 'NONE', #3314, #2536, #7955, .T. ) ;
#9670 = AXIS2_PLACEMENT_3D ( 'NONE', #7329, #2807, #8103 ) ;
#9671 = DIRECTION ( 'NONE',  ( -0.0000000000000000000, -0.0000000000000000000, 1.000000000000000000 ) ) ;
#9672 = DIRECTION ( 'NONE',  ( -1.000000000000000000, 0.0000000000000000000, 2.492171718503151100E-016 ) ) ;
#9673 = VECTOR ( 'NONE', #4950, 39.37007874015748100 ) ;
#9674 = CARTESIAN_POINT ( 'NONE',  ( -0.3250000000000023400, 0.03999999999999992500, 0.2238645401817222200 ) ) ;
#9675 = CLOSED_SHELL ( 'NONE', ( #3458, #8298, #8793, #1594 ) ) ;
#9676 = VECTOR ( 'NONE', #9163, 39.37007874015748100 ) ;
#9677 = ORIENTED_EDGE ( 'NONE', *, *, #5753, .T. ) ;
#9678 = EDGE_CURVE ( 'NONE', #7936, #9236, #149, .T. ) ;
#9679 = CARTESIAN_POINT ( 'NONE',  ( -0.2669099894223583300, 0.6705511811023621100, 0.0000000000000000000 ) ) ;
#9680 = EDGE_LOOP ( 'NONE', ( #5174, #8030, #1546, #2251, #5877, #5450, #723, #2765, #9053, #1093 ) ) ;
#9681 = FACE_OUTER_BOUND ( 'NONE', #7396, .T. ) ;
#9682 = EDGE_LOOP ( 'NONE', ( #2782, #341, #5969, #427 ) ) ;
#9683 = ORIENTED_EDGE ( 'NONE', *, *, #7064, .T. ) ;
#9684 = CARTESIAN_POINT ( 'NONE',  ( 0.3155511811023642400, 0.07200000000000000800, -0.2637107877407313100 ) ) ;
#9685 = EDGE_CURVE ( 'NONE', #7686, #5580, #8079, .T. ) ;
#9686 = SURFACE_SIDE_STYLE ('',( #7307 ) ) ;
#9687 = ORIENTED_EDGE ( 'NONE', *, *, #2823, .T. ) ;
#9688 = LINE ( 'NONE', #5668, #2557 ) ;
#9689 = DIRECTION ( 'NONE',  ( -6.829619984160649600E-015, 1.000000000000000000, 0.0000000000000000000 ) ) ;
#9690 = ORIENTED_EDGE ( 'NONE', *, *, #6015, .F. ) ;
#9691 =( GEOMETRIC_REPRESENTATION_CONTEXT ( 3 ) GLOBAL_UNCERTAINTY_ASSIGNED_CONTEXT ( ( #951 ) ) GLOBAL_UNIT_ASSIGNED_CONTEXT ( ( #3101, #7736, #7667 ) ) REPRESENTATION_CONTEXT ( 'NONE', 'WORKASPACE' ) );
#9692 = DIMENSIONAL_EXPONENTS ( 1.000000000000000000, 0.0000000000000000000, 0.0000000000000000000, 0.0000000000000000000, 0.0000000000000000000, 0.0000000000000000000, 0.0000000000000000000 ) ;
#9693 = LINE ( 'NONE', #998, #2094 ) ;
#9694 = AXIS2_PLACEMENT_3D ( 'NONE', #6728, #7537, #1391 ) ;
#9695 = EDGE_LOOP ( 'NONE', ( #3522, #543, #9414, #8297 ) ) ;
#9696 = VECTOR ( 'NONE', #3241, 39.37007874015748100 ) ;
#9697 = DIRECTION ( 'NONE',  ( 0.0000000000000000000, 0.0000000000000000000, -1.000000000000000000 ) ) ;
#9698 = EDGE_CURVE ( 'NONE', #3225, #6738, #1318, .T. ) ;
#9699 = ORIENTED_EDGE ( 'NONE', *, *, #808, .F. ) ;
#9700 = CARTESIAN_POINT ( 'NONE',  ( -0.2755511811023642600, 0.01450000000000000100, -0.06845163660186287500 ) ) ;
#9701 = LINE ( 'NONE', #1416, #800 ) ;
#9702 = DIRECTION ( 'NONE',  ( 0.0000000000000000000, 0.0000000000000000000, -1.000000000000000000 ) ) ;
#9703 = ADVANCED_FACE ( 'NONE', ( #2260 ), #7015, .F. ) ;
#9704 = CARTESIAN_POINT ( 'NONE',  ( 0.1605905511811046800, 0.08200000000000004500, -0.4035511811023649300 ) ) ;
#9705 = ORIENTED_EDGE ( 'NONE', *, *, #5369, .T. ) ;
#9706 = CARTESIAN_POINT ( 'NONE',  ( 0.2669099894223583300, 0.6605511811023621100, 0.1385002118027675600 ) ) ;
#9707 = DIRECTION ( 'NONE',  ( -0.0000000000000000000, -1.000000000000000000, -0.0000000000000000000 ) ) ;
#9708 = AXIS2_PLACEMENT_3D ( 'NONE', #1786, #6459, #1928 ) ;
#9709 = ORIENTED_EDGE ( 'NONE', *, *, #2070, .T. ) ;
#9710 = DIRECTION ( 'NONE',  ( -0.0000000000000000000, 1.000000000000000000, -0.0000000000000000000 ) ) ;
#9711 = FACE_OUTER_BOUND ( 'NONE', #304, .T. ) ;
#9712 = CARTESIAN_POINT ( 'NONE',  ( 0.1490000000000000800, 0.01450000000000000100, 0.1620000000000000100 ) ) ;
#9713 = ORIENTED_EDGE ( 'NONE', *, *, #7354, .F. ) ;
#9714 = LINE ( 'NONE', #8975, #2943 ) ;
#9715 = CARTESIAN_POINT ( 'NONE',  ( -0.3055511811023642300, 1.403100757040926000, 0.2575511811023651900 ) ) ;
#9716 = ORIENTED_EDGE ( 'NONE', *, *, #1942, .F. ) ;
#9717 = CARTESIAN_POINT ( 'NONE',  ( -0.1645137373393535100, 0.6705511811023621100, 0.09870736768358978600 ) ) ;
#9718 = VECTOR ( 'NONE', #4853, 39.37007874015748100 ) ;
#9719 = DIRECTION ( 'NONE',  ( -0.0000000000000000000, 3.661961499347899700E-015, 1.000000000000000000 ) ) ;
#9720 = CARTESIAN_POINT ( 'NONE',  ( 0.3155511811023650200, -0.1174999999999977700, -0.1739999999999999900 ) ) ;
#9721 = EDGE_CURVE ( 'NONE', #9566, #4599, #1438, .T. ) ;
#9722 = PLANE ( 'NONE',  #5328 ) ;
#9723 = VERTEX_POINT ( 'NONE', #279 ) ;
#9724 = FACE_OUTER_BOUND ( 'NONE', #6100, .T. ) ;
#9725 = ORIENTED_EDGE ( 'NONE', *, *, #1673, .F. ) ;
#9726 = CARTESIAN_POINT ( 'NONE',  ( 0.08354462770099666000, 0.2705511811023621500, 0.1704271400810135600 ) ) ;
#9727 = CARTESIAN_POINT ( 'NONE',  ( -0.1365176063508957700, 0.2226582210970567700, 0.2670000000000007400 ) ) ;
#9728 = ADVANCED_FACE ( 'NONE', ( #3575 ), #5516, .F. ) ;
#9729 = ORIENTED_EDGE ( 'NONE', *, *, #8344, .F. ) ;
#9730 = LENGTH_MEASURE_WITH_UNIT ( LENGTH_MEASURE( 0.02539999999999999900 ), #4328 );
#9731 = EDGE_CURVE ( 'NONE', #5791, #8145, #8194, .T. ) ;
#9732 = CARTESIAN_POINT ( 'NONE',  ( 0.3250000000000015700, 0.07199999999999993900, -0.2537107877407313000 ) ) ;
#9733 = ORIENTED_EDGE ( 'NONE', *, *, #3796, .T. ) ;
#9734 = PLANE ( 'NONE',  #587 ) ;
#9735 = ORIENTED_EDGE ( 'NONE', *, *, #707, .T. ) ;
#9736 = AXIS2_PLACEMENT_3D ( 'NONE', #4893, #7159, #6104 ) ;
#9737 = CARTESIAN_POINT ( 'NONE',  ( 0.2755511811023642600, 0.0000000000000000000, 0.2425715860306383000 ) ) ;
#9738 = EDGE_LOOP ( 'NONE', ( #7403, #383, #9705, #6054 ) ) ;
#9739 = EDGE_CURVE ( 'NONE', #5096, #6882, #9379, .T. ) ;
#9740 = FACE_OUTER_BOUND ( 'NONE', #8116, .T. ) ;
#9741 = LINE ( 'NONE', #5387, #6989 ) ;
#9742 = DIRECTION ( 'NONE',  ( 0.0000000000000000000, 0.0000000000000000000, -1.000000000000000000 ) ) ;
#9743 = CIRCLE ( 'NONE', #9475, 0.01181102362204724000 ) ;
#9744 = DIRECTION ( 'NONE',  ( 0.0000000000000000000, 1.000000000000000000, 0.0000000000000000000 ) ) ;
#9745 = ORIENTED_EDGE ( 'NONE', *, *, #7264, .F. ) ;
#9746 = VECTOR ( 'NONE', #7884, 39.37007874015748100 ) ;
#9747 = EDGE_CURVE ( 'NONE', #9533, #6498, #9129, .T. ) ;
#9748 = ORIENTED_EDGE ( 'NONE', *, *, #3682, .T. ) ;
#9749 = LINE ( 'NONE', #2847, #5565 ) ;
#9750 = ORIENTED_EDGE ( 'NONE', *, *, #6607, .F. ) ;
#9751 = AXIS2_PLACEMENT_3D ( 'NONE', #2875, #5861, #8923 ) ;
#9752 = DIRECTION ( 'NONE',  ( -1.000000000000000000, 0.0000000000000000000, -0.0000000000000000000 ) ) ;
#9753 = ADVANCED_FACE ( 'NONE', ( #7843 ), #4760, .T. ) ;
#9754 = CARTESIAN_POINT ( 'NONE',  ( -0.1249999999999999600, 0.01450000000000000100, -0.3500000000000000900 ) ) ;
#9755 = AXIS2_PLACEMENT_3D ( 'NONE', #1851, #2612, #340 ) ;
#9756 = PLANE ( 'NONE',  #7703 ) ;
#9757 = ORIENTED_EDGE ( 'NONE', *, *, #4590, .T. ) ;
#9758 = CIRCLE ( 'NONE', #2994, 0.01250000000000000200 ) ;
#9759 = DIRECTION ( 'NONE',  ( 3.491481338843120300E-015, 2.855284053342739600E-017, -1.000000000000000000 ) ) ;
#9760 = FACE_OUTER_BOUND ( 'NONE', #8259, .T. ) ;
#9761 = CIRCLE ( 'NONE', #4140, 0.01250000000000000200 ) ;
#9762 = VERTEX_POINT ( 'NONE', #6389 ) ;
#9763 = EDGE_CURVE ( 'NONE', #7530, #5052, #1907, .T. ) ;
#9764 =( NAMED_UNIT ( * ) PLANE_ANGLE_UNIT ( ) SI_UNIT ( $, .RADIAN. ) );
#9765 = DIRECTION ( 'NONE',  ( -0.0000000000000000000, 0.0000000000000000000, -1.000000000000000000 ) ) ;
#9766 = VERTEX_POINT ( 'NONE', #9449 ) ;
#9767 = DIRECTION ( 'NONE',  ( 0.0000000000000000000, 1.000000000000000000, 0.0000000000000000000 ) ) ;
#9768 = CARTESIAN_POINT ( 'NONE',  ( 0.07500000000000005300, -0.1674264068711929000, -0.3500000000000000900 ) ) ;
#9769 = VECTOR ( 'NONE', #803, 39.37007874015748100 ) ;
#9770 = DIRECTION ( 'NONE',  ( 0.0000000000000000000, 0.0000000000000000000, -1.000000000000000000 ) ) ;
#9771 = CARTESIAN_POINT ( 'NONE',  ( -0.3069533149417183500, 0.6701268775732669400, 0.2556692388140286400 ) ) ;
#9772 = PLANE ( 'NONE',  #9003 ) ;
#9773 = CARTESIAN_POINT ( 'NONE',  ( -0.3250000000000000100, 0.6666141732283464800, 0.2489533149417181800 ) ) ;
#9774 = DIRECTION ( 'NONE',  ( 0.0000000000000000000, -0.0000000000000000000, -1.000000000000000000 ) ) ;
#9775 = VERTEX_POINT ( 'NONE', #2518 ) ;
#9776 = DIRECTION ( 'NONE',  ( -1.000000000000000000, 0.0000000000000000000, 2.492171718503151100E-016 ) ) ;
#9777 = LINE ( 'NONE', #6632, #4085 ) ;
#9778 = ADVANCED_FACE ( 'NONE', ( #1783 ), #4049, .T. ) ;
#9779 = DIRECTION ( 'NONE',  ( 1.000000000000000000, 0.0000000000000000000, -0.0000000000000000000 ) ) ;
#9780 = ORIENTED_EDGE ( 'NONE', *, *, #6250, .T. ) ;
#9781 = EDGE_CURVE ( 'NONE', #5299, #7694, #7714, .T. ) ;
#9782 = EDGE_CURVE ( 'NONE', #9426, #7116, #5338, .T. ) ;
#9783 = AXIS2_PLACEMENT_3D ( 'NONE', #9754, #8185, #2089 ) ;
#9784 = ORIENTED_EDGE ( 'NONE', *, *, #1336, .F. ) ;
#9785 = CARTESIAN_POINT ( 'NONE',  ( -0.3155511811023621900, 0.6666141732283462600, 0.1077457736259981600 ) ) ;
#9786 = DIRECTION ( 'NONE',  ( 0.0000000000000000000, 0.0000000000000000000, -1.000000000000000000 ) ) ;
#9787 = LINE ( 'NONE', #1014, #1359 ) ;
#9788 = DIRECTION ( 'NONE',  ( -1.000000000000000000, 0.0000000000000000000, -0.0000000000000000000 ) ) ;
#9789 = ORIENTED_EDGE ( 'NONE', *, *, #8110, .F. ) ;
#9790 = CARTESIAN_POINT ( 'NONE',  ( -0.1645137373393535100, 0.6705511811023621100, 0.2073173628908212800 ) ) ;
#9791 = CARTESIAN_POINT ( 'NONE',  ( -0.3155511811023649100, -0.1174999999999955200, -0.1739999999999999900 ) ) ;
#9792 = EDGE_CURVE ( 'NONE', #9445, #352, #5105, .T. ) ;
#9793 = ORIENTED_EDGE ( 'NONE', *, *, #4091, .F. ) ;
#9794 = DIRECTION ( 'NONE',  ( -4.960794269481283100E-017, -0.0000000000000000000, -1.000000000000000000 ) ) ;
#9795 = VECTOR ( 'NONE', #8291, 39.37007874015748100 ) ;
#9796 = VERTEX_POINT ( 'NONE', #3349 ) ;
#9797 = DIRECTION ( 'NONE',  ( 3.462928498309742800E-015, -1.000000000000000000, 6.566942292462162400E-016 ) ) ;
#9798 = AXIS2_PLACEMENT_3D ( 'NONE', #3661, #6689, #1412 ) ;
#9799 = ORIENTED_EDGE ( 'NONE', *, *, #9311, .T. ) ;
#9800 = PLANE ( 'NONE',  #9234 ) ;
#9801 = CARTESIAN_POINT ( 'NONE',  ( -0.3074383457803943100, 0.6666141732283454900, 0.2669999999999987900 ) ) ;
#9802 = DIRECTION ( 'NONE',  ( -0.0000000000000000000, 0.0000000000000000000, -1.000000000000000000 ) ) ;
#9803 = ORIENTED_EDGE ( 'NONE', *, *, #1848, .F. ) ;
#9804 = ADVANCED_FACE ( 'NONE', ( #5562 ), #4870, .F. ) ;
#9805 = LINE ( 'NONE', #1150, #7411 ) ;
#9806 = ORIENTED_EDGE ( 'NONE', *, *, #7210, .F. ) ;
#9807 = EDGE_CURVE ( 'NONE', #2633, #8932, #3098, .T. ) ;
#9808 = DIRECTION ( 'NONE',  ( 6.946308972158770800E-015, -1.000000000000000000, -3.462928498309742800E-015 ) ) ;
#9809 = ORIENTED_EDGE ( 'NONE', *, *, #3625, .F. ) ;
#9810 = CARTESIAN_POINT ( 'NONE',  ( 0.3250000000000012900, 0.6619533149417188300, 0.2571185744823507600 ) ) ;
#9811 = AXIS2_PLACEMENT_3D ( 'NONE', #369, #1843, #7168 ) ;
#9812 = DIRECTION ( 'NONE',  ( -0.0000000000000000000, 0.0000000000000000000, -1.000000000000000000 ) ) ;
#9813 = VERTEX_POINT ( 'NONE', #7308 ) ;
#9814 = LINE ( 'NONE', #3717, #1726 ) ;
#9815 = ORIENTED_EDGE ( 'NONE', *, *, #3086, .T. ) ;
#9816 = LINE ( 'NONE', #4584, #2563 ) ;
#9817 = DIRECTION ( 'NONE',  ( 1.000000000000000000, -0.0000000000000000000, -0.0000000000000000000 ) ) ;
#9818 = EDGE_CURVE ( 'NONE', #8465, #967, #2615, .T. ) ;
#9819 = CARTESIAN_POINT ( 'NONE',  ( -0.2249999999999999800, 0.01450000000000000900, 0.0000000000000000000 ) ) ;
#9820 = VERTEX_POINT ( 'NONE', #3477 ) ;
#9821 = CIRCLE ( 'NONE', #7782, 0.003937007874015724600 ) ;
#9822 = CARTESIAN_POINT ( 'NONE',  ( -0.3069533149417183500, 0.6785573680010763600, 0.2606013962196659400 ) ) ;
#9823 = ORIENTED_EDGE ( 'NONE', *, *, #3450, .T. ) ;
#9824 = DIRECTION ( 'NONE',  ( -2.492171718503151100E-016, 0.0000000000000000000, -1.000000000000000000 ) ) ;
#9825 = VECTOR ( 'NONE', #4268, 39.37007874015748100 ) ;
#9826 = CARTESIAN_POINT ( 'NONE',  ( 0.2490000000000001400, 0.01450000000000000100, 0.1620000000000000900 ) ) ;
#9827 = ADVANCED_FACE ( 'NONE', ( #1306 ), #8181, .F. ) ;
#9828 = ORIENTED_EDGE ( 'NONE', *, *, #9153, .T. ) ;
#9829 = DIRECTION ( 'NONE',  ( 3.491481338843121500E-015, -3.462928498309755000E-015, -1.000000000000000000 ) ) ;
#9830 = LINE ( 'NONE', #2317, #6950 ) ;
#9831 = CARTESIAN_POINT ( 'NONE',  ( 0.2733513886040114200, 0.6705511811023621100, 0.1077457736259981600 ) ) ;
#9832 = EDGE_CURVE ( 'NONE', #4794, #7628, #2373, .T. ) ;
#9833 = DIRECTION ( 'NONE',  ( 1.000000000000000000, 0.0000000000000000000, -1.033065433525962600E-016 ) ) ;
#9834 = CARTESIAN_POINT ( 'NONE',  ( 0.3151185744823510900, 0.6800000000000002700, -0.3949533149417188100 ) ) ;
#9835 = ORIENTED_EDGE ( 'NONE', *, *, #7774, .F. ) ;
ENDSEC;
END-ISO-10303-21;
